// 8 25
// 9 24
// 9 24.5
// 8 25.5
// The following stables colored squares:
CS (14, 116) (16, 47) - 1 5 16 5 1 21 7 1 13 4 13 1 7 21
OSO (5, 49) (17, 25761) - 1 5 16 6 21
OSO (5, 49) (17, 1280) - 1 7 20 6 15
CS (26, 192) (18, 2243) - 1 5 10 4 15 1 6 1 18 1 6 1 15 4 10 5 1 17 6 17 1 6 1 17 6 17
OSO (5, 45) (22, 1595) - 1 5 14 6 19
OSO (7, 49) (26, 1676) - 1 5 15 1 6 1 20
CS (48, 408) (28, 1193) - 1 5 12 4 12 4 12 4 12 4 12 4 12 4 12 4 12 4 12 4 12 5 1 17 6 20 7 1 14 1 7 20 6 17 1 6 1 17 6 20 7 1 14 1 7 20 6 17
CS (24, 204) (29, 655) - 1 6 1 17 6 20 7 1 13 4 12 4 12 4 12 4 12 4 13 1 7 20 6 17
CS (14, 108) (31, 1030) - 1 5 12 4 12 5 1 19 7 1 14 1 7 19
CS (20, 196) (32, 127) - 1 7 20 6 15 1 7 20 6 16 6 20 7 1 15 6 20 7 1 14
CS (24, 204) (32, 1360) - 1 5 12 4 12 4 12 4 12 4 12 5 1 17 6 20 7 1 14 1 7 20 6 17
CS (20, 188) (33, 11670) - 1 5 14 6 21 1 5 16 5 1 21 6 14 5 1 19 6 16 6 19
CS (52, 396) (35, 65978) - 1 5 12 4 10 4 14 4 10 4 12 5 1 17 4 6 2 6 2 6 4 16 4 8 4 14 5 1 19 6 16 6 18 6 16 6 19 1 5 14 4 8 4 16 4 6 2 6 2 6 4 17
CS (44, 396) (37, 223) - 1 6 1 17 6 20 6 16 6 20 7 1 13 4 12 4 12 4 12 4 12 4 12 4 12 4 12 4 12 4 12 4 12 4 13 1 7 20 6 16 6 20 6 17
CS (52, 384) (38, 36) - 1 5 10 4 15 1 6 1 18 1 6 1 15 4 10 4 10 4 15 1 6 1 18 1 6 1 15 4 10 5 1 17 6 17 1 6 1 17 6 17 1 6 1 17 6 17 1 6 1 17 6 17
OSO (7, 57) (39, 12) - 1 5 10 4 14 6 17
CS (28, 196) (39, 346) - 1 5 15 1 6 1 20 1 5 15 1 6 1 20 1 6 1 15 5 1 20 1 6 1 15 5 1 20
CS (28, 232) (39, 5) - 1 5 16 4 8 4 16 5 1 21 7 1 14 1 7 21 1 5 16 5 1 21 7 1 14 1 7 21
CS (22, 204) (42, 509) - 1 5 12 4 12 5 1 17 6 20 7 1 15 6 20 6 15 1 7 20 6 17
CS (24, 204) (43, 1432) - 1 5 12 4 12 4 13 1 7 20 6 16 6 20 7 1 13 4 12 4 12 5 1 18
CS (26, 220) (44, 683) - 1 5 16 4 8 4 17 1 6 1 17 4 8 4 16 5 1 21 6 14 4 12 4 14 6 21
CS (28, 192) (44, 144) - 1 5 15 1 6 1 19 7 1 13 4 10 2 2 2 10 4 13 1 7 19 1 6 1 15 5 1 20
OSO (7, 59) (45, 148) - 1 5 12 4 12 6 19
OSO (7, 61) (45, 2659) - 1 5 12 4 14 6 19
CS (24, 196) (45, 549) - 1 6 1 17 6 18 7 1 13 4 10 4 12 4 12 4 10 4 13 1 7 18 6 17
CS (42, 324) (45, 269) - 1 5 17 1 6 1 17 4 8 4 17 1 6 1 17 4 8 4 17 1 6 1 17 5 1 21 6 17 1 6 1 17 4 8 4 17 1 6 1 17 6 21
CS (42, 392) (45, 109) - 1 5 16 6 20 6 16 5 1 21 6 15 1 7 21 1 5 16 6 20 7 1 13 4 12 4 12 4 13 1 7 20 6 16 5 1 21 7 1 15 6 21
CS (44, 324) (45, 23) - 1 5 12 2 2 2 12 5 1 20 1 5 15 1 6 1 21 7 1 15 4 10 4 14 5 1 20 1 5 14 4 10 4 15 1 7 21 1 6 1 15 5 1 20
CS (34, 288) (49, 213) - 1 5 14 6 19 1 6 1 15 4 8 4 15 1 6 1 19 6 14 5 1 19 6 16 6 17 1 6 1 17 6 16 6 19
CS (30, 252) (50, 156) - 1 5 12 4 14 6 21 1 5 14 4 12 4 12 4 14 5 1 21 6 14 4 12 5 1 17 4 8 4 17
CS (40, 392) (50, 53616) - 1 5 16 5 1 21 6 16 5 1 21 6 16 6 21 1 5 16 5 1 21 6 16 6 21 1 5 16 6 21 1 5 16 5 1 21 6 16 6 21
CS (58, 440) (50, 332) - 1 5 17 1 6 1 17 4 8 4 17 1 6 1 17 4 8 4 17 1 6 1 17 4 8 4 17 1 6 1 17 5 1 21 6 17 1 6 1 17 4 8 4 17 1 6 1 17 4 8 4 17 1 6 1 17 6 21
CS (26, 208) (51, 568) - 1 5 17 1 6 1 17 4 8 4 17 1 6 1 17 5 1 21 6 17 1 6 1 17 6 21
CS (36, 312) (51, 345) - 1 5 16 4 8 4 17 1 6 1 18 1 6 1 17 4 8 4 16 5 1 21 6 16 6 21 1 5 16 5 1 21 6 16 6 21
OSO (11, 93) (52, 982) - 1 5 14 5 1 19 6 16 5 1 20
OSO (11, 101) (52, 340) - 1 7 18 6 18 6 14 4 10 4 13
CS (32, 308) (54, 54) - 1 5 16 6 20 6 16 5 1 21 6 16 6 20 7 1 13 4 12 4 12 4 12 4 13 1 7 20 6 16 6 21
CS (52, 364) (54, 4654) - 1 5 12 4 12 4 10 4 14 6 19 1 5 12 4 12 4 12 5 1 19 6 14 4 10 4 12 4 12 5 1 17 4 6 2 6 2 6 2 6 4 16 4 6 2 6 2 6 2 6 4 17
CS (30, 252) (55, 320) - 1 5 16 4 8 2 6 4 17 1 6 1 17 4 6 2 8 4 16 5 1 21 6 16 6 20 6 16 6 21
CS (36, 324) (55, 498) - 1 5 14 4 12 4 14 6 21 1 5 16 5 1 21 6 14 4 12 4 14 5 1 21 6 14 4 12 4 12 4 12 4 14 6 21
CS (40, 332) (55, 1495) - 1 6 1 17 4 8 4 16 6 20 7 1 13 4 12 4 12 4 12 4 12 4 12 4 12 4 12 4 12 4 13 1 7 20 6 16 4 8 4 17
CS (46, 364) (55, 498) - 1 6 1 17 4 6 2 8 4 16 6 20 7 1 13 4 12 4 12 4 12 4 12 4 12 4 12 4 12 4 12 4 12 4 13 1 7 20 6 16 4 8 2 6 4 17
CS (26, 196) (56, 1) - 1 5 12 2 2 2 12 4 12 2 2 2 12 5 1 19 6 18 5 1 22 1 5 18 6 19
CS (38, 316) (56, 615) - 1 5 12 4 12 4 14 6 21 1 5 14 4 12 4 12 4 12 4 12 4 14 5 1 21 6 14 4 12 4 12 5 1 17 4 8 4 17
CS (44, 312) (56, 621) - 1 5 12 2 2 2 10 4 14 5 1 20 1 5 14 4 10 2 2 2 12 5 1 19 6 16 5 1 20 1 5 12 2 2 2 12 5 1 20 1 5 16 6 19
OSO (23, 161) (57, 359) - 1 5 12 4 14 6 19 1 6 1 16 1 6 1 18 1 6 1 16 1 6 1 18
CS (36, 388) (57, 99) - 1 5 16 5 1 21 6 16 6 20 6 16 5 1 21 6 16 6 20 6 16 6 20 6 16 6 21 1 5 16 6 20 6 16 6 21
CS (46, 412) (57, 61) - 1 5 15 1 6 1 19 6 16 5 1 21 7 1 15 6 20 6 15 1 7 21 1 5 16 6 19 1 6 1 15 5 1 19 6 18 6 17 1 6 1 17 6 18 6 19
CS (26, 200) (58, 59) - 1 5 12 4 12 5 1 17 6 19 1 5 15 1 6 1 18 1 6 1 15 5 1 19 6 17
CS (56, 388) (58, 75) - 1 5 12 2 2 2 12 5 1 19 6 17 1 6 1 19 6 16 5 1 20 1 6 1 15 4 8 2 6 2 6 2 6 2 6 2 6 2 8 4 15 1 6 1 20 1 5 16 6 19 1 6 1 17 6 19
CS (28, 260) (59, 27) - 1 5 14 4 14 6 21 1 5 16 5 1 21 6 14 4 14 5 1 21 6 14 4 12 4 14 6 21
CS (54, 480) (59, 54) - 1 5 16 6 20 7 1 13 4 12 4 12 4 12 4 12 4 12 4 12 4 12 4 12 4 12 4 13 1 7 20 6 16 5 1 21 7 1 15 6 20 6 17 1 6 1 17 6 20 6 15 1 7 21
CS (32, 288) (60, 712) - 1 5 12 5 1 17 6 20 6 15 1 7 20 6 17 1 6 1 18 1 6 1 17 6 20 7 1 15 6 20 6 17
CS (44, 332) (60, 149) - 1 5 10 2 4 2 6 2 8 4 14 6 19 1 5 12 4 12 4 12 5 1 19 6 14 4 8 2 6 2 4 2 10 5 1 17 6 18 6 16 6 18 6 17
CS (46, 408) (60, 53) - 1 5 14 4 12 4 14 5 1 21 6 14 4 12 4 12 4 14 6 21 1 5 14 4 12 4 14 5 1 21 7 1 15 6 21 1 5 16 5 1 21 6 15 1 7 21
CS (60, 372) (60, 386) - 1 5 10 2 4 2 8 2 4 2 8 4 16 6 19 1 5 14 5 1 19 6 16 4 8 2 4 2 8 2 4 2 10 5 1 17 6 18 4 6 2 6 2 6 2 6 2 6 2 6 2 6 2 6 2 6 4 18 6 17
CS (32, 280) (61, 66) - 1 5 15 1 6 1 21 6 16 5 1 21 6 16 4 10 4 16 6 21 1 5 16 6 21 1 6 1 15 5 1 20
CS (38, 284) (61, 49) - 1 5 12 4 12 5 1 18 1 6 1 17 6 16 5 1 20 1 6 1 15 4 8 4 15 1 6 1 20 1 5 16 6 17 1 6 1 18
CS (56, 560) (62, 56) - 1 5 14 6 20 6 16 5 1 21 6 14 5 1 19 6 16 6 19 1 5 14 6 20 6 16 6 20 6 14 5 1 19 6 16 6 19 1 5 14 6 21 1 5 16 6 20 6 14 5 1 19 6 16 6 19
CS (62, 612) (62, 434) - 1 6 1 17 6 20 7 1 14 1 7 20 6 17 1 6 1 17 6 20 7 1 14 1 7 20 6 17 1 6 1 17 6 20 7 1 15 6 20 6 16 6 20 6 16 6 20 6 16 6 20 6 16 6 20 6 15 1 7 20 6 17
CS (64, 556) (62, 195) - 1 5 14 4 12 4 12 4 14 5 1 21 7 1 15 5 1 21 6 14 4 12 4 12 4 12 4 14 6 21 1 5 15 1 7 21 1 5 14 4 12 4 12 4 14 5 1 21 7 1 15 6 21 1 5 16 5 1 21 6 15 1 7 21
CS (74, 556) (62, 303) - 1 5 17 1 6 1 17 4 8 4 17 1 6 1 17 4 8 4 17 1 6 1 17 4 8 4 17 1 6 1 17 4 8 4 17 1 6 1 17 5 1 21 6 17 1 6 1 17 4 8 4 17 1 6 1 17 4 8 4 17 1 6 1 17 4 8 4 17 1 6 1 17 6 21
CS (38, 320) (63, 262) - 1 5 12 4 12 4 12 4 12 4 12 4 12 5 1 17 6 20 7 1 14 1 7 21 1 5 16 5 1 21 7 1 14 1 7 20 6 17
OSO (19, 185) (65, 258) - 1 5 14 5 1 19 6 16 6 18 6 16 6 18 6 16 5 1 20
CS (20, 172) (65, 50) - 1 5 14 6 17 1 6 1 17 6 14 5 1 19 6 12 4 12 6 19
CS (36, 304) (66, 553) - 1 5 14 4 10 4 15 1 6 1 20 1 6 1 15 4 10 4 14 5 1 19 6 18 6 19 1 5 14 5 1 19 6 18 6 19
CS (40, 292) (66, 355) - 1 5 10 2 4 2 6 2 8 4 12 4 13 1 7 20 7 1 13 4 12 4 8 2 6 2 4 2 10 5 1 17 6 18 6 16 6 18 6 17
CS (44, 404) (66, 2511) - 1 7 18 6 18 6 14 4 10 4 13 1 7 18 6 18 6 14 4 10 4 14 6 18 6 18 7 1 13 4 10 4 14 6 18 6 18 7 1 13 4 10 4 13
CS (56, 508) (66, 47) - 1 5 12 4 14 6 18 6 18 6 15 1 7 20 7 1 14 1 7 20 7 1 14 1 7 20 7 1 15 6 18 6 18 6 14 4 12 5 1 18 1 6 1 17 6 18 6 16 6 18 6 17 1 6 1 18
CS (72, 504) (66, 78) - 1 5 12 4 14 4 8 2 6 2 8 4 14 4 12 5 1 17 4 8 2 4 2 10 4 14 5 1 20 1 5 14 4 12 4 12 4 12 4 14 5 1 20 1 5 14 4 10 2 4 2 8 4 17 1 5 12 4 14 4 8 2 6 2 8 4 14 4 12 5 1 18
CS (156, 1296) (66, 4) - 1 5 12 4 12 2 2 2 10 4 12 4 12 2 2 2 8 2 6 4 17 1 5 12 4 12 5 1 17 4 6 2 8 2 4 2 8 4 16 6 19 1 6 1 17 6 18 6 18 6 18 6 18 6 18 6 17 1 6 1 19 6 16 4 8 2 4 2 8 2 6 4 17 1 5 12 4 12 5 1 17 4 6 2 8 2 2 2 12 4 12 4 10 2 2 2 12 4 12 5 1 19 6 16 6 20 6 16 6 20 6 16 6 20 6 16 6 19 1 6 1 17 6 18 6 19 1 5 14 5 1 19 6 18 6 17 1 6 1 19 6 16 6 20 6 16 6 20 6 16 6 20 6 16 6 19
CS (44, 396) (67, 69) - 1 5 14 4 10 4 14 4 10 4 12 4 13 1 7 20 6 16 6 18 6 18 6 18 6 16 6 20 7 1 13 4 12 4 10 4 14 4 10 4 14 5 1 20
CS (40, 380) (68, 446) - 1 5 12 4 12 4 12 4 14 6 21 1 5 16 6 20 6 16 5 1 21 6 14 4 12 4 12 4 12 5 1 17 6 20 6 16 6 20 6 17
CS (52, 428) (68, 141) - 1 5 14 4 10 4 12 4 13 1 7 20 7 1 14 1 7 20 7 1 14 1 7 20 7 1 13 4 12 4 10 4 14 5 1 20 1 5 14 5 1 19 6 16 6 19 1 5 14 5 1 20
CS (52, 440) (68, 15973) - 1 5 16 4 8 4 17 1 6 1 17 4 8 4 16 4 8 4 17 1 6 1 17 4 8 4 16 5 1 21 6 14 4 12 4 14 6 21 1 5 16 5 1 21 6 14 4 12 4 14 6 21
CS (74, 620) (68, 338) - 1 5 17 1 6 1 17 4 8 4 17 1 6 1 17 6 20 6 17 1 6 1 17 6 20 6 17 1 6 1 17 4 8 4 17 1 6 1 17 5 1 21 6 17 1 6 1 17 6 20 6 17 1 6 1 17 4 8 4 17 1 6 1 17 6 20 6 17 1 6 1 17 6 21
CS (38, 308) (69, 119) - 1 5 14 4 10 2 4 2 8 4 16 4 8 2 4 2 10 4 14 5 1 19 6 18 6 20 7 1 13 4 13 1 7 20 6 18 6 19
CS (44, 420) (69, 53) - 1 5 14 4 10 4 16 6 20 6 16 4 10 4 14 5 1 19 6 18 6 18 4 8 4 16 5 1 21 6 16 6 21 1 5 16 4 8 4 18 6 18 6 19
CS (48, 388) (69, 103) - 1 5 14 4 10 2 4 2 8 2 2 2 14 6 21 1 5 16 6 20 6 18 6 18 6 20 6 16 5 1 21 6 14 2 2 2 8 2 4 2 10 4 14 5 1 19 6 19
CS (36, 300) (70, 127) - 1 5 12 2 2 2 10 4 14 6 20 6 14 4 10 2 2 2 12 5 1 19 6 16 6 20 7 1 14 1 7 20 6 16 6 19
CS (38, 336) (70, 311) - 1 5 16 4 8 4 17 1 6 1 17 4 8 4 16 5 1 21 6 15 1 7 21 1 5 16 6 20 6 16 5 1 21 7 1 15 6 21
CS (64, 456) (70, 5932) - 1 5 10 2 4 2 8 2 4 2 8 4 16 6 19 1 6 1 16 1 6 1 19 6 16 4 8 2 4 2 8 2 4 2 10 5 1 17 4 6 2 8 4 16 6 18 6 19 1 5 14 5 1 19 6 18 6 16 4 8 2 6 4 17
CS (64, 540) (70, 68) - 1 5 12 4 12 4 12 5 1 17 6 19 1 6 1 15 4 10 4 14 4 10 4 14 5 1 19 6 18 6 18 6 17 1 6 1 18 1 6 1 17 6 18 6 18 6 19 1 5 14 4 10 4 14 4 10 4 15 1 6 1 19 6 17
OSO (19, 167) (71, 192) - 1 6 1 16 1 6 1 17 6 18 6 16 6 18 6 15 1 7 19
CS (44, 380) (71, 448) - 1 5 14 6 20 6 15 1 6 1 20 1 5 16 6 17 1 6 1 18 1 6 1 17 6 16 5 1 20 1 6 1 15 6 20 6 14 5 1 19 6 16 6 19
CS (64, 504) (71, 18273) - 1 5 12 2 2 2 8 4 16 6 16 6 19 1 5 14 5 1 19 6 16 6 16 4 8 2 2 2 12 5 1 19 6 14 5 1 19 7 1 13 4 10 4 12 4 12 4 10 4 12 4 12 4 10 4 13 1 7 19 1 5 14 6 19
CS (108, 836) (71, 16) - 1 5 12 4 12 4 12 5 1 17 4 6 2 8 4 14 4 10 4 14 4 10 4 12 4 13 1 7 20 6 15 1 6 1 20 1 5 15 1 6 1 20 1 5 16 6 19 1 5 14 5 1 19 6 16 4 8 2 4 2 8 4 16 6 19 1 5 14 5 1 19 6 16 5 1 20 1 6 1 15 5 1 20 1 6 1 15 6 20 7 1 13 4 12 4 10 4 14 4 10 4 14 4 8 2 6 4 17
OSO (19, 163) (72, 7548) - 1 5 14 5 1 19 6 16 6 17 1 6 1 17 6 16 5 1 20
CS (48, 376) (72, 104) - 1 5 14 4 10 2 2 2 10 4 14 5 1 19 6 18 6 16 5 1 20 1 5 14 5 1 20 1 5 16 6 18 6 19 1 5 14 4 10 2 2 2 10 4 14 5 1 20
CS (56, 484) (72, 12821) - 1 5 12 4 14 5 1 20 1 5 14 4 10 4 14 5 1 20 1 5 14 4 12 5 1 19 6 16 6 20 6 14 5 1 18 1 6 1 17 6 18 6 17 1 6 1 18 1 5 14 6 20 6 16 6 19
CS (76, 636) (72, 51) - 1 5 12 4 10 2 4 2 8 4 16 6 18 6 17 1 6 1 18 1 5 14 6 20 6 16 6 20 6 14 5 1 18 1 6 1 17 6 18 6 16 4 8 2 4 2 10 4 12 5 1 17 6 19 1 5 14 5 1 19 6 16 4 8 4 16 6 19 1 5 14 5 1 19 6 17
OSO (11, 91) (73, 127) - 1 7 18 6 14 4 10 4 10 4 13
OSO (13, 97) (73, 794) - 1 5 14 4 12 4 10 4 15 1 6 1 20
OSO (23, 189) (73, 49) - 1 6 1 17 4 6 2 8 4 16 6 20 6 15 1 7 20 6 17 1 6 1 18
CS (62, 484) (73, 1878) - 1 5 12 4 12 5 1 18 1 6 1 15 4 8 2 4 2 8 4 14 5 1 19 6 16 6 18 6 15 1 7 20 7 1 14 1 7 20 7 1 15 6 18 6 16 6 19 1 5 14 4 8 2 4 2 8 4 15 1 6 1 18
CS (38, 332) (74, 4946) - 1 5 12 4 12 4 12 4 12 4 12 4 12 5 1 17 4 8 4 16 6 20 7 1 15 6 20 6 15 1 7 20 6 16 4 8 4 17
CS (54, 460) (74, 1154) - 1 5 12 4 12 4 12 4 12 4 12 4 12 4 12 4 12 4 12 4 12 5 1 17 4 8 4 16 4 8 4 16 6 20 7 1 15 6 20 6 15 1 7 20 6 16 4 8 4 16 4 8 4 17
CS (68, 500) (74, 508) - 1 5 12 4 14 4 10 4 15 1 6 1 20 1 5 15 1 6 1 20 1 6 1 15 5 1 20 1 5 14 4 12 4 12 4 12 4 14 5 1 20 1 5 15 1 6 1 20 1 6 1 15 5 1 20 1 6 1 15 4 10 4 14 4 12 5 1 18
CS (120, 800) (74, 18045) - 1 5 12 2 2 2 10 4 12 4 10 2 4 2 6 2 6 4 18 7 1 13 4 10 4 14 5 1 20 1 5 14 4 8 2 6 4 16 4 6 2 6 2 8 4 12 4 13 1 7 19 1 6 1 16 1 6 1 19 7 1 13 4 12 4 8 2 6 2 6 4 16 4 6 2 8 4 14 5 1 20 1 5 14 4 10 4 13 1 7 18 4 6 2 6 2 4 2 10 4 12 4 10 2 2 2 12 5 1 20 1 5 14 4 10 4 14 5 1 20
OSO (15, 125) (75, 970) - 1 5 14 4 10 4 16 6 19 1 5 14 5 1 20
CS (36, 316) (75, 238) - 1 5 14 5 1 19 6 16 4 8 4 16 5 1 21 6 14 4 10 4 14 4 10 4 14 6 21 1 5 16 4 8 4 16 6 19
CS (38, 308) (75, 2) - 1 5 14 4 10 2 2 2 12 4 12 4 12 2 2 2 10 4 14 5 1 19 6 18 6 20 7 1 13 4 13 1 7 20 6 18 6 19
CS (44, 400) (75, 149) - 1 5 14 4 12 4 12 4 12 4 12 4 14 5 1 21 7 1 15 6 21 1 5 16 6 20 6 17 1 6 1 17 6 20 6 16 5 1 21 6 15 1 7 21
CS (60, 516) (76, 50) - 1 5 12 4 14 4 10 4 14 4 12 5 1 19 6 17 1 6 1 19 6 16 4 10 4 14 5 1 19 6 18 6 19 1 6 1 16 1 6 1 19 6 18 6 19 1 5 14 4 10 4 16 6 19 1 6 1 17 6 19
CS (30, 284) (77, 402) - 1 5 16 6 20 6 17 1 6 1 17 6 20 6 16 5 1 21 6 14 4 12 4 12 4 12 4 14 6 21
CS (40, 380) (78, 123) - 1 7 20 6 14 4 10 4 12 4 13 1 7 20 7 1 13 4 12 4 10 4 14 6 20 7 1 15 6 18 6 18 6 16 6 18 6 18 6 15
CS (46, 356) (78, 44) - 1 5 12 4 10 4 12 4 12 6 19 1 5 12 4 12 5 1 19 6 12 4 12 4 10 4 12 5 1 19 6 12 4 12 4 8 2 4 2 8 4 12 4 12 6 19
CS (52, 388) (78, 336) - 1 5 12 2 2 2 10 4 14 4 10 4 14 4 10 2 2 2 12 5 1 19 6 17 1 6 1 19 6 16 5 1 20 1 6 1 16 1 6 1 20 1 5 16 6 19 1 6 1 17 6 19
CS (58, 484) (78, 440) - 1 5 12 4 12 4 10 4 14 4 8 4 16 6 17 1 6 1 17 6 16 4 8 4 14 4 10 4 12 4 12 5 1 19 6 14 4 8 2 6 4 16 6 18 6 16 6 18 6 16 4 6 2 8 4 14 6 19
CS (60, 452) (78, 382) - 1 5 12 4 10 2 2 2 10 4 14 6 18 6 17 1 5 12 5 1 17 6 18 6 14 4 10 2 2 2 10 4 12 5 1 17 4 6 2 6 2 6 4 16 6 18 6 16 6 18 6 16 4 6 2 6 2 6 4 17
CS (64, 568) (78, 89338) - 1 5 12 4 12 4 10 4 14 5 1 20 1 5 14 4 10 4 12 4 12 5 1 19 6 14 5 1 19 6 14 4 10 4 13 1 7 18 6 18 6 16 6 18 6 16 6 18 6 18 7 1 13 4 10 4 14 6 19 1 5 14 6 19
CS (72, 552) (78, 19) - 1 5 14 4 10 4 14 4 10 4 14 4 10 4 14 5 1 20 1 5 14 5 1 20 1 5 15 1 6 1 20 1 5 14 4 10 4 14 4 10 4 14 5 1 20 1 5 14 4 10 4 14 4 10 4 14 5 1 20 1 6 1 15 5 1 20 1 5 14 5 1 20
CS (78, 644) (78, 5) - 1 5 16 4 8 2 4 2 10 4 12 4 12 2 2 2 10 4 12 4 14 6 21 1 5 16 6 20 6 14 4 12 4 12 4 12 4 12 4 14 6 20 6 16 5 1 21 6 14 4 12 4 10 2 2 2 12 4 12 4 10 2 4 2 8 4 16 5 1 21 6 16 6 20 6 16 6 21
CS (34, 296) (79, 745) - 1 5 12 4 14 6 21 1 5 16 6 20 7 1 14 1 7 20 6 16 5 1 21 6 14 4 12 5 1 18 1 6 1 18
CS (48, 396) (79, 72) - 1 5 12 4 12 4 12 5 1 18 1 6 1 17 6 16 6 20 7 1 15 6 19 1 6 1 15 4 8 4 15 1 6 1 19 6 15 1 7 20 6 16 6 17 1 6 1 18
CS (92, 712) (79, 24) - 1 5 14 4 10 2 4 2 8 2 4 2 8 2 4 2 8 2 4 2 10 4 14 5 1 20 1 6 1 15 5 1 20 1 5 14 4 10 4 16 6 20 6 16 5 1 21 6 15 1 7 21 1 5 14 4 12 4 12 4 12 4 14 5 1 21 7 1 15 6 21 1 5 16 6 20 6 16 4 10 4 14 5 1 20 1 5 15 1 6 1 20
CS (30, 252) (80, 484) - 1 5 12 4 14 6 21 1 5 14 4 12 4 12 4 12 4 12 4 14 5 1 21 6 14 4 12 5 1 18
CS (38, 276) (80, 202) - 1 5 12 4 12 5 1 17 4 6 2 6 2 8 4 14 5 1 19 6 16 4 8 4 16 6 19 1 5 14 4 8 2 6 2 6 4 17
CS (48, 404) (80, 282) - 1 5 12 4 12 4 12 4 12 4 12 4 12 4 12 4 12 4 12 4 12 4 12 5 1 17 6 20 6 14 4 12 4 12 5 1 18 1 5 12 4 12 4 14 6 20 6 17
CS (52, 452) (80, 270) - 1 5 14 5 1 19 6 18 6 18 4 6 2 8 4 16 5 1 21 6 16 4 8 2 6 4 18 6 18 6 18 4 6 2 8 4 16 6 21 1 5 16 4 8 2 6 4 18 6 18 6 19
CS (56, 444) (80, 13) - 1 5 12 4 12 4 12 4 12 4 14 6 21 1 5 16 6 20 6 16 6 20 6 16 5 1 21 6 14 4 12 4 12 4 12 4 12 5 1 17 4 6 2 8 2 4 2 8 2 4 2 8 2 6 4 17
CS (106, 912) (80, 1176) - 1 5 12 4 12 4 12 4 12 4 12 4 12 4 12 4 12 4 12 4 12 4 12 5 1 17 4 8 4 16 6 20 6 15 1 7 20 6 17 1 6 1 18 1 5 12 4 12 4 14 6 20 6 16 5 1 21 6 14 4 12 5 1 18 1 6 1 18 1 5 12 4 14 6 21 1 5 16 6 20 6 14 4 12 4 12 5 1 18 1 6 1 17 6 20 7 1 15 6 20 6 16 4 8 4 17
OSO (19, 175) (81, 32) - 1 6 1 15 4 8 4 16 6 18 6 16 6 20 7 1 15 6 19
OSO (19, 191) (81, 186) - 1 5 16 6 18 6 18 6 18 6 16 6 20 6 15 1 6 1 20
CS (48, 396) (81, 23021) - 1 5 12 4 12 4 14 5 1 20 1 5 14 4 12 4 12 5 1 17 6 20 6 16 5 1 20 1 6 1 15 5 1 20 1 5 15 1 6 1 20 1 5 16 6 20 6 17
OSO (17, 135) (82, 10) - 1 5 12 2 2 2 10 4 14 4 10 4 16 6 18 6 19
OSO (19, 143) (82, 84) - 1 5 14 4 10 4 14 4 8 2 6 4 17 1 6 1 17 6 19
OSO (19, 149) (82, 130) - 1 5 12 4 12 4 12 4 12 4 10 4 16 6 17 1 6 1 18
CS (48, 380) (82, 323) - 1 5 16 4 8 4 16 4 8 2 6 4 17 1 6 1 17 4 6 2 8 4 16 4 8 4 16 5 1 21 6 14 4 12 4 12 4 12 4 12 4 12 4 12 4 14 6 21
CS (48, 396) (82, 235) - 1 5 12 4 12 4 14 5 1 20 1 5 15 1 6 1 20 1 5 16 6 20 6 16 5 1 20 1 6 1 15 5 1 20 1 5 14 4 12 4 12 5 1 17 6 20 6 17
CS (48, 408) (82, 203) - 1 5 12 4 12 4 12 4 12 4 12 5 1 18 1 5 12 4 12 4 13 1 7 20 6 16 6 20 7 1 14 1 7 20 6 16 6 20 7 1 13 4 12 4 12 5 1 18
CS (50, 372) (82, 985) - 1 5 14 4 10 2 4 2 6 4 18 6 17 1 6 1 17 6 18 4 6 2 4 2 10 4 14 5 1 19 6 18 6 16 4 8 2 4 2 8 2 4 2 8 4 16 6 18 6 19
CS (66, 476) (82, 4) - 1 5 14 4 12 4 10 2 4 2 8 4 16 4 8 4 17 1 6 1 17 4 8 4 16 4 8 2 4 2 10 4 12 4 14 5 1 21 6 14 4 10 2 2 2 12 4 12 4 12 4 12 4 12 4 12 4 12 2 2 2 10 4 14 6 21
CS (70, 628) (82, 149) - 1 5 12 4 12 2 2 2 10 4 12 4 12 4 12 4 12 4 12 4 12 4 10 2 2 2 12 4 12 5 1 19 6 16 6 20 6 16 6 20 6 14 4 12 5 1 19 6 16 6 20 6 16 6 19 1 5 12 4 14 6 20 6 16 6 20 6 16 6 19
OSO (15, 111) (83, 86) - 1 5 12 4 14 6 19 1 6 1 16 1 6 1 18
CS (52, 504) (83, 645) - 1 5 16 4 8 4 17 1 6 1 17 6 20 6 16 6 20 6 17 1 6 1 17 4 8 4 16 5 1 21 6 16 6 20 6 16 6 21 1 5 16 5 1 21 6 16 6 20 6 16 6 21
CS (54, 476) (83, 43) - 1 5 15 1 7 21 1 5 16 6 19 1 6 1 17 6 20 7 1 14 1 7 20 6 17 1 6 1 19 6 16 5 1 21 7 1 15 5 1 21 6 14 4 12 4 12 4 12 4 12 4 14 6 21
CS (112, 920) (83, 45) - 1 5 12 4 14 5 1 20 1 5 14 4 10 4 14 4 10 4 12 4 14 5 1 20 1 6 1 15 6 20 6 14 4 12 5 1 18 1 6 1 16 1 6 1 19 6 15 1 7 20 6 16 4 8 4 16 6 20 7 1 15 6 19 1 6 1 16 1 6 1 18 1 5 12 4 14 6 20 6 15 1 6 1 20 1 5 14 4 12 4 10 4 14 4 10 4 14 5 1 20 1 5 14 4 12 5 1 19 6 16 6 19
OSO (11, 81) (84, 962) - 1 5 14 4 10 4 15 1 6 1 20
OSO (13, 111) (84, 642) - 1 5 12 4 14 6 20 6 17 1 6 1 18
CS (34, 340) (84, 2893) - 1 5 12 4 14 6 20 6 17 1 6 1 17 6 20 6 14 4 12 5 1 19 6 16 6 20 6 16 6 20 6 16 6 19
CS (38, 340) (84, 16) - 1 5 12 4 14 6 20 6 17 1 6 1 17 6 20 6 14 4 12 5 1 19 6 16 4 8 4 16 4 8 4 16 4 8 4 16 6 19
CS (44, 404) (84, 48) - 1 7 18 6 18 6 14 4 10 4 13 1 7 18 6 18 7 1 13 4 10 4 14 6 18 6 18 7 1 13 4 10 4 14 6 18 6 18 6 14 4 10 4 13
CS (52, 496) (84, 5467) - 1 5 12 4 14 6 21 1 5 16 6 20 7 1 15 6 20 6 15 1 7 20 6 16 5 1 21 6 14 4 12 5 1 19 6 16 6 21 1 5 16 4 8 4 16 5 1 21 6 16 6 19
CS (66, 548) (84, 2) - 1 5 12 4 12 4 8 2 4 2 8 4 12 4 12 5 1 19 6 14 5 1 19 6 15 1 6 1 19 7 1 15 6 18 6 14 6 19 1 5 12 4 12 5 1 19 6 14 6 18 6 15 1 7 19 1 6 1 15 6 19 1 5 14 6 19
CS (92, 644) (84, 138) - 1 5 12 4 14 6 19 1 6 1 16 1 6 1 18 1 6 1 16 1 6 1 18 1 5 12 4 14 6 20 6 14 4 12 5 1 18 1 6 1 16 1 6 1 18 1 6 1 16 1 6 1 19 6 14 4 12 5 1 18 1 6 1 16 1 6 1 18 1 6 1 16 1 6 1 18 1 6 1 16 1 6 1 18 1 6 1 16 1 6 1 18
OSO (17, 103) (85, 852) - 1 5 12 4 12 2 2 2 8 2 6 4 17 1 6 1 18
OSO (17, 137) (86, 200) - 1 6 1 15 4 8 2 6 4 16 6 20 7 1 15 6 19
OSO (19, 149) (86, 35) - 1 5 16 6 19 1 6 1 17 6 19 1 6 1 16 1 6 1 20
CS (28, 196) (86, 12) - 1 5 12 2 4 2 6 2 8 2 6 2 4 2 12 5 1 19 6 18 5 1 22 1 5 18 6 19
CS (36, 300) (86, 171) - 1 5 14 5 1 19 6 16 6 20 7 1 15 6 18 4 6 2 6 2 6 2 6 2 6 4 18 6 15 1 7 20 6 16 6 19
CS (42, 364) (86, 70) - 1 5 12 4 12 4 12 4 12 5 1 17 4 6 2 8 4 16 6 20 7 1 15 6 20 6 16 6 20 6 15 1 7 20 6 16 4 8 2 6 4 17
CS (50, 320) (86, 217) - 1 5 10 2 4 2 6 2 6 2 6 4 17 1 5 12 4 12 5 1 18 1 5 12 4 12 5 1 17 4 6 2 6 2 6 2 4 2 10 5 1 17 6 17 1 6 1 17 6 17
CS (50, 408) (86, 259) - 1 5 12 4 12 5 1 17 4 6 2 8 4 14 6 20 7 1 15 6 18 6 17 1 6 1 17 6 18 6 15 1 7 20 6 14 4 8 2 6 4 17 1 5 12 4 12 5 1 18
OSO (13, 127) (87, 153) - 1 5 14 4 10 4 16 6 18 6 18 6 19
OSO (17, 141) (87, 6) - 1 5 12 4 14 5 1 20 1 5 14 4 10 4 16 6 19
OSO (17, 141) (87, 88) - 1 5 12 4 14 6 20 6 14 4 10 4 15 1 6 1 18
OSO (17, 143) (87, 22) - 1 5 14 5 1 18 1 6 1 17 6 20 6 16 5 1 20
CS (40, 300) (87, 128) - 1 5 12 2 2 2 8 4 14 6 18 6 14 4 8 2 2 2 12 5 1 19 6 14 4 8 4 14 5 1 20 1 5 14 4 8 4 14 6 19
CS (44, 396) (87, 3904) - 1 5 12 4 12 4 12 4 12 4 12 4 13 1 7 20 6 16 6 20 6 16 6 20 6 16 6 20 7 1 13 4 12 4 12 4 12 4 12 4 12 5 1 18
CS (50, 472) (87, 96) - 1 5 16 5 1 21 6 15 1 7 21 1 5 16 6 20 6 16 5 1 21 6 14 4 12 4 12 4 12 4 12 4 14 6 21 1 5 16 6 20 6 16 5 1 21 7 1 15 6 21
OSO (15, 97) (88, 305) - 1 5 14 4 10 2 4 2 8 4 15 1 6 1 20
CS (32, 308) (88, 234) - 1 5 14 4 10 4 16 6 20 6 16 4 10 4 14 5 1 19 6 18 6 20 7 1 14 1 7 20 6 18 6 19
CS (40, 284) (88, 159) - 1 5 12 4 14 4 8 2 8 4 14 4 12 5 1 17 4 8 2 4 2 10 4 14 5 1 19 6 19 1 5 14 4 10 2 4 2 8 4 17
CS (40, 380) (88, 424) - 1 5 12 4 12 4 12 4 14 6 21 1 5 16 6 20 6 16 6 20 6 16 6 20 6 16 5 1 21 6 14 4 12 4 12 4 12 5 1 18
CS (44, 364) (88, 340) - 1 5 12 4 12 4 12 4 12 4 12 4 12 4 12 5 1 17 4 6 2 8 4 16 6 20 7 1 15 6 20 6 15 1 7 20 6 16 4 8 2 6 4 17
CS (44, 372) (88, 83) - 1 5 14 6 19 1 6 1 15 6 19 1 5 14 6 20 6 14 6 20 6 14 5 1 19 6 15 1 6 1 19 6 14 5 1 18 1 6 1 16 1 6 1 18
CS (48, 376) (88, 450) - 1 5 12 2 2 2 10 4 10 4 14 4 10 4 10 2 2 2 12 5 1 19 6 16 6 18 6 15 1 7 19 1 6 1 16 1 6 1 19 7 1 15 6 18 6 16 6 19
CS (56, 436) (88, 141) - 1 5 14 4 12 4 10 2 4 2 10 4 12 4 14 5 1 20 1 5 15 1 6 1 20 1 5 14 4 12 4 14 6 21 1 5 16 5 1 21 6 14 4 12 4 14 5 1 20 1 6 1 15 5 1 20
CS (58, 384) (88, 274) - 1 5 10 2 4 2 6 2 6 4 17 1 6 1 16 1 6 1 18 1 6 1 16 1 6 1 17 4 6 2 6 2 4 2 10 5 1 17 6 17 1 6 1 17 6 17 1 6 1 17 6 17 1 6 1 17 6 17
CS (62, 596) (88, 5541) - 1 5 16 4 8 4 16 6 18 6 18 6 18 6 17 1 6 1 17 6 18 6 18 6 18 6 16 4 8 4 16 5 1 21 6 14 4 10 4 14 4 10 4 14 6 20 6 16 6 20 6 14 4 10 4 14 4 10 4 14 6 21
CS (64, 504) (88, 364) - 1 5 16 4 8 4 17 1 6 1 17 4 6 2 8 2 4 2 8 2 4 2 8 2 4 2 8 2 6 4 17 1 6 1 17 4 8 4 16 5 1 21 6 16 6 20 6 16 6 21 1 5 16 5 1 21 6 16 6 20 6 16 6 21
CS (68, 508) (88, 157) - 1 5 12 4 12 4 12 4 12 4 12 4 14 6 21 1 5 16 6 20 6 16 6 20 6 16 5 1 21 6 14 4 12 4 12 4 12 4 12 4 12 5 1 17 4 6 2 8 2 4 2 8 2 4 2 8 2 4 2 8 2 4 2 8 2 6 4 17
CS (70, 552) (88, 10) - 1 5 12 2 2 2 8 2 4 2 8 2 2 2 12 5 1 19 6 15 1 7 20 6 15 1 6 1 20 1 5 15 1 7 21 1 5 16 6 18 6 17 1 6 1 17 6 18 6 16 5 1 21 7 1 15 5 1 20 1 6 1 15 6 20 7 1 15 6 19
CS (78, 696) (88, 458) - 1 5 14 6 19 1 6 1 16 1 6 1 17 6 18 6 16 6 18 6 16 6 18 6 16 6 18 6 17 1 6 1 16 1 6 1 19 6 14 5 1 19 6 14 4 10 4 14 6 18 6 17 1 6 1 17 6 17 1 6 1 17 6 17 1 6 1 17 6 18 6 14 4 10 4 14 6 19
CS (28, 260) (89, 94) - 1 5 14 6 18 6 15 1 7 20 7 1 15 6 18 6 14 5 1 19 6 14 4 8 4 14 6 19
CS (68, 492) (89, 673) - 1 5 14 5 1 19 6 16 4 8 2 4 2 8 4 16 6 20 7 1 15 6 20 6 14 4 10 2 4 2 6 2 6 2 6 2 6 2 6 2 6 2 6 2 4 2 10 4 14 6 20 6 15 1 7 20 6 16 4 8 2 4 2 8 4 16 6 19
CS (128, 1024) (89, 6673) - 1 5 12 4 14 4 12 5 1 18 1 6 1 17 5 1 21 6 17 1 6 1 18 1 5 12 4 14 4 12 5 1 18 1 6 1 17 6 21 1 5 17 1 6 1 18 1 5 12 4 14 4 12 5 1 18 1 6 1 17 5 1 21 6 17 1 6 1 18 1 5 12 4 14 4 12 5 1 18 1 6 1 17 6 21 1 5 17 1 6 1 18 1 5 12 4 14 4 12 5 1 19 6 16 4 10 4 16 6 19 1 5 12 4 14 4 12 5 1 19 6 16 4 10 4 16 6 19
OSO (25, 165) (90, 4602) - 1 5 12 4 12 4 10 2 4 2 6 2 6 4 17 1 6 1 17 6 17 1 6 1 18
CS (66, 644) (90, 38) - 1 5 16 6 20 6 14 4 14 6 20 6 16 6 21 1 5 16 6 20 6 16 5 1 21 6 16 6 20 6 14 4 14 6 20 6 16 5 1 21 6 14 4 12 4 12 4 12 4 12 4 12 4 12 4 12 4 12 4 12 4 12 4 14 6 21
OSO (25, 211) (91, 125) - 1 5 14 5 1 19 6 16 6 17 1 6 1 17 6 17 1 6 1 17 6 16 5 1 20
CS (64, 580) (91, 638) - 1 7 20 6 16 4 8 2 4 2 10 4 12 4 12 4 12 4 13 1 7 20 6 16 6 20 6 16 6 20 7 1 13 4 12 4 12 4 12 4 10 2 4 2 8 4 16 6 20 7 1 15 6 20 6 16 6 20 6 16 6 20 6 15
OSO (21, 149) (92, 74) - 1 5 12 4 12 4 12 4 10 2 4 2 8 4 15 1 6 1 19 6 17
CS (48, 388) (92, 216) - 1 5 12 4 14 4 10 4 14 4 10 4 14 4 12 5 1 19 6 17 1 6 1 19 6 16 5 1 20 1 6 1 16 1 6 1 20 1 5 16 6 19 1 6 1 17 6 19
CS (50, 396) (92, 323) - 1 5 12 4 12 4 14 5 1 20 1 5 15 1 6 1 20 1 5 14 4 12 4 12 4 14 5 1 20 1 6 1 15 5 1 20 1 5 14 4 12 4 12 5 1 17 6 20 6 17
CS (52, 500) (92, 101) - 1 5 14 4 10 4 16 6 18 6 20 6 15 1 7 20 6 18 6 16 4 10 4 14 4 10 4 14 4 10 4 16 6 18 6 20 7 1 15 6 20 6 18 6 16 4 10 4 14 5 1 20
CS (54, 436) (92, 676) - 1 5 14 4 12 4 12 4 12 4 12 4 14 5 1 20 1 5 15 1 6 1 20 1 5 14 4 12 4 14 6 21 1 5 16 5 1 21 6 14 4 12 4 14 5 1 20 1 6 1 15 5 1 20
CS (54, 492) (92, 155) - 1 5 16 6 20 6 17 1 6 1 17 5 1 21 6 16 5 1 21 7 1 14 1 7 21 1 5 16 6 21 1 5 17 1 6 1 17 6 20 6 16 5 1 21 6 14 4 12 4 12 4 14 6 21
CS (66, 500) (92, 106) - 1 5 12 4 12 2 2 2 10 4 12 4 12 2 2 2 8 2 6 4 17 1 5 12 4 12 5 1 17 4 6 2 8 2 2 2 12 4 12 4 10 2 2 2 12 4 12 5 1 19 6 16 6 20 6 16 6 20 6 16 6 20 6 16 6 19
CS (68, 612) (92, 164) - 1 5 12 4 12 4 12 4 12 4 12 4 12 4 12 4 12 4 12 5 1 17 6 20 7 1 14 1 7 20 6 17 1 6 1 17 6 20 7 1 15 6 20 6 16 6 20 6 15 1 7 20 6 17 1 6 1 17 6 20 7 1 14 1 7 20 6 17
CS (104, 808) (92, 78) - 1 5 12 2 2 2 10 4 12 4 10 4 14 4 10 4 12 4 10 2 2 2 12 5 1 19 6 16 6 18 6 18 6 14 4 12 5 1 19 6 15 1 6 1 20 1 5 16 6 17 1 6 1 18 1 5 12 4 12 4 10 2 4 2 6 2 4 2 10 4 12 4 12 5 1 18 1 6 1 17 6 16 5 1 20 1 6 1 15 6 19 1 5 12 4 14 6 18 6 18 6 16 6 19
CS (40, 388) (93, 99) - 1 5 14 4 12 4 12 4 14 6 21 1 5 16 6 20 6 18 6 18 6 18 6 20 6 16 5 1 21 6 14 4 12 4 12 4 14 5 1 20
OSO (11, 95) (94, 931) - 1 5 12 4 14 4 10 4 16 6 19
OSO (11, 95) (94, 40) - 1 7 20 6 14 4 10 4 12 4 13
CS (36, 288) (94, 156) - 1 5 12 4 10 4 15 1 6 1 18 1 6 1 15 4 10 4 12 5 1 17 6 18 6 17 1 5 12 5 1 17 6 18 6 17
CS (44, 356) (94, 93) - 1 5 12 4 16 6 20 6 19 1 5 14 4 10 2 6 4 18 4 6 2 8 2 6 4 18 4 6 2 10 4 14 5 1 19 6 20 6 16 4 12 5 1 18
CS (46, 412) (94, 172) - 1 5 14 4 10 4 16 6 20 6 17 1 6 1 17 6 20 6 16 4 10 4 14 5 1 19 6 18 4 6 2 8 4 16 6 20 6 16 4 8 2 6 4 18 6 19
CS (48, 428) (94, 842) - 1 5 12 4 12 4 12 5 1 19 6 14 4 10 4 12 4 10 4 14 5 1 19 6 16 6 18 6 16 6 18 6 16 6 19 1 5 14 4 10 4 12 4 10 4 14 6 19
CS (60, 496) (94, 1792) - 1 5 14 6 19 1 6 1 15 4 8 4 16 6 16 4 8 4 15 1 6 1 19 6 14 5 1 19 6 14 4 10 4 12 4 12 4 10 4 13 1 7 18 6 18 7 1 13 4 10 4 12 4 12 4 10 4 14 6 19
CS (80, 752) (94, 203) - 1 5 14 5 1 19 6 16 6 18 6 15 1 7 19 1 6 1 16 1 6 1 17 6 18 6 16 6 18 6 16 6 18 6 16 6 18 6 17 1 6 1 16 1 6 1 19 7 1 15 6 18 6 16 6 19 1 5 14 5 1 19 6 16 6 18 6 15 1 7 20 7 1 15 6 18 6 16 6 19
OSO (13, 105) (95, 309) - 1 5 12 4 14 4 12 4 14 4 10 4 17
CS (28, 252) (95, 759) - 1 5 12 4 14 6 21 1 5 16 6 20 6 16 5 1 21 6 14 4 12 5 1 17 4 8 4 17
CS (52, 468) (95, 330) - 1 5 12 4 12 4 12 4 12 4 12 4 12 4 12 5 1 17 4 8 4 16 6 20 6 14 4 12 5 1 19 6 16 6 20 6 16 6 19 1 5 12 4 14 6 20 6 16 4 8 4 17
CS (88, 676) (95, 408) - 1 5 12 4 12 4 10 4 14 5 1 20 1 5 14 4 10 4 14 6 19 1 5 14 5 1 20 1 5 16 6 16 4 8 2 4 2 8 4 14 4 10 4 12 4 10 4 14 4 8 2 4 2 8 4 16 6 16 5 1 20 1 5 14 5 1 19 6 14 4 10 4 14 5 1 20 1 5 14 4 10 4 12 4 12 5 1 18
CS (106, 828) (95, 51) - 1 5 12 2 2 2 10 4 10 2 2 2 12 5 1 19 6 14 4 10 2 2 2 10 4 12 4 10 2 2 2 10 4 14 6 19 1 5 12 2 2 2 10 4 10 2 2 2 12 5 1 19 6 15 1 7 20 6 16 6 17 1 6 1 17 6 18 6 15 1 7 20 6 14 4 10 4 12 4 12 4 10 4 14 6 20 7 1 15 6 18 6 17 1 6 1 17 6 16 6 20 7 1 15 6 19
OSO (29, 263) (96, 130) - 1 5 14 6 20 6 14 5 1 19 6 15 1 6 1 19 6 16 6 16 4 8 4 16 6 16 5 1 20
CS (32, 300) (96, 61) - 1 5 12 4 12 4 14 6 20 6 14 4 12 4 12 5 1 19 6 16 6 20 7 1 14 1 7 20 6 16 6 19
CS (38, 292) (96, 4) - 1 5 16 4 8 2 6 2 8 4 17 1 6 1 17 4 8 2 6 2 8 4 16 5 1 21 6 16 4 10 4 16 4 10 4 16 6 21
CS (44, 340) (96, 241) - 1 5 14 4 8 2 6 4 16 6 19 1 5 14 5 1 19 6 16 4 6 2 8 4 14 5 1 19 6 16 4 6 2 8 4 14 4 8 2 6 4 16 6 19
CS (50, 444) (96, 70) - 1 5 14 5 1 19 6 16 6 18 6 16 6 18 6 16 6 19 1 5 14 5 1 20 1 5 16 6 17 1 6 1 17 6 17 1 6 1 17 6 17 1 6 1 17 6 16 5 1 20
CS (54, 412) (96, 1) - 1 5 16 6 20 6 16 4 8 4 17 1 6 1 17 4 8 4 16 6 20 6 16 5 1 21 6 14 4 12 4 10 2 4 2 8 2 4 2 8 2 4 2 8 2 4 2 10 4 12 4 14 6 21
CS (124, 880) (96, 9988) - 1 5 12 4 12 4 10 2 2 2 10 4 12 4 10 2 4 4 17 1 6 1 16 1 6 1 17 4 4 2 10 4 12 4 10 2 4 4 17 1 6 1 16 1 6 1 17 4 4 2 10 4 12 4 10 2 2 2 10 4 12 4 12 5 1 19 6 14 4 8 2 6 4 16 6 17 1 6 1 17 6 16 4 6 2 8 4 14 6 19 1 5 12 4 12 4 12 5 1 19 6 14 4 8 2 6 4 16 6 17 1 6 1 17 6 16 4 6 2 8 4 14 6 19
OSO (19, 177) (97, 401) - 1 5 16 6 19 1 6 1 17 6 18 6 16 4 10 4 14 6 21
CS (64, 472) (97, 158) - 1 5 14 4 12 4 10 2 4 2 8 2 6 4 17 1 6 1 17 5 1 21 6 16 4 8 2 6 4 18 6 18 6 18 4 6 2 8 4 16 6 21 1 5 17 1 6 1 17 4 6 2 8 2 4 2 10 4 12 4 14 5 1 20
CS (76, 664) (97, 320) - 1 5 14 4 10 2 2 2 10 4 14 5 1 19 6 18 6 16 6 20 6 15 1 6 1 20 1 5 16 6 19 1 5 14 5 1 19 6 17 1 6 1 17 6 18 6 17 1 6 1 17 6 19 1 5 14 5 1 19 6 16 5 1 20 1 6 1 15 6 20 6 16 6 18 6 19
OSO (17, 123) (98, 112) - 1 5 12 4 12 4 12 4 10 2 2 2 10 4 14 6 19
OSO (19, 179) (98, 179) - 1 5 12 4 14 6 18 6 18 6 16 6 18 6 17 1 6 1 18
OSO (21, 175) (98, 58) - 1 5 16 6 18 6 16 4 8 4 15 1 6 1 19 6 15 1 6 1 20
OSO (21, 189) (98, 116) - 1 5 14 6 20 6 16 6 18 6 16 5 1 20 1 6 1 15 5 1 20
CS (40, 244) (98, 1590) - 1 5 12 4 10 2 4 2 6 2 6 2 6 2 4 2 10 4 12 5 1 17 4 6 2 8 4 14 5 1 20 1 5 14 4 8 2 6 4 17
CS (44, 332) (98, 1242) - 1 5 10 2 4 2 6 2 6 2 6 2 4 2 10 5 1 17 6 18 6 14 4 12 5 1 19 6 14 4 10 4 14 6 19 1 5 12 4 14 6 18 6 17
CS (52, 428) (98, 255) - 1 5 12 4 12 4 10 2 2 2 10 4 12 4 12 5 1 19 6 14 4 10 4 12 4 10 4 14 5 1 19 6 16 6 18 6 16 6 19 1 5 14 4 10 4 12 4 10 4 14 6 19
CS (60, 428) (98, 818) - 1 5 12 2 2 2 8 2 4 2 8 4 14 4 8 2 4 2 8 2 2 2 12 5 1 19 6 14 4 10 4 12 4 12 4 12 5 1 19 6 14 4 10 4 14 6 19 1 5 12 4 12 4 12 4 10 4 14 6 19
CS (68, 364) (98, 320) - 1 5 12 4 10 2 4 2 6 2 6 2 4 2 10 4 12 4 10 2 4 2 6 2 6 2 4 2 10 4 12 5 1 17 4 6 2 6 2 6 2 6 2 4 2 10 4 12 5 1 18 1 5 12 4 10 2 4 2 6 2 6 2 6 2 6 4 17
CS (68, 592) (98, 103) - 1 5 14 5 1 19 6 16 6 18 6 16 6 19 1 5 14 5 1 19 6 16 6 18 6 16 6 19 1 5 14 5 1 20 1 5 15 1 6 1 19 6 15 1 6 1 19 6 14 4 10 4 14 6 19 1 6 1 15 6 19 1 6 1 15 5 1 20
OSO (17, 147) (99, 657) - 1 5 10 2 4 2 8 4 16 6 18 6 18 6 18 6 17
CS (44, 392) (99, 355) - 1 5 16 6 19 1 6 1 17 6 20 7 1 14 1 7 20 6 17 1 6 1 19 6 16 5 1 21 6 14 4 12 4 12 4 12 4 12 4 12 4 14 6 21
CS (48, 380) (99, 77) - 1 5 12 4 14 4 10 4 16 6 19 1 5 12 4 14 4 12 5 1 19 6 16 4 10 4 14 4 12 5 1 19 6 16 4 8 2 6 2 6 2 6 2 8 4 16 6 19
CS (70, 632) (99, 124) - 1 5 16 6 19 1 6 1 17 4 6 2 8 4 16 6 20 6 16 5 1 21 6 16 6 20 6 16 6 21 1 5 16 6 20 6 16 4 8 2 6 4 17 1 6 1 19 6 16 5 1 21 6 14 4 12 4 12 4 12 4 12 4 12 4 12 4 14 6 21
CS (72, 624) (99, 11729) - 1 5 16 4 8 4 17 1 6 1 18 1 6 1 17 4 8 4 16 4 8 4 17 1 6 1 18 1 6 1 17 4 8 4 16 5 1 21 6 16 6 21 1 5 16 5 1 21 6 16 6 21 1 5 16 5 1 21 6 16 6 21 1 5 16 5 1 21 6 16 6 21
CS (86, 644) (99, 11600) - 1 5 12 2 2 2 8 2 4 2 6 2 6 2 6 2 6 4 16 6 18 6 16 6 19 1 5 14 4 8 4 16 6 18 6 16 6 18 6 16 4 8 4 14 5 1 19 6 16 6 18 6 16 4 6 2 6 2 6 2 6 2 4 2 8 2 2 2 12 5 1 19 6 14 4 10 4 12 4 12 4 10 4 14 6 19
OSO (13, 107) (100, 156) - 1 5 12 4 12 4 12 4 10 4 14 6 19
OSO (15, 133) (100, 109) - 1 7 20 6 14 4 8 2 6 4 16 6 18 6 15
OSO (15, 149) (100, 451) - 1 7 20 6 14 4 10 4 14 6 18 6 18 6 15
CS (32, 252) (100, 165) - 1 5 12 4 14 6 21 1 5 14 4 12 4 10 2 4 2 10 4 12 4 14 5 1 21 6 14 4 12 5 1 18
CS (40, 388) (100, 94) - 1 7 20 6 16 4 8 4 16 4 8 4 16 4 8 4 16 6 20 7 1 15 6 20 6 16 6 20 7 1 14 1 7 20 6 16 6 20 6 15
CS (52, 364) (100, 93526) - 1 5 12 4 12 4 10 2 4 2 4 2 10 4 12 4 10 2 4 2 4 2 10 4 12 4 12 5 1 19 6 14 4 10 4 12 4 12 5 1 18 1 5 12 4 12 4 10 4 14 6 19
CS (56, 468) (100, 107) - 1 5 14 4 8 2 6 2 6 4 18 6 16 6 19 1 5 14 6 20 6 16 6 20 6 14 5 1 19 6 16 6 18 4 6 2 6 2 8 4 14 5 1 19 6 16 4 8 2 4 2 8 4 16 6 19
CS (58, 516) (100, 188) - 1 5 14 4 12 4 12 4 12 4 12 4 14 6 21 1 5 16 6 20 6 16 5 1 21 6 14 4 12 4 12 4 12 4 12 4 14 5 1 21 6 14 4 12 4 12 4 12 4 12 4 12 4 12 4 14 6 21
CS (60, 516) (100, 41) - 1 5 14 4 12 4 10 2 4 2 10 4 12 4 14 6 21 1 5 14 4 12 4 14 6 20 6 18 6 18 6 18 6 20 6 14 4 12 4 14 5 1 21 6 14 4 12 4 10 2 4 2 10 4 12 4 14 5 1 20
CS (68, 596) (100, 125) - 1 5 14 4 12 4 14 4 10 2 4 2 8 2 4 2 10 4 16 6 21 1 5 16 5 1 21 6 16 4 10 2 4 2 8 2 4 2 10 4 14 4 12 4 14 5 1 19 6 20 6 18 6 20 6 18 6 20 6 18 6 20 6 18 6 20 6 19
CS (76, 532) (100, 200) - 1 5 12 4 12 4 10 2 4 2 6 4 17 1 6 1 16 1 6 1 18 1 5 12 4 12 4 12 5 1 18 1 6 1 16 1 6 1 17 4 6 2 4 2 10 4 12 4 12 5 1 18 1 6 1 16 1 6 1 17 6 18 6 16 6 18 6 17 1 6 1 16 1 6 1 18
OSO (17, 145) (101, 31) - 1 7 20 6 14 4 10 4 12 4 13 1 7 20 7 1 14
OSO (19, 145) (101, 8) - 1 5 12 4 14 4 10 4 15 1 6 1 19 6 17 1 6 1 18
OSO (19, 155) (101, 233) - 1 5 16 6 18 4 8 4 16 6 19 1 6 1 16 1 6 1 20
OSO (21, 173) (101, 63) - 1 5 16 6 19 1 6 1 17 6 18 6 19 1 6 1 16 1 6 1 20
OSO (25, 233) (101, 72) - 1 5 14 5 1 19 6 16 6 18 6 16 6 18 6 17 1 6 1 17 6 16 5 1 20
OSO (25, 243) (101, 387) - 1 6 1 17 6 18 6 18 6 18 6 17 1 6 1 19 6 15 1 7 20 6 16 6 19
CS (40, 316) (101, 291) - 1 5 12 4 12 4 14 6 21 1 5 16 6 20 6 16 5 1 21 6 14 4 12 4 12 5 1 17 4 6 2 8 2 4 2 8 2 6 4 17
CS (46, 424) (101, 191) - 1 5 16 4 8 4 17 1 6 1 17 6 20 7 1 13 4 13 1 7 20 6 17 1 6 1 17 4 8 4 16 5 1 21 6 16 6 20 6 16 6 20 6 16 6 21
CS (48, 440) (101, 92) - 1 5 14 4 12 4 14 5 1 21 6 14 4 12 4 14 6 21 1 5 16 6 20 6 17 1 6 1 18 1 6 1 17 6 20 6 16 5 1 21 6 14 4 12 4 14 6 21
CS (60, 492) (101, 364) - 1 5 12 4 14 4 10 4 16 6 19 1 5 14 5 1 20 1 5 15 1 6 1 20 1 6 1 15 5 1 20 1 5 14 5 1 19 6 16 4 10 4 14 4 12 5 1 19 6 16 4 10 4 14 4 10 4 16 6 19
CS (68, 644) (101, 104) - 1 5 14 4 10 4 16 6 20 6 16 6 20 6 16 4 10 4 14 5 1 19 6 18 6 18 4 6 2 8 4 16 6 20 6 16 5 1 21 6 14 4 12 4 12 4 12 4 14 6 21 1 5 16 6 20 6 16 4 8 2 6 4 18 6 18 6 19
OSO (23, 165) (102, 26) - 1 5 12 4 12 4 12 4 12 4 10 2 4 2 8 4 15 1 6 1 19 6 17
OSO (23, 169) (102, 25) - 1 5 12 4 14 4 10 2 4 2 6 2 8 4 16 6 20 6 17 1 6 1 18
OSO (25, 223) (102, 99) - 1 5 14 4 10 4 16 6 19 1 6 1 17 6 19 1 5 14 5 1 19 6 18 6 19
CS (34, 332) (102, 407) - 1 6 1 17 4 8 4 16 6 20 7 1 15 6 20 6 16 6 20 6 16 6 20 6 15 1 7 20 6 16 4 8 4 17
CS (44, 372) (102, 120) - 1 5 12 2 2 2 10 4 12 4 14 6 19 1 5 14 6 20 6 16 6 20 6 14 5 1 19 6 14 4 12 4 10 2 2 2 12 5 1 19 6 16 6 19
CS (44, 380) (102, 231) - 1 5 12 2 2 2 10 4 12 4 14 6 21 1 5 16 5 1 21 6 14 4 12 4 10 2 2 2 12 5 1 19 6 16 6 20 6 16 6 20 6 16 6 19
CS (48, 412) (102, 781) - 1 5 12 4 14 4 10 4 14 4 10 4 14 4 10 4 14 4 10 4 14 4 12 5 1 19 6 18 6 16 4 10 4 14 5 1 20 1 5 14 4 10 4 16 6 18 6 19
CS (54, 460) (102, 118) - 1 5 12 4 12 5 1 17 6 19 1 5 14 5 1 19 6 16 5 1 20 1 5 14 5 1 19 6 16 4 8 4 16 6 19 1 5 14 5 1 20 1 5 16 6 19 1 5 14 5 1 19 6 17
CS (60, 500) (102, 91) - 1 5 14 4 10 4 16 6 19 1 5 14 5 1 20 1 5 14 4 10 4 16 6 19 1 5 14 5 1 20 1 5 14 5 1 19 6 16 4 10 4 14 5 1 20 1 5 14 5 1 19 6 16 4 10 4 14 5 1 20
CS (68, 516) (102, 48893) - 1 5 10 2 4 2 6 2 8 4 12 4 12 4 10 4 14 6 19 1 5 12 2 2 2 8 2 2 2 12 5 1 19 6 14 4 10 4 12 4 12 4 8 2 6 2 4 2 10 5 1 17 6 18 6 16 6 18 6 16 6 18 6 16 6 18 6 17
CS (72, 452) (102, 2) - 1 5 10 2 4 2 6 2 6 2 4 2 10 4 10 4 14 4 10 4 10 2 4 2 6 2 6 2 4 2 10 5 1 17 6 18 6 14 4 10 2 2 2 10 4 12 5 1 17 4 6 2 6 2 6 4 17 1 5 12 4 10 2 2 2 10 4 14 6 18 6 17
CS (84, 700) (102, 21547) - 1 5 12 4 10 4 14 4 8 2 4 2 8 4 14 4 10 4 12 4 10 4 14 4 8 2 4 2 8 4 14 4 10 4 12 5 1 17 6 18 6 16 6 18 6 16 4 8 4 14 4 10 4 12 5 1 17 6 18 6 16 6 18 6 17 1 5 12 4 10 4 14 4 8 4 16 6 18 6 16 6 18 6 17
CS (104, 804) (102, 176) - 1 5 12 2 2 2 10 4 12 4 12 4 12 4 12 5 1 18 1 5 12 4 12 4 12 4 12 4 12 5 1 18 1 5 12 4 12 4 12 4 12 4 10 2 2 2 12 5 1 19 6 16 6 18 4 6 2 8 4 14 4 10 4 14 5 1 20 1 5 14 4 12 5 1 19 6 16 6 19 1 5 12 4 14 5 1 20 1 5 14 4 10 4 14 4 8 2 6 4 18 6 16 6 19
OSO (19, 137) (103, 12) - 1 5 14 4 10 2 4 2 8 4 16 4 8 2 6 4 18 6 19
OSO (25, 153) (103, 8) - 1 5 14 4 12 4 10 2 2 2 12 4 10 2 4 2 6 2 8 4 15 1 6 1 20
CS (54, 500) (103, 73) - 1 5 14 6 20 6 15 1 7 20 6 16 6 18 6 17 1 6 1 17 6 18 6 16 6 20 7 1 15 6 20 6 14 5 1 20 1 5 16 6 17 1 6 1 18 1 6 1 17 6 16 5 1 20
CS (64, 580) (103, 12) - 1 5 14 5 1 19 6 18 6 18 6 18 6 20 6 16 5 1 21 6 14 4 12 4 12 2 2 2 10 4 12 4 14 4 10 4 14 4 12 4 10 2 2 2 12 4 12 4 14 6 21 1 5 16 6 20 6 18 6 18 6 18 6 19
CS (72, 540) (103, 20) - 1 5 12 4 12 4 12 4 8 2 6 2 4 2 10 4 10 4 14 4 10 4 10 2 4 2 6 2 8 4 12 4 12 4 12 5 1 19 6 14 4 10 4 14 6 18 4 6 4 18 7 1 13 4 10 4 13 1 7 18 4 6 4 18 6 14 4 10 4 14 6 19
CS (72, 584) (103, 58) - 1 5 14 4 10 2 4 2 8 4 16 6 21 1 5 17 1 6 1 17 6 20 6 16 5 1 20 1 6 1 15 5 1 20 1 5 15 1 6 1 20 1 5 16 6 20 6 17 1 6 1 17 5 1 21 6 16 4 8 2 4 2 10 4 14 5 1 19 6 18 6 19
CS (74, 640) (103, 160) - 1 5 14 4 12 4 12 4 14 5 1 21 7 1 15 5 1 21 6 14 4 12 4 12 4 14 6 21 1 5 15 1 7 21 1 5 14 4 12 4 12 4 14 5 1 21 7 1 15 5 1 21 7 1 15 6 21 1 5 16 5 1 21 6 15 1 7 21 1 5 15 1 7 21
CS (38, 300) (104, 751) - 1 5 12 2 2 2 10 4 12 4 12 4 12 4 12 4 10 2 2 2 12 5 1 19 6 16 6 20 7 1 14 1 7 20 6 16 6 19
CS (40, 364) (104, 271) - 1 5 12 4 12 4 10 4 14 6 19 1 5 14 6 20 6 14 6 20 6 14 6 20 6 14 5 1 19 6 14 4 10 4 12 4 12 5 1 18
CS (40, 380) (104, 188) - 1 5 12 4 12 4 12 4 14 6 21 1 5 16 5 1 21 6 14 4 12 4 12 4 12 5 1 17 6 20 6 16 6 20 6 16 6 20 6 17
CS (42, 368) (104, 74) - 1 5 10 4 14 6 17 1 6 1 17 6 16 6 17 1 6 1 17 6 14 4 10 5 1 17 6 16 6 16 6 17 1 6 1 17 6 16 6 16 6 17
CS (44, 356) (104, 392) - 1 5 12 4 12 4 12 5 1 18 1 6 1 17 6 16 5 1 20 1 5 14 5 1 19 6 16 6 19 1 5 14 5 1 20 1 5 16 6 17 1 6 1 18
CS (44, 364) (104, 314) - 1 5 12 4 10 2 2 2 10 4 14 6 19 1 5 14 6 20 6 14 5 1 19 6 14 4 10 2 2 2 10 4 12 5 1 17 6 18 6 16 6 18 6 17
CS (50, 364) (104, 88) - 1 5 12 4 10 2 2 2 10 4 14 6 19 1 5 12 4 12 4 12 4 10 4 12 4 12 4 10 4 12 4 12 4 12 5 1 19 6 14 4 10 2 2 2 10 4 12 5 1 18
CS (52, 380) (104, 84) - 1 5 12 2 2 2 10 2 2 2 12 5 1 19 6 16 4 10 4 14 4 12 5 1 19 6 16 4 8 2 6 2 6 2 6 2 8 4 16 6 19 1 5 12 4 14 4 10 4 16 6 19
CS (52, 404) (104, 35) - 1 7 18 4 4 2 10 4 12 4 10 2 2 2 10 4 12 4 10 2 4 4 18 7 1 13 4 10 4 14 6 18 6 18 7 1 13 4 10 4 13 1 7 18 6 18 6 14 4 10 4 13
CS (54, 432) (104, 226) - 1 5 12 4 12 4 12 4 12 4 14 5 1 21 6 14 4 12 5 1 18 1 6 1 18 1 5 12 4 14 6 21 1 5 14 4 12 4 12 4 12 4 12 5 1 17 4 8 4 16 4 8 4 17
CS (60, 568) (104, 94) - 1 5 16 5 1 21 6 14 4 12 4 12 4 12 4 14 6 21 1 5 16 6 20 6 17 1 6 1 17 6 20 6 16 6 20 6 17 1 6 1 17 6 20 6 16 5 1 21 6 14 4 12 4 12 4 12 4 14 6 21
CS (68, 508) (104, 96) - 1 5 12 2 2 2 10 4 15 1 6 1 19 6 17 1 6 1 18 1 6 1 17 6 19 1 6 1 15 4 10 2 2 2 12 5 1 19 6 17 1 6 1 18 1 6 1 17 6 20 7 1 14 1 7 20 6 17 1 6 1 18 1 6 1 17 6 19
CS (72, 592) (104, 144) - 1 5 12 5 1 17 6 18 6 14 4 10 4 14 6 19 1 5 14 6 20 7 1 14 1 7 19 1 6 1 15 4 8 4 15 1 6 1 18 1 6 1 15 4 8 4 15 1 6 1 19 7 1 14 1 7 20 6 14 5 1 19 6 14 4 10 4 14 6 18 6 17
CS (88, 716) (104, 128) - 1 5 14 6 20 6 16 4 6 2 8 2 4 2 6 2 8 4 15 1 6 1 19 6 15 1 7 20 6 16 6 20 6 14 4 10 4 14 4 10 4 14 6 20 6 16 6 20 7 1 15 6 19 1 6 1 15 4 8 2 6 2 4 2 8 2 6 4 16 6 20 6 14 5 1 18 1 6 1 17 6 18 6 17 1 6 1 18
CS (112, 784) (104, 775) - 1 5 10 2 4 2 8 4 14 6 19 1 5 12 4 12 4 12 5 1 19 6 14 4 8 2 4 2 8 2 4 2 6 2 6 2 6 2 4 2 8 2 4 2 6 2 6 2 6 2 4 2 8 2 4 2 8 4 14 6 19 1 5 12 4 12 4 12 5 1 19 6 14 4 8 2 4 2 10 5 1 17 6 18 6 14 4 10 4 14 6 18 6 17 1 5 12 5 1 17 6 18 6 14 4 10 4 14 6 18 6 17
OSO (31, 287) (105, 145) - 1 5 14 5 1 19 6 18 6 16 4 10 4 12 4 14 6 21 1 5 16 6 19 1 6 1 17 6 18 6 19
CS (52, 428) (105, 40) - 1 5 14 4 10 4 16 6 19 1 5 14 5 1 20 1 5 16 6 19 1 6 1 15 4 10 4 15 1 6 1 19 6 16 5 1 20 1 5 14 5 1 19 6 16 4 10 4 14 5 1 20
CS (60, 628) (105, 286) - 1 5 12 4 14 6 20 6 16 6 20 6 16 6 19 1 5 12 4 14 6 20 6 16 6 20 6 16 6 20 6 14 4 12 5 1 19 6 16 6 20 6 16 6 20 6 14 4 12 5 1 19 6 16 6 20 6 16 6 19
CS (68, 676) (105, 129) - 1 5 14 4 8 4 16 6 18 6 16 6 18 6 16 6 18 6 16 4 8 4 14 5 1 19 6 16 6 18 6 16 6 18 6 16 4 8 4 14 5 1 19 6 16 6 18 6 16 6 19 1 5 14 4 8 4 16 6 18 6 16 6 18 6 16 6 19
OSO (11, 85) (106, 2486) - 1 5 14 4 8 2 6 4 16 6 19
OSO (17, 99) (106, 214) - 1 5 12 2 2 2 8 2 4 2 6 2 8 4 14 6 19
CS (38, 348) (106, 48) - 1 5 14 4 10 4 16 4 8 4 17 1 6 1 17 4 8 4 16 4 10 4 14 5 1 19 6 18 6 20 6 16 6 20 6 18 6 19
CS (42, 308) (106, 272) - 1 5 12 4 12 2 2 2 8 2 6 4 17 1 5 12 4 12 5 1 17 4 6 2 8 2 2 2 12 4 12 5 1 19 6 16 6 20 6 16 6 19
CS (42, 332) (106, 311) - 1 5 12 4 14 6 18 6 17 1 6 1 17 6 18 6 14 4 12 5 1 19 6 14 4 10 2 2 2 10 4 12 4 10 2 2 2 10 4 14 6 19
CS (44, 380) (106, 72) - 1 7 20 6 14 4 10 4 12 4 12 4 12 4 10 4 14 6 20 7 1 13 4 12 4 10 4 14 6 20 7 1 14 1 7 20 6 14 4 10 4 12 4 13
CS (44, 412) (106, 230) - 1 5 12 2 2 2 12 5 1 19 6 18 6 16 4 10 4 14 5 1 19 6 18 6 18 6 18 6 18 6 18 6 19 1 5 14 4 10 4 16 6 18 6 19
CS (60, 508) (106, 150) - 1 5 12 2 2 2 10 4 14 4 10 4 14 4 10 4 14 4 10 4 14 4 10 2 2 2 12 5 1 19 6 18 6 18 6 16 4 10 4 14 5 1 19 6 18 6 19 1 5 14 4 10 4 16 6 18 6 18 6 19
CS (68, 644) (106, 633) - 1 5 14 4 8 2 6 4 16 6 16 4 8 4 16 6 16 6 19 1 5 14 5 1 19 6 16 6 16 4 8 4 16 6 16 4 6 2 8 4 14 5 1 19 6 16 6 18 6 16 6 18 6 16 6 18 6 16 6 18 6 16 6 18 6 16 6 19
CS (72, 572) (106, 283) - 1 5 12 4 12 4 14 4 10 4 14 4 10 4 16 6 19 1 5 12 4 14 4 10 2 2 2 12 4 10 4 16 6 20 6 16 4 10 4 12 2 2 2 10 4 14 4 12 5 1 19 6 16 4 10 4 14 4 10 4 14 4 12 4 12 5 1 17 4 8 4 17
CS (74, 640) (106, 2327) - 1 5 14 4 10 4 14 5 1 19 6 17 1 6 1 17 6 19 1 5 14 4 10 4 14 5 1 19 6 18 6 16 5 1 21 7 1 15 5 1 20 1 5 14 5 1 19 6 16 4 8 4 16 6 19 1 5 14 5 1 20 1 5 15 1 7 21 1 5 16 6 18 6 19
OSO (13, 123) (107, 582) - 1 5 14 4 12 4 12 4 16 6 20 6 19
CS (40, 316) (107, 790) - 1 5 14 4 10 4 14 6 21 1 5 16 5 1 21 6 14 4 10 4 14 5 1 19 6 16 4 8 2 4 2 8 2 4 2 8 4 16 6 19
CS (52, 380) (107, 242) - 1 5 12 4 12 4 12 4 14 6 21 1 5 16 6 20 6 16 5 1 21 6 14 4 12 4 12 4 12 5 1 17 4 6 2 8 2 4 2 8 2 4 2 8 2 4 2 8 2 6 4 17
CS (42, 268) (108, 322) - 1 5 10 2 4 2 6 2 6 2 6 4 17 1 5 12 4 12 5 1 17 4 6 2 6 2 6 2 4 2 10 5 1 17 6 16 4 8 4 16 6 17
CS (52, 412) (108, 19) - 1 5 12 4 14 4 10 4 14 4 8 2 6 2 6 2 6 2 8 4 14 4 10 4 14 4 12 5 1 19 6 18 6 16 4 10 4 14 5 1 20 1 5 14 4 10 4 16 6 18 6 19
CS (54, 300) (108, 851) - 1 5 12 4 10 2 2 2 10 2 2 2 10 4 10 2 2 2 10 2 2 2 10 4 12 5 1 17 4 6 2 6 2 4 2 10 4 12 5 1 18 1 5 12 4 10 2 4 2 6 2 6 4 17
CS (62, 480) (108, 227) - 1 5 10 2 4 2 8 2 4 2 8 4 15 1 6 1 19 6 16 4 8 4 16 6 19 1 6 1 15 4 8 2 4 2 8 2 4 2 10 5 1 17 6 18 6 18 6 18 6 17 1 6 1 17 6 18 6 18 6 18 6 17
CS (64, 504) (108, 306) - 1 5 14 6 19 1 6 1 15 4 8 2 2 2 12 4 10 4 12 4 12 4 10 4 12 2 2 2 8 4 15 1 6 1 19 6 14 5 1 19 6 14 4 10 4 14 6 18 6 17 1 6 1 17 6 18 6 14 4 10 4 14 6 19
CS (68, 584) (108, 90) - 1 5 14 4 12 4 12 4 12 4 12 4 12 4 14 5 1 20 1 5 15 1 6 1 20 1 5 16 6 20 6 16 5 1 21 7 1 15 6 21 1 5 16 5 1 21 6 15 1 7 21 1 5 16 6 20 6 16 5 1 20 1 6 1 15 5 1 20
CS (72, 560) (108, 177) - 1 5 12 4 14 4 12 5 1 19 6 16 4 10 4 14 4 10 4 16 6 19 1 5 12 4 15 1 6 1 19 6 16 4 8 2 6 2 6 2 6 2 6 2 6 2 8 4 16 6 19 1 6 1 15 4 12 5 1 19 6 16 4 10 4 14 4 10 4 16 6 19
CS (76, 652) (108, 1242) - 1 5 14 5 1 19 6 16 6 17 1 6 1 17 6 16 5 1 20 1 5 14 5 1 19 6 16 6 17 1 6 1 17 6 16 6 19 1 5 14 5 1 20 1 5 16 6 17 1 6 1 17 6 16 6 19 1 5 14 5 1 20 1 5 16 6 17 1 6 1 17 6 16 5 1 20
CS (80, 640) (108, 91) - 1 5 12 4 12 4 10 4 14 6 19 1 6 1 15 5 1 20 1 5 14 5 1 20 1 5 15 1 6 1 19 6 14 4 10 4 12 4 12 5 1 19 6 14 4 8 2 6 4 16 6 18 6 15 1 7 19 1 6 1 16 1 6 1 19 7 1 15 6 18 6 16 4 6 2 8 4 14 6 19
CS (84, 508) (108, 941) - 1 5 12 2 2 2 10 2 2 2 10 2 2 2 10 2 2 2 10 2 2 2 10 2 2 2 10 2 2 2 10 2 2 2 10 2 2 2 10 2 2 2 10 2 2 2 10 2 2 2 10 2 2 2 12 5 1 19 6 18 6 18 6 16 4 10 4 14 5 1 20 1 5 14 4 10 4 16 6 18 6 18 6 19
CS (136, 1132) (108, 59) - 1 5 15 1 7 21 1 5 15 1 7 21 1 5 16 6 18 6 19 1 6 1 17 6 17 1 6 1 19 6 17 1 6 1 18 1 6 1 17 6 19 1 6 1 17 6 17 1 6 1 19 6 18 6 16 5 1 21 7 1 15 5 1 21 7 1 15 5 1 20 1 6 1 16 1 6 1 19 6 16 4 8 2 6 4 17 1 6 1 17 4 8 4 16 6 20 7 1 15 6 20 6 16 6 20 6 15 1 7 20 6 16 4 8 4 17 1 6 1 17 4 6 2 8 4 16 6 19 1 6 1 16 1 6 1 20
CS (48, 412) (109, 583) - 1 5 14 4 10 4 14 4 10 4 14 4 10 4 14 4 10 4 14 4 10 4 14 5 1 19 6 18 6 16 4 10 4 14 5 1 20 1 5 14 4 10 4 16 6 18 6 19
CS (34, 332) (110, 179) - 1 5 12 4 14 6 18 6 17 1 6 1 17 6 18 6 14 4 12 5 1 19 6 16 6 18 6 16 6 18 6 16 6 19
CS (40, 372) (110, 9360) - 1 5 14 5 1 19 6 16 6 20 6 14 5 1 19 6 14 4 12 4 10 4 14 4 10 4 12 4 14 6 19 1 5 14 6 20 6 16 6 19
CS (44, 420) (110, 17555) - 1 5 12 4 12 4 12 5 1 19 6 14 4 10 4 14 6 20 7 1 15 6 18 6 18 6 16 6 18 6 18 6 15 1 7 20 6 14 4 10 4 14 6 19
CS (48, 340) (110, 243) - 1 5 12 4 10 2 4 2 8 4 14 4 10 4 14 4 8 2 4 2 10 4 12 5 1 17 6 18 4 4 2 10 4 14 5 1 20 1 5 14 4 10 2 4 4 18 6 17
CS (52, 388) (110, 153) - 1 5 14 5 1 19 6 17 1 6 1 19 6 16 5 1 20 1 6 1 15 4 8 2 6 2 6 4 18 4 6 2 6 2 8 4 15 1 6 1 20 1 5 16 6 19 1 6 1 17 6 19
CS (56, 412) (110, 1348) - 1 5 12 2 4 2 6 2 6 2 6 2 8 4 16 6 19 1 5 12 4 14 4 10 4 14 4 12 5 1 19 6 16 4 8 2 6 2 6 2 6 2 4 2 12 5 1 19 6 18 6 18 6 18 6 19
CS (64, 648) (110, 11) - 1 5 14 5 1 19 6 18 6 18 6 18 6 20 6 14 4 13 1 7 20 6 18 6 18 6 18 6 19 1 6 1 15 4 10 4 15 1 6 1 19 6 18 6 18 6 18 6 20 7 1 13 4 14 6 20 6 18 6 18 6 18 6 19
CS (94, 600) (110, 6) - 1 5 12 2 2 2 8 4 15 1 6 1 18 1 6 1 15 4 6 2 8 4 14 4 8 2 4 2 8 4 14 4 8 2 6 4 15 1 6 1 18 1 6 1 15 4 8 2 2 2 12 5 1 18 1 6 1 15 4 8 2 4 2 8 4 14 4 8 4 16 6 17 1 6 1 17 6 16 4 8 4 14 4 8 2 4 2 8 4 15 1 6 1 18
CS (96, 744) (110, 98) - 1 5 12 4 14 6 20 6 15 1 6 1 20 1 5 15 1 6 1 20 1 5 16 6 19 1 5 14 5 1 20 1 5 16 6 18 4 6 2 6 2 6 2 6 2 6 2 6 4 18 6 16 5 1 20 1 5 14 5 1 19 6 16 5 1 20 1 6 1 15 5 1 20 1 6 1 15 6 20 6 14 4 12 5 1 18 1 6 1 17 6 17 1 6 1 18
OSO (17, 151) (111, 1) - 1 5 12 4 14 4 10 4 14 4 10 4 16 6 18 6 19
OSO (19, 175) (111, 38) - 1 5 12 4 10 4 14 4 8 4 16 6 18 6 16 6 18 6 17
OSO (27, 211) (111, 38) - 1 5 14 4 12 4 12 4 12 4 14 5 1 20 1 5 15 1 6 1 20 1 5 15 1 7 21
CS (34, 316) (111, 420) - 1 5 12 4 12 4 14 6 21 1 5 16 6 20 6 14 4 14 6 20 6 16 5 1 21 6 14 4 12 4 12 5 1 18
CS (44, 324) (111, 73) - 1 5 14 4 10 4 15 1 6 1 20 1 5 14 4 10 4 15 1 6 1 20 1 6 1 15 4 10 4 14 5 1 20 1 6 1 15 4 10 4 14 5 1 20
CS (44, 372) (111, 199) - 1 5 12 2 2 2 10 4 12 4 12 4 12 4 10 2 2 2 12 5 1 19 6 16 6 20 6 14 5 1 19 6 16 6 19 1 5 14 6 20 6 16 6 19
CS (48, 388) (111, 464) - 1 5 14 4 10 2 4 2 8 2 2 2 14 6 21 1 5 16 5 1 21 6 14 2 2 2 8 2 4 2 10 4 14 5 1 19 6 18 6 20 6 16 6 20 6 18 6 19
CS (48, 396) (111, 217) - 1 5 14 4 10 4 14 4 10 4 12 4 13 1 7 20 6 14 4 12 4 10 4 14 4 10 4 12 4 14 6 20 7 1 13 4 12 4 10 4 14 4 10 4 14 5 1 20
CS (60, 476) (111, 122) - 1 5 12 2 2 2 10 4 12 4 12 4 12 4 10 2 2 2 12 5 1 18 1 6 1 17 6 18 6 18 6 16 5 1 20 1 6 1 15 6 20 6 15 1 6 1 20 1 5 16 6 18 6 18 6 17 1 6 1 18
CS (68, 412) (111, 294) - 1 5 12 2 2 2 10 2 2 2 10 2 2 2 10 2 2 2 10 2 2 2 10 2 2 2 10 2 2 2 10 2 2 2 10 2 2 2 10 2 2 2 12 5 1 19 6 18 6 16 4 10 4 14 5 1 20 1 5 14 4 10 4 16 6 18 6 19
OSO (29, 213) (112, 2) - 1 5 14 4 12 4 10 2 4 2 8 4 16 6 19 1 6 1 17 6 19 1 6 1 16 1 6 1 20
CS (36, 260) (112, 284) - 1 5 12 4 12 4 10 4 13 1 7 18 4 4 2 10 4 12 4 10 2 4 4 18 7 1 13 4 10 4 12 4 12 5 1 18
CS (40, 332) (112, 959) - 1 5 12 4 12 4 12 4 12 4 12 4 12 4 12 4 12 4 12 5 1 17 4 8 4 16 6 20 7 1 14 1 7 20 6 16 4 8 4 17
CS (42, 292) (112, 295) - 1 5 16 4 8 2 6 2 8 4 17 1 6 1 17 4 8 2 6 2 8 4 16 5 1 21 6 16 4 10 2 4 2 8 2 4 2 10 4 16 6 21
CS (44, 300) (112, 47) - 1 5 12 2 2 2 10 4 12 2 2 2 8 2 4 2 8 2 2 2 12 4 10 2 2 2 12 5 1 19 6 16 6 20 7 1 14 1 7 20 6 16 6 19
CS (44, 328) (112, 134) - 1 5 12 4 12 5 1 17 4 6 2 8 4 14 5 1 19 6 17 1 5 12 5 1 17 6 19 1 5 14 4 8 2 6 4 17 1 5 12 4 12 5 1 18
CS (48, 388) (112, 95) - 1 5 12 4 14 4 10 4 14 4 12 5 1 19 6 17 1 6 1 19 6 16 5 1 20 1 6 1 15 4 10 4 15 1 6 1 20 1 5 16 6 19 1 6 1 17 6 19
CS (54, 420) (112, 81) - 1 6 1 15 4 8 4 15 1 6 1 19 6 14 4 10 4 13 1 7 18 4 6 4 17 1 6 1 17 6 17 1 6 1 17 6 17 1 6 1 17 4 6 4 18 7 1 13 4 10 4 14 6 19
CS (56, 516) (112, 959) - 1 5 14 4 12 4 12 4 12 4 12 4 14 6 21 1 5 14 4 12 4 14 6 20 6 18 6 18 6 18 6 20 6 14 4 12 4 14 5 1 21 6 14 4 12 4 12 4 12 4 12 4 14 5 1 20
CS (60, 568) (112, 182) - 1 6 1 17 4 6 2 8 4 16 6 20 7 1 15 6 20 6 15 1 7 20 6 16 4 8 2 6 4 17 1 6 1 17 6 20 7 1 15 6 20 6 16 6 20 6 16 6 20 6 16 6 20 6 15 1 7 20 6 17
CS (66, 568) (112, 3426) - 1 5 14 4 10 4 14 5 1 19 6 17 1 6 1 17 6 19 1 5 14 4 10 4 14 5 1 19 6 18 6 16 5 1 21 7 1 15 5 1 20 1 6 1 15 6 20 6 15 1 6 1 20 1 5 15 1 7 21 1 5 16 6 18 6 19
CS (70, 588) (112, 132) - 1 5 10 2 4 2 8 4 16 6 18 6 18 6 18 6 17 1 6 1 17 6 18 6 18 6 18 6 16 4 8 2 4 2 10 5 1 17 6 18 6 18 6 18 6 16 4 8 2 4 2 8 2 4 2 8 2 4 2 8 4 16 6 18 6 18 6 18 6 17
CS (72, 588) (112, 831) - 1 5 14 4 10 4 14 4 10 4 14 4 10 4 14 5 1 20 1 5 14 4 10 4 15 1 6 1 20 1 5 14 4 12 4 10 4 16 6 18 6 19 1 5 14 5 1 19 6 18 6 16 4 10 4 12 4 14 5 1 20 1 6 1 15 4 10 4 14 5 1 20
OSO (17, 105) (113, 526) - 1 5 14 4 10 2 4 2 6 2 8 4 15 1 6 1 20
CS (64, 512) (113, 48) - 1 5 12 4 12 4 14 5 1 20 1 5 15 1 6 1 20 1 5 15 1 7 21 1 5 14 4 12 4 12 4 12 4 14 5 1 21 7 1 15 5 1 20 1 6 1 15 5 1 20 1 5 14 4 12 4 12 5 1 17 6 20 6 17
CS (68, 664) (113, 24) - 1 5 16 6 20 6 16 5 1 21 6 15 1 7 21 1 5 16 6 20 6 16 6 20 6 16 5 1 21 6 14 4 12 4 12 4 12 4 12 4 12 4 12 4 12 4 14 6 21 1 5 16 6 20 6 16 6 20 6 16 5 1 21 7 1 15 6 21
CS (42, 292) (114, 4) - 1 5 16 4 8 2 6 2 8 4 17 1 6 1 17 4 8 2 6 2 8 4 16 5 1 21 6 16 4 10 2 2 2 12 2 2 2 10 4 16 6 21
CS (42, 356) (114, 6) - 1 5 14 4 12 4 12 4 12 4 12 4 14 5 1 19 6 18 4 6 2 8 4 16 5 1 21 6 16 6 21 1 5 16 4 8 2 6 4 18 6 19
CS (54, 372) (114, 216) - 1 5 12 4 12 4 12 2 2 2 8 2 6 4 17 1 5 12 4 12 4 12 4 12 4 12 4 12 4 12 4 12 4 12 4 12 5 1 17 4 6 2 8 2 2 2 12 4 12 4 12 5 1 18
CS (56, 468) (114, 155) - 1 5 14 5 1 19 6 16 6 18 6 16 6 19 1 5 14 5 1 20 1 5 15 1 6 1 19 6 14 4 10 4 13 1 7 18 4 6 4 18 7 1 13 4 10 4 14 6 19 1 6 1 15 5 1 20
CS (60, 456) (114, 461) - 1 5 12 4 10 2 4 2 8 4 16 6 19 1 6 1 16 1 6 1 19 6 16 4 8 2 4 2 10 4 12 5 1 17 4 6 2 8 4 16 6 18 6 19 1 5 14 5 1 19 6 18 6 16 4 8 2 6 4 17
CS (60, 548) (114, 419) - 1 5 12 4 10 2 2 2 10 4 14 6 18 6 16 6 19 1 5 14 6 20 6 14 5 1 19 6 16 6 18 6 14 4 10 2 2 2 10 4 12 5 1 17 6 18 6 16 6 18 6 16 6 18 6 16 6 18 6 17
CS (74, 596) (114, 3277) - 1 5 12 4 14 4 8 2 6 2 6 4 18 6 16 4 8 2 6 4 17 1 6 1 17 4 6 2 8 4 16 6 18 4 6 2 6 2 8 4 14 4 12 5 1 19 6 16 4 10 4 12 4 12 4 14 6 20 6 16 6 20 6 14 4 12 4 12 4 10 4 16 6 19
CS (86, 756) (114, 174) - 1 5 14 4 10 4 14 5 1 19 6 17 1 6 1 17 6 19 1 5 14 4 10 4 14 5 1 19 6 18 6 16 5 1 21 7 1 15 5 1 20 1 5 14 5 1 19 6 16 5 1 21 7 1 15 6 20 6 15 1 7 21 1 5 16 6 19 1 5 14 5 1 20 1 5 15 1 7 21 1 5 16 6 18 6 19
OSO (17, 141) (115, 773) - 1 5 12 4 14 4 10 4 14 5 1 20 1 5 16 6 19
OSO (17, 147) (115, 1063) - 1 5 14 6 19 1 6 1 15 4 8 4 16 6 16 6 19
OSO (17, 175) (115, 601) - 1 5 14 4 10 4 16 6 18 6 18 6 18 6 18 6 19
OSO (17, 177) (115, 672) - 1 5 12 4 14 6 18 6 18 6 16 6 18 6 16 6 19
OSO (17, 179) (115, 875) - 1 5 16 4 8 4 18 6 18 6 18 6 20 6 16 6 21
OSO (19, 153) (115, 1769) - 1 5 12 4 12 4 12 5 1 19 6 14 4 10 4 13 1 7 19
OSO (19, 163) (115, 87) - 1 5 16 6 20 6 16 4 10 4 14 4 10 4 15 1 6 1 20
OSO (19, 177) (115, 74) - 1 5 14 4 10 4 15 1 6 1 19 6 18 6 18 6 18 6 19
CS (44, 428) (115, 200) - 1 5 12 4 14 6 18 6 16 6 19 1 5 14 6 20 6 14 5 1 19 6 16 6 18 6 14 4 12 5 1 19 6 16 6 16 4 8 4 16 6 16 6 19
CS (64, 524) (115, 103) - 1 5 12 2 2 2 8 2 6 4 16 6 18 6 16 6 19 1 5 14 6 20 6 14 4 10 4 14 6 20 6 14 5 1 19 6 16 6 18 6 16 4 6 2 8 2 2 2 12 5 1 19 6 14 4 10 2 2 2 10 4 14 6 19
CS (68, 544) (115, 67) - 1 5 14 4 8 2 4 2 8 2 4 2 8 4 14 6 20 7 1 15 6 18 6 16 5 1 20 1 5 14 5 1 20 1 5 16 6 18 6 15 1 7 20 6 14 4 8 2 4 2 8 2 4 2 8 4 14 5 1 19 6 16 6 18 6 16 6 19
CS (72, 596) (115, 75) - 1 5 16 5 1 21 6 14 4 10 2 4 2 8 4 16 6 18 6 20 7 1 13 4 12 4 12 4 12 4 12 4 12 4 12 4 12 4 12 4 12 4 12 4 12 4 12 4 12 4 12 4 12 4 13 1 7 20 6 18 6 16 4 8 2 4 2 10 4 14 6 21
CS (76, 632) (115, 1075) - 1 5 14 4 10 2 4 2 8 2 4 2 8 4 17 1 6 1 17 6 20 6 16 5 1 21 6 14 4 12 4 14 6 20 6 18 6 18 6 18 6 20 6 14 4 12 4 14 6 21 1 5 16 6 20 6 17 1 6 1 17 4 8 2 4 2 8 2 4 2 10 4 14 5 1 20
OSO (17, 125) (116, 276) - 1 5 12 4 12 4 12 4 12 4 10 4 15 1 6 1 18
OSO (17, 145) (116, 91) - 1 5 12 4 14 4 10 4 16 6 20 6 17 1 6 1 18
CS (38, 332) (116, 1681) - 1 5 14 4 8 2 6 4 16 6 17 1 6 1 17 6 16 4 6 2 8 4 14 5 1 19 6 16 6 18 6 16 6 18 6 16 6 19
CS (40, 380) (116, 53) - 1 5 14 4 12 4 10 4 16 6 19 1 5 14 5 1 19 6 16 4 10 4 12 4 14 5 1 19 6 18 6 18 6 18 6 18 6 18 6 19
CS (48, 388) (116, 161) - 1 5 12 4 14 4 12 5 1 19 6 17 1 6 1 19 6 16 5 1 20 1 6 1 15 4 10 4 14 4 10 4 15 1 6 1 20 1 5 16 6 19 1 6 1 17 6 19
CS (50, 412) (116, 109) - 1 5 16 6 20 6 16 4 8 4 17 1 6 1 17 4 8 4 16 6 20 6 16 5 1 21 6 14 4 12 4 12 4 10 2 4 2 8 2 4 2 10 4 12 4 12 4 14 6 21
CS (52, 428) (116, 120) - 1 5 12 4 12 4 12 5 1 17 4 6 2 8 2 4 2 8 4 16 6 20 7 1 15 6 20 6 16 6 20 6 16 6 20 6 15 1 7 20 6 16 4 8 2 4 2 8 2 6 4 17
CS (54, 428) (116, 266) - 1 5 12 4 12 4 12 4 12 4 12 4 12 5 1 17 4 6 2 8 2 4 2 8 4 16 6 20 7 1 15 6 20 6 16 6 20 6 15 1 7 20 6 16 4 8 2 4 2 8 2 6 4 17
CS (58, 428) (116, 531) - 1 5 12 4 12 4 12 4 12 4 12 4 12 4 12 4 12 4 12 4 12 4 12 4 12 5 1 17 4 6 2 8 2 4 2 8 4 16 6 20 7 1 14 1 7 20 6 16 4 8 2 4 2 8 2 6 4 17
CS (60, 524) (116, 22) - 1 5 14 4 8 2 6 4 16 6 18 6 16 6 18 6 16 4 6 2 8 4 14 5 1 19 6 16 6 18 6 16 4 6 2 8 4 14 5 1 19 6 16 6 19 1 5 14 4 8 2 6 4 16 6 18 6 16 6 19
CS (60, 568) (116, 344) - 1 6 1 17 4 6 2 8 4 16 6 20 7 1 15 6 20 6 16 6 20 6 15 1 7 20 6 16 4 8 2 6 4 17 1 6 1 17 6 20 7 1 15 6 20 6 16 6 20 6 16 6 20 6 15 1 7 20 6 17
CS (64, 412) (116, 144) - 1 5 12 4 14 4 8 2 6 2 6 2 6 2 6 4 18 4 6 2 6 2 6 2 6 2 8 4 14 4 12 5 1 19 6 16 4 8 2 6 2 4 2 10 4 14 5 1 20 1 5 14 4 10 2 4 2 6 2 8 4 16 6 19
CS (68, 444) (116, 84) - 1 5 12 4 12 2 2 2 8 2 4 2 8 2 2 2 12 4 12 5 1 18 1 6 1 16 1 6 1 19 6 14 4 12 5 1 18 1 6 1 16 1 6 1 18 1 6 1 16 1 6 1 18 1 5 12 4 14 6 19 1 6 1 16 1 6 1 18
CS (72, 476) (116, 121) - 1 5 12 2 2 2 10 2 4 2 6 2 6 2 6 2 8 4 16 6 19 1 5 12 2 2 2 10 4 14 4 10 4 14 4 10 2 2 2 12 5 1 19 6 16 4 8 2 6 2 6 2 6 2 4 2 10 2 2 2 12 5 1 19 6 18 6 18 6 18 6 19
CS (74, 540) (116, 231) - 1 5 14 4 12 4 10 2 4 2 8 2 4 2 8 4 16 4 8 4 17 1 6 1 17 4 8 4 16 4 8 2 4 2 8 2 4 2 10 4 12 4 14 5 1 21 6 14 4 10 2 4 2 8 4 16 6 20 6 16 6 20 6 16 4 8 2 4 2 10 4 14 6 21
CS (76, 676) (116, 9178) - 1 5 12 4 12 4 12 4 8 2 6 2 6 4 16 6 18 6 16 6 19 1 5 14 5 1 19 6 16 6 18 6 16 4 6 2 6 2 8 4 12 4 12 4 12 5 1 19 6 14 4 10 4 14 6 18 6 18 6 16 6 18 6 16 6 18 6 18 6 14 4 10 4 14 6 19
CS (80, 632) (116, 88) - 1 5 12 4 12 4 12 5 1 18 1 6 1 17 6 18 6 14 4 12 4 10 4 12 4 13 1 7 19 1 6 1 16 1 6 1 19 6 14 4 10 4 12 4 12 4 12 4 10 4 14 6 19 1 6 1 16 1 6 1 19 7 1 13 4 12 4 10 4 12 4 14 6 18 6 17 1 6 1 18
CS (88, 684) (116, 220) - 1 5 12 4 14 4 8 2 6 2 6 2 6 2 6 2 6 2 6 2 6 2 6 2 6 2 8 4 14 4 12 5 1 19 6 16 5 1 20 1 6 1 15 4 10 4 14 5 1 19 6 18 6 18 6 18 6 19 1 5 14 5 1 19 6 18 6 18 6 18 6 19 1 5 14 4 10 4 15 1 6 1 20 1 5 16 6 19
CS (54, 472) (117, 238) - 1 5 14 4 12 4 12 4 14 6 21 1 5 14 4 12 4 14 5 1 21 6 14 4 12 4 12 4 14 5 1 21 7 1 15 5 1 21 6 14 4 12 4 12 4 14 6 21 1 5 15 1 7 21
CS (52, 396) (118, 499) - 1 5 14 4 10 4 14 5 1 19 6 18 6 16 6 20 7 1 13 4 12 4 10 2 4 2 6 2 6 2 6 2 6 2 6 2 4 2 10 4 12 4 13 1 7 20 6 16 6 18 6 19
CS (56, 428) (118, 140) - 1 5 12 2 2 2 8 2 4 2 8 4 14 4 8 2 4 2 8 2 2 2 12 5 1 19 6 16 6 18 6 14 4 12 5 1 19 6 14 4 10 4 14 6 19 1 5 12 4 14 6 18 6 16 6 19
CS (102, 788) (118, 62) - 1 5 12 4 12 4 12 2 2 2 8 2 6 4 17 1 5 12 4 12 4 12 4 12 5 1 17 4 6 2 8 2 2 2 12 4 12 4 12 5 1 18 1 6 1 17 6 20 7 1 15 6 20 6 16 4 8 4 17 1 5 12 4 12 4 12 4 12 4 12 4 12 4 12 4 12 4 12 4 12 4 12 5 1 17 4 8 4 16 6 20 6 15 1 7 20 6 17 1 6 1 18
CS (64, 512) (119, 98) - 1 5 12 4 14 4 12 5 1 18 1 6 1 17 5 1 21 6 17 1 6 1 18 1 5 12 4 14 4 12 5 1 18 1 6 1 17 6 21 1 5 17 1 6 1 18 1 5 12 4 14 4 12 5 1 19 6 16 4 10 4 16 6 19
CS (44, 364) (120, 47) - 1 5 12 4 12 4 10 4 14 6 19 1 5 12 4 12 4 12 5 1 19 6 14 4 10 4 12 4 12 5 1 19 6 14 4 10 4 12 4 10 4 14 6 19
CS (48, 372) (120, 78) - 1 5 12 4 12 2 2 2 8 4 16 6 18 6 16 4 8 2 2 2 12 4 12 5 1 19 6 14 4 12 4 10 4 14 5 1 20 1 5 14 4 10 4 12 4 14 6 19
CS (60, 404) (120, 8549) - 1 5 10 2 4 2 8 4 16 6 18 4 6 2 6 2 6 4 18 6 16 4 8 2 4 2 10 5 1 17 6 18 4 6 2 6 2 4 2 10 4 14 5 1 20 1 5 14 4 10 2 4 2 6 2 6 4 18 6 17
CS (62, 440) (120, 81) - 1 5 14 4 12 4 12 4 12 4 12 4 14 5 1 19 4 6 2 6 2 6 2 8 4 16 6 21 1 5 17 1 6 1 17 4 6 2 8 2 6 4 17 1 6 1 17 5 1 21 6 16 4 8 2 6 2 6 2 6 4 19
CS (62, 552) (120, 525) - 1 5 12 4 13 1 7 20 7 1 15 6 18 6 16 6 18 6 16 6 18 6 16 6 18 6 15 1 7 20 7 1 13 4 12 5 1 19 6 14 4 8 2 6 4 16 6 17 1 6 1 17 6 16 4 6 2 8 4 14 6 19
CS (68, 444) (120, 502) - 1 5 12 4 12 4 12 5 1 17 4 6 2 8 4 15 1 6 1 19 6 16 5 1 20 1 6 1 15 4 8 2 4 2 8 2 4 2 8 2 4 2 8 2 4 2 8 4 15 1 6 1 20 1 5 16 6 19 1 6 1 15 4 8 2 6 4 17
CS (68, 632) (120, 33) - 1 5 12 2 2 2 12 5 1 19 6 18 6 18 6 18 4 8 4 16 5 1 21 6 15 1 7 21 1 5 16 6 20 6 16 4 10 4 14 4 10 4 16 6 20 6 16 5 1 21 7 1 15 6 21 1 5 16 4 8 4 18 6 18 6 18 6 19
CS (78, 656) (120, 98) - 1 5 12 2 2 2 10 4 12 4 10 2 2 2 12 5 1 19 6 16 6 19 1 5 14 6 20 6 15 1 6 1 20 1 5 15 1 7 21 1 5 16 6 18 6 17 1 6 1 17 6 18 6 16 5 1 21 7 1 15 5 1 20 1 6 1 15 6 20 6 14 5 1 19 6 16 6 19
CS (124, 1160) (120, 31) - 1 5 14 4 10 4 15 1 6 1 19 6 18 6 16 4 8 2 4 2 10 4 12 4 14 6 20 6 17 1 6 1 17 6 20 7 1 15 6 20 6 16 6 20 6 16 6 20 6 15 1 7 20 6 17 1 6 1 17 6 20 6 14 4 12 4 10 2 4 2 8 4 16 6 18 6 19 1 6 1 15 4 10 4 14 5 1 19 6 18 6 18 6 18 6 17 1 6 1 19 6 16 6 20 6 16 6 20 6 16 6 19 1 6 1 17 6 18 6 18 6 18 6 19
OSO (25, 179) (121, 123) - 1 5 14 4 12 4 10 2 2 2 12 4 10 4 15 1 6 1 20 1 5 15 1 7 21
OSO (35, 307) (121, 20) - 1 5 12 4 12 4 12 5 1 18 1 6 1 17 6 16 6 19 1 5 12 4 14 6 18 6 18 6 14 4 10 4 14 6 19
CS (48, 300) (121, 611) - 1 5 12 4 10 2 2 2 10 2 2 2 10 4 12 5 1 17 4 6 2 6 2 4 2 10 4 12 5 1 17 6 18 6 17 1 5 12 4 10 2 4 2 6 2 6 4 17
CS (48, 380) (121, 110) - 1 5 12 4 14 4 10 4 14 4 10 4 14 4 12 5 1 19 6 16 4 8 2 4 2 10 4 14 5 1 19 6 18 6 19 1 5 14 4 10 2 4 2 8 4 16 6 19
CS (52, 432) (121, 156) - 1 5 12 4 12 4 14 6 21 1 5 15 1 7 21 1 5 14 4 12 4 12 4 12 4 12 4 12 4 14 5 1 21 7 1 15 5 1 21 6 14 4 12 4 12 5 1 17 4 8 4 17
CS (62, 444) (121, 117) - 1 6 1 17 6 16 4 6 2 8 4 14 6 20 7 1 15 6 18 6 16 4 6 2 6 2 6 2 6 2 4 2 8 2 4 2 6 2 6 2 6 2 6 4 16 6 18 6 15 1 7 20 6 14 4 8 2 6 4 16 6 17
CS (88, 628) (121, 104) - 1 5 12 2 2 2 10 4 10 4 14 4 8 2 4 2 8 4 14 4 8 2 4 2 8 4 14 4 8 2 4 2 8 4 14 4 10 4 10 2 2 2 12 5 1 19 6 16 6 16 4 8 4 15 1 6 1 19 7 1 14 1 7 20 7 1 14 1 7 20 7 1 14 1 7 19 1 6 1 15 4 8 4 16 6 16 6 19
OSO (23, 209) (122, 1) - 1 5 12 4 14 6 18 6 18 6 14 4 10 4 14 6 19 1 6 1 15 6 19
OSO (23, 217) (122, 15) - 1 5 14 6 20 6 14 5 1 19 6 14 4 10 4 14 6 20 7 1 15 6 19
OSO (25, 171) (122, 70) - 1 5 14 4 12 4 10 2 4 2 6 2 8 4 15 1 6 1 20 1 5 15 1 7 21
OSO (25, 209) (122, 162) - 1 5 14 4 10 4 15 1 6 1 19 6 16 4 8 4 17 1 6 1 17 6 18 6 19
CS (40, 300) (122, 347) - 1 5 14 5 1 19 6 16 6 20 7 1 13 4 12 4 10 2 4 2 6 2 6 2 6 2 4 2 10 4 12 4 13 1 7 20 6 16 6 19
CS (52, 460) (122, 253) - 1 5 14 4 8 2 4 2 8 4 16 6 16 6 19 1 5 14 6 20 6 14 6 20 6 14 5 1 19 6 16 6 16 4 8 2 4 2 8 4 14 5 1 19 6 16 6 18 6 16 6 19
CS (56, 500) (122, 575) - 1 5 12 4 14 6 20 6 16 4 8 2 6 4 17 1 5 12 5 1 17 4 6 2 8 4 16 6 20 6 14 4 12 5 1 19 6 16 6 20 6 16 4 8 4 16 4 8 4 16 6 20 6 16 6 19
CS (58, 532) (122, 565) - 1 5 12 4 12 4 12 4 12 4 12 4 12 5 1 17 4 8 4 16 6 20 6 14 4 12 4 12 5 1 19 6 16 6 20 6 16 6 20 6 16 6 19 1 5 12 4 12 4 14 6 20 6 16 4 8 4 17
CS (60, 380) (122, 475) - 1 5 12 4 14 4 8 2 6 2 6 2 6 2 6 2 6 2 6 2 6 2 6 2 6 2 8 4 14 4 12 5 1 19 6 16 4 8 2 4 2 10 4 14 5 1 20 1 5 14 4 10 2 4 2 8 4 16 6 19
CS (76, 604) (122, 16257) - 1 5 14 6 20 7 1 14 1 7 19 1 6 1 15 4 8 4 15 1 6 1 18 1 6 1 15 4 8 4 15 1 6 1 19 7 1 14 1 7 20 6 14 5 1 19 6 16 6 16 4 8 4 15 1 6 1 19 7 1 14 1 7 19 1 6 1 15 4 8 4 16 6 16 6 19
CS (76, 612) (122, 25) - 1 5 12 4 12 4 12 5 1 19 6 14 4 10 4 12 4 12 4 10 4 14 6 19 1 5 12 4 12 4 12 5 1 19 6 14 4 10 4 13 1 7 18 4 6 4 17 1 6 1 17 6 17 1 6 1 17 6 17 1 6 1 17 4 6 4 18 7 1 13 4 10 4 14 6 19
CS (80, 760) (122, 159) - 1 5 12 4 12 4 12 4 14 6 21 1 5 16 6 20 6 16 5 1 21 6 14 4 12 4 12 4 12 4 12 4 12 4 12 4 14 6 21 1 5 16 6 20 6 16 5 1 21 6 14 4 12 4 12 4 12 5 1 17 6 20 6 16 6 20 6 17 1 6 1 17 6 20 6 16 6 20 6 17
CS (90, 796) (122, 175) - 1 5 14 5 1 19 6 16 6 18 6 15 1 7 20 7 1 14 1 7 19 1 6 1 15 4 8 4 16 6 17 1 6 1 17 6 17 1 6 1 17 6 17 1 6 1 17 6 16 4 8 4 15 1 6 1 19 7 1 14 1 7 20 7 1 15 6 18 6 16 6 19 1 5 14 5 1 19 6 16 6 18 6 16 6 18 6 16 6 19
OSO (13, 75) (123, 389) - 1 5 12 4 10 2 4 2 6 2 6 4 17
OSO (21, 215) (123, 132) - 1 5 14 4 8 4 16 6 18 6 16 6 18 6 16 6 18 6 16 6 19
CS (60, 444) (123, 6) - 1 5 12 4 12 4 12 2 2 2 10 4 14 6 21 1 5 14 4 10 2 4 2 8 4 16 6 20 6 16 4 8 2 4 2 10 4 14 5 1 21 6 14 4 10 2 2 2 12 4 12 4 12 5 1 17 4 8 4 17
CS (70, 592) (123, 1050) - 1 5 12 4 12 4 12 4 12 4 12 4 12 4 12 4 12 4 12 4 12 5 1 17 6 20 6 14 4 12 5 1 18 1 5 12 4 14 6 21 1 5 16 4 8 4 16 4 8 4 16 5 1 21 6 14 4 12 5 1 18 1 5 12 4 14 6 20 6 17
CS (76, 644) (123, 125) - 1 5 16 6 20 6 14 4 14 6 20 6 16 6 21 1 5 16 6 20 6 16 5 1 21 6 16 6 20 6 14 4 14 6 20 6 16 5 1 21 6 14 4 12 4 12 4 10 2 4 2 8 2 4 2 8 2 4 2 8 2 4 2 8 2 4 2 10 4 12 4 12 4 14 6 21
CS (44, 300) (124, 211) - 1 5 12 4 10 2 4 2 6 2 6 4 17 1 5 12 4 10 4 14 4 10 4 12 5 1 17 4 6 2 6 2 4 2 10 4 12 5 1 17 6 18 6 17
CS (44, 400) (124, 488) - 1 5 14 4 10 4 16 6 19 1 6 1 16 1 6 1 19 6 16 4 10 4 14 5 1 19 6 18 6 18 6 19 1 5 14 5 1 19 6 18 6 18 6 19
CS (48, 484) (124, 140) - 1 5 14 4 10 4 16 6 20 6 16 4 10 4 14 5 1 19 6 18 6 18 6 20 6 16 5 1 21 6 14 4 12 4 14 6 21 1 5 16 6 20 6 18 6 18 6 19
CS (50, 428) (124, 311) - 1 6 1 17 4 6 2 8 2 4 2 8 4 16 6 20 7 1 15 6 20 6 16 6 20 6 16 6 20 6 16 6 20 6 15 1 7 20 6 16 4 8 2 4 2 8 2 6 4 17
CS (52, 376) (124, 860) - 1 5 12 2 2 2 8 2 4 2 8 4 14 4 8 2 4 2 8 2 2 2 12 5 1 19 6 16 6 18 6 15 1 7 19 1 6 1 16 1 6 1 19 7 1 15 6 18 6 16 6 19
CS (60, 540) (124, 592) - 1 5 12 4 14 4 10 4 14 4 10 4 14 4 10 4 14 4 12 5 1 19 6 18 6 16 4 10 4 14 4 10 4 14 5 1 19 6 18 6 18 6 18 6 19 1 5 14 4 10 4 14 4 10 4 16 6 18 6 19
CS (60, 540) (124, 2034) - 1 5 14 5 1 19 6 16 6 16 4 8 4 16 6 16 6 19 1 5 14 5 1 20 1 5 16 6 17 1 6 1 17 6 16 6 19 1 5 14 6 20 6 14 5 1 19 6 16 6 17 1 6 1 17 6 16 5 1 20
CS (62, 564) (124, 20482) - 1 5 15 1 6 1 19 6 16 6 18 6 18 6 17 1 6 1 17 6 18 6 18 6 16 6 19 1 6 1 15 5 1 19 6 18 6 16 6 19 1 6 1 15 4 8 4 16 4 8 4 15 1 6 1 19 6 16 6 18 6 19
CS (64, 396) (124, 84968) - 1 5 12 4 10 2 4 2 6 2 4 2 10 4 12 5 1 17 4 6 2 6 2 6 2 4 2 8 2 4 2 8 4 14 5 1 19 6 16 6 18 6 16 6 19 1 5 14 4 8 2 4 2 8 2 4 2 6 2 6 2 6 4 17
CS (68, 588) (124, 316) - 1 5 10 2 4 2 8 4 16 6 18 6 18 6 18 6 16 4 8 2 4 2 10 5 1 17 6 18 6 18 6 18 6 16 4 8 2 4 2 10 5 1 17 6 18 6 18 6 18 6 17 1 5 10 2 4 2 8 4 16 6 18 6 18 6 18 6 17
CS (88, 656) (124, 122) - 1 5 12 4 12 5 1 17 4 6 2 8 4 14 5 1 19 6 17 1 5 12 5 1 17 6 19 1 5 14 4 8 2 6 4 16 4 6 2 8 4 14 5 1 19 6 17 1 5 12 5 1 17 6 19 1 5 14 4 8 2 6 4 17 1 5 12 4 12 5 1 18 1 5 12 4 12 5 1 18 1 5 12 4 12 5 1 18
CS (92, 716) (124, 469) - 1 5 14 4 10 4 14 4 10 4 14 4 10 4 14 4 10 4 14 4 10 4 14 5 1 20 1 5 14 4 10 4 15 1 6 1 20 1 5 14 4 12 4 10 2 2 2 12 4 10 4 16 6 18 6 19 1 5 14 5 1 19 6 18 6 16 4 10 4 12 2 2 2 10 4 12 4 14 5 1 20 1 6 1 15 4 10 4 14 5 1 20
CS (92, 720) (124, 70) - 1 5 12 2 2 2 10 4 15 1 6 1 19 6 17 1 6 1 18 1 6 1 17 6 20 7 1 14 1 7 20 6 17 1 6 1 18 1 6 1 17 6 19 1 6 1 15 4 10 2 2 2 12 5 1 19 6 17 1 6 1 18 1 6 1 17 6 20 6 14 4 12 4 12 4 12 4 14 6 20 6 17 1 6 1 18 1 6 1 17 6 19
CS (106, 620) (124, 4698) - 1 5 10 2 4 2 6 2 6 2 4 2 10 4 10 2 4 2 6 2 4 2 10 4 12 5 1 17 4 6 2 6 2 4 2 10 4 12 5 1 18 1 5 12 4 12 5 1 18 1 5 12 4 12 5 1 18 1 5 12 4 10 2 4 2 6 2 6 4 17 1 5 12 4 10 2 4 2 6 2 4 2 10 4 10 2 4 2 6 2 6 2 4 2 10 5 1 17 6 17 1 6 1 17 6 17
OSO (15, 127) (125, 171) - 1 5 12 4 12 4 14 6 20 6 17 1 6 1 18
OSO (17, 147) (125, 410) - 1 5 14 4 12 4 12 4 14 6 21 1 5 15 1 7 21
OSO (19, 159) (125, 1581) - 1 5 12 4 10 2 2 2 10 4 14 6 18 6 16 6 18 6 17
CS (52, 396) (125, 99) - 1 5 14 4 12 2 2 2 10 4 16 6 21 1 5 16 5 1 21 6 16 4 10 2 2 2 12 4 14 5 1 19 4 6 2 8 2 6 4 18 6 20 6 18 4 6 2 8 2 6 4 19
CS (52, 500) (125, 107) - 1 5 16 6 20 6 16 6 20 6 16 6 20 6 16 5 1 21 6 14 4 12 4 10 4 16 6 20 7 1 13 4 12 4 12 4 12 4 13 1 7 20 6 16 4 10 4 12 4 14 6 21
CS (56, 452) (125, 113) - 1 5 14 4 10 2 2 2 12 4 12 4 12 4 12 4 12 2 2 2 10 4 14 5 1 19 6 18 6 18 4 6 2 8 4 16 5 1 21 6 16 6 21 1 5 16 4 8 2 6 4 18 6 18 6 19
CS (60, 568) (125, 125) - 1 5 12 4 12 4 14 6 21 1 5 16 5 1 21 6 14 4 12 4 12 5 1 18 1 5 12 4 14 6 21 1 5 16 6 20 6 16 6 20 6 16 6 20 6 16 6 20 6 16 5 1 21 6 14 4 12 5 1 18
CS (72, 560) (125, 3650) - 1 5 16 4 6 2 8 2 4 2 8 4 15 1 6 1 19 6 16 4 8 4 16 6 19 1 6 1 15 4 8 2 4 2 8 2 6 4 16 5 1 21 6 14 4 10 4 14 4 10 4 14 6 21 1 5 16 5 1 21 6 14 4 10 4 14 4 10 4 14 6 21
CS (100, 688) (125, 11) - 1 5 14 4 10 4 15 1 6 1 19 6 18 6 16 4 10 4 12 4 14 5 1 21 6 14 4 10 4 14 4 10 2 4 2 6 2 6 2 6 2 6 2 6 2 6 2 6 2 6 2 6 2 6 2 6 2 6 2 6 2 6 2 6 2 4 2 10 4 14 4 10 4 14 6 21 1 5 14 4 12 4 10 4 16 6 18 6 19 1 6 1 15 4 10 4 14 5 1 20
CS (48, 484) (126, 154) - 1 5 12 2 2 2 12 5 1 19 6 18 6 18 6 20 6 16 5 1 21 6 14 4 14 6 20 6 18 6 20 6 14 4 14 6 21 1 5 16 6 20 6 18 6 18 6 19
CS (52, 372) (126, 97) - 1 5 12 2 2 2 10 4 12 4 12 4 12 4 10 2 2 2 12 5 1 19 6 14 4 12 4 10 2 2 2 12 5 1 19 6 16 6 19 1 5 12 2 2 2 10 4 12 4 14 6 19
CS (52, 376) (126, 191) - 1 5 12 2 2 2 8 2 4 2 8 4 15 1 6 1 18 1 6 1 15 4 8 2 4 2 8 2 2 2 12 5 1 19 6 16 6 18 6 15 1 7 20 7 1 15 6 18 6 16 6 19
CS (52, 380) (126, 43) - 1 5 12 4 12 4 12 4 14 6 21 1 5 16 5 1 21 6 14 4 12 4 12 4 12 5 1 17 4 6 2 8 2 4 2 8 4 16 4 8 4 16 4 8 2 4 2 8 2 6 4 17
CS (52, 380) (126, 233) - 1 5 12 2 2 2 10 4 14 4 10 4 14 4 10 2 2 2 12 5 1 19 6 16 4 8 2 4 2 10 4 14 5 1 19 6 18 6 19 1 5 14 4 10 2 4 2 8 4 16 6 19
CS (52, 452) (126, 403) - 1 5 16 4 8 2 4 2 10 4 12 4 14 6 21 1 5 16 6 20 6 14 4 12 4 14 6 20 6 16 5 1 21 6 14 4 12 4 10 2 4 2 8 4 16 5 1 21 6 16 6 21
CS (54, 412) (126, 382) - 1 5 14 4 10 2 4 2 8 4 16 4 8 4 17 1 6 1 17 4 8 4 16 4 8 2 4 2 10 4 14 5 1 19 6 18 4 6 2 8 4 16 6 20 6 16 4 8 2 6 4 18 6 19
CS (64, 396) (126, 639) - 1 5 12 4 10 4 14 4 8 2 4 2 8 4 14 4 10 4 12 5 1 17 4 6 2 6 2 6 2 4 2 8 2 4 2 8 4 14 5 1 19 6 16 6 19 1 5 14 4 8 2 4 2 8 2 4 2 6 2 6 2 6 4 17
CS (64, 568) (126, 205) - 1 5 12 4 12 4 14 6 21 1 5 16 6 20 6 16 5 1 21 6 14 4 12 5 1 18 1 5 12 4 14 6 21 1 5 16 6 20 6 16 5 1 21 6 14 4 12 4 12 5 1 17 4 8 4 16 4 8 4 16 4 8 4 17
CS (68, 484) (126, 23) - 1 5 12 2 2 2 10 4 14 5 1 20 1 5 15 1 6 1 19 6 17 1 5 12 4 12 4 12 5 1 17 6 19 1 6 1 15 5 1 20 1 5 14 4 10 2 2 2 12 5 1 19 6 16 4 8 2 4 2 8 2 4 2 8 4 16 6 19
CS (72, 516) (126, 265) - 1 5 12 2 2 2 10 2 4 2 6 2 8 4 16 6 20 6 16 4 8 2 6 2 4 2 10 2 2 2 12 5 1 19 6 16 4 10 4 14 4 10 2 4 2 8 4 16 5 1 21 6 16 6 21 1 5 16 4 8 2 4 2 10 4 14 4 10 4 16 6 19
CS (80, 592) (126, 266) - 1 5 14 4 10 2 4 2 6 2 6 2 6 2 6 2 6 2 4 2 10 4 14 5 1 19 6 18 6 17 1 6 1 17 6 18 6 19 1 5 14 4 10 4 15 1 6 1 18 1 6 1 16 1 6 1 18 1 6 1 15 4 10 4 14 5 1 19 6 18 6 17 1 6 1 17 6 18 6 19
CS (84, 740) (126, 684) - 1 5 14 5 1 19 6 18 6 16 4 8 2 6 2 4 2 10 4 14 6 21 1 5 16 6 20 6 15 1 7 21 1 5 16 6 19 1 6 1 17 6 18 6 18 6 18 6 17 1 6 1 19 6 16 5 1 21 7 1 15 6 20 6 16 5 1 21 6 14 4 10 2 4 2 6 2 8 4 16 6 18 6 19
CS (86, 652) (126, 62) - 1 5 12 2 2 2 10 4 12 5 1 17 6 19 1 5 14 5 1 19 6 16 6 19 1 5 14 5 1 19 6 17 1 5 12 4 10 2 2 2 12 5 1 20 1 5 16 6 17 1 6 1 18 1 5 12 4 12 5 1 18 1 5 12 4 12 5 1 18 1 5 12 4 12 5 1 18 1 6 1 17 6 16 5 1 20
CS (88, 760) (126, 88) - 1 5 16 4 10 4 14 4 10 4 16 5 1 21 6 16 4 10 4 14 4 10 4 16 6 21 1 5 17 1 6 1 17 6 21 1 5 17 1 6 1 17 5 1 21 6 16 4 10 4 14 4 10 4 16 6 21 1 5 17 1 6 1 17 5 1 21 6 17 1 6 1 17 5 1 21 6 16 4 10 4 14 4 10 4 16 6 21
CS (90, 596) (126, 153) - 1 5 12 4 14 4 8 2 6 2 6 4 18 6 16 4 8 2 6 4 17 1 6 1 17 4 6 2 8 4 16 6 18 4 6 2 6 2 8 4 14 4 12 5 1 19 6 16 4 10 4 12 4 12 4 12 2 2 2 8 2 4 2 8 2 4 2 8 2 4 2 8 2 4 2 8 2 2 2 12 4 12 4 12 4 10 4 16 6 19
CS (98, 752) (126, 1264) - 1 5 12 2 2 2 10 4 12 4 12 4 12 4 10 4 15 1 6 1 18 1 5 12 4 12 4 12 4 12 5 1 18 1 5 12 4 12 4 12 4 12 5 1 18 1 6 1 15 4 10 4 12 4 12 4 12 4 10 2 2 2 12 5 1 19 6 16 6 19 1 5 14 5 1 19 6 17 1 5 12 4 12 5 1 17 6 19 1 5 14 5 1 19 6 16 6 19
CS (140, 1160) (126, 424) - 1 5 14 4 10 4 14 4 10 4 14 4 10 4 14 4 10 4 14 4 10 4 14 5 1 19 6 18 6 18 6 16 4 10 4 14 5 1 20 1 6 1 15 5 1 21 7 1 15 5 1 20 1 6 1 15 4 8 2 6 2 4 2 10 4 14 6 21 1 5 16 6 19 1 6 1 17 6 18 6 18 6 18 6 18 6 18 6 17 1 6 1 19 6 16 5 1 21 6 14 4 10 2 4 2 6 2 8 4 15 1 6 1 20 1 5 15 1 7 21 1 5 15 1 6 1 20 1 5 14 4 10 4 16 6 18 6 18 6 19
OSO (17, 149) (127, 9) - 1 5 12 4 12 4 12 4 14 6 20 6 16 4 8 4 17
OSO (19, 163) (127, 60) - 1 5 14 4 12 4 12 4 12 4 14 6 21 1 5 15 1 7 21
CS (58, 440) (127, 50) - 1 5 14 4 12 4 12 4 12 4 12 4 14 5 1 19 4 6 2 6 2 6 2 8 4 16 6 21 1 5 17 1 6 1 17 6 20 6 17 1 6 1 17 5 1 21 6 16 4 8 2 6 2 6 2 6 4 19
CS (76, 592) (127, 46) - 1 5 12 4 12 5 1 18 1 5 12 4 12 5 1 18 1 6 1 15 4 8 2 4 2 8 4 14 5 1 19 6 16 6 18 6 15 1 7 20 7 1 14 1 7 20 7 1 14 1 7 20 7 1 15 6 18 6 16 6 19 1 5 14 4 8 2 4 2 8 4 15 1 6 1 18
CS (100, 764) (127, 258) - 1 5 12 4 10 4 14 4 8 2 4 2 8 4 14 4 8 2 4 2 8 4 14 4 10 4 12 5 1 17 4 6 2 6 2 6 2 4 2 8 2 4 2 8 4 14 6 20 6 14 6 20 6 14 5 1 19 6 16 6 18 6 16 6 18 6 16 6 18 6 16 6 19 1 5 14 6 20 6 14 6 20 6 14 4 8 2 4 2 8 2 4 2 6 2 6 2 6 4 17
OSO (15, 125) (128, 17) - 1 5 12 2 2 2 10 4 14 6 20 6 16 6 19
OSO (23, 209) (128, 1824) - 1 5 12 4 14 6 21 1 5 16 6 20 6 15 1 7 20 6 17 1 6 1 18
CS (36, 316) (128, 927) - 1 5 12 4 14 4 10 4 14 4 12 5 1 19 6 16 4 10 4 14 5 1 19 6 18 6 19 1 5 14 4 10 4 16 6 19
CS (38, 356) (128, 65) - 1 5 14 4 12 4 14 4 10 4 17 1 6 1 17 4 10 4 14 4 12 4 14 5 1 19 6 20 6 18 6 20 6 18 6 20 6 19
CS (40, 340) (128, 670) - 1 5 12 4 12 4 12 4 12 4 12 4 12 4 12 4 12 4 12 5 1 17 6 20 6 14 4 12 5 1 18 1 5 12 4 14 6 20 6 17
CS (44, 380) (128, 434) - 1 5 12 4 14 4 10 4 16 6 19 1 5 12 4 14 4 12 5 1 19 6 16 4 10 4 14 4 12 5 1 19 6 16 4 10 4 14 4 10 4 16 6 19
CS (44, 396) (128, 216) - 1 5 14 5 1 19 6 18 4 8 2 4 2 10 4 16 5 1 21 6 18 6 20 6 18 6 20 6 18 6 21 1 5 16 4 10 2 4 2 8 4 18 6 19
CS (48, 396) (128, 12109) - 1 5 14 4 12 4 12 4 12 4 12 4 14 5 1 20 1 5 15 1 6 1 20 1 5 16 6 20 6 17 1 6 1 17 6 20 6 16 5 1 20 1 6 1 15 5 1 20
CS (52, 396) (128, 342) - 1 5 12 2 2 2 10 4 14 5 1 20 1 5 14 5 1 20 1 5 14 4 10 2 2 2 12 5 1 19 6 18 6 16 5 1 20 1 6 1 16 1 6 1 20 1 5 16 6 18 6 19
CS (58, 444) (128, 114) - 1 5 12 4 14 5 1 21 7 1 15 4 8 2 6 4 17 1 6 1 18 1 6 1 17 4 6 2 8 4 15 1 7 21 1 5 14 4 12 5 1 19 6 16 4 8 4 17 1 6 1 17 4 8 4 16 6 19
CS (60, 452) (128, 213) - 1 5 14 4 10 4 14 4 10 4 14 4 10 4 14 4 10 4 14 5 1 20 1 6 1 15 4 8 2 6 4 18 6 16 5 1 20 1 6 1 16 1 6 1 20 1 5 16 6 18 4 6 2 8 4 15 1 6 1 20
CS (68, 512) (128, 17) - 1 5 12 2 4 2 8 4 17 1 6 1 17 4 10 4 14 4 12 4 14 4 10 4 17 1 6 1 17 4 8 2 4 2 12 5 1 19 6 18 4 8 2 4 2 10 4 16 6 21 1 5 16 5 1 21 6 16 4 10 2 4 2 8 4 18 6 19
CS (72, 460) (128, 9808) - 1 5 10 2 4 2 8 4 14 4 8 2 6 4 16 6 19 1 5 14 4 8 2 4 2 10 4 10 2 4 2 6 2 6 2 6 2 4 2 10 4 10 2 4 2 8 4 14 5 1 19 6 16 4 6 2 8 4 14 4 8 2 4 2 10 5 1 17 6 18 6 17
CS (76, 608) (128, 260) - 1 5 14 4 10 4 15 1 6 1 20 1 6 1 15 4 10 4 14 5 1 20 1 5 14 4 10 4 15 1 6 1 20 1 6 1 15 4 10 4 14 5 1 20 1 5 14 5 1 19 6 18 6 16 4 10 4 14 4 10 4 14 4 10 4 16 6 18 6 19 1 5 14 5 1 20
OSO (17, 113) (129, 1170) - 1 5 14 4 10 2 2 2 12 4 10 4 15 1 6 1 20
OSO (17, 133) (129, 53) - 1 5 16 4 8 2 6 2 8 4 16 4 10 4 16 6 21
OSO (19, 199) (129, 26) - 1 5 14 4 10 4 16 6 18 6 18 6 18 6 18 6 18 6 19
OSO (21, 161) (129, 149) - 1 5 14 4 12 4 10 4 16 6 18 4 6 2 8 4 15 1 6 1 20
OSO (21, 165) (129, 18832) - 1 5 12 4 12 4 12 4 12 4 12 4 10 4 16 6 17 1 6 1 18
OSO (23, 189) (129, 47) - 1 5 12 4 14 5 1 20 1 5 14 4 10 4 15 1 6 1 19 6 16 6 19
OSO (23, 205) (129, 10) - 1 5 16 4 8 4 18 6 17 1 6 1 18 1 6 1 17 6 20 6 16 6 21
OSO (35, 277) (129, 2) - 1 5 12 4 14 5 1 21 7 1 15 4 8 2 6 4 18 6 18 6 17 1 6 1 19 6 17 1 6 1 18 1 6 1 18
CS (36, 316) (129, 1229) - 1 5 12 4 12 4 14 6 21 1 5 16 6 20 6 16 5 1 21 6 14 4 12 4 12 5 1 17 4 8 4 16 4 8 4 17
CS (50, 444) (129, 335) - 1 5 12 4 12 4 12 4 12 4 14 6 21 1 5 16 6 20 6 14 4 14 6 20 6 16 5 1 21 6 14 4 12 4 12 4 12 4 12 5 1 17 4 8 4 16 4 8 4 17
CS (56, 504) (129, 65) - 1 5 15 1 6 1 20 1 6 1 15 5 1 21 6 14 4 12 4 12 4 14 6 21 1 5 16 6 20 6 16 4 10 4 14 4 10 4 16 6 20 6 16 5 1 21 6 14 4 12 4 12 4 14 6 21
CS (58, 532) (129, 185) - 1 5 12 4 14 6 20 6 16 6 18 6 19 1 5 14 4 10 4 14 4 10 4 12 4 12 4 12 4 12 4 10 4 14 4 10 4 14 5 1 19 6 18 6 16 6 20 6 14 4 12 5 1 19 6 16 6 19
CS (60, 564) (129, 848) - 1 5 16 6 20 6 16 6 20 6 16 6 20 6 16 6 20 6 16 6 20 6 16 5 1 21 6 14 4 12 4 10 2 4 2 8 4 16 6 20 7 1 14 1 7 20 6 16 4 8 2 4 2 10 4 12 4 14 6 21
CS (76, 628) (129, 194) - 1 5 14 5 1 19 6 16 4 10 4 14 4 10 2 4 2 8 4 16 5 1 21 6 16 6 21 1 5 16 4 8 2 4 2 10 4 14 4 10 4 16 6 19 1 5 14 5 1 20 1 5 16 6 20 6 17 1 6 1 17 4 8 4 17 1 6 1 17 6 20 6 16 5 1 20
CS (84, 740) (129, 39) - 1 5 14 5 1 19 6 16 6 19 1 6 1 15 5 1 20 1 5 14 5 1 20 1 5 15 1 6 1 19 6 16 6 19 1 5 14 5 1 20 1 5 15 1 6 1 19 6 16 6 18 6 18 6 15 1 7 20 6 14 4 10 4 14 6 20 7 1 15 6 18 6 18 6 16 6 19 1 6 1 15 5 1 20
CS (46, 364) (130, 217) - 1 5 12 4 12 4 10 4 14 6 19 1 5 12 4 12 4 12 4 10 4 12 4 12 4 10 4 12 4 12 4 12 5 1 19 6 14 4 10 4 12 4 12 5 1 18
CS (48, 268) (130, 5680) - 1 5 10 2 4 2 6 2 6 2 6 4 17 1 5 12 4 10 2 4 2 6 2 6 2 4 2 10 4 12 5 1 17 4 6 2 6 2 6 2 4 2 10 5 1 17 6 17
CS (56, 404) (130, 258) - 1 5 10 2 4 2 8 4 16 6 18 6 18 6 18 6 16 4 8 2 4 2 10 5 1 17 6 18 4 6 2 6 2 4 2 10 4 14 5 1 20 1 5 14 4 10 2 4 2 6 2 6 4 18 6 17
CS (58, 404) (130, 127) - 1 5 12 4 12 4 14 6 20 6 17 1 6 1 17 6 20 6 14 4 12 4 12 5 1 17 4 8 4 16 4 6 2 8 2 4 2 8 2 4 2 8 2 4 2 8 2 4 2 8 2 6 4 16 4 8 4 17
CS (58, 492) (130, 745) - 1 5 12 4 12 2 2 2 10 4 12 4 12 4 12 4 12 4 12 4 12 4 12 4 12 4 10 2 2 2 12 4 12 5 1 19 6 16 6 20 6 16 6 20 7 1 14 1 7 20 6 16 6 20 6 16 6 19
CS (60, 472) (130, 299) - 1 5 12 4 10 4 14 4 8 2 4 2 8 4 15 1 6 1 18 1 6 1 15 4 8 2 4 2 8 4 14 4 10 4 12 5 1 17 6 18 6 16 6 18 6 17 1 5 12 5 1 17 6 18 6 16 6 18 6 17
CS (64, 444) (130, 324) - 1 5 12 4 12 4 10 4 12 4 12 4 10 4 13 1 7 18 4 4 2 10 4 12 4 10 2 2 2 10 4 12 4 10 2 2 2 10 4 12 4 10 2 4 4 18 7 1 13 4 10 4 12 4 12 4 10 4 12 4 12 5 1 18
CS (64, 516) (130, 369) - 1 5 10 2 4 2 6 2 8 4 12 4 12 4 10 4 14 6 19 1 5 12 4 12 4 12 5 1 19 6 14 4 10 4 12 4 12 4 8 2 6 2 4 2 10 5 1 17 6 18 6 16 6 18 6 16 6 18 6 16 6 18 6 17
CS (66, 632) (130, 1) - 1 5 14 4 10 4 16 6 19 1 6 1 17 6 18 4 8 4 16 5 1 21 6 14 4 14 6 21 1 5 16 4 8 4 18 6 17 1 6 1 19 6 16 4 10 4 14 5 1 19 6 18 6 18 6 20 6 16 6 20 6 18 6 18 6 19
CS (70, 508) (130, 202) - 1 5 12 2 2 2 8 2 4 2 8 4 14 4 8 2 4 2 8 4 14 4 8 2 4 2 8 2 2 2 12 5 1 19 6 14 4 10 4 14 6 18 6 18 7 1 13 4 10 4 12 4 12 4 10 4 13 1 7 18 6 18 6 14 4 10 4 14 6 19
CS (80, 668) (130, 16761) - 1 5 14 4 10 4 14 4 8 2 4 2 10 4 12 4 12 4 12 4 10 2 4 2 8 4 14 4 10 4 14 5 1 19 6 17 1 6 1 17 6 18 6 18 6 18 6 16 5 1 20 1 6 1 15 6 20 6 15 1 6 1 20 1 5 16 6 18 6 18 6 18 6 17 1 6 1 17 6 19
CS (144, 1188) (130, 24) - 1 5 12 4 12 4 14 5 1 20 1 5 14 4 12 4 12 4 12 4 12 4 14 5 1 20 1 5 14 4 12 4 12 4 12 4 12 4 14 5 1 20 1 5 14 4 12 4 12 5 1 17 6 20 6 16 5 1 20 1 6 1 15 5 1 20 1 5 15 1 6 1 20 1 5 16 6 20 6 17 1 6 1 17 6 20 6 16 5 1 20 1 6 1 15 5 1 20 1 5 15 1 6 1 20 1 5 16 6 20 6 17 1 6 1 17 6 20 6 16 5 1 20 1 6 1 15 5 1 20 1 5 15 1 6 1 20 1 5 16 6 20 6 17
OSO (21, 147) (131, 65) - 1 5 14 4 12 4 12 4 14 4 8 2 6 2 8 4 15 1 6 1 20
OSO (21, 163) (131, 31) - 1 5 16 6 18 4 6 2 8 4 16 6 19 1 6 1 16 1 6 1 20
OSO (21, 187) (131, 23) - 1 5 14 5 1 19 6 16 6 18 6 17 1 6 1 17 6 16 5 1 20
CS (38, 304) (131, 68) - 1 5 12 4 12 4 14 5 1 21 6 14 4 12 5 1 18 1 6 1 18 1 5 12 4 14 6 21 1 5 14 4 12 4 12 5 1 18
CS (48, 364) (131, 94) - 1 5 12 4 10 2 2 2 10 4 14 6 19 1 5 12 4 12 4 12 4 10 4 12 4 12 4 12 5 1 19 6 14 4 10 2 2 2 10 4 12 5 1 17 6 18 6 17
CS (72, 560) (131, 2814) - 1 5 16 4 6 2 8 2 2 2 12 4 10 4 16 6 17 1 6 1 18 1 6 1 17 6 16 4 10 4 12 2 2 2 8 2 6 4 16 5 1 21 6 14 4 10 4 14 4 10 4 14 6 21 1 5 16 5 1 21 6 14 4 10 4 14 4 10 4 14 6 21
OSO (19, 165) (132, 125) - 1 5 14 4 12 4 10 4 16 6 18 6 19 1 5 14 5 1 20
OSO (31, 247) (132, 13) - 1 5 14 4 10 4 14 4 8 2 6 2 6 4 17 1 6 1 17 6 18 6 18 6 17 1 6 1 17 6 19
CS (44, 332) (132, 466) - 1 5 12 4 14 5 1 20 1 5 15 1 6 1 20 1 5 14 4 12 4 12 4 12 4 14 5 1 20 1 6 1 15 5 1 20 1 5 14 4 12 5 1 18
CS (50, 392) (132, 370) - 1 5 12 4 12 5 1 18 1 6 1 17 6 16 6 19 1 5 14 6 19 1 6 1 16 1 6 1 18 1 6 1 16 1 6 1 19 6 14 5 1 19 6 16 6 17 1 6 1 18
CS (52, 404) (132, 8976) - 1 5 10 2 4 2 8 4 16 6 18 6 19 1 5 14 4 10 2 2 2 10 2 2 2 10 4 14 5 1 19 6 18 6 16 4 8 2 4 2 10 5 1 17 6 18 6 18 6 18 6 17
CS (56, 364) (132, 181) - 1 5 12 4 10 2 2 2 10 4 14 6 19 1 5 12 4 12 4 12 4 8 2 6 2 4 2 8 2 4 2 6 2 8 4 12 4 12 4 12 5 1 19 6 14 4 10 2 2 2 10 4 12 5 1 18
CS (60, 476) (132, 119) - 1 5 12 4 13 1 7 20 7 1 13 4 12 4 10 4 12 4 13 1 7 20 7 1 13 4 12 4 10 4 12 4 13 1 7 20 7 1 13 4 12 5 1 18 1 6 1 17 6 16 4 8 4 16 6 17 1 6 1 18
CS (60, 496) (132, 224) - 1 5 14 4 10 4 15 1 6 1 18 1 6 1 17 6 18 6 17 1 6 1 18 1 6 1 15 4 10 4 14 5 1 19 6 18 6 17 1 6 1 17 6 19 1 5 14 5 1 19 6 17 1 6 1 17 6 18 6 19
CS (80, 548) (132, 190) - 1 5 12 4 12 2 2 2 8 2 4 2 8 4 16 6 19 1 5 14 5 1 20 1 5 16 6 18 4 6 2 6 2 6 2 6 2 6 2 6 4 18 6 16 5 1 20 1 5 14 5 1 19 6 16 4 8 2 4 2 8 2 2 2 12 4 12 5 1 18 1 6 1 17 6 17 1 6 1 18
CS (80, 572) (132, 88) - 1 5 12 4 12 4 12 4 12 4 12 4 12 4 12 5 1 18 1 6 1 17 6 18 4 6 2 6 2 6 2 6 2 6 2 8 4 14 5 1 19 6 18 6 17 1 6 1 18 1 6 1 17 6 18 6 19 1 5 14 4 8 2 6 2 6 2 6 2 6 2 6 4 18 6 17 1 6 1 18
CS (80, 652) (132, 18) - 1 5 16 6 20 6 16 4 10 4 14 4 10 4 15 1 6 1 20 1 5 16 6 20 6 16 4 10 4 14 4 10 4 16 6 20 6 16 5 1 20 1 6 1 15 4 10 4 14 4 10 4 16 6 20 6 16 5 1 20 1 6 1 15 4 8 2 6 2 6 2 6 2 8 4 15 1 6 1 20
OSO (27, 173) (133, 51) - 1 5 12 4 12 4 12 4 12 4 12 4 12 4 12 2 2 2 8 2 4 2 8 2 6 4 17
OSO (33, 167) (133, 21) - 1 5 12 4 10 2 4 2 6 2 4 2 10 4 10 2 4 2 6 2 4 2 10 4 10 2 4 2 6 2 6 4 17
OSO (33, 167) (133, 9) - 1 5 12 4 10 2 2 2 10 2 2 2 10 4 10 2 2 2 10 2 2 2 10 4 10 2 4 2 6 2 6 4 17
CS (60, 364) (133, 131) - 1 5 12 2 2 2 8 2 4 2 8 4 14 4 8 2 4 2 8 2 2 2 12 5 1 19 6 14 4 10 2 2 2 10 4 12 5 1 17 4 6 2 6 2 6 4 17 1 5 12 4 10 2 2 2 10 4 14 6 19
CS (60, 428) (133, 63) - 1 5 12 4 12 4 10 2 2 2 10 4 14 6 19 1 5 14 6 20 6 14 5 1 19 6 14 4 10 2 2 2 10 4 12 4 12 5 1 19 6 14 4 8 2 6 2 4 2 8 2 4 2 6 2 8 4 14 6 19
CS (68, 544) (133, 22014) - 1 5 14 5 1 19 6 14 4 10 4 14 6 19 1 5 14 5 1 20 1 5 15 1 6 1 19 6 14 5 1 19 7 1 13 4 10 4 13 1 7 18 4 6 4 18 7 1 13 4 10 4 13 1 7 19 1 5 14 6 19 1 6 1 15 5 1 20
OSO (27, 241) (134, 6) - 1 5 14 4 8 4 16 6 18 6 16 6 17 1 6 1 17 6 17 1 6 1 17 6 16 6 19
OSO (27, 243) (134, 572) - 1 5 14 6 20 6 14 6 20 7 1 14 1 7 19 1 6 1 15 4 8 4 16 6 16 6 19
OSO (29, 233) (134, 104) - 1 5 14 5 1 19 6 16 4 8 2 4 2 8 4 16 6 19 1 5 14 5 1 19 6 16 5 1 20
CS (46, 368) (134, 84) - 1 5 12 4 12 5 1 19 6 14 6 18 6 15 1 7 19 1 6 1 15 4 6 2 8 4 12 4 8 2 6 4 15 1 6 1 19 7 1 15 6 18 6 14 6 19
CS (48, 376) (134, 1610) - 1 5 14 4 8 2 4 2 8 4 15 1 6 1 19 7 1 14 1 7 19 1 6 1 15 4 8 2 4 2 8 4 14 5 1 19 6 16 6 18 6 16 6 18 6 16 6 19
CS (48, 388) (134, 461) - 1 5 12 4 14 4 10 4 15 1 6 1 20 1 5 16 6 20 6 17 1 6 1 18 1 6 1 17 6 20 6 16 5 1 20 1 6 1 15 4 10 4 14 4 12 5 1 18
CS (54, 460) (134, 33) - 1 5 14 5 1 19 6 16 4 8 4 16 4 8 4 16 6 19 1 5 14 5 1 20 1 5 16 6 19 1 5 14 5 1 19 6 17 1 6 1 17 6 19 1 5 14 5 1 19 6 16 5 1 20
CS (56, 428) (134, 111) - 1 5 12 4 12 4 12 4 12 4 12 4 12 4 12 4 12 4 12 5 1 17 4 6 2 8 2 4 2 8 4 16 6 20 7 1 15 6 20 6 15 1 7 20 6 16 4 8 2 4 2 8 2 6 4 17
CS (60, 508) (134, 223) - 1 5 14 4 10 4 14 6 20 6 15 1 6 1 20 1 5 16 6 18 4 6 2 6 4 18 6 16 5 1 20 1 6 1 15 6 20 6 14 4 10 4 14 5 1 19 6 17 1 6 1 17 6 17 1 6 1 17 6 19
CS (62, 484) (134, 113) - 1 5 12 4 12 4 14 5 1 21 6 14 4 12 5 1 18 1 6 1 17 4 8 4 16 4 8 4 17 1 6 1 18 1 5 12 4 14 6 21 1 5 14 4 12 4 12 5 1 17 4 8 4 17 1 6 1 17 4 8 4 17
CS (68, 588) (134, 133) - 1 5 14 6 19 1 6 1 15 4 8 4 15 1 6 1 19 6 14 5 1 19 6 16 6 16 4 8 4 15 1 6 1 19 6 14 5 1 19 6 16 6 16 4 8 4 16 6 16 6 19 1 5 14 6 19 1 6 1 15 4 8 4 16 6 16 6 19
CS (72, 436) (134, 68) - 1 5 12 4 12 4 12 4 12 2 2 2 8 2 6 4 17 1 6 1 17 4 6 2 8 2 2 2 12 4 12 4 12 4 12 5 1 17 4 6 2 8 2 4 2 8 2 2 2 12 4 12 4 12 4 12 4 12 4 12 2 2 2 8 2 4 2 8 2 6 4 17
CS (72, 568) (134, 16) - 1 5 10 2 4 2 8 4 14 6 19 1 6 1 15 4 8 2 4 2 8 4 14 4 8 2 4 2 8 4 15 1 6 1 19 6 14 4 8 2 4 2 10 5 1 17 6 18 6 16 6 18 6 16 6 19 1 5 14 5 1 19 6 16 6 18 6 16 6 18 6 17
CS (88, 736) (134, 22) - 1 5 14 5 1 19 6 16 4 8 2 6 2 4 2 10 4 14 6 21 1 5 15 1 7 21 1 5 16 6 19 1 6 1 17 6 18 6 18 6 19 1 5 14 5 1 19 6 18 6 18 6 17 1 6 1 19 6 16 5 1 21 7 1 15 5 1 21 6 14 4 10 2 4 2 6 2 8 4 16 6 19 1 5 14 5 1 20
CS (186, 1524) (134, 73) - 1 5 12 4 12 5 1 17 4 6 2 8 2 2 2 12 4 12 4 10 2 4 2 8 4 16 6 18 4 6 2 8 4 15 1 6 1 20 1 5 14 5 1 19 6 16 4 8 2 6 4 18 6 16 5 1 21 6 14 4 10 4 16 6 18 6 18 6 19 1 5 14 4 10 4 14 5 1 19 6 18 6 17 1 6 1 19 6 16 6 20 6 16 4 8 4 16 4 8 4 16 6 20 6 16 6 19 1 6 1 17 6 18 6 19 1 5 14 4 10 4 14 5 1 19 6 18 6 18 6 16 4 10 4 14 6 21 1 5 16 6 18 4 6 2 8 4 16 6 19 1 5 14 5 1 20 1 6 1 15 4 8 2 6 4 18 6 16 4 8 2 4 2 10 4 12 4 12 2 2 2 8 2 6 4 17
OSO (23, 191) (135, 365) - 1 5 12 4 14 5 1 20 1 6 1 15 4 10 4 14 6 21 1 5 16 6 19
CS (58, 480) (135, 133) - 1 5 12 4 14 6 18 6 17 1 6 1 16 1 6 1 18 1 6 1 16 1 6 1 17 6 18 6 14 4 12 5 1 19 6 16 6 17 1 6 1 17 6 17 1 6 1 17 6 17 1 6 1 17 6 16 6 19
CS (72, 644) (135, 173) - 1 5 16 6 20 6 14 4 14 6 20 6 16 6 21 1 5 16 6 20 6 16 5 1 21 6 16 6 20 6 14 4 14 6 20 6 16 5 1 21 6 14 4 12 4 12 4 12 4 10 2 4 2 8 2 4 2 8 2 4 2 10 4 12 4 12 4 12 4 14 6 21
OSO (23, 145) (136, 77) - 1 5 14 4 12 4 10 2 2 2 12 4 10 2 4 2 8 4 15 1 6 1 20
OSO (25, 177) (136, 66) - 1 5 14 4 10 2 2 2 12 4 12 4 12 4 14 5 1 20 1 6 1 15 5 1 20
CS (40, 364) (136, 2673) - 1 5 12 5 1 17 4 6 2 8 4 16 6 20 7 1 15 6 20 6 16 6 20 6 16 6 20 6 15 1 7 20 6 16 4 8 2 6 4 17
CS (42, 372) (136, 89) - 1 5 12 4 12 4 12 4 12 5 1 19 6 14 4 12 4 10 4 14 5 1 19 6 18 6 16 6 18 6 19 1 5 14 4 10 4 12 4 14 6 19
CS (44, 340) (136, 246) - 1 5 14 4 8 2 6 4 16 4 6 2 8 4 14 5 1 19 6 16 4 6 2 8 4 14 5 1 19 6 16 6 19 1 5 14 4 8 2 6 4 16 6 19
CS (52, 468) (136, 394) - 1 5 12 4 14 6 20 6 16 4 8 4 16 4 8 4 16 6 20 6 14 4 12 5 1 17 4 8 4 16 6 20 6 14 4 12 5 1 18 1 5 12 4 14 6 20 6 16 4 8 4 17
CS (64, 540) (136, 376) - 1 5 12 2 2 2 10 4 14 4 10 4 14 4 10 4 14 4 10 2 2 2 12 5 1 19 6 18 6 16 4 10 4 14 4 10 4 14 5 1 19 6 18 6 18 6 18 6 19 1 5 14 4 10 4 14 4 10 4 16 6 18 6 19
CS (68, 572) (136, 1) - 1 5 12 4 12 4 12 4 14 6 20 6 17 1 6 1 18 1 5 12 4 14 6 20 6 17 1 6 1 18 1 6 1 17 6 20 6 14 4 12 5 1 18 1 6 1 17 6 20 6 14 4 12 4 12 4 12 5 1 17 4 8 4 16 4 8 4 17
CS (74, 604) (136, 343) - 1 5 16 6 20 6 16 6 20 6 16 4 8 4 17 1 6 1 17 4 8 4 16 6 20 6 16 6 20 6 16 5 1 21 6 14 4 12 4 10 2 4 2 8 2 2 2 12 4 12 4 12 4 12 4 12 4 12 4 12 2 2 2 8 2 4 2 10 4 12 4 14 6 21
CS (76, 632) (136, 205) - 1 5 12 4 12 4 14 6 21 1 5 16 4 8 4 16 4 8 4 16 4 8 4 16 4 8 4 16 4 8 4 16 4 8 4 16 4 8 4 16 5 1 21 6 14 4 12 4 12 5 1 18 1 5 12 4 12 4 14 6 21 1 5 16 5 1 21 6 14 4 12 4 12 5 1 18
CS (76, 644) (136, 392) - 1 5 12 4 12 4 12 4 8 2 6 4 16 6 18 6 16 6 18 6 16 4 6 2 8 4 12 4 12 4 12 5 1 19 6 16 6 16 4 8 4 16 6 16 4 6 2 8 4 14 5 1 19 6 16 6 19 1 5 14 4 8 2 6 4 16 6 16 4 8 4 16 6 16 6 19
CS (88, 824) (136, 18) - 1 5 12 4 12 4 14 6 21 1 5 16 6 20 6 14 4 12 4 14 6 20 6 16 5 1 21 6 14 4 12 4 12 5 1 18 1 6 1 17 6 20 6 15 1 7 20 6 17 1 6 1 19 6 16 6 21 1 5 16 6 20 6 16 5 1 21 6 16 6 19 1 6 1 17 6 20 7 1 15 6 20 6 17 1 6 1 18
CS (92, 736) (136, 302) - 1 5 12 4 14 5 1 20 1 6 1 15 4 10 4 14 5 1 20 1 5 14 4 10 4 15 1 6 1 20 1 5 14 4 12 5 1 19 6 16 4 8 4 18 6 16 5 1 20 1 6 1 15 4 10 4 14 4 10 4 14 4 10 4 14 4 10 4 14 4 10 4 14 4 10 4 15 1 6 1 20 1 5 16 6 18 4 8 4 16 6 19
CS (174, 1320) (136, 14707) - 1 5 12 4 12 4 10 2 2 2 10 4 12 4 10 2 4 4 17 1 6 1 16 1 6 1 17 6 18 6 15 1 6 1 19 6 14 4 10 4 12 4 10 4 14 6 19 1 6 1 15 6 18 6 17 1 6 1 16 1 6 1 17 4 4 2 10 4 12 4 10 2 2 2 10 4 12 4 12 5 1 19 6 14 4 8 2 6 4 16 6 17 1 6 1 17 6 16 4 6 2 8 4 14 6 19 1 5 12 4 12 4 12 5 1 19 6 14 4 8 2 6 4 16 6 17 1 6 1 17 6 16 4 6 2 8 4 14 6 19 1 5 12 4 12 4 12 5 1 19 6 14 4 8 2 6 4 16 6 17 1 6 1 17 6 16 4 6 2 8 4 14 6 19
CS (64, 580) (137, 82) - 1 5 16 6 20 6 16 5 1 21 6 16 6 20 6 16 6 20 6 16 5 1 21 6 14 4 12 4 12 4 10 2 4 2 8 2 4 2 8 2 4 2 10 4 12 4 12 4 14 6 21 1 5 16 6 20 6 16 6 20 6 16 6 21
CS (66, 596) (137, 230) - 1 5 16 6 20 6 16 6 20 6 16 6 20 6 16 5 1 21 6 14 4 10 2 4 2 8 4 16 6 18 6 20 7 1 13 4 12 4 12 4 12 4 12 4 12 4 12 4 13 1 7 20 6 18 6 16 4 8 2 4 2 10 4 14 6 21
CS (68, 672) (137, 750) - 1 5 12 4 14 6 20 6 16 4 8 4 17 1 6 1 17 6 20 7 1 15 6 20 6 16 6 20 6 16 6 20 6 15 1 7 20 6 17 1 6 1 17 4 8 4 16 6 20 6 14 4 12 5 1 19 6 16 6 20 6 16 6 20 6 16 6 19
CS (102, 776) (137, 500) - 1 5 12 4 12 4 12 2 2 2 8 2 6 4 17 1 5 12 4 12 4 12 4 12 4 12 4 12 4 12 4 12 4 12 4 12 4 12 4 12 4 12 5 1 17 4 6 2 8 2 2 2 12 4 12 4 12 5 1 18 1 5 12 4 12 4 14 6 20 6 17 1 5 12 4 12 4 12 4 12 4 12 4 12 4 12 4 12 5 1 17 6 20 6 14 4 12 4 12 5 1 18
CS (48, 388) (138, 124) - 1 7 20 6 16 4 8 2 4 2 8 2 4 2 8 2 4 2 8 2 4 2 8 4 16 6 20 7 1 15 6 20 6 16 6 20 7 1 14 1 7 20 6 16 6 20 6 15
CS (48, 472) (138, 184) - 1 5 14 5 1 19 6 16 6 18 6 18 6 15 1 7 20 6 15 1 6 1 19 6 16 6 18 6 16 6 19 1 6 1 15 6 20 7 1 15 6 18 6 18 6 16 6 19
CS (56, 428) (138, 251) - 1 5 12 4 12 4 12 4 10 4 14 6 19 1 5 12 4 12 4 12 5 1 19 6 14 4 10 4 12 4 12 4 12 5 1 19 6 14 4 10 2 2 2 10 4 12 4 10 2 2 2 10 4 14 6 19
CS (68, 364) (138, 161) - 1 5 12 4 10 2 4 2 6 2 6 2 6 2 4 2 10 4 12 5 1 17 4 6 2 6 2 6 2 6 2 4 2 10 4 12 5 1 17 4 6 2 6 2 6 2 6 2 6 4 17 1 5 12 4 10 2 4 2 6 2 6 2 6 2 6 4 17
CS (70, 608) (138, 34) - 1 5 12 4 12 4 12 4 12 4 12 4 10 4 16 6 17 1 6 1 18 1 6 1 17 6 16 4 10 4 12 4 12 4 12 4 12 4 12 5 1 17 4 8 4 16 6 18 6 18 6 18 6 17 1 6 1 17 6 18 6 18 6 18 6 16 4 8 4 17
CS (76, 604) (138, 313) - 1 5 12 4 12 4 10 4 14 6 19 1 5 14 5 1 20 1 5 16 6 16 4 8 4 14 4 10 4 12 4 10 4 14 4 8 4 16 6 16 5 1 20 1 5 14 5 1 19 6 14 4 10 4 12 4 12 5 1 18 1 5 12 4 12 5 1 18 1 5 12 4 12 5 1 18
CS (84, 632) (138, 216) - 1 5 12 4 12 4 12 5 1 19 6 14 4 8 2 6 4 16 6 18 6 16 6 19 1 5 14 4 8 2 4 2 8 2 4 2 8 4 14 6 19 1 6 1 15 4 8 4 15 1 6 1 19 6 14 4 8 2 4 2 8 2 4 2 8 4 14 5 1 19 6 16 6 18 6 16 4 6 2 8 4 14 6 19
CS (98, 772) (138, 95) - 1 5 14 4 10 2 4 2 8 4 16 5 1 21 6 16 6 21 1 5 16 4 8 2 4 2 10 4 14 5 1 19 6 19 1 5 14 4 10 2 4 2 8 4 16 6 21 1 5 16 4 10 4 14 5 1 20 1 5 14 4 12 4 12 4 12 4 12 4 14 5 1 20 1 5 14 4 10 4 16 5 1 21 6 16 4 8 2 4 2 10 4 14 5 1 19 6 19
CS (156, 1368) (138, 2006) - 1 5 12 2 2 2 10 4 14 4 10 4 14 5 1 20 1 5 14 5 1 19 6 18 6 16 4 10 4 12 4 14 6 21 1 5 16 6 19 1 6 1 17 6 18 6 19 1 5 14 5 1 19 6 18 6 17 1 6 1 19 6 16 5 1 21 6 14 4 12 4 10 4 16 6 18 6 19 1 5 14 5 1 20 1 5 14 4 10 4 14 4 10 2 2 2 12 5 1 19 6 18 6 16 4 10 4 12 4 14 6 21 1 5 16 6 19 1 6 1 17 6 18 6 19 1 5 14 5 1 19 6 18 6 17 1 6 1 19 6 16 5 1 21 6 14 4 12 4 10 4 16 6 18 6 19
OSNO (10, 94) (139, 2789) - 1 5 14 6 21 1 5 16 6 19
OSO (21, 183) (139, 891) - 1 5 12 4 14 4 10 4 14 4 10 4 14 4 10 4 16 6 18 6 19
OSO (21, 197) (139, 21) - 1 5 12 4 12 4 12 4 14 6 20 6 16 6 20 6 16 4 8 4 17
OSO (23, 195) (139, 19) - 1 5 14 4 12 4 12 4 12 4 12 4 12 4 14 6 21 1 5 15 1 7 21
CS (60, 484) (139, 230) - 1 5 14 5 1 19 6 18 6 17 1 6 1 19 6 16 5 1 21 6 14 4 10 2 4 2 8 4 15 1 6 1 20 1 6 1 15 4 8 2 4 2 10 4 14 6 21 1 5 16 6 19 1 6 1 17 6 18 6 19
CS (100, 912) (139, 41) - 1 5 14 4 10 4 15 1 6 1 19 6 18 6 16 4 8 4 18 6 16 6 20 6 16 5 1 21 6 14 4 12 4 10 2 2 2 12 4 10 4 16 6 18 6 18 6 18 6 18 6 18 6 18 6 18 6 16 4 10 4 12 2 2 2 10 4 12 4 14 6 21 1 5 16 6 20 6 16 6 18 4 8 4 16 6 18 6 19 1 6 1 15 4 10 4 14 5 1 20
CS (40, 332) (140, 27) - 1 5 16 4 10 4 16 6 21 1 5 16 5 1 21 6 16 4 10 4 16 5 1 21 6 16 4 10 2 4 2 8 2 4 2 10 4 16 6 21
CS (48, 356) (140, 209) - 1 5 14 4 10 2 4 2 8 2 4 2 8 2 4 2 10 4 14 5 1 19 6 18 4 6 2 8 4 16 5 1 21 6 16 6 21 1 5 16 4 8 2 6 4 18 6 19
CS (56, 404) (140, 152) - 1 5 10 2 4 2 8 4 16 6 18 6 19 1 5 14 4 10 2 4 2 6 2 4 2 10 4 14 5 1 19 6 18 6 16 4 8 2 4 2 10 5 1 17 6 18 4 6 2 6 2 6 4 18 6 17
CS (60, 484) (140, 104) - 1 5 14 5 1 19 6 18 6 17 1 6 1 19 6 16 5 1 20 1 6 1 15 4 8 2 6 2 6 4 18 6 18 6 18 4 6 2 6 2 8 4 15 1 6 1 20 1 5 16 6 19 1 6 1 17 6 18 6 19
CS (60, 488) (140, 18) - 1 5 12 4 10 4 14 6 17 1 6 1 17 6 16 6 17 1 6 1 17 6 14 4 10 4 12 5 1 19 6 12 2 2 2 8 4 14 6 18 6 15 1 7 20 7 1 15 6 18 6 14 4 8 2 2 2 12 6 19
CS (66, 536) (140, 91) - 1 5 12 4 10 4 14 4 8 2 6 4 15 1 6 1 19 6 14 5 1 19 6 14 4 10 4 12 4 12 4 10 4 14 6 19 1 5 14 6 19 1 6 1 15 4 6 2 8 4 14 4 10 4 12 5 1 17 6 18 6 16 6 18 6 17
CS (72, 588) (140, 456) - 1 5 14 4 10 4 14 4 10 4 14 4 10 4 14 4 10 4 14 5 1 20 1 5 15 1 6 1 20 1 5 14 4 12 4 10 4 16 6 18 6 19 1 5 14 4 10 4 14 5 1 19 6 18 6 16 4 10 4 12 4 14 5 1 20 1 6 1 15 5 1 20
CS (74, 620) (140, 521) - 1 5 12 4 12 4 12 5 1 19 6 14 4 8 2 6 4 16 6 17 1 6 1 17 6 16 4 6 2 8 4 14 6 19 1 5 12 4 12 4 12 5 1 19 6 14 5 1 18 1 6 1 17 6 16 6 18 6 16 6 18 6 16 6 17 1 6 1 18 1 5 14 6 19
CS (90, 724) (140, 334) - 1 5 12 2 2 2 10 4 16 6 18 6 20 6 16 6 21 1 5 16 4 8 2 4 2 10 4 14 5 1 20 1 5 14 4 12 4 12 4 12 4 12 4 14 5 1 20 1 5 14 4 10 2 4 2 8 4 16 5 1 21 6 16 6 20 6 18 6 16 4 10 2 2 2 12 5 1 19 6 17 1 6 1 18 1 6 1 17 6 19
CS (108, 896) (140, 6074) - 1 5 14 4 10 4 14 4 10 4 14 4 10 4 14 4 10 4 14 5 1 20 1 5 14 4 10 4 15 1 6 1 20 1 5 14 4 12 4 10 4 15 1 7 21 1 5 14 4 10 4 16 6 18 6 18 6 19 1 5 14 4 10 4 14 4 10 4 14 5 1 19 6 18 6 18 6 16 4 10 4 14 5 1 21 7 1 15 4 10 4 12 4 14 5 1 20 1 6 1 15 4 10 4 14 5 1 20
OSO (27, 173) (141, 8) - 1 5 12 4 12 2 2 2 8 2 4 2 8 2 4 2 8 4 16 6 18 6 17 1 6 1 18
OSO (33, 245) (141, 36) - 1 5 16 6 20 6 18 6 17 1 6 1 19 6 16 4 8 2 6 2 6 2 6 2 6 2 8 4 15 1 6 1 20
OSO (33, 297) (141, 5101) - 1 6 1 17 6 17 1 6 1 17 6 18 6 14 4 10 4 13 1 7 18 6 18 6 14 4 10 4 14 6 18 6 17
CS (48, 300) (141, 237) - 1 5 12 4 10 2 4 2 6 2 6 4 17 1 5 12 4 10 4 14 4 10 4 12 5 1 17 4 6 2 6 2 4 2 10 4 12 5 1 17 4 6 2 6 2 6 4 17
CS (52, 408) (141, 33) - 1 5 14 4 12 4 12 4 12 4 14 5 1 19 4 6 2 6 2 8 4 16 5 1 21 6 16 5 1 21 7 1 14 1 7 21 1 5 16 6 21 1 5 16 4 8 2 6 2 6 4 19
CS (56, 484) (141, 22759) - 1 5 14 5 1 19 6 16 6 20 6 14 5 1 18 1 6 1 17 6 17 1 6 1 18 1 5 14 6 20 6 16 6 19 1 5 14 5 1 20 1 5 16 6 18 4 6 2 6 4 18 6 16 5 1 20
CS (64, 476) (141, 168) - 1 5 12 4 12 4 10 4 14 6 19 1 5 14 6 19 1 6 1 15 5 1 20 1 5 14 4 8 2 4 2 8 2 4 2 8 4 14 5 1 20 1 5 15 1 6 1 19 6 14 5 1 19 6 14 4 10 4 12 4 12 5 1 18
CS (68, 628) (141, 7430) - 1 5 14 6 20 6 14 6 20 6 14 6 20 6 14 6 20 6 14 6 20 6 14 5 1 19 6 16 6 16 4 8 4 15 1 6 1 19 7 1 14 1 7 20 7 1 14 1 7 20 7 1 14 1 7 19 1 6 1 15 4 8 4 16 6 16 6 19
OSO (17, 115) (142, 440) - 1 5 14 4 12 4 14 4 10 2 4 2 8 2 6 4 19
OSO (21, 167) (142, 90) - 1 5 12 2 2 2 10 4 14 4 10 4 14 4 10 4 16 6 18 6 19
OSO (23, 163) (142, 6) - 1 5 14 4 12 4 12 4 12 2 2 2 10 4 14 4 10 4 15 1 6 1 20
OSO (23, 181) (142, 136) - 1 5 14 4 10 2 2 2 12 4 10 4 16 6 18 6 19 1 5 14 5 1 20
OSO (39, 329) (142, 9) - 1 5 14 4 10 4 16 6 20 6 17 1 6 1 18 1 6 1 17 6 19 1 6 1 17 6 19 1 6 1 16 1 6 1 19 6 18 6 19
CS (52, 428) (142, 1200) - 1 5 14 5 1 19 6 16 4 8 4 16 6 20 7 1 15 6 20 6 14 4 10 2 2 2 10 2 2 2 10 2 2 2 10 4 14 6 20 6 15 1 7 20 6 16 4 8 4 16 6 19
CS (52, 428) (142, 136) - 1 5 12 2 2 2 10 4 10 2 2 2 12 5 1 19 6 16 6 18 6 14 4 12 5 1 19 6 14 4 10 4 12 4 12 4 10 4 14 6 19 1 5 12 4 14 6 18 6 16 6 19
CS (62, 516) (142, 10) - 1 5 12 2 4 2 6 2 6 2 8 4 16 6 20 6 16 4 8 2 6 2 6 2 4 2 12 5 1 19 6 18 6 18 6 18 4 8 4 16 5 1 21 6 14 4 14 6 21 1 5 16 4 8 4 18 6 18 6 18 6 19
CS (64, 396) (142, 192) - 1 5 12 2 2 2 8 2 4 2 6 2 8 4 14 6 19 1 5 12 4 12 4 12 5 1 19 6 14 4 8 2 6 2 4 2 8 2 2 2 12 5 1 19 6 14 4 8 2 6 2 4 2 8 2 4 2 6 2 8 4 14 6 19
CS (64, 532) (142, 462) - 1 5 14 4 12 4 12 4 12 4 14 5 1 20 1 5 14 4 12 4 12 4 12 4 14 5 1 20 1 5 15 1 6 1 20 1 5 16 6 20 6 16 4 10 4 14 4 10 4 16 6 20 6 16 5 1 20 1 6 1 15 5 1 20
CS (72, 540) (142, 25129) - 1 5 12 2 2 2 10 4 10 2 2 2 12 5 1 19 6 16 6 18 6 16 6 18 6 16 6 19 1 5 12 2 2 2 10 4 10 2 2 2 12 5 1 20 1 5 16 6 17 1 6 1 18 1 5 12 4 12 4 12 5 1 18 1 6 1 17 6 16 5 1 20
CS (76, 704) (142, 259) - 1 5 14 5 1 19 6 18 6 18 6 18 6 18 6 19 1 5 14 5 1 19 6 18 6 18 6 18 6 18 6 19 1 5 14 5 1 20 1 5 16 6 19 1 6 1 17 6 18 6 19 1 6 1 15 4 10 4 15 1 6 1 19 6 18 6 17 1 6 1 19 6 16 5 1 20
CS (80, 668) (142, 85) - 1 5 14 6 20 6 15 1 6 1 20 1 5 15 1 6 1 20 1 5 16 6 17 1 6 1 19 7 1 13 4 12 4 10 4 14 6 20 6 14 4 10 4 12 4 13 1 7 19 1 6 1 17 6 16 5 1 20 1 6 1 15 5 1 20 1 6 1 15 6 20 6 14 5 1 19 6 16 6 19
CS (96, 788) (142, 50) - 1 5 12 2 2 2 10 4 14 5 1 20 1 5 16 6 19 1 5 14 5 1 19 6 17 1 6 1 17 6 19 1 5 14 4 10 4 14 4 10 4 14 5 1 19 6 17 1 6 1 17 6 19 1 5 14 5 1 19 6 16 5 1 20 1 5 14 4 10 2 2 2 12 5 1 18 1 6 1 17 6 18 6 18 6 18 6 18 6 18 6 17 1 6 1 18
CS (106, 708) (142, 49514) - 1 5 12 2 2 2 10 4 14 5 1 20 1 5 14 4 10 2 4 2 6 2 6 4 18 6 17 1 6 1 17 6 18 4 6 2 6 2 4 2 10 4 14 5 1 20 1 5 14 4 10 2 2 2 12 5 1 19 6 16 4 8 2 4 2 8 2 2 2 12 4 12 5 1 18 1 5 12 4 12 4 12 4 12 4 12 5 1 18 1 5 12 4 12 2 2 2 8 2 4 2 8 4 16 6 19
CS (114, 892) (142, 742) - 1 5 12 4 14 5 1 21 7 1 15 4 8 2 4 2 10 4 14 6 20 6 16 4 8 2 6 4 17 1 6 1 17 4 6 2 8 4 16 6 20 6 14 4 10 2 4 2 8 4 15 1 7 21 1 5 14 4 12 5 1 19 6 16 5 1 21 7 1 15 6 20 6 16 4 8 2 4 2 8 2 6 4 16 4 8 4 16 4 8 4 16 4 6 2 8 2 4 2 8 4 16 6 20 6 15 1 7 21 1 5 16 6 19
CS (120, 984) (142, 47038) - 1 5 14 4 10 4 14 4 10 4 12 4 14 6 20 6 16 6 18 6 19 1 5 14 4 10 4 14 5 1 19 6 18 6 16 6 20 6 14 4 12 4 10 4 14 4 10 4 14 5 1 20 1 5 15 1 6 1 20 1 5 16 6 19 1 6 1 15 4 8 2 4 2 8 2 6 4 16 6 20 6 14 4 10 4 14 4 10 4 14 6 20 6 16 4 6 2 8 2 4 2 8 4 15 1 6 1 19 6 16 5 1 20 1 6 1 15 5 1 20
OSO (19, 129) (143, 186) - 1 5 12 2 2 2 10 4 15 1 6 1 19 6 17 1 6 1 18
OSO (23, 177) (143, 316) - 1 5 16 6 18 4 6 2 8 4 16 6 18 4 6 2 8 4 15 1 6 1 20
OSO (25, 195) (143, 102) - 1 5 12 4 12 4 10 4 14 6 19 1 6 1 15 4 8 4 16 6 17 1 6 1 18
OSO (25, 201) (143, 63) - 1 5 12 4 12 4 12 5 1 19 6 15 1 6 1 19 6 14 4 10 4 13 1 7 19
CS (54, 452) (143, 54) - 1 5 14 4 12 4 12 4 12 4 14 6 21 1 5 14 4 12 4 12 4 14 5 1 21 6 14 4 12 4 12 4 12 4 14 5 1 21 6 14 4 12 4 10 2 4 2 10 4 12 4 14 6 21
CS (58, 476) (143, 116) - 1 5 12 4 12 5 1 18 1 6 1 15 4 8 4 16 6 16 5 1 20 1 5 14 5 1 19 6 16 6 16 4 8 4 16 6 16 6 19 1 5 14 5 1 20 1 5 16 6 16 4 8 4 15 1 6 1 18
CS (60, 412) (143, 265) - 1 5 12 2 2 2 10 2 2 2 10 2 2 2 10 4 14 4 10 4 14 4 10 2 2 2 10 2 2 2 10 2 2 2 12 5 1 19 6 18 6 16 4 10 4 14 5 1 20 1 5 14 4 10 4 16 6 18 6 19
CS (80, 640) (143, 138) - 1 5 12 4 14 4 10 4 14 4 10 4 14 4 10 4 14 4 12 5 1 19 6 16 4 10 4 14 5 1 20 1 5 14 4 10 4 15 1 7 21 1 6 1 15 5 1 20 1 5 14 5 1 20 1 5 15 1 6 1 21 7 1 15 4 10 4 14 5 1 20 1 5 14 4 10 4 16 6 19
CS (118, 780) (143, 165) - 1 5 12 4 12 4 12 5 1 17 4 8 4 14 4 10 4 14 4 8 2 4 2 8 2 4 2 8 2 4 2 8 4 14 4 10 4 14 5 1 19 6 18 6 16 6 18 4 6 2 6 2 6 2 6 2 6 2 4 2 10 4 12 4 12 4 10 2 4 2 6 2 6 2 6 2 6 2 6 4 18 6 16 6 18 6 19 1 5 14 4 10 4 14 4 8 2 4 2 8 2 4 2 8 2 4 2 8 4 14 4 10 4 14 4 8 4 17
CS (46, 372) (144, 1) - 1 6 1 17 6 16 6 16 6 18 7 1 13 4 10 4 12 4 8 2 6 4 14 4 8 4 14 4 6 2 8 4 12 4 10 4 13 1 7 18 6 16 6 16 6 17
CS (52, 412) (144, 411) - 1 5 12 2 2 2 10 2 2 2 10 2 2 2 10 2 2 2 12 5 1 19 6 18 6 16 4 10 4 14 5 1 19 6 18 6 18 6 18 6 19 1 5 14 4 10 4 16 6 18 6 19
CS (56, 508) (144, 20) - 1 5 12 4 12 4 12 4 12 4 12 4 14 6 21 1 5 16 6 20 6 16 6 20 6 16 5 1 21 6 14 4 12 4 12 4 12 4 12 4 12 5 1 17 4 8 4 16 6 20 6 16 4 8 4 17
CS (58, 524) (144, 200) - 1 5 12 4 14 6 18 6 17 1 6 1 17 6 17 1 6 1 17 6 17 1 6 1 17 6 18 6 14 4 12 5 1 19 6 16 6 17 1 6 1 17 6 18 6 16 6 18 6 17 1 6 1 17 6 16 6 19
CS (60, 500) (144, 23) - 1 5 12 2 2 2 10 4 14 6 20 6 16 4 8 2 4 2 8 4 16 6 20 6 14 4 10 2 2 2 12 5 1 19 6 16 6 20 6 14 4 12 4 12 5 1 18 1 5 12 4 12 4 14 6 20 6 16 6 19
CS (66, 564) (144, 80) - 1 5 16 6 20 6 16 6 20 6 16 5 1 21 6 14 4 12 4 10 2 4 2 8 4 16 6 20 7 1 13 4 12 4 12 4 12 4 12 4 12 4 12 4 12 4 12 4 13 1 7 20 6 16 4 8 2 4 2 10 4 12 4 14 6 21
CS (84, 580) (144, 18) - 1 5 12 4 14 4 8 2 6 2 6 2 6 2 6 2 6 2 6 2 6 2 8 4 14 4 12 5 1 19 6 17 1 6 1 19 6 16 4 8 2 4 2 10 4 14 5 1 20 1 6 1 15 4 10 4 14 4 10 4 15 1 6 1 20 1 5 14 4 10 2 4 2 8 4 16 6 19 1 6 1 17 6 19
CS (88, 692) (144, 111) - 1 5 12 4 12 4 10 4 14 6 19 1 5 14 6 20 7 1 14 1 7 20 7 1 14 1 7 20 6 14 5 1 19 6 14 4 10 4 12 4 12 5 1 18 1 5 12 4 12 5 1 18 1 6 1 15 5 1 20 1 5 14 4 10 4 12 4 10 4 14 5 1 20 1 5 15 1 6 1 18 1 5 12 4 12 5 1 18
CS (96, 792) (144, 16162) - 1 5 14 4 12 4 12 4 12 4 12 4 14 5 1 20 1 5 14 4 12 4 12 4 12 4 12 4 14 5 1 20 1 5 15 1 6 1 20 1 5 16 6 20 6 17 1 6 1 17 6 20 6 16 5 1 20 1 6 1 15 5 1 20 1 5 15 1 6 1 20 1 5 16 6 20 6 17 1 6 1 17 6 20 6 16 5 1 20 1 6 1 15 5 1 20
CS (132, 1140) (144, 180) - 1 5 12 4 12 4 12 4 12 4 12 4 12 5 1 17 4 6 2 8 4 16 6 20 7 1 15 6 20 6 16 6 19 1 6 1 17 6 18 6 18 6 18 6 18 6 18 6 17 1 6 1 19 6 16 6 20 6 15 1 7 20 6 16 4 8 2 6 4 17 1 5 12 4 12 4 12 4 12 4 12 4 12 5 1 17 6 20 6 14 4 12 4 10 2 4 2 6 2 8 4 16 6 18 6 19 1 5 14 5 1 19 6 18 6 16 4 8 2 6 2 4 2 10 4 12 4 14 6 20 6 17
OSO (15, 127) (145, 147) - 1 5 12 4 14 4 10 4 14 4 10 4 16 6 19
OSO (17, 141) (145, 316) - 1 5 14 4 12 4 10 4 16 6 19 1 5 14 5 1 20
CS (48, 428) (145, 511) - 1 5 12 4 14 6 18 6 16 6 19 1 5 14 5 1 19 6 16 6 18 6 14 4 12 5 1 19 6 14 4 10 4 12 4 12 4 10 4 12 4 12 4 10 4 14 6 19
CS (80, 752) (145, 200) - 1 5 14 6 20 6 14 6 20 6 14 5 1 19 6 16 6 18 6 15 1 7 19 1 6 1 16 1 6 1 18 1 6 1 16 1 6 1 19 7 1 15 6 18 6 16 6 19 1 5 14 6 20 6 14 6 20 6 14 5 1 19 6 16 6 18 6 15 1 7 20 7 1 15 6 18 6 16 6 19
CS (104, 700) (145, 91) - 1 5 10 2 4 2 6 2 6 2 6 2 4 2 8 2 4 2 6 2 6 2 6 2 4 2 8 2 4 2 6 2 6 2 6 2 4 2 10 5 1 17 6 18 6 14 4 10 4 13 1 7 19 1 5 12 4 12 4 12 5 1 19 6 14 5 1 19 7 1 13 4 10 4 13 1 7 19 1 5 14 6 19 1 5 12 4 12 4 12 5 1 19 7 1 13 4 10 4 14 6 18 6 17
CS (108, 844) (145, 31) - 1 5 12 4 14 6 20 6 16 4 8 2 4 2 10 4 12 4 12 4 12 4 12 4 12 4 10 2 4 2 8 4 16 6 20 6 14 4 12 5 1 19 6 16 6 20 6 16 4 6 2 8 2 4 2 8 2 4 2 8 2 4 2 8 4 16 6 20 7 1 15 6 20 6 16 6 20 6 15 1 7 20 6 16 4 8 2 4 2 8 2 4 2 8 2 4 2 8 2 6 4 16 6 20 6 16 6 19
OSO (21, 203) (146, 834) - 1 5 16 4 8 4 17 1 6 1 17 6 20 6 16 6 20 6 16 6 21
OSO (27, 189) (146, 4) - 1 5 12 2 2 2 10 4 14 5 1 20 1 5 14 4 10 2 2 2 12 4 10 4 16 6 19
OSO (27, 201) (146, 41) - 1 5 12 4 12 4 14 6 19 1 6 1 16 1 6 1 18 1 6 1 17 6 17 1 6 1 18
OSO (27, 223) (146, 6) - 1 5 16 6 19 1 6 1 17 6 19 1 6 1 17 6 18 6 19 1 6 1 16 1 6 1 20
OSO (31, 255) (146, 9510) - 1 5 12 4 14 6 20 6 14 4 12 4 10 4 16 6 17 1 6 1 18 1 6 1 17 6 17 1 6 1 18
CS (70, 596) (146, 206) - 1 5 16 4 8 4 16 6 18 6 18 6 18 6 17 1 6 1 17 6 18 6 18 6 18 6 16 4 8 4 16 5 1 21 6 14 4 10 4 14 4 10 4 12 2 2 2 10 4 12 4 12 4 12 4 10 2 2 2 12 4 10 4 14 4 10 4 14 6 21
CS (80, 572) (146, 224) - 1 5 12 2 2 2 10 4 14 4 8 2 6 2 6 2 6 2 6 2 6 2 8 4 14 4 10 2 2 2 12 5 1 19 6 16 4 10 4 12 2 2 2 10 4 14 4 10 4 14 5 1 19 6 18 6 18 6 18 6 19 1 5 14 4 10 4 14 4 10 2 2 2 12 4 10 4 16 6 19
CS (88, 716) (146, 4529) - 1 5 16 6 20 6 14 4 10 2 2 2 10 2 2 2 10 2 2 2 10 4 14 6 20 6 16 5 1 21 6 14 4 10 4 14 4 8 2 6 2 6 4 18 6 16 6 20 7 1 13 4 12 4 10 4 16 6 18 6 16 4 10 4 12 4 13 1 7 20 6 16 6 18 4 6 2 6 2 8 4 14 4 10 4 14 6 21
CS (88, 828) (146, 1812) - 1 5 12 4 12 4 14 6 20 6 16 4 8 2 4 2 10 4 12 4 12 4 14 6 21 1 5 16 6 20 6 16 6 20 6 16 6 20 6 16 6 20 6 16 6 20 6 16 6 20 6 16 6 20 6 16 5 1 21 6 14 4 12 4 12 4 10 2 4 2 8 4 16 6 20 6 14 4 12 4 12 5 1 17 4 8 4 17
CS (92, 756) (146, 100) - 1 5 14 4 10 4 14 4 10 4 14 5 1 20 1 5 14 4 10 4 15 1 6 1 20 1 5 15 1 7 21 1 5 15 1 7 21 1 5 14 4 12 4 10 4 16 6 18 6 19 1 5 14 5 1 19 6 18 6 16 4 10 4 12 4 14 5 1 21 7 1 15 5 1 21 7 1 15 5 1 20 1 6 1 15 4 10 4 14 5 1 20
CS (96, 792) (146, 6) - 1 5 12 4 12 4 14 5 1 20 1 5 14 4 12 4 12 4 12 4 12 4 14 5 1 20 1 5 14 4 12 4 12 5 1 17 6 20 6 16 5 1 20 1 6 1 15 5 1 20 1 5 15 1 6 1 20 1 5 16 6 20 6 17 1 6 1 17 6 20 6 16 5 1 20 1 6 1 15 5 1 20 1 5 15 1 6 1 20 1 5 16 6 20 6 17
CS (120, 932) (146, 16422) - 1 5 12 4 14 6 18 6 18 6 16 6 19 1 6 1 15 4 8 4 16 6 18 6 17 1 6 1 17 6 18 6 16 4 8 4 15 1 6 1 19 6 16 6 18 6 18 6 14 4 12 5 1 19 6 14 4 10 2 2 2 10 4 14 6 19 1 6 1 15 4 8 2 4 2 8 2 4 2 8 4 14 4 10 4 12 4 12 4 10 4 14 4 8 2 4 2 8 2 4 2 8 4 15 1 6 1 19 6 14 4 10 2 2 2 10 4 14 6 19
CS (124, 952) (146, 154) - 1 5 12 4 12 4 12 4 12 4 12 4 12 4 12 5 1 17 4 8 4 16 6 20 6 14 4 12 4 12 5 1 18 1 6 1 17 4 6 2 8 2 2 2 12 4 10 2 4 2 8 4 15 1 7 21 1 5 14 4 12 5 1 19 6 16 6 21 1 5 16 5 1 21 6 16 6 19 1 5 12 4 14 5 1 21 7 1 15 4 8 2 4 2 10 4 12 2 2 2 8 2 6 4 17 1 6 1 18 1 5 12 4 12 4 14 6 20 6 16 4 8 4 17
OSO (17, 91) (147, 322) - 1 5 12 4 10 2 4 2 6 2 6 2 6 2 6 4 17
OSO (21, 157) (147, 172) - 1 5 12 4 14 5 1 20 1 5 14 4 10 2 4 2 8 4 16 6 19
OSO (21, 181) (147, 1019) - 1 5 14 4 10 4 14 4 10 4 14 5 1 19 6 18 6 16 5 1 20
OSO (23, 191) (147, 418) - 1 5 14 4 12 4 10 4 16 6 19 1 5 14 5 1 20 1 5 15 1 7 21
OSO (25, 191) (147, 248) - 1 5 12 4 14 5 1 20 1 5 14 4 10 4 15 1 6 1 19 6 17 1 6 1 18
OSO (25, 213) (147, 14) - 1 5 14 5 1 18 1 6 1 17 6 17 1 6 1 17 6 18 6 18 6 16 5 1 20
OSO (39, 289) (147, 1) - 1 5 12 4 14 5 1 20 1 6 1 15 5 1 20 1 6 1 15 5 1 20 1 5 14 4 10 4 15 1 6 1 19 6 17 1 6 1 18
CS (68, 644) (147, 13) - 1 5 16 6 20 6 14 4 14 6 20 6 16 6 21 1 5 16 6 20 6 16 5 1 21 6 16 6 20 6 14 4 14 6 20 6 16 5 1 21 6 14 4 12 4 12 4 12 4 12 4 10 2 4 2 10 4 12 4 12 4 12 4 12 4 14 6 21
CS (92, 848) (147, 576) - 1 5 14 4 10 4 14 4 10 4 14 4 10 4 14 5 1 19 6 18 6 18 6 18 6 16 4 10 4 12 2 2 2 10 4 14 6 21 1 5 16 6 19 1 6 1 17 6 18 6 18 6 18 6 18 6 18 6 18 6 18 6 17 1 6 1 19 6 16 5 1 21 6 14 4 10 2 2 2 12 4 10 4 16 6 18 6 18 6 18 6 19
OSO (19, 145) (148, 322) - 1 5 14 4 10 4 16 6 18 4 6 2 8 4 15 1 6 1 20
OSO (19, 157) (148, 38) - 1 5 14 5 1 19 6 16 4 8 2 6 4 18 6 16 5 1 20
OSO (21, 149) (148, 10) - 1 5 14 4 10 2 4 2 6 2 8 4 16 6 19 1 5 14 5 1 20
OSO (21, 175) (148, 101) - 1 5 14 4 10 4 16 6 19 1 6 1 17 6 19 1 5 14 5 1 20
OSO (21, 197) (148, 148) - 1 5 14 4 10 4 16 6 19 1 5 14 5 1 19 6 18 6 18 6 19
OSO (21, 203) (148, 770) - 1 6 1 17 4 8 4 16 6 20 6 16 6 20 6 15 1 7 20 6 17
CS (48, 380) (148, 208) - 1 5 12 2 2 2 10 2 2 2 12 5 1 19 6 16 4 10 4 14 4 12 5 1 19 6 16 4 10 4 14 4 10 4 16 6 19 1 5 12 4 14 4 10 4 16 6 19
CS (58, 404) (148, 517) - 1 5 14 4 10 2 4 2 6 2 6 4 18 6 17 1 6 1 17 6 18 4 6 2 6 2 4 2 10 4 14 5 1 19 6 18 6 16 4 8 2 4 2 8 2 4 2 8 2 4 2 8 4 16 6 18 6 19
CS (58, 456) (148, 312) - 1 5 12 4 12 4 12 4 12 4 12 4 12 5 1 17 4 6 2 8 4 16 6 18 6 19 1 5 14 4 10 4 15 1 6 1 18 1 6 1 15 4 10 4 14 5 1 19 6 18 6 16 4 8 2 6 4 17
CS (72, 580) (148, 334) - 1 5 14 4 12 4 10 2 4 2 8 2 4 2 10 4 12 4 14 6 21 1 5 14 4 12 4 12 4 14 6 20 6 18 6 18 6 18 6 20 6 14 4 12 4 12 4 14 5 1 21 6 14 4 12 4 10 2 4 2 8 2 4 2 10 4 12 4 14 5 1 20
CS (78, 652) (148, 92) - 1 5 12 4 14 6 20 6 14 4 12 5 1 18 1 6 1 17 6 18 6 16 4 8 2 6 4 16 6 20 7 1 15 6 19 1 6 1 15 4 10 4 12 4 12 4 12 4 12 4 10 4 15 1 6 1 19 6 15 1 7 20 6 16 4 6 2 8 4 16 6 18 6 17 1 6 1 18
CS (94, 628) (148, 183) - 1 5 12 4 10 4 14 5 1 20 1 5 14 4 8 2 6 4 16 6 17 1 6 1 18 1 5 12 4 12 4 10 2 2 2 10 4 12 4 10 2 2 2 10 4 12 4 12 5 1 18 1 6 1 17 6 16 4 6 2 8 4 14 5 1 20 1 5 14 4 10 4 12 5 1 17 4 6 2 6 2 4 2 10 4 10 2 4 2 6 2 6 4 17
CS (96, 684) (148, 48) - 1 5 12 2 2 2 10 4 14 4 10 2 4 2 6 2 8 4 16 4 8 4 17 1 5 12 4 14 5 1 20 1 5 14 4 12 4 12 4 12 4 14 5 1 20 1 5 14 4 12 5 1 17 4 8 4 16 4 8 2 6 2 4 2 10 4 14 4 10 2 2 2 12 5 1 18 1 6 1 17 6 18 4 8 4 16 4 8 4 18 6 17 1 6 1 18
CS (96, 856) (148, 83) - 1 5 14 5 1 19 6 18 6 17 1 6 1 19 6 16 4 8 2 4 2 10 4 12 4 14 6 21 1 5 16 6 20 6 16 6 20 6 16 6 19 1 6 1 17 6 19 1 6 1 16 1 6 1 19 6 17 1 6 1 19 6 16 6 20 6 16 6 20 6 16 5 1 21 6 14 4 12 4 10 2 4 2 8 4 16 6 19 1 6 1 17 6 18 6 19
CS (100, 948) (148, 9) - 1 5 12 4 12 4 14 6 21 1 5 16 5 1 21 6 14 4 12 4 12 5 1 18 1 5 12 4 12 4 14 6 21 1 5 16 5 1 21 6 14 4 12 4 12 5 1 18 1 5 12 4 12 4 14 6 21 1 5 16 6 20 6 16 6 20 6 16 6 20 6 16 6 20 6 16 6 20 6 16 6 20 6 16 6 20 6 16 5 1 21 6 14 4 12 4 12 5 1 18
CS (104, 892) (148, 270) - 1 5 12 4 14 5 1 20 1 5 14 5 1 20 1 5 14 4 12 5 1 19 6 16 5 1 21 7 1 15 5 1 21 6 14 4 10 4 15 1 6 1 20 1 5 14 4 10 4 16 6 18 6 18 6 19 1 5 14 4 10 4 14 4 10 4 14 5 1 19 6 18 6 18 6 16 4 10 4 14 5 1 20 1 6 1 15 4 10 4 14 6 21 1 5 15 1 7 21 1 5 16 6 19
CS (106, 820) (149, 4646) - 1 5 12 2 2 2 8 2 2 2 12 5 1 19 6 14 5 1 19 7 1 13 4 10 4 13 1 7 19 1 5 14 6 19 1 5 12 2 2 2 8 4 16 6 16 6 19 1 5 14 5 1 20 1 5 16 6 17 1 6 1 17 6 16 5 1 20 1 5 14 5 1 19 6 16 6 16 4 8 2 2 2 12 5 1 19 6 14 5 1 19 7 1 13 4 10 4 13 1 7 19 1 5 14 6 19
CS (46, 368) (150, 717) - 1 5 12 4 12 4 12 4 14 5 1 21 6 14 4 12 5 1 18 1 6 1 18 1 5 12 4 14 6 21 1 5 14 4 12 4 12 4 12 5 1 17 4 8 4 17
CS (60, 500) (150, 219) - 1 5 14 4 10 2 4 2 6 2 8 4 16 6 20 6 15 1 7 20 6 18 6 16 4 10 4 14 4 10 4 14 4 10 4 16 6 18 6 20 7 1 15 6 20 6 16 4 8 2 6 2 4 2 10 4 14 5 1 20
CS (64, 564) (150, 101) - 1 5 14 6 20 6 14 5 1 19 6 14 4 10 2 2 2 10 4 14 6 19 1 5 14 6 20 6 14 5 1 19 6 15 1 7 20 6 15 1 6 1 20 1 5 16 6 18 6 16 5 1 20 1 6 1 15 6 20 7 1 15 6 19
CS (80, 684) (150, 117) - 1 5 12 4 12 4 14 6 20 6 16 6 19 1 5 14 5 1 20 1 5 16 6 19 1 5 14 5 1 19 6 16 4 8 2 6 4 16 4 8 4 16 4 6 2 8 4 16 6 19 1 5 14 5 1 19 6 16 5 1 20 1 5 14 5 1 19 6 16 6 20 6 14 4 12 4 12 5 1 18
CS (90, 764) (150, 53) - 1 5 12 4 12 4 14 6 20 6 16 4 8 2 4 2 10 4 12 4 14 6 21 1 5 16 6 20 6 14 4 12 4 12 4 12 4 12 4 12 4 12 4 12 4 12 4 12 4 12 4 12 4 12 4 12 4 12 4 14 6 20 6 16 5 1 21 6 14 4 12 4 10 2 4 2 8 4 16 6 20 6 14 4 12 4 12 5 1 18
CS (90, 804) (150, 251) - 1 5 12 4 10 4 14 4 8 4 16 6 17 1 6 1 17 6 17 1 6 1 17 6 17 1 6 1 17 6 16 4 8 4 14 4 10 4 12 5 1 17 6 18 6 16 6 18 6 16 6 18 6 17 1 5 12 4 10 4 14 5 1 19 6 16 6 19 1 5 14 4 10 4 12 5 1 17 6 18 6 16 6 18 6 16 6 18 6 17
CS (100, 668) (150, 271) - 1 5 12 4 12 4 12 2 2 2 8 2 4 2 8 2 4 2 10 4 12 4 10 2 4 2 8 2 4 2 8 2 2 2 12 4 12 4 12 5 1 18 1 6 1 17 6 20 6 14 4 10 2 4 2 6 2 8 4 14 4 12 5 1 19 6 17 1 6 1 18 1 6 1 17 6 19 1 5 12 4 14 4 8 2 6 2 4 2 10 4 14 6 20 6 17 1 6 1 18
CS (48, 364) (151, 869) - 1 5 12 4 12 4 10 4 14 6 19 1 5 12 4 12 4 12 5 1 19 6 14 4 10 4 12 4 12 5 1 19 6 14 4 8 2 4 2 8 2 4 2 8 4 14 6 19
CS (56, 412) (151, 334) - 1 5 12 4 14 4 10 4 14 4 10 4 14 4 10 4 14 4 10 4 14 4 12 5 1 19 6 16 4 8 2 6 2 4 2 10 4 14 5 1 20 1 5 14 4 10 2 4 2 6 2 8 4 16 6 19
CS (60, 524) (151, 47) - 1 5 12 2 2 2 10 4 12 4 10 4 14 4 10 4 12 4 10 2 2 2 12 5 1 19 6 16 6 18 6 18 6 14 4 12 5 1 19 6 16 6 18 6 16 6 19 1 5 12 4 14 6 18 6 18 6 16 6 19
CS (72, 540) (151, 4335) - 1 5 14 5 1 19 6 18 6 16 4 8 2 6 4 18 6 16 5 1 21 6 14 4 10 4 14 4 10 2 4 2 6 2 6 2 6 2 6 2 6 2 6 2 6 2 4 2 10 4 14 4 10 4 14 6 21 1 5 16 6 18 4 6 2 8 4 16 6 18 6 19
CS (76, 664) (151, 129880) - 1 5 14 4 8 2 4 2 8 4 15 1 6 1 18 1 6 1 15 4 8 2 4 2 8 4 14 5 1 19 6 16 6 18 6 16 6 18 6 16 6 19 1 5 14 4 8 4 16 6 18 6 16 6 18 6 16 4 8 4 14 5 1 19 6 16 6 18 6 16 6 18 6 16 6 19
OSO (39, 323) (152, 104) - 1 5 12 4 14 4 8 2 6 4 17 1 6 1 18 1 6 1 17 6 18 6 18 6 18 6 18 6 17 1 6 1 18 1 6 1 17 6 19
CS (52, 300) (152, 65) - 1 5 12 4 10 2 4 2 6 2 4 2 10 4 12 5 1 17 4 6 2 6 2 4 2 10 4 12 5 1 17 4 6 2 6 2 6 4 17 1 5 12 4 10 2 4 2 6 2 6 4 17
CS (56, 428) (152, 198) - 1 5 12 4 12 4 10 2 2 2 10 4 12 4 10 2 2 2 10 4 12 4 12 5 1 19 6 14 4 10 4 12 4 10 4 14 5 1 19 6 16 6 19 1 5 14 4 10 4 12 4 10 4 14 6 19
CS (56, 444) (152, 240) - 1 5 14 4 10 2 2 2 10 2 2 2 10 4 14 5 1 19 6 18 6 16 4 8 2 6 4 16 5 1 21 6 14 4 10 4 14 4 10 4 14 6 21 1 5 16 4 6 2 8 4 16 6 18 6 19
CS (68, 636) (152, 221) - 1 5 12 4 14 6 18 6 18 6 16 6 18 6 18 6 14 4 12 5 1 19 6 16 6 18 6 16 6 19 1 6 1 15 5 1 20 1 5 14 5 1 19 6 16 6 19 1 5 14 5 1 20 1 5 15 1 6 1 19 6 16 6 18 6 16 6 19
CS (72, 532) (152, 80) - 1 5 14 4 12 4 12 4 12 2 2 2 10 4 14 4 10 2 2 2 12 4 12 4 12 4 14 5 1 20 1 6 1 15 5 1 20 1 5 14 4 12 4 12 4 12 4 14 5 1 20 1 5 14 4 12 4 12 4 12 4 14 5 1 20 1 5 15 1 6 1 20
CS (98, 820) (152, 11) - 1 5 14 6 20 7 1 14 1 7 19 1 6 1 15 4 8 4 15 1 6 1 19 7 1 14 1 7 20 6 14 5 1 19 6 16 6 17 1 6 1 17 6 16 4 6 2 8 4 14 6 20 7 1 15 6 18 6 17 1 6 1 15 4 10 4 10 4 15 1 6 1 17 6 18 6 15 1 7 20 6 14 4 8 2 6 4 16 6 17 1 6 1 17 6 16 6 19
CS (108, 956) (152, 59) - 1 5 12 4 13 1 7 20 7 1 15 6 18 6 16 6 19 1 5 14 5 1 19 6 16 6 18 6 15 1 7 20 7 1 13 4 12 5 1 19 6 14 4 8 2 6 2 4 2 8 4 16 6 16 6 19 1 5 14 6 20 6 14 6 20 6 14 5 1 19 6 14 4 10 4 14 6 19 1 5 14 6 20 6 14 6 20 6 14 5 1 19 6 16 6 16 4 8 2 4 2 6 2 8 4 14 6 19
CS (120, 932) (152, 88) - 1 5 12 4 14 6 20 6 16 6 18 6 19 1 5 14 4 10 4 14 5 1 19 6 17 1 6 1 17 6 19 1 5 14 4 10 4 14 5 1 19 6 17 1 6 1 17 6 19 1 5 14 4 10 4 14 5 1 19 6 18 6 16 6 20 6 14 4 12 5 1 18 1 6 1 16 1 6 1 19 6 14 4 12 4 10 2 4 2 6 2 6 2 6 2 6 2 6 2 6 2 6 2 4 2 10 4 12 4 14 6 19 1 6 1 16 1 6 1 18
CS (126, 892) (152, 1744) - 1 5 12 4 14 5 1 21 7 1 15 4 8 2 4 2 10 4 12 2 2 2 10 4 12 4 12 2 2 2 8 2 6 4 17 1 6 1 17 4 6 2 8 2 2 2 12 4 12 4 10 2 2 2 12 4 10 2 4 2 8 4 15 1 7 21 1 5 14 4 12 5 1 19 6 16 5 1 21 7 1 15 6 20 6 16 4 8 2 4 2 8 2 6 4 16 4 8 4 16 4 8 4 16 4 6 2 8 2 4 2 8 4 16 6 20 6 15 1 7 21 1 5 16 6 19
CS (44, 356) (153, 436) - 1 5 14 4 12 4 10 2 4 2 10 4 12 4 14 5 1 19 6 18 4 6 2 8 4 16 5 1 21 6 16 6 21 1 5 16 4 8 2 6 4 18 6 19
CS (60, 504) (153, 1406) - 1 5 12 4 12 4 12 5 1 19 6 14 4 10 4 13 1 7 19 1 5 12 4 12 4 12 5 1 19 6 16 6 16 4 8 4 16 6 16 6 19 1 5 12 4 12 4 12 5 1 19 7 1 13 4 10 4 14 6 19
CS (70, 508) (153, 7011) - 1 5 12 4 10 4 14 4 8 4 16 6 18 6 15 1 7 20 6 14 4 8 2 4 2 8 2 4 2 8 4 14 6 20 7 1 15 6 18 6 16 4 8 4 14 4 10 4 12 5 1 17 4 6 2 6 2 4 2 10 4 10 2 4 2 6 2 6 4 17
CS (80, 708) (153, 122) - 1 5 14 4 10 4 14 4 12 4 10 4 16 6 20 6 16 6 20 6 16 4 10 4 12 4 14 4 10 4 14 5 1 19 6 18 6 18 4 6 2 6 2 8 4 16 6 18 4 8 4 16 5 1 21 6 16 6 21 1 5 16 4 8 4 18 6 16 4 8 2 6 2 6 4 18 6 18 6 19
CS (96, 740) (153, 132) - 1 5 12 4 10 2 2 2 10 4 14 6 18 6 17 1 6 1 17 6 16 6 19 1 5 14 6 20 6 14 6 20 6 14 6 20 6 14 5 1 19 6 16 6 17 1 6 1 17 6 18 6 14 4 10 2 2 2 10 4 12 5 1 18 1 6 1 15 4 8 2 4 2 8 4 14 4 8 2 4 2 8 4 14 4 8 2 4 2 8 4 15 1 6 1 18
CS (108, 936) (153, 722) - 1 5 16 4 8 4 17 1 6 1 18 1 6 1 17 4 8 4 16 4 8 4 17 1 6 1 18 1 6 1 17 4 8 4 16 4 8 4 17 1 6 1 18 1 6 1 17 4 8 4 16 5 1 21 6 16 6 21 1 5 16 5 1 21 6 16 6 21 1 5 16 5 1 21 6 16 6 21 1 5 16 5 1 21 6 16 6 21 1 5 16 5 1 21 6 16 6 21 1 5 16 5 1 21 6 16 6 21
OSO (21, 147) (154, 135) - 1 5 10 2 4 2 8 4 16 6 18 4 6 2 6 2 6 4 18 6 17
OSO (21, 151) (154, 4) - 1 5 12 4 14 4 10 4 14 4 10 2 4 2 6 2 8 4 16 6 19
OSO (23, 145) (154, 194) - 1 5 12 2 2 2 8 2 4 2 6 2 8 4 12 4 12 4 10 4 14 6 19
CS (40, 388) (154, 717) - 1 5 16 5 1 21 6 16 6 20 6 16 5 1 21 6 14 4 12 4 12 4 12 4 12 4 12 4 14 6 21 1 5 16 6 20 6 16 6 21
CS (52, 396) (154, 189) - 1 5 14 4 12 2 2 2 10 4 16 6 21 1 5 16 6 22 6 16 5 1 21 6 16 4 10 2 2 2 12 4 14 5 1 19 4 6 2 8 2 6 4 18 4 6 2 8 2 6 4 19
CS (52, 428) (154, 811) - 1 5 12 4 12 4 12 4 10 4 12 4 12 4 12 5 1 19 6 14 4 10 4 12 4 12 4 12 5 1 19 6 14 4 10 4 14 6 19 1 5 12 4 12 4 12 4 10 4 14 6 19
CS (54, 404) (154, 211) - 1 5 12 2 2 2 10 4 14 6 20 6 17 1 6 1 17 6 20 6 14 4 10 2 2 2 12 5 1 19 6 16 4 8 2 4 2 10 4 12 4 12 4 12 4 10 2 4 2 8 4 16 6 19
CS (54, 404) (154, 127) - 1 5 14 4 10 2 4 2 6 2 6 4 18 6 17 1 6 1 17 6 18 4 6 2 6 2 4 2 10 4 14 5 1 19 6 18 6 16 4 8 2 6 4 16 4 6 2 8 4 16 6 18 6 19
CS (56, 388) (154, 293) - 1 5 12 2 2 2 10 2 2 2 12 5 1 18 1 6 1 17 6 20 6 16 5 1 20 1 6 1 15 4 8 2 6 2 6 2 6 2 8 4 15 1 6 1 20 1 5 16 6 20 6 17 1 6 1 18
CS (60, 380) (154, 468) - 1 5 12 4 12 2 2 2 10 4 14 6 21 1 5 14 4 12 4 10 2 4 2 8 2 4 2 8 2 4 2 8 2 4 2 8 2 4 2 10 4 12 4 14 5 1 21 6 14 4 10 2 2 2 12 4 12 5 1 18
CS (60, 436) (154, 461) - 1 5 12 2 2 2 10 4 12 2 2 2 8 2 4 2 8 2 4 2 8 2 2 2 12 4 10 2 2 2 12 5 1 19 6 16 6 20 6 14 4 12 5 1 19 6 16 6 19 1 5 12 4 14 6 20 6 16 6 19
CS (60, 444) (154, 8342) - 1 5 12 4 14 6 19 1 6 1 16 1 6 1 18 1 5 12 4 14 6 20 6 14 4 12 5 1 18 1 6 1 16 1 6 1 19 6 14 4 12 5 1 18 1 6 1 16 1 6 1 18 1 6 1 16 1 6 1 18
CS (64, 532) (154, 654) - 1 5 12 4 14 6 20 6 16 6 18 6 19 1 5 14 4 10 4 14 5 1 19 6 18 6 16 6 20 6 14 4 12 5 1 19 6 14 4 12 4 10 2 4 2 6 2 8 4 14 4 8 2 6 2 4 2 10 4 12 4 14 6 19
CS (68, 580) (154, 38) - 1 5 14 5 1 19 6 18 6 18 6 17 1 6 1 19 6 16 5 1 20 1 6 1 15 4 10 4 14 4 10 4 14 4 10 4 14 4 10 4 14 4 10 4 14 4 10 4 15 1 6 1 20 1 5 16 6 19 1 6 1 17 6 18 6 18 6 19
CS (72, 588) (154, 14) - 1 5 10 2 4 2 8 4 16 6 18 6 18 6 18 6 16 4 8 2 4 2 10 5 1 17 6 18 6 18 6 18 6 16 4 8 2 4 2 10 5 1 17 6 18 4 6 2 6 2 6 4 18 6 17 1 5 10 2 4 2 8 4 16 6 18 6 18 6 18 6 17
CS (72, 600) (154, 104) - 1 5 12 4 12 4 8 2 4 2 8 4 12 4 12 5 1 19 6 14 5 1 20 1 5 14 4 8 4 14 4 8 4 14 6 19 1 5 14 6 18 6 16 6 16 6 16 6 18 6 14 5 1 19 6 14 4 8 4 14 4 8 4 14 5 1 20 1 5 14 6 19
CS (112, 804) (154, 358) - 1 5 12 4 12 4 10 4 14 5 1 20 1 5 15 1 6 1 19 6 14 4 8 2 6 2 4 2 8 2 4 2 6 2 8 4 14 6 19 1 6 1 15 5 1 20 1 5 14 4 10 4 12 4 12 5 1 17 4 6 2 8 4 14 6 19 1 6 1 15 5 1 20 1 5 14 4 10 4 12 4 12 5 1 18 1 5 12 4 12 4 10 4 14 5 1 20 1 5 15 1 6 1 19 6 14 4 8 2 6 4 17
CS (48, 400) (155, 504) - 1 5 15 1 6 1 19 6 16 4 8 4 16 5 1 21 6 14 4 10 4 14 4 10 4 14 4 10 4 14 6 21 1 5 16 4 8 4 16 6 19 1 6 1 15 5 1 20
CS (52, 396) (155, 39) - 1 5 14 4 10 2 2 2 10 2 2 2 10 4 12 4 13 1 7 20 6 16 6 18 6 18 6 18 6 16 6 20 7 1 13 4 12 4 10 2 2 2 10 2 2 2 10 4 14 5 1 20
OSO (25, 185) (156, 9257) - 1 5 16 6 18 4 6 2 8 4 16 6 18 4 6 2 6 2 8 4 15 1 6 1 20
OSO (25, 187) (156, 92) - 1 5 16 6 20 6 16 4 8 2 6 2 4 2 10 4 14 4 10 4 15 1 6 1 20
OSO (25, 223) (156, 37) - 1 5 14 4 8 2 6 4 16 6 18 6 16 6 18 6 16 6 19 1 5 14 5 1 20
OSO (27, 199) (156, 7) - 1 5 14 4 10 2 4 2 6 2 8 4 16 6 19 1 6 1 17 6 19 1 5 14 5 1 20
OSO (27, 237) (156, 1) - 1 5 16 6 20 6 18 6 17 1 6 1 19 6 16 4 10 4 14 4 10 4 15 1 6 1 20
OSO (29, 213) (156, 296) - 1 5 14 4 12 4 10 2 4 2 8 4 16 6 19 1 6 1 16 1 6 1 20 1 5 15 1 7 21
OSO (29, 227) (156, 250) - 1 5 14 6 19 1 6 1 15 4 8 4 15 1 6 1 18 1 6 1 15 4 8 4 16 6 16 6 19
CS (44, 316) (156, 390) - 1 5 12 4 14 4 8 2 6 2 6 2 6 2 6 2 6 2 8 4 14 4 12 5 1 19 6 16 4 10 4 14 5 1 20 1 5 14 4 10 4 16 6 19
CS (68, 540) (156, 345) - 1 5 12 2 2 2 10 2 2 2 10 2 2 2 10 2 2 2 10 2 2 2 12 5 1 19 6 18 6 16 4 10 4 14 4 10 4 14 5 1 19 6 18 6 18 6 18 6 18 6 18 6 19 1 5 14 4 10 4 14 4 10 4 16 6 18 6 19
CS (70, 500) (156, 80) - 1 5 14 4 10 2 4 2 6 2 6 2 6 2 6 2 6 4 18 6 17 1 6 1 17 6 18 4 6 2 6 2 6 2 6 2 6 2 4 2 10 4 14 5 1 19 6 18 6 16 4 10 4 12 4 12 4 12 4 12 4 12 4 10 4 16 6 18 6 19
CS (70, 556) (156, 3484) - 1 5 12 4 12 4 12 4 12 4 12 4 12 4 12 4 12 4 12 4 12 5 1 17 4 8 4 16 4 6 2 8 2 4 2 8 4 16 6 20 7 1 15 6 20 6 16 6 20 6 15 1 7 20 6 16 4 8 2 4 2 8 2 6 4 16 4 8 4 17
CS (76, 712) (156, 84) - 1 5 14 4 10 4 16 6 20 6 16 6 21 1 5 16 5 1 21 6 16 6 20 6 16 4 10 4 14 5 1 19 6 18 6 18 4 6 2 8 4 16 5 1 21 6 16 5 1 21 6 14 4 12 4 14 6 21 1 5 16 6 21 1 5 16 4 8 2 6 4 18 6 18 6 19
CS (88, 656) (156, 198) - 1 5 10 2 4 2 6 2 6 2 6 2 4 2 8 2 4 2 6 2 6 2 6 2 4 2 10 5 1 17 6 18 6 15 1 7 20 6 14 5 1 19 6 16 6 18 6 15 1 7 19 1 6 1 16 1 6 1 18 1 6 1 16 1 6 1 19 7 1 15 6 18 6 16 6 19 1 5 14 6 20 7 1 15 6 18 6 17
CS (100, 860) (156, 148) - 1 5 12 4 12 4 12 4 12 4 12 4 14 6 20 6 16 4 8 2 6 4 17 1 6 1 18 1 5 12 4 14 6 20 6 17 1 6 1 18 1 6 1 17 6 20 6 14 4 12 5 1 18 1 6 1 17 4 6 2 8 4 16 6 20 6 14 4 12 4 12 4 12 4 12 4 12 5 1 17 4 8 4 16 6 20 6 16 6 20 6 16 6 20 6 16 4 8 4 17
CS (108, 876) (156, 17201) - 1 5 12 2 2 2 10 4 12 4 14 6 19 1 6 1 16 1 6 1 18 1 5 12 4 14 6 20 6 14 4 12 5 1 18 1 6 1 16 1 6 1 19 6 14 4 12 4 10 2 2 2 12 5 1 19 6 16 6 19 1 6 1 15 4 10 4 12 4 12 4 13 1 7 20 6 16 6 20 7 1 14 1 7 20 6 16 6 20 7 1 13 4 12 4 12 4 10 4 15 1 6 1 19 6 16 6 19
CS (108, 948) (156, 68) - 1 5 14 4 10 2 4 2 8 4 16 4 8 2 6 2 6 4 18 6 19 1 5 14 5 1 19 6 16 4 10 4 16 6 19 1 5 14 5 1 19 6 18 4 6 2 6 2 8 4 16 4 8 2 4 2 10 4 14 5 1 19 6 18 6 20 6 15 1 7 21 1 5 16 6 20 6 18 6 18 6 19 1 5 14 5 1 19 6 18 6 18 6 20 6 16 5 1 21 7 1 15 6 20 6 18 6 19
CS (108, 964) (156, 55) - 1 5 12 4 14 6 20 6 17 1 6 1 17 4 8 4 16 6 19 1 6 1 17 6 18 6 19 1 5 14 4 10 4 14 5 1 19 6 18 6 17 1 6 1 19 6 16 4 8 4 17 1 6 1 17 6 20 6 14 4 12 5 1 18 1 6 1 17 4 8 4 16 6 19 1 6 1 17 6 18 6 18 6 18 6 18 6 18 6 18 6 18 6 17 1 6 1 19 6 16 4 8 4 17 1 6 1 18
CS (124, 1084) (156, 43) - 1 5 12 4 12 4 14 6 20 6 16 5 1 21 6 14 4 12 5 1 18 1 6 1 18 1 5 12 4 14 6 21 1 5 16 6 19 1 6 1 17 6 18 6 19 1 5 14 5 1 19 6 18 6 17 1 6 1 19 6 16 5 1 21 6 14 4 12 5 1 18 1 6 1 18 1 5 12 4 14 6 21 1 5 16 6 20 6 14 4 12 4 12 5 1 18 1 6 1 17 6 19 1 6 1 17 6 18 6 18 6 18 6 17 1 6 1 19 6 17 1 6 1 18
OSO (25, 177) (157, 74) - 1 5 16 4 8 4 16 4 8 2 4 2 8 2 4 2 10 4 12 4 12 4 14 6 21
OSO (29, 215) (157, 101) - 1 5 12 4 12 4 10 4 14 6 19 1 5 12 4 12 4 12 5 1 18 1 6 1 16 1 6 1 18
OSO (35, 277) (157, 96) - 1 5 14 6 20 7 1 14 1 7 19 1 6 1 15 4 8 4 15 1 6 1 18 1 6 1 15 4 8 4 16 6 16 6 19
CS (40, 376) (157, 573) - 1 5 14 6 20 6 14 6 20 6 14 5 1 19 6 16 6 18 6 15 1 7 19 1 6 1 16 1 6 1 19 7 1 15 6 18 6 16 6 19
CS (56, 452) (157, 88) - 1 5 14 4 12 4 12 4 12 4 14 6 21 1 5 16 6 20 6 16 4 8 2 6 2 6 2 6 2 6 2 6 2 8 4 16 6 20 6 16 5 1 21 6 14 4 12 4 12 4 12 4 14 5 1 20
CS (72, 540) (157, 140) - 1 6 1 15 4 8 2 4 2 8 4 14 4 8 2 6 4 15 1 7 20 6 15 1 6 1 19 6 16 6 16 4 8 4 16 6 16 6 19 1 6 1 15 6 20 7 1 15 4 6 2 8 4 14 4 8 2 4 2 8 4 15 1 6 1 19 7 1 14 1 7 19
CS (108, 864) (157, 4373) - 1 5 10 2 4 2 8 4 15 1 6 1 19 6 15 1 7 20 6 16 6 20 6 14 5 1 19 6 16 6 19 1 5 14 6 20 6 16 6 20 7 1 15 6 19 1 6 1 15 4 8 2 4 2 10 5 1 17 6 18 6 17 1 6 1 17 6 19 1 5 14 4 10 4 14 4 8 2 4 2 8 2 4 2 8 2 4 2 8 4 14 4 10 4 14 5 1 19 6 17 1 6 1 17 6 18 6 17
OSO (31, 311) (158, 2) - 1 5 16 6 18 6 18 6 18 6 17 1 6 1 17 6 18 6 18 6 18 6 16 6 20 6 15 1 6 1 20
OSO (33, 265) (158, 22) - 1 5 14 4 10 4 15 1 6 1 18 1 6 1 16 1 6 1 19 6 14 4 12 4 12 4 10 4 16 6 18 6 19
CS (40, 316) (158, 17) - 1 5 12 4 14 4 8 2 6 2 6 2 8 4 14 4 12 5 1 19 6 16 4 10 4 14 5 1 19 6 19 1 5 14 4 10 4 16 6 19
CS (52, 460) (158, 419) - 1 5 14 4 8 2 4 2 8 4 16 6 16 6 19 1 5 14 6 20 6 14 5 1 19 6 16 6 16 4 8 2 4 2 8 4 14 5 1 19 6 16 6 18 6 16 6 18 6 16 6 19
CS (56, 380) (158, 183) - 1 5 12 4 12 4 12 4 14 6 21 1 5 16 5 1 21 6 14 4 12 4 12 4 12 5 1 17 4 6 2 8 2 4 2 8 2 4 2 8 4 16 4 8 2 4 2 8 2 4 2 8 2 6 4 17
CS (72, 576) (158, 170) - 1 5 10 2 4 2 8 4 14 6 19 1 6 1 16 1 6 1 19 6 14 5 1 19 6 16 6 17 1 6 1 18 1 6 1 17 6 16 6 19 1 5 14 6 19 1 6 1 16 1 6 1 19 6 14 4 8 2 4 2 10 5 1 17 6 18 6 16 6 18 6 17
CS (80, 636) (158, 9) - 1 5 12 4 12 4 10 4 14 4 8 2 6 4 16 6 19 1 5 14 5 1 20 1 5 14 4 10 4 14 5 1 20 1 5 14 5 1 19 6 16 4 6 2 8 4 14 4 10 4 12 4 12 5 1 18 1 6 1 17 6 16 4 8 4 16 6 18 6 16 4 8 4 16 6 17 1 6 1 18
CS (96, 632) (158, 12585) - 1 5 10 2 4 2 6 2 6 2 6 2 4 2 8 4 15 1 6 1 18 1 6 1 15 4 8 4 15 1 6 1 18 1 6 1 15 4 8 2 4 2 6 2 6 2 6 2 4 2 10 5 1 17 6 17 1 6 1 17 6 16 4 6 2 8 4 14 6 19 1 5 12 4 12 4 12 5 1 19 6 14 4 8 2 6 4 16 6 17 1 6 1 17 6 17
CS (100, 660) (158, 69) - 1 5 14 4 12 4 10 2 4 2 8 2 4 2 10 4 12 4 14 5 1 20 1 5 14 4 12 4 10 2 4 2 8 2 4 2 10 4 12 4 14 5 1 20 1 5 15 1 6 1 20 1 5 14 4 12 4 12 4 12 2 2 2 10 4 12 2 2 2 10 4 14 4 10 2 2 2 12 4 10 2 2 2 12 4 12 4 12 4 14 5 1 20 1 6 1 15 5 1 20
CS (42, 380) (159, 627) - 1 5 12 4 12 4 12 4 14 6 21 1 5 16 6 20 6 14 4 14 6 20 6 16 5 1 21 6 14 4 12 4 12 4 12 5 1 17 4 8 4 17
CS (56, 380) (159, 422) - 1 5 12 4 12 2 2 2 10 4 14 6 21 1 5 14 4 12 4 12 4 10 2 4 2 8 2 4 2 8 2 4 2 10 4 12 4 12 4 14 5 1 21 6 14 4 10 2 2 2 12 4 12 5 1 18
CS (56, 444) (159, 5) - 1 5 14 4 10 2 4 2 6 2 4 2 10 4 14 5 1 19 6 18 6 16 4 8 2 6 4 16 5 1 21 6 14 4 10 4 14 4 10 4 14 6 21 1 5 16 4 6 2 8 4 16 6 18 6 19
CS (52, 444) (160, 75) - 1 5 12 4 12 2 2 2 10 4 12 4 14 6 21 1 5 16 6 20 6 16 6 20 6 16 6 20 6 16 5 1 21 6 14 4 12 4 10 2 2 2 12 4 12 5 1 17 4 8 4 17
CS (56, 448) (160, 4787) - 1 5 14 4 8 2 4 2 8 4 15 1 6 1 19 6 14 5 1 19 6 14 4 10 4 14 6 19 1 5 14 6 19 1 6 1 15 4 8 2 4 2 8 4 14 5 1 19 6 16 6 18 6 16 6 19
CS (58, 524) (160, 386) - 1 5 14 4 8 2 6 4 16 6 18 6 16 6 19 1 5 14 6 20 6 14 4 10 4 12 4 12 4 10 4 14 6 20 6 14 5 1 19 6 16 6 18 6 16 4 6 2 8 4 14 5 1 19 6 16 6 19
CS (58, 532) (160, 496) - 1 7 20 6 14 4 8 2 6 4 16 6 18 6 15 1 7 20 7 1 15 6 18 6 16 4 6 2 8 4 14 6 20 7 1 15 6 18 6 18 6 14 4 10 4 12 4 12 4 10 4 14 6 18 6 18 6 15
CS (60, 504) (160, 1) - 1 5 12 4 14 4 10 4 14 4 10 4 14 4 12 5 1 19 6 16 5 1 20 1 5 14 4 10 4 16 6 19 1 5 12 4 14 4 10 4 14 4 12 5 1 19 6 16 4 10 4 14 5 1 20 1 5 16 6 19
CS (64, 504) (160, 110) - 1 5 12 2 2 2 10 4 15 1 6 1 19 6 17 1 6 1 18 1 6 1 17 6 19 1 6 1 15 4 10 2 2 2 12 5 1 19 6 17 1 6 1 19 6 16 6 21 1 5 16 5 1 21 6 16 6 19 1 6 1 17 6 19
CS (64, 516) (160, 154) - 1 5 14 4 10 4 16 6 20 6 16 6 21 1 5 16 4 8 2 4 2 10 4 12 2 2 2 10 4 14 4 10 2 2 2 12 4 10 2 4 2 8 4 16 5 1 21 6 16 6 20 6 16 4 10 4 14 5 1 19 6 18 6 19
CS (66, 536) (160, 164) - 1 5 12 2 2 2 10 4 10 2 2 2 12 5 1 19 6 16 6 18 6 14 4 12 5 1 19 6 14 4 10 4 13 1 7 19 1 5 12 4 12 4 12 5 1 19 7 1 13 4 10 4 14 6 19 1 5 12 4 14 6 18 6 16 6 19
CS (68, 524) (160, 90) - 1 5 12 4 14 6 18 6 17 1 6 1 17 6 17 1 6 1 17 6 17 1 6 1 17 6 18 6 14 4 12 5 1 19 6 16 6 17 1 6 1 17 4 6 2 6 2 4 2 10 4 10 2 4 2 6 2 6 4 17 1 6 1 17 6 16 6 19
CS (78, 604) (160, 18) - 1 5 16 6 20 6 16 6 20 6 16 4 8 4 17 1 6 1 17 4 8 4 16 6 20 6 16 6 20 6 16 5 1 21 6 14 4 12 4 12 4 10 2 4 2 8 2 4 2 8 2 4 2 8 4 16 4 8 2 4 2 8 2 4 2 8 2 4 2 10 4 12 4 12 4 14 6 21
CS (82, 644) (160, 62) - 1 5 12 4 12 4 14 6 20 6 16 5 1 21 6 14 4 12 4 10 2 4 2 6 2 8 4 14 4 12 5 1 19 6 17 1 6 1 18 1 6 1 17 6 19 1 5 12 4 14 4 8 2 6 2 4 2 10 4 12 4 14 6 21 1 5 16 6 20 6 14 4 12 4 12 5 1 18 1 6 1 18
CS (86, 676) (160, 27122) - 1 5 12 4 12 4 10 4 14 4 8 4 16 6 17 1 6 1 17 6 17 1 6 1 17 6 17 1 6 1 17 6 16 4 8 4 14 4 10 4 12 4 12 5 1 18 1 6 1 15 4 8 2 6 4 16 6 16 4 8 4 16 6 16 4 8 4 16 6 16 4 8 4 16 6 16 4 6 2 8 4 15 1 6 1 18
CS (90, 748) (160, 56) - 1 5 12 2 4 2 6 2 6 2 8 4 16 6 20 6 16 4 8 2 6 2 6 2 4 2 12 5 1 19 6 18 6 18 6 18 4 8 4 16 5 1 21 6 15 1 7 21 1 5 15 1 7 21 1 5 14 4 12 4 12 4 14 5 1 21 7 1 15 5 1 21 7 1 15 6 21 1 5 16 4 8 4 18 6 18 6 18 6 19
CS (92, 848) (160, 6378) - 1 5 14 4 8 4 16 6 18 6 15 1 7 20 6 14 4 10 4 12 4 10 4 14 5 1 19 6 16 6 18 6 16 6 18 6 16 6 18 6 16 6 19 1 5 14 4 10 4 12 4 10 4 14 6 20 7 1 15 6 18 6 16 4 8 4 14 5 1 19 6 14 4 10 4 14 6 19 1 5 14 5 1 19 6 14 4 10 4 14 6 19
CS (94, 720) (160, 244) - 1 5 14 6 20 7 1 14 1 7 19 1 6 1 15 4 8 4 15 1 6 1 18 1 6 1 15 4 8 4 15 1 6 1 18 1 6 1 15 4 8 4 15 1 6 1 19 7 1 14 1 7 20 6 14 5 1 19 6 15 1 6 1 19 6 14 4 8 2 6 4 16 6 17 1 6 1 17 6 16 4 6 2 8 4 14 6 19 1 6 1 15 6 19
CS (94, 828) (160, 184) - 1 5 14 4 10 4 14 4 10 4 14 4 10 4 15 1 6 1 19 6 16 4 8 2 6 4 17 1 6 1 17 4 6 2 8 4 16 6 19 1 6 1 15 4 10 4 14 4 10 4 14 4 10 4 14 5 1 19 6 18 6 17 1 6 1 19 6 16 6 20 6 16 6 20 6 16 6 20 6 16 6 20 6 16 6 19 1 6 1 17 6 18 6 19
CS (100, 756) (160, 136) - 1 5 12 2 2 2 10 4 14 6 20 6 16 6 19 1 6 1 15 4 8 2 6 4 17 1 5 12 4 12 4 10 2 4 2 8 4 15 1 6 1 19 6 16 4 8 4 16 6 19 1 6 1 15 4 8 2 4 2 10 4 12 4 12 5 1 17 4 6 2 8 4 15 1 6 1 19 6 16 6 20 6 14 4 10 2 2 2 12 5 1 19 6 16 4 8 4 16 6 19
CS (104, 844) (160, 70513) - 1 5 14 5 1 19 6 16 6 19 1 6 1 16 1 6 1 17 4 6 2 8 4 16 6 18 6 16 4 8 2 6 4 17 1 6 1 16 1 6 1 19 6 16 6 19 1 5 14 5 1 20 1 5 15 1 6 1 19 6 17 1 6 1 17 6 18 6 17 1 6 1 17 6 19 1 5 14 5 1 19 6 17 1 6 1 17 6 18 6 17 1 6 1 17 6 19 1 6 1 15 5 1 20
CS (154, 1248) (160, 191) - 1 5 12 2 2 2 10 4 14 5 1 20 1 5 14 5 1 19 6 16 4 8 2 6 4 17 1 6 1 17 4 6 2 8 4 16 6 19 1 5 14 5 1 20 1 5 14 4 10 2 2 2 12 5 1 19 6 16 5 1 21 7 1 15 6 21 1 5 16 4 8 4 16 5 1 21 6 14 4 12 4 12 5 1 18 1 6 1 17 6 19 1 5 14 5 1 19 6 18 6 17 1 6 1 18 1 6 1 17 6 18 6 19 1 5 14 5 1 19 6 17 1 6 1 18 1 5 12 4 12 4 14 6 21 1 5 16 4 8 4 16 5 1 21 6 15 1 7 21 1 5 16 6 19
CS (44, 380) (161, 400) - 1 5 12 4 12 4 12 4 14 6 21 1 5 16 6 20 6 16 5 1 21 6 14 4 12 4 12 4 12 5 1 17 4 8 4 16 4 8 4 16 4 8 4 17
CS (48, 420) (161, 15) - 1 5 12 4 12 4 12 4 10 4 14 6 20 6 14 4 10 4 12 4 12 4 12 5 1 19 6 14 4 10 4 14 6 20 7 1 14 1 7 20 6 14 4 10 4 14 6 19
CS (50, 468) (161, 353) - 1 5 12 4 12 4 12 4 14 6 20 6 17 1 6 1 17 6 20 6 14 4 12 4 12 4 12 5 1 17 4 8 4 16 6 20 6 16 6 20 6 16 6 20 6 16 4 8 4 17
CS (52, 524) (161, 73) - 1 5 12 4 14 6 20 6 16 6 20 6 15 1 7 20 6 16 4 8 4 16 4 8 4 16 6 20 7 1 15 6 20 6 16 6 20 6 14 4 12 5 1 19 6 16 6 20 6 16 6 19
CS (60, 516) (161, 5) - 1 5 12 4 14 4 12 5 1 19 6 17 1 6 1 19 6 16 4 10 4 14 5 1 19 6 18 6 19 1 6 1 15 4 10 4 15 1 6 1 19 6 18 6 19 1 5 14 4 10 4 16 6 19 1 6 1 17 6 19
CS (96, 736) (161, 455) - 1 5 12 2 2 2 10 4 14 4 10 4 14 4 10 4 14 4 10 4 14 4 10 4 14 4 10 4 14 4 10 2 2 2 12 5 1 19 6 18 6 16 4 10 4 14 5 1 20 1 5 14 4 10 4 15 1 6 1 20 1 5 15 1 6 1 20 1 6 1 15 5 1 20 1 6 1 15 4 10 4 14 5 1 20 1 5 14 4 10 4 16 6 18 6 19
OSO (25, 153) (162, 49551) - 1 5 12 4 12 4 12 4 8 2 6 2 4 2 8 2 4 2 6 2 8 4 14 6 19
OSO (37, 291) (162, 45) - 1 5 14 4 10 4 16 6 18 4 6 2 8 4 16 6 19 1 6 1 17 6 18 6 18 4 6 2 6 2 8 4 15 1 6 1 20
CS (48, 492) (162, 770) - 1 5 12 4 14 6 20 6 16 4 8 4 16 6 20 6 14 4 12 5 1 19 6 16 6 20 6 16 6 20 7 1 15 6 20 6 15 1 7 20 6 16 6 20 6 16 6 19
CS (52, 396) (162, 78) - 1 5 12 4 12 4 14 5 1 20 1 5 15 1 6 1 20 1 5 16 6 20 6 16 5 1 20 1 6 1 15 5 1 20 1 5 14 4 12 4 12 5 1 17 4 6 2 8 2 6 4 17
CS (58, 524) (162, 71) - 1 5 12 4 14 6 18 6 17 1 6 1 17 6 17 1 6 1 17 6 17 1 6 1 17 6 18 6 14 4 12 5 1 19 6 15 1 6 1 19 6 16 6 18 6 16 6 18 6 16 6 19 1 6 1 15 6 19
CS (62, 468) (162, 232) - 1 5 12 4 12 4 12 4 14 6 20 6 17 1 6 1 17 6 20 6 14 4 12 4 12 4 12 5 1 17 4 6 2 8 2 4 2 8 4 16 4 8 4 16 4 8 4 16 4 8 4 16 4 8 2 4 2 8 2 6 4 17
CS (64, 580) (162, 533) - 1 7 20 6 16 4 8 2 4 2 10 4 12 4 12 4 12 4 12 4 12 4 12 4 12 4 10 2 4 2 8 4 16 6 20 7 1 15 6 20 6 16 6 20 6 16 6 20 7 1 14 1 7 20 6 16 6 20 6 16 6 20 6 15
CS (68, 508) (162, 119) - 1 5 12 2 2 2 10 2 2 2 10 2 2 2 10 2 2 2 10 2 2 2 10 2 2 2 10 2 2 2 12 5 1 19 6 18 6 18 6 16 4 10 4 14 5 1 19 6 18 6 18 6 18 6 19 1 5 14 4 10 4 16 6 18 6 18 6 19
CS (68, 540) (162, 10226) - 1 5 10 2 4 2 6 2 8 4 14 6 20 6 14 4 8 2 6 2 4 2 10 5 1 17 6 18 6 16 6 19 1 6 1 15 5 1 20 1 5 14 5 1 19 6 16 6 19 1 5 14 5 1 20 1 5 15 1 6 1 19 6 16 6 18 6 17
CS (68, 612) (162, 175722) - 1 5 12 4 10 4 14 4 8 4 16 6 18 6 16 6 18 6 16 4 8 4 14 4 10 4 12 5 1 17 6 18 6 16 6 18 6 16 4 6 2 8 4 14 5 1 19 6 16 6 19 1 5 14 4 8 2 6 4 16 6 18 6 16 6 18 6 17
CS (70, 592) (162, 101) - 1 5 14 4 10 4 16 6 19 1 6 1 17 6 18 4 8 4 16 4 8 4 18 6 17 1 6 1 19 6 16 4 10 4 14 5 1 19 6 18 6 18 4 6 2 8 4 16 4 8 4 17 1 6 1 17 4 8 4 16 4 8 2 6 4 18 6 18 6 19
CS (84, 568) (162, 14) - 1 5 14 4 10 4 12 4 10 4 14 5 1 20 1 5 15 1 6 1 19 7 1 13 4 10 2 2 2 10 4 12 4 10 2 2 2 10 4 13 1 7 19 1 6 1 15 4 8 4 15 1 6 1 19 7 1 13 4 10 2 2 2 10 4 12 4 10 2 2 2 10 4 13 1 7 19 1 6 1 15 5 1 20
CS (84, 600) (162, 55) - 1 5 12 2 2 2 10 4 14 5 1 20 1 5 14 4 10 4 15 1 6 1 18 1 6 1 16 1 6 1 18 1 6 1 15 4 10 4 14 5 1 20 1 5 14 4 10 2 2 2 12 5 1 19 6 16 4 8 2 4 2 8 4 16 6 19 1 5 14 5 1 19 6 16 4 8 2 4 2 8 4 16 6 19
CS (88, 664) (162, 174) - 1 5 12 4 10 2 4 2 6 4 17 1 6 1 17 6 16 6 19 1 5 12 4 13 1 7 19 1 5 12 4 12 4 10 4 14 6 19 1 6 1 15 4 8 4 15 1 6 1 19 6 14 4 10 4 12 4 12 5 1 19 7 1 13 4 12 5 1 19 6 16 6 17 1 6 1 17 4 6 2 4 2 10 4 12 5 1 18
CS (88, 740) (162, 278) - 1 5 14 4 10 4 14 6 20 6 16 4 8 4 16 6 19 1 5 14 5 1 20 1 5 16 6 18 4 6 2 6 2 6 2 6 2 6 2 6 4 18 6 16 5 1 20 1 5 14 5 1 19 6 16 4 8 4 16 6 20 6 14 4 10 4 14 5 1 19 6 17 1 6 1 17 6 18 6 18 6 17 1 6 1 17 6 19
CS (92, 872) (162, 131) - 1 5 12 4 14 6 20 6 16 4 8 4 17 1 6 1 17 6 20 7 1 15 6 20 6 16 5 1 21 6 15 1 7 20 6 17 1 6 1 18 1 6 1 17 6 20 7 1 15 6 21 1 5 16 6 20 6 15 1 7 20 6 17 1 6 1 17 4 8 4 16 6 20 6 14 4 12 5 1 19 6 16 6 20 6 16 6 20 6 16 6 19
CS (118, 856) (162, 7681) - 1 5 12 4 12 5 1 17 4 6 2 6 2 6 4 16 4 6 2 6 2 6 4 16 6 18 6 16 6 19 1 5 14 4 10 4 12 4 10 4 14 4 8 4 15 1 6 1 18 1 6 1 15 4 8 4 15 1 6 1 18 1 6 1 15 4 8 4 14 4 10 4 12 4 10 4 14 5 1 19 6 16 6 18 6 16 4 6 2 6 2 6 4 16 4 6 2 6 2 6 4 17 1 5 12 4 12 5 1 18 1 5 12 4 12 5 1 18
OSO (27, 235) (163, 302) - 1 5 14 5 1 19 6 16 6 18 6 16 6 19 1 6 1 15 6 19 1 6 1 15 5 1 20
CS (64, 500) (163, 62) - 1 5 14 4 12 4 10 2 4 2 10 4 12 4 14 5 1 20 1 5 15 1 6 1 20 1 5 14 4 12 4 12 4 14 6 21 1 5 14 4 12 4 14 5 1 21 6 14 4 12 4 12 4 14 5 1 20 1 6 1 15 5 1 20
CS (74, 580) (163, 337) - 1 5 14 4 12 4 12 4 12 4 12 4 12 4 14 6 21 1 5 14 4 12 4 12 4 12 4 12 4 14 5 1 21 6 14 4 12 4 12 4 12 4 12 4 12 4 14 5 1 21 6 14 4 12 4 10 2 4 2 8 2 4 2 8 2 4 2 10 4 12 4 14 6 21
CS (92, 868) (163, 526) - 1 5 14 4 10 4 15 1 6 1 19 6 18 6 16 4 8 2 6 4 18 6 16 6 21 1 5 16 6 20 6 16 6 19 1 6 1 17 6 18 6 18 6 18 6 18 6 18 6 18 6 18 6 17 1 6 1 19 6 16 6 20 6 16 5 1 21 6 16 6 18 4 6 2 8 4 16 6 18 6 19 1 6 1 15 4 10 4 14 5 1 20
OSO (23, 165) (164, 376) - 1 5 14 4 12 4 10 2 4 2 6 2 8 4 16 6 19 1 5 14 5 1 20
OSO (25, 215) (164, 42) - 1 5 12 4 14 5 1 19 6 19 1 5 14 4 10 4 16 6 20 6 17 1 6 1 18
OSO (29, 243) (164, 68) - 1 5 14 4 12 4 12 4 14 5 1 20 1 5 14 4 12 4 12 4 14 6 21 1 5 15 1 7 21
CS (46, 388) (164, 8791) - 1 5 12 4 12 5 1 17 6 19 1 5 14 5 1 19 6 16 5 1 20 1 6 1 15 6 20 6 15 1 6 1 20 1 5 16 6 19 1 5 14 5 1 19 6 17
CS (60, 508) (164, 191) - 1 5 12 4 12 4 12 2 2 2 10 4 12 4 14 6 21 1 5 16 6 20 6 16 6 20 6 16 6 20 6 16 5 1 21 6 14 4 12 4 10 2 2 2 12 4 12 4 12 5 1 17 4 8 4 16 4 8 4 17
CS (66, 536) (164, 160) - 1 5 14 4 10 4 15 1 6 1 19 6 17 1 6 1 18 1 6 1 17 6 19 1 6 1 15 4 10 4 14 5 1 20 1 5 14 5 1 19 6 18 6 16 4 8 4 17 1 6 1 17 4 8 4 16 6 18 6 19 1 5 14 5 1 20
CS (78, 656) (164, 92) - 1 5 12 4 12 4 12 4 12 5 1 17 6 20 6 14 4 12 5 1 18 1 5 12 4 12 4 14 6 21 1 5 16 4 8 4 16 4 8 4 16 4 8 4 16 4 8 4 16 4 8 4 16 4 8 4 16 5 1 21 6 14 4 12 4 12 5 1 18 1 5 12 4 14 6 20 6 17
CS (78, 656) (164, 87) - 1 5 12 4 12 4 14 6 21 1 5 16 4 8 4 16 4 8 4 16 4 8 4 16 4 8 4 16 4 8 4 16 4 8 4 16 4 8 4 16 5 1 21 6 14 4 12 4 12 5 1 18 1 5 12 4 14 6 20 6 17 1 5 12 4 12 5 1 17 6 20 6 14 4 12 5 1 18
CS (80, 632) (164, 121) - 1 5 12 4 12 4 12 4 10 4 14 6 19 1 6 1 16 1 6 1 19 7 1 13 4 12 4 10 4 12 4 14 6 18 6 18 6 14 4 12 4 10 4 12 4 13 1 7 19 1 6 1 16 1 6 1 19 6 14 4 10 4 12 4 12 4 12 5 1 18 1 6 1 17 6 17 1 6 1 18
CS (84, 632) (164, 188) - 1 5 12 4 12 4 10 2 4 2 8 4 15 1 6 1 19 6 16 6 19 1 6 1 15 4 8 2 4 2 10 4 12 4 12 5 1 17 4 6 2 8 4 14 4 10 4 14 4 10 4 12 4 12 4 13 1 7 20 6 16 6 20 7 1 13 4 12 4 12 4 10 4 14 4 10 4 14 4 8 2 6 4 17
CS (88, 632) (164, 11) - 1 5 14 4 10 2 4 2 8 4 16 4 8 4 17 1 6 1 17 4 8 4 16 5 1 21 6 16 6 20 6 16 4 8 2 6 2 6 2 4 2 10 2 2 2 10 2 4 2 6 2 6 2 8 4 16 6 20 6 16 6 21 1 5 16 4 8 4 17 1 6 1 17 4 8 4 16 4 8 2 4 2 10 4 14 5 1 20
CS (88, 756) (164, 8) - 1 5 16 4 8 4 16 4 8 4 16 4 8 4 16 4 8 4 16 4 8 4 16 4 8 4 16 5 1 21 6 14 4 12 4 12 4 10 2 2 2 12 4 12 4 10 4 16 6 20 7 1 15 6 20 6 16 6 20 6 16 6 20 6 15 1 7 20 6 16 4 10 4 12 4 12 2 2 2 10 4 12 4 12 4 14 6 21
CS (92, 736) (164, 2508) - 1 5 12 5 1 17 6 18 4 6 2 6 2 6 4 18 6 17 1 5 12 5 1 17 6 19 1 5 14 5 1 19 6 16 5 1 20 1 5 14 5 1 19 6 16 4 8 2 4 2 8 4 16 6 19 1 5 14 5 1 19 6 16 4 8 2 4 2 8 4 16 6 19 1 5 14 5 1 20 1 5 16 6 19 1 5 14 5 1 19 6 17
CS (92, 756) (164, 19) - 1 5 12 4 14 6 19 1 6 1 15 4 8 2 6 4 16 6 18 6 17 1 6 1 17 6 18 6 16 4 6 2 8 4 15 1 6 1 19 6 14 4 12 5 1 19 6 16 6 19 1 5 14 5 1 19 6 16 4 6 2 8 4 14 4 10 4 12 4 12 4 10 4 14 4 8 2 6 4 16 6 19 1 5 14 5 1 19 6 16 6 19
CS (94, 688) (164, 20) - 1 5 12 2 2 2 8 2 4 2 6 2 8 4 12 4 12 4 10 4 14 6 19 1 6 1 15 4 8 4 15 1 6 1 19 6 14 4 10 4 12 4 12 4 8 2 6 2 4 2 8 2 2 2 12 5 1 19 6 14 4 10 4 12 4 12 4 10 4 14 6 18 6 17 1 6 1 17 6 18 6 14 4 10 4 12 4 12 4 10 4 14 6 19
CS (94, 756) (164, 11665) - 1 5 12 4 12 4 12 4 10 4 12 4 12 4 10 4 12 4 12 4 12 5 1 19 6 16 6 17 1 6 1 17 4 6 2 4 2 10 4 12 4 10 4 14 5 1 20 1 5 14 5 1 19 6 16 6 18 6 16 6 18 6 16 6 19 1 5 14 5 1 20 1 5 14 4 10 4 12 4 10 2 4 2 6 4 17 1 6 1 17 6 16 6 19
CS (108, 856) (164, 154) - 1 5 12 4 12 4 13 1 7 20 6 16 6 19 1 5 14 5 1 20 1 5 16 6 18 6 18 6 18 6 16 5 1 20 1 5 14 5 1 19 6 16 6 20 7 1 13 4 12 4 12 5 1 18 1 6 1 16 1 6 1 19 6 14 4 12 5 1 18 1 6 1 16 1 6 1 18 1 6 1 16 1 6 1 18 1 6 1 16 1 6 1 18 1 5 12 4 14 6 19 1 6 1 16 1 6 1 18
CS (126, 952) (164, 197) - 1 5 12 4 14 4 8 2 6 2 4 2 10 4 14 5 1 20 1 6 1 15 5 1 20 1 6 1 15 4 8 2 4 2 10 4 14 6 20 6 17 1 6 1 17 6 20 6 14 4 10 2 4 2 8 4 15 1 6 1 20 1 5 15 1 6 1 20 1 5 14 4 10 2 4 2 6 2 8 4 14 4 12 5 1 19 6 16 4 8 2 4 2 10 4 12 4 12 4 14 6 20 6 16 6 20 6 16 6 20 6 14 4 12 4 12 4 10 2 4 2 8 4 16 6 19
OSO (23, 161) (165, 558) - 1 5 10 2 4 2 8 2 4 2 8 4 16 6 19 1 5 14 5 1 19 6 17
CS (52, 388) (165, 58) - 1 5 12 2 2 2 10 4 14 4 10 2 2 2 12 5 1 19 6 17 1 6 1 19 6 16 5 1 20 1 6 1 15 4 10 4 15 1 6 1 20 1 5 16 6 19 1 6 1 17 6 19
CS (64, 516) (165, 8) - 1 5 12 2 2 2 10 2 2 2 12 5 1 19 6 17 1 6 1 19 6 16 4 10 4 14 5 1 19 6 18 6 19 1 6 1 15 4 10 4 15 1 6 1 19 6 18 6 19 1 5 14 4 10 4 16 6 19 1 6 1 17 6 19
CS (88, 652) (165, 35) - 1 5 12 4 10 2 2 2 10 2 2 2 10 4 12 5 1 17 4 6 2 6 2 6 4 16 4 6 2 8 4 14 6 20 7 1 15 6 18 6 17 1 6 1 17 6 16 5 1 20 1 5 14 5 1 20 1 5 16 6 17 1 6 1 17 6 18 6 15 1 7 20 6 14 4 8 2 6 4 16 4 6 2 6 2 6 4 17
OSO (15, 133) (166, 806) - 1 5 12 4 12 4 14 6 20 6 16 4 8 4 17
CS (48, 376) (166, 12) - 1 5 12 2 2 2 10 4 10 4 15 1 6 1 18 1 6 1 15 4 10 4 10 2 2 2 12 5 1 19 6 16 6 18 6 15 1 7 20 7 1 15 6 18 6 16 6 19
CS (56, 528) (166, 451) - 1 5 14 4 10 4 14 5 1 19 6 18 6 16 4 10 4 14 6 21 1 5 16 6 19 1 6 1 17 6 18 6 18 6 18 6 17 1 6 1 19 6 16 5 1 21 6 14 4 10 4 16 6 18 6 19
CS (62, 416) (166, 52) - 1 5 12 4 12 5 1 17 4 6 2 6 2 4 2 8 2 4 2 8 4 14 5 1 19 6 16 6 17 1 6 1 17 6 16 6 19 1 5 14 4 8 2 4 2 8 2 4 2 6 2 6 4 17 1 5 12 4 12 5 1 18
CS (74, 436) (166, 193) - 1 5 12 4 12 4 12 4 12 2 2 2 8 2 6 4 17 1 6 1 17 4 6 2 8 2 2 2 12 4 12 4 12 4 12 5 1 17 4 8 4 16 4 6 2 8 2 4 2 8 2 4 2 8 2 4 2 8 2 4 2 8 2 4 2 8 2 6 4 16 4 8 4 17
CS (76, 540) (166, 45) - 1 5 12 2 2 2 8 2 2 2 12 5 1 18 1 6 1 17 6 16 5 1 20 1 5 12 2 2 2 10 4 10 2 2 2 12 5 1 19 6 16 6 18 6 16 6 18 6 16 6 19 1 5 12 2 2 2 10 4 10 2 2 2 12 5 1 20 1 5 16 6 17 1 6 1 18
CS (80, 676) (166, 2) - 1 5 12 4 12 4 12 4 8 2 6 2 6 4 16 6 18 6 16 6 19 1 5 14 5 1 19 6 16 6 18 6 16 4 6 2 6 2 8 4 12 4 12 4 12 5 1 19 6 14 4 10 4 14 6 18 4 6 4 18 6 14 4 10 4 14 6 18 4 6 4 18 6 14 4 10 4 14 6 19
CS (100, 808) (166, 43) - 1 5 12 4 10 4 14 4 8 2 4 2 8 4 14 5 1 19 6 16 6 18 6 16 6 18 6 16 6 19 1 5 14 4 8 2 4 2 8 4 14 4 10 4 12 5 1 18 1 5 12 4 12 5 1 19 6 14 5 1 19 6 15 1 6 1 20 1 5 16 6 16 4 8 4 16 6 16 5 1 20 1 6 1 15 6 19 1 5 14 6 19 1 5 12 4 12 5 1 18
CS (100, 848) (166, 312) - 1 5 14 4 10 4 14 4 10 2 2 2 10 2 2 2 10 2 2 2 10 4 14 4 10 4 14 5 1 19 6 18 6 18 6 18 6 16 4 10 4 12 2 2 2 10 4 14 6 21 1 5 16 6 19 1 6 1 17 6 18 6 18 6 18 6 18 6 18 6 17 1 6 1 19 6 16 5 1 21 6 14 4 10 2 2 2 12 4 10 4 16 6 18 6 18 6 18 6 19
OSO (29, 215) (167, 3) - 1 5 14 4 8 2 4 2 8 2 4 2 6 2 6 2 6 4 16 6 18 6 16 6 18 6 16 6 19
OSO (37, 303) (167, 63) - 1 5 14 5 1 18 1 6 1 17 6 18 6 16 4 10 4 12 4 12 4 13 1 7 20 6 16 5 1 20 1 6 1 15 5 1 20
CS (60, 484) (167, 277) - 1 5 14 5 1 19 6 18 6 18 6 20 6 16 5 1 21 6 14 4 12 2 2 2 8 2 6 2 4 2 10 4 14 4 10 2 4 2 6 2 8 2 2 2 12 4 14 6 21 1 5 16 6 20 6 18 6 18 6 19
CS (62, 564) (167, 451) - 1 5 16 6 20 6 16 6 20 6 14 4 12 4 12 4 14 6 20 6 16 6 20 6 16 5 1 21 6 14 4 12 4 10 2 4 2 8 4 16 6 20 7 1 14 1 7 20 6 16 4 8 2 4 2 10 4 12 4 14 6 21
CS (64, 444) (167, 609) - 1 5 12 4 12 4 12 4 12 4 14 6 21 1 5 16 6 20 6 16 5 1 21 6 14 4 12 4 12 4 12 4 12 5 1 17 4 6 2 8 2 4 2 8 2 4 2 8 2 4 2 8 2 4 2 8 2 4 2 8 2 6 4 17
CS (76, 580) (167, 57) - 1 5 14 4 10 2 2 2 12 4 12 4 12 4 12 4 14 6 21 1 5 16 6 20 6 16 4 8 2 6 2 6 2 6 2 6 2 6 2 6 2 6 2 8 4 16 6 20 6 16 5 1 21 6 14 4 12 4 12 4 12 4 12 2 2 2 10 4 14 5 1 19 6 18 6 19
CS (100, 732) (167, 9) - 1 5 12 4 12 4 10 4 12 4 12 4 10 4 12 4 12 4 10 4 14 6 19 1 5 14 6 20 6 12 2 2 2 10 4 10 4 14 4 8 2 4 2 8 4 14 4 8 2 4 2 8 4 14 4 8 2 4 2 8 4 14 4 10 4 10 2 2 2 12 6 20 6 14 5 1 19 6 14 4 10 4 12 4 12 4 10 4 12 4 12 4 10 4 12 4 12 5 1 18
OSO (29, 287) (168, 2) - 1 5 16 6 20 6 14 4 12 4 10 4 16 6 18 6 18 6 18 6 16 4 10 4 12 4 14 6 21
CS (46, 416) (168, 6) - 1 5 14 4 12 4 14 4 12 4 12 4 14 4 12 4 14 5 1 19 6 20 6 18 6 21 1 5 17 1 6 1 18 1 6 1 17 5 1 21 6 18 6 20 6 19
CS (54, 404) (168, 84) - 1 5 12 2 2 2 10 4 14 6 20 6 17 1 5 12 5 1 17 6 20 6 14 4 10 2 2 2 12 5 1 19 6 16 4 8 2 4 2 10 4 12 4 12 4 10 2 4 2 8 4 16 6 19
CS (58, 396) (168, 41) - 1 5 12 2 2 2 10 4 10 2 4 2 6 2 6 2 6 4 17 1 5 12 4 12 5 1 17 4 6 2 6 2 6 2 4 2 10 4 10 2 2 2 12 5 1 19 6 16 6 18 6 16 6 18 6 16 6 19
CS (68, 608) (168, 58) - 1 5 16 4 8 4 18 6 17 1 6 1 18 1 6 1 17 6 18 4 8 4 16 5 1 21 6 16 6 20 6 17 1 6 1 17 5 1 21 6 16 5 1 21 7 1 14 1 7 21 1 5 16 6 21 1 5 17 1 6 1 17 6 20 6 16 6 21
CS (72, 508) (168, 6929) - 1 5 14 5 1 19 6 14 4 10 4 14 6 18 6 18 7 1 13 4 10 4 12 4 10 2 4 2 6 2 4 2 10 4 10 2 2 2 10 2 2 2 10 4 10 2 4 2 6 2 4 2 10 4 12 4 10 4 13 1 7 18 6 18 6 14 4 10 4 14 6 19
CS (84, 728) (168, 15422) - 1 5 14 4 8 2 6 4 16 6 19 1 5 14 6 20 6 15 1 7 20 6 16 6 18 6 17 1 6 1 17 6 18 6 16 6 20 7 1 15 6 20 6 14 5 1 19 6 16 4 6 2 8 4 14 5 1 19 6 16 4 6 2 8 4 14 4 10 4 12 4 12 4 10 4 14 4 8 2 6 4 16 6 19
CS (96, 732) (168, 130) - 1 5 12 4 10 4 14 4 8 4 16 6 18 6 14 4 10 4 14 6 19 1 5 12 4 12 4 12 5 1 19 6 14 4 10 4 14 6 18 6 16 4 8 4 14 4 10 4 12 5 1 17 4 6 2 6 2 6 4 16 4 6 2 6 2 6 2 6 4 16 6 18 6 16 6 18 6 16 4 6 2 6 2 6 2 6 4 16 4 6 2 6 2 6 4 17
CS (100, 960) (168, 96710) - 1 5 14 6 20 6 14 5 1 19 6 16 6 18 6 16 6 18 6 16 6 18 6 16 6 19 1 5 14 6 20 6 14 5 1 19 6 16 6 18 6 16 6 18 6 16 6 18 6 16 6 19 1 5 14 6 20 6 14 5 1 20 1 5 15 1 6 1 19 6 15 1 6 1 19 6 16 6 16 4 8 4 16 6 16 6 19 1 6 1 15 6 19 1 6 1 15 5 1 20
CS (120, 1048) (168, 11538) - 1 5 12 4 14 6 20 6 16 6 18 6 19 1 5 14 4 10 4 14 5 1 19 6 17 1 6 1 17 6 19 1 5 14 4 10 4 14 5 1 19 6 17 1 6 1 17 6 19 1 5 14 4 10 4 14 5 1 19 6 18 6 16 6 20 6 14 4 12 5 1 18 1 6 1 16 1 6 1 19 6 15 1 7 21 1 5 16 6 20 6 14 4 10 4 14 4 10 4 14 6 20 6 16 5 1 21 7 1 15 6 19 1 6 1 16 1 6 1 18
CS (140, 1032) (168, 426) - 1 5 12 2 2 2 8 4 15 1 6 1 18 1 6 1 15 4 8 4 15 1 6 1 18 1 6 1 15 5 1 20 1 5 14 4 10 4 12 4 10 4 14 5 1 20 1 5 14 4 10 4 12 4 10 4 14 5 1 20 1 5 15 1 6 1 18 1 6 1 15 4 8 4 15 1 6 1 18 1 6 1 15 4 8 2 2 2 12 5 1 18 1 6 1 16 1 6 1 17 6 18 6 14 4 10 4 14 6 18 6 16 4 8 4 14 4 8 4 16 6 18 6 14 4 10 4 14 6 18 6 17 1 6 1 16 1 6 1 18
OSO (27, 209) (169, 7) - 1 5 14 4 10 2 2 2 12 4 12 4 14 5 1 21 6 14 4 12 4 12 4 14 5 1 20
CS (60, 488) (169, 357) - 1 5 14 4 10 4 12 4 10 4 14 5 1 20 1 5 14 5 1 19 6 16 6 18 6 15 1 7 19 1 6 1 16 1 6 1 18 1 6 1 16 1 6 1 19 7 1 15 6 18 6 16 6 19 1 5 14 5 1 20
CS (80, 624) (169, 105) - 1 5 12 4 14 5 1 20 1 5 14 5 1 20 1 5 15 1 6 1 21 7 1 15 4 10 4 14 5 1 20 1 5 14 4 10 4 15 1 7 21 1 6 1 15 5 1 20 1 5 14 5 1 20 1 5 14 4 12 5 1 19 6 16 5 1 20 1 6 1 16 1 6 1 20 1 5 16 6 19
CS (124, 880) (169, 141333) - 1 5 12 4 12 4 10 2 2 2 10 4 12 4 10 2 4 4 17 1 6 1 16 1 6 1 17 4 6 4 17 1 6 1 16 1 6 1 17 4 4 2 10 4 12 4 10 2 2 2 10 4 12 4 12 5 1 19 6 14 4 8 2 6 4 16 6 17 1 6 1 17 6 16 4 6 2 8 4 14 6 19 1 5 12 4 12 4 10 2 2 2 10 4 12 4 12 5 1 19 6 14 4 8 2 6 4 16 6 17 1 6 1 17 6 16 4 6 2 8 4 14 6 19
OSO (35, 321) (170, 20) - 1 5 14 4 10 4 16 6 20 6 16 6 20 6 17 1 6 1 18 1 6 1 17 6 19 1 5 14 5 1 19 6 18 6 19
OSO (37, 293) (170, 18904) - 1 5 14 4 10 4 12 4 12 4 10 4 14 6 20 7 1 15 6 18 6 17 1 6 1 16 1 6 1 18 1 6 1 15 5 1 20
OSO (37, 301) (170, 42) - 1 5 12 4 14 4 10 4 14 4 10 4 16 6 19 1 6 1 16 1 6 1 19 6 18 6 17 1 6 1 19 6 17 1 6 1 18
OSO (37, 315) (170, 52) - 1 5 12 4 14 5 1 20 1 5 14 4 10 4 16 6 19 1 6 1 17 6 20 6 16 6 20 6 17 1 6 1 18 1 6 1 18
CS (42, 340) (170, 229) - 1 5 14 4 8 2 6 4 16 6 19 1 5 14 4 10 4 12 4 12 4 10 4 14 5 1 19 6 16 4 6 2 8 4 14 5 1 19 6 16 6 19
CS (50, 500) (170, 87) - 1 5 16 6 20 6 16 6 20 6 16 6 20 6 16 6 20 6 16 5 1 21 6 14 4 12 4 10 4 16 6 20 7 1 13 4 13 1 7 20 6 16 4 10 4 12 4 14 6 21
CS (64, 504) (170, 126) - 1 5 12 2 2 2 10 4 14 4 10 2 2 2 12 5 1 18 1 6 1 17 6 20 6 16 5 1 21 6 15 1 7 21 1 5 15 1 6 1 20 1 6 1 15 5 1 21 7 1 15 6 21 1 5 16 6 20 6 17 1 6 1 18
CS (68, 468) (170, 328) - 1 5 14 4 10 2 4 2 6 2 6 2 6 2 6 4 18 6 17 1 6 1 17 6 18 4 6 2 6 2 6 2 6 2 4 2 10 4 14 5 1 19 6 18 6 16 4 8 2 4 2 10 4 12 4 12 4 10 2 4 2 8 4 16 6 18 6 19
CS (68, 548) (170, 535) - 1 5 12 4 10 2 2 2 10 4 14 6 18 6 16 6 19 1 5 14 6 20 6 14 6 20 6 14 6 20 6 14 5 1 19 6 16 6 18 6 14 4 10 2 2 2 10 4 12 5 1 17 4 6 2 6 2 6 4 16 4 6 2 6 2 6 4 17
CS (68, 588) (170, 278) - 1 5 10 2 4 2 8 4 16 6 18 6 18 6 18 6 17 1 6 1 17 6 18 6 18 6 18 6 16 4 8 2 4 2 10 5 1 17 6 18 6 18 6 18 6 16 4 8 2 4 2 10 4 10 2 4 2 8 4 16 6 18 6 18 6 18 6 17
CS (86, 644) (170, 86) - 1 5 12 4 12 4 12 4 8 2 6 4 16 4 6 2 6 2 4 2 10 4 10 2 4 2 6 2 6 4 16 4 6 2 8 4 12 4 12 4 12 5 1 19 6 16 6 16 4 8 4 16 6 16 4 6 2 8 4 14 5 1 19 6 16 6 19 1 5 14 4 8 2 6 4 16 6 16 4 8 4 16 6 16 6 19
CS (86, 696) (170, 1013) - 1 5 14 4 10 2 4 2 8 4 16 4 8 4 17 1 6 1 17 6 20 6 16 5 1 21 6 14 4 12 4 12 4 14 6 21 1 5 16 6 20 6 17 1 6 1 17 4 8 4 16 4 8 2 4 2 10 4 14 5 1 19 6 18 4 6 2 6 2 8 4 16 6 20 6 16 4 8 2 6 2 6 4 18 6 19
CS (88, 788) (170, 410) - 1 5 14 4 10 4 14 4 10 4 12 4 14 6 20 6 16 6 18 6 19 1 5 14 4 10 4 14 5 1 19 6 18 6 16 6 20 6 14 4 12 4 10 4 14 4 10 4 14 5 1 19 6 18 6 16 6 20 6 16 6 18 4 6 2 6 2 6 2 6 2 6 2 6 2 6 4 18 6 16 6 20 6 16 6 18 6 19
CS (108, 772) (170, 78) - 1 5 14 4 12 4 10 4 16 6 19 1 6 1 17 6 18 6 18 6 19 1 5 14 5 1 19 6 18 6 18 6 17 1 6 1 19 6 16 4 10 4 12 4 14 5 1 20 1 6 1 15 4 10 4 14 4 10 4 14 4 8 2 6 2 6 2 6 2 6 2 6 2 6 2 6 2 6 2 6 2 6 2 6 2 6 2 6 2 6 2 6 2 8 4 14 4 10 4 14 4 10 4 15 1 6 1 20
CS (120, 1148) (170, 91) - 1 5 12 4 14 6 20 6 17 1 6 1 17 6 20 6 14 4 12 4 10 2 2 2 12 4 10 4 16 6 18 6 19 1 5 14 5 1 19 6 18 6 16 4 10 4 12 2 2 2 10 4 12 4 14 6 20 6 17 1 6 1 17 6 20 6 14 4 12 5 1 19 6 16 6 20 6 16 6 20 6 16 6 19 1 6 1 17 6 18 6 18 6 18 6 18 6 18 6 18 6 18 6 17 1 6 1 19 6 16 6 20 6 16 6 20 6 16 6 19
CS (168, 1380) (170, 1) - 1 5 12 4 14 5 1 20 1 5 14 5 1 20 1 5 14 4 12 4 10 4 15 1 6 1 20 1 5 14 4 12 5 1 19 6 16 4 8 4 17 1 6 1 17 6 20 6 14 4 12 5 1 19 6 16 6 20 6 16 4 8 4 16 6 20 6 16 6 19 1 5 12 4 14 6 20 6 17 1 6 1 17 4 8 4 16 6 19 1 5 12 4 14 5 1 20 1 6 1 15 4 10 4 12 4 14 5 1 20 1 5 14 5 1 20 1 5 14 4 12 5 1 19 6 16 5 1 21 7 1 15 6 20 6 16 4 8 2 4 2 8 2 4 2 8 2 4 2 8 2 4 2 8 4 16 6 20 6 15 1 7 21 1 5 16 6 19
OSO (25, 163) (171, 436) - 1 5 12 4 12 4 10 2 4 2 6 2 8 4 14 4 10 4 14 4 8 2 6 4 17
OSO (27, 241) (171, 210) - 1 5 14 4 10 4 16 6 20 6 16 5 1 21 6 14 4 12 4 12 4 12 4 14 5 1 20
OSO (27, 267) (171, 221) - 1 5 12 4 14 6 20 6 16 5 1 21 6 14 4 12 5 1 19 6 16 6 20 6 16 6 19
OSO (29, 229) (171, 8) - 1 5 12 4 14 5 1 20 1 5 16 6 20 6 16 5 1 20 1 5 14 4 10 2 4 2 8 4 17
OSO (33, 251) (171, 102) - 1 5 14 4 12 4 10 4 16 6 18 4 6 2 6 2 8 4 14 4 10 4 15 1 6 1 20 1 5 15 1 7 21
OSO (33, 267) (171, 51) - 1 5 12 4 14 6 20 6 16 4 8 4 17 1 6 1 17 6 19 1 6 1 16 1 6 1 19 6 17 1 6 1 18
CS (44, 420) (172, 509) - 1 5 12 4 14 6 18 6 18 6 14 4 12 5 1 19 6 14 4 10 4 14 6 20 7 1 15 6 18 6 18 6 15 1 7 20 6 14 4 10 4 14 6 19
CS (56, 412) (172, 772) - 1 5 12 2 2 2 10 2 2 2 10 4 14 4 10 4 14 4 10 4 14 4 10 2 2 2 10 2 2 2 12 5 1 19 6 18 6 16 4 10 4 14 5 1 20 1 5 14 4 10 4 16 6 18 6 19
CS (60, 600) (172, 53) - 1 5 14 4 10 4 16 6 20 6 16 5 1 21 7 1 15 6 21 1 5 16 5 1 21 6 15 1 7 21 1 5 16 6 20 6 16 4 10 4 14 5 1 19 6 18 6 18 6 20 6 16 6 20 6 18 6 18 6 19
CS (64, 516) (172, 352) - 1 5 12 2 2 2 10 4 15 1 6 1 19 6 18 6 18 6 18 6 19 1 6 1 15 4 10 2 2 2 12 5 1 19 6 17 1 6 1 19 6 16 4 10 4 14 5 1 20 1 5 14 4 10 4 16 6 19 1 6 1 17 6 19
CS (74, 628) (172, 123) - 1 5 12 4 14 6 21 1 5 16 6 20 7 1 13 4 12 4 12 4 12 4 12 4 12 4 13 1 7 20 6 16 5 1 21 6 14 4 12 5 1 18 1 6 1 17 4 8 4 16 6 20 7 1 13 4 12 4 12 4 13 1 7 20 6 16 4 8 4 17 1 6 1 18
CS (74, 628) (172, 283) - 1 5 12 4 14 6 21 1 5 16 6 20 7 1 13 4 12 4 12 4 12 4 12 4 12 4 12 4 12 4 12 4 13 1 7 20 6 16 5 1 21 6 14 4 12 5 1 18 1 6 1 17 4 8 4 16 6 20 7 1 14 1 7 20 6 16 4 8 4 17 1 6 1 18
CS (78, 612) (172, 1939) - 1 5 12 4 12 5 1 18 1 6 1 15 4 8 4 15 1 6 1 19 7 1 14 1 7 20 6 14 5 1 19 6 16 6 16 4 8 4 15 1 6 1 18 1 6 1 15 4 8 4 16 6 16 6 19 1 5 14 6 20 7 1 14 1 7 19 1 6 1 15 4 8 4 15 1 6 1 18
CS (84, 676) (172, 198) - 1 5 12 4 14 6 20 6 14 4 12 5 1 19 6 16 6 18 6 18 6 18 6 16 6 20 7 1 13 4 12 4 10 2 4 2 6 2 6 2 6 2 4 2 10 4 12 4 12 4 12 4 10 2 4 2 6 2 6 2 6 2 4 2 10 4 12 4 13 1 7 20 6 16 6 18 6 18 6 18 6 16 6 19
CS (88, 652) (172, 213) - 1 5 12 2 2 2 10 2 2 2 12 5 1 19 6 17 1 6 1 18 1 6 1 17 6 19 1 6 1 15 4 12 5 1 19 6 17 1 6 1 18 1 6 1 17 6 19 1 6 1 16 1 6 1 19 6 17 1 6 1 18 1 6 1 17 6 19 1 5 12 4 15 1 6 1 19 6 17 1 6 1 18 1 6 1 17 6 19
CS (88, 700) (172, 85309) - 1 5 12 4 12 4 12 5 1 19 6 16 6 16 4 8 4 16 6 16 6 19 1 5 12 4 12 4 12 5 1 19 7 1 13 4 10 4 14 6 19 1 6 1 15 6 20 7 1 15 4 6 2 8 4 14 4 8 2 4 2 8 4 14 4 8 2 6 4 15 1 7 20 6 15 1 6 1 19 6 14 4 10 4 13 1 7 19
CS (90, 840) (172, 389) - 1 5 16 5 1 21 6 14 4 12 4 12 4 12 4 12 4 14 6 21 1 5 16 5 1 21 6 16 6 20 6 16 5 1 21 6 14 4 12 4 12 4 12 4 12 4 12 4 12 4 14 6 21 1 5 16 6 20 6 16 5 1 21 6 14 4 12 4 12 4 12 4 12 4 12 4 12 4 14 6 21 1 5 16 6 20 6 16 6 21
CS (92, 684) (172, 72894) - 1 5 12 4 12 4 10 4 12 4 12 4 10 4 13 1 7 18 4 4 2 10 4 12 4 10 4 14 5 1 20 1 5 14 4 10 4 12 4 10 4 14 5 1 20 1 5 14 4 10 4 12 4 10 2 4 4 18 7 1 13 4 10 4 12 4 12 4 10 4 12 4 12 5 1 18 1 5 12 4 12 5 1 18 1 5 12 4 12 5 1 18
CS (92, 732) (172, 114) - 1 5 14 6 20 6 12 2 2 2 10 4 10 2 2 2 10 2 2 2 10 4 10 2 2 2 12 6 20 6 14 5 1 19 6 15 1 6 1 19 6 14 4 10 4 12 4 10 4 14 6 20 7 1 15 6 18 6 17 1 6 1 16 1 6 1 17 6 18 6 15 1 7 20 6 14 4 10 4 12 4 10 4 14 6 19 1 6 1 15 6 19
CS (94, 780) (172, 830) - 1 5 12 4 12 4 10 4 14 6 19 1 5 14 5 1 19 6 16 6 17 1 6 1 17 6 16 6 19 1 5 14 5 1 19 6 14 4 10 4 12 4 12 5 1 18 1 5 12 4 12 5 1 17 4 6 2 6 2 6 4 16 6 18 6 16 6 18 6 16 6 18 6 16 6 18 6 16 4 6 2 6 2 6 4 17 1 5 12 4 12 5 1 18
CS (116, 880) (172, 411) - 1 5 12 4 14 5 1 20 1 5 14 4 12 4 12 4 12 4 12 4 14 6 21 1 5 15 1 7 21 1 5 14 4 12 4 12 4 12 4 14 5 1 21 7 1 15 5 1 21 6 14 4 12 4 12 4 12 4 12 4 14 5 1 20 1 5 14 4 12 5 1 17 4 8 2 4 2 10 4 14 5 1 20 1 5 14 4 10 2 4 2 8 4 16 4 8 2 4 2 10 4 14 5 1 20 1 5 14 4 10 2 4 2 8 4 17
CS (126, 1044) (172, 238) - 1 5 14 6 20 7 1 15 6 18 6 16 4 6 2 8 4 14 4 8 4 16 6 18 6 15 1 7 20 7 1 15 6 18 6 16 4 8 4 14 4 8 2 6 4 16 6 18 6 15 1 7 20 6 14 5 1 20 1 5 15 1 7 20 6 15 1 7 20 6 15 1 6 1 19 6 16 6 17 1 6 1 17 4 6 2 6 2 4 2 10 4 10 2 4 2 6 2 6 4 17 1 6 1 17 6 16 6 19 1 6 1 15 6 20 7 1 15 6 20 7 1 15 5 1 20
OSO (29, 183) (173, 34) - 1 7 20 6 16 6 18 4 6 2 6 2 6 2 6 2 6 2 6 2 6 2 4 2 10 4 12 4 13
CS (64, 580) (173, 162) - 1 5 16 5 1 21 6 16 6 20 6 16 6 20 6 16 5 1 21 6 14 4 12 4 10 2 4 2 8 4 16 4 8 4 16 4 8 4 16 4 8 2 4 2 10 4 12 4 14 6 21 1 5 16 6 20 6 16 6 20 6 16 6 21
CS (68, 540) (173, 153) - 1 5 14 4 10 2 2 2 12 4 10 4 16 6 18 6 19 1 5 14 4 10 4 14 4 10 4 14 4 10 4 14 4 10 4 14 4 10 4 14 4 10 4 14 4 10 4 14 5 1 19 6 18 6 16 4 10 4 12 2 2 2 10 4 14 5 1 20
CS (68, 596) (173, 144) - 1 5 14 4 10 4 16 6 18 6 19 1 5 14 5 1 20 1 5 14 4 10 4 16 6 19 1 5 14 5 1 20 1 5 14 5 1 19 6 16 4 10 4 14 5 1 20 1 5 14 5 1 19 6 18 6 16 4 10 4 14 5 1 19 6 18 6 19
CS (76, 616) (173, 368) - 1 5 12 5 1 17 6 18 6 14 4 10 4 14 6 19 1 5 14 5 1 20 1 5 16 6 16 4 8 4 15 1 6 1 18 1 6 1 15 4 8 4 15 1 6 1 18 1 6 1 15 4 8 4 16 6 16 5 1 20 1 5 14 5 1 19 6 14 4 10 4 14 6 18 6 17
OSO (25, 181) (174, 229) - 1 5 12 4 12 4 14 5 1 20 1 5 14 4 10 2 4 2 8 4 16 4 8 4 17
CS (56, 428) (174, 4) - 1 5 12 4 12 6 19 1 6 1 15 6 19 1 5 14 5 1 19 6 15 1 6 1 19 6 12 4 12 5 1 18 1 6 1 17 6 14 4 10 4 10 2 2 2 10 4 10 4 14 6 17 1 6 1 18
CS (62, 436) (174, 1070) - 1 5 12 4 12 4 12 4 12 2 2 2 8 2 6 4 17 1 6 1 17 4 6 2 8 2 2 2 12 4 12 4 12 4 12 5 1 17 4 8 4 16 4 8 4 16 4 8 4 16 4 8 4 16 4 8 4 16 4 8 4 17
CS (64, 568) (174, 37) - 1 5 14 6 19 1 6 1 16 1 6 1 17 6 18 6 16 6 18 6 17 1 6 1 16 1 6 1 19 6 14 5 1 19 6 15 1 6 1 19 6 16 6 18 6 15 1 7 20 7 1 15 6 18 6 16 6 19 1 6 1 15 6 19
CS (64, 600) (174, 53) - 1 5 14 6 19 1 6 1 15 4 8 4 15 1 6 1 19 6 14 5 1 19 6 16 6 16 4 8 4 16 6 16 6 19 1 5 14 6 20 6 14 6 20 6 14 6 20 6 14 5 1 19 6 16 6 16 4 8 4 16 6 16 6 19
CS (72, 520) (174, 86) - 1 5 12 2 2 2 10 4 12 4 10 2 2 2 12 5 1 19 6 16 4 6 2 8 4 14 5 1 19 6 17 1 5 12 5 1 17 6 19 1 5 14 4 8 2 6 4 16 6 19 1 5 12 2 2 2 10 4 12 4 10 2 2 2 12 5 1 19 6 16 6 19
CS (80, 648) (174, 7) - 1 5 14 4 10 2 2 2 10 4 14 4 10 4 12 4 14 6 19 1 6 1 16 1 6 1 19 6 14 4 12 4 10 4 14 4 10 2 2 2 10 4 14 5 1 19 6 18 6 16 4 8 4 16 4 8 4 16 6 19 1 5 14 5 1 19 6 16 4 8 4 16 4 8 4 16 6 18 6 19
CS (84, 636) (174, 126) - 1 5 12 2 2 2 10 4 12 4 12 4 12 4 10 2 2 2 12 5 1 18 1 6 1 17 6 18 6 16 4 8 2 4 2 10 4 12 5 1 17 6 19 1 5 14 5 1 19 6 16 4 8 4 16 6 19 1 5 14 5 1 19 6 17 1 5 12 4 10 2 4 2 8 4 16 6 18 6 17 1 6 1 18
CS (84, 668) (174, 86) - 1 5 12 4 14 4 8 2 6 4 18 6 16 4 8 2 6 4 17 1 6 1 18 1 5 12 4 14 6 20 6 17 1 6 1 17 6 20 6 14 4 12 5 1 18 1 6 1 17 4 6 2 8 4 16 6 18 4 6 2 8 4 14 4 12 5 1 19 6 16 4 8 4 17 1 6 1 17 4 8 4 16 6 19
CS (88, 596) (174, 350) - 1 5 12 5 1 17 6 18 6 14 4 10 4 14 6 18 6 18 7 1 13 4 10 4 12 4 12 4 8 2 6 2 4 2 8 2 4 2 6 2 6 2 6 2 4 2 8 2 4 2 6 2 6 2 6 2 4 2 8 2 4 2 6 2 8 4 12 4 12 4 10 4 13 1 7 18 6 18 6 14 4 10 4 14 6 18 6 17
CS (96, 668) (174, 439) - 1 5 12 4 12 2 2 2 8 2 6 4 17 1 6 1 17 4 6 2 8 2 2 2 12 4 12 5 1 18 1 6 1 17 4 6 2 8 4 16 6 18 4 6 2 8 4 14 4 12 5 1 19 6 16 4 8 2 6 4 17 1 6 1 17 4 6 2 8 4 16 6 19 1 5 12 4 14 4 8 2 6 4 18 6 16 4 8 2 6 4 17 1 6 1 18
CS (98, 744) (174, 1490) - 1 5 12 4 12 4 12 4 12 4 12 4 12 4 12 4 12 4 12 4 12 5 1 17 4 8 4 16 4 6 2 8 2 4 2 8 4 16 6 20 6 14 4 12 5 1 18 1 6 1 18 1 5 12 4 14 6 20 6 16 4 8 2 4 2 8 2 6 4 16 4 8 4 17 1 5 12 4 12 4 12 4 12 4 12 4 12 4 12 4 12 4 12 4 12 5 1 18
CS (130, 1108) (174, 30) - 1 5 12 4 14 6 20 6 16 6 19 1 5 14 5 1 19 6 17 1 6 1 17 6 19 1 5 14 4 10 4 14 5 1 19 6 17 1 6 1 17 6 19 1 5 14 4 10 4 14 5 1 19 6 17 1 6 1 17 6 19 1 5 14 5 1 19 6 16 6 20 6 14 4 12 5 1 18 1 6 1 17 6 18 6 17 1 6 1 17 6 19 1 5 14 5 1 19 6 16 4 8 2 4 2 8 4 16 6 19 1 5 14 5 1 19 6 17 1 6 1 17 6 18 6 17 1 6 1 18
OSO (43, 267) (175, 190) - 1 5 10 2 4 2 6 2 6 2 6 2 4 2 8 2 4 2 8 4 14 5 1 20 1 5 14 4 10 4 12 4 10 2 2 2 10 4 14 6 18 6 17
CS (56, 444) (175, 364) - 1 5 16 4 8 4 16 4 8 2 4 2 8 2 6 4 17 1 6 1 17 4 6 2 8 2 4 2 8 4 16 4 8 4 16 5 1 21 6 16 6 20 6 14 4 12 4 12 4 14 6 20 6 16 6 21
CS (58, 444) (175, 174) - 1 5 14 5 1 19 6 14 4 10 2 2 2 10 4 12 4 10 2 2 2 10 4 14 6 19 1 5 14 5 1 20 1 5 16 6 17 1 6 1 17 6 17 1 6 1 17 6 17 1 6 1 17 6 16 5 1 20
CS (60, 472) (175, 57) - 1 5 14 4 10 2 2 2 12 4 12 4 12 2 2 2 10 4 14 5 1 19 6 18 4 6 2 8 4 16 5 1 21 6 16 5 1 21 7 1 14 1 7 21 1 5 16 6 21 1 5 16 4 8 2 6 4 18 6 19
CS (88, 736) (175, 136) - 1 5 14 4 10 4 14 4 10 4 14 4 10 4 14 4 10 4 14 5 1 19 6 18 6 16 4 10 4 14 5 1 20 1 5 14 4 10 4 15 1 6 1 20 1 5 16 6 19 1 6 1 17 6 18 6 17 1 6 1 19 6 16 5 1 20 1 6 1 15 4 10 4 14 5 1 20 1 5 14 4 10 4 16 6 18 6 19
CS (52, 364) (176, 87) - 1 5 12 4 12 4 10 4 14 6 19 1 5 12 4 12 4 12 4 8 2 6 2 4 2 8 2 4 2 6 2 8 4 12 4 12 4 12 5 1 19 6 14 4 10 4 12 4 12 5 1 18
CS (52, 388) (176, 298) - 1 5 14 4 10 2 4 2 8 4 16 6 21 1 5 16 4 8 2 6 2 6 4 18 6 18 4 6 2 6 2 8 4 16 5 1 21 6 16 4 8 2 4 2 10 4 14 5 1 19 6 19
CS (54, 476) (176, 172) - 1 5 16 6 20 6 16 6 20 6 17 1 6 1 17 6 20 6 16 6 20 6 16 5 1 21 6 14 4 12 4 10 2 4 2 8 4 16 4 8 4 16 4 8 2 4 2 10 4 12 4 14 6 21
CS (62, 560) (176, 61) - 1 6 1 15 4 8 2 4 2 8 4 15 1 6 1 19 6 14 4 10 4 14 6 20 7 1 15 6 18 6 18 6 16 6 18 6 17 1 6 1 17 6 18 6 16 6 18 6 18 6 15 1 7 20 6 14 4 10 4 14 6 19
CS (64, 564) (176, 406) - 1 5 12 5 1 17 4 6 2 8 4 16 6 20 7 1 15 6 20 6 16 5 1 21 6 15 1 7 20 6 17 1 6 1 18 1 6 1 17 6 20 7 1 15 6 21 1 5 16 6 20 6 15 1 7 20 6 16 4 8 2 6 4 17
CS (66, 556) (176, 512) - 1 5 12 2 2 2 10 4 14 5 1 19 6 18 6 17 1 6 1 17 6 18 6 19 1 5 14 4 10 2 2 2 12 5 1 19 6 16 5 1 20 1 5 14 5 1 19 6 16 6 20 6 16 6 19 1 5 14 5 1 20 1 5 16 6 19
CS (72, 600) (176, 507) - 1 5 14 4 8 2 4 2 8 4 15 1 6 1 17 6 18 6 14 4 10 4 14 6 18 6 17 1 6 1 15 4 8 2 4 2 8 4 14 5 1 19 6 16 6 18 6 14 4 10 4 14 6 19 1 5 14 5 1 19 6 14 4 10 4 14 6 18 6 16 6 19
CS (72, 628) (176, 349) - 1 5 14 5 1 19 6 16 4 6 2 8 4 14 4 8 2 6 4 16 6 19 1 5 14 5 1 20 1 5 15 1 6 1 19 6 16 6 18 6 18 6 15 1 7 20 6 14 4 10 4 14 6 20 7 1 15 6 18 6 18 6 16 6 19 1 6 1 15 5 1 20
CS (74, 492) (176, 95) - 1 5 14 4 10 2 2 2 12 4 12 4 12 4 12 4 12 2 2 2 10 4 14 5 1 20 1 5 15 1 6 1 20 1 5 14 4 12 4 10 2 4 2 8 2 6 4 17 1 6 1 17 4 6 2 8 2 4 2 10 4 12 4 14 5 1 20 1 6 1 15 5 1 20
CS (76, 508) (176, 97) - 1 5 14 4 10 4 15 1 6 1 20 1 6 1 15 4 10 4 14 5 1 19 6 18 4 6 2 6 2 8 4 15 1 6 1 21 7 1 15 4 8 2 6 2 6 2 6 2 6 2 6 2 6 2 6 2 8 4 15 1 7 21 1 6 1 15 4 8 2 6 2 6 4 18 6 19
CS (76, 624) (176, 120) - 1 5 14 4 10 4 15 1 6 1 19 6 16 6 20 6 16 6 19 1 6 1 15 4 10 4 14 5 1 19 6 18 6 16 4 8 2 6 2 4 2 10 4 14 6 21 1 5 16 4 8 4 16 4 8 4 16 5 1 21 6 14 4 10 2 4 2 6 2 8 4 16 6 18 6 19
CS (84, 680) (176, 41) - 1 5 14 4 10 2 4 2 8 4 16 6 19 1 6 1 17 6 18 6 20 7 1 15 6 20 6 16 4 10 4 12 2 2 2 10 4 14 4 10 4 14 4 10 4 14 4 10 2 2 2 12 4 10 4 16 6 20 6 15 1 7 20 6 18 6 17 1 6 1 19 6 16 4 8 2 4 2 10 4 14 5 1 20
CS (84, 716) (176, 25936) - 1 5 10 2 4 2 8 4 16 6 18 6 18 6 18 6 16 4 8 4 17 1 5 12 4 12 4 12 4 12 4 12 5 1 17 4 8 4 16 6 18 6 18 6 18 6 16 4 8 2 4 2 10 5 1 17 6 18 6 18 6 18 6 16 4 8 2 4 2 8 2 4 2 8 4 16 6 18 6 18 6 18 6 17
CS (88, 572) (176, 337) - 1 5 12 2 2 2 10 2 2 2 10 2 4 2 6 2 8 4 16 6 20 6 16 4 8 2 6 2 4 2 10 2 2 2 10 2 2 2 12 5 1 19 6 16 4 8 2 6 2 6 2 6 2 8 4 14 4 12 4 12 5 1 17 6 20 6 17 1 5 12 4 12 4 14 4 8 2 6 2 6 2 6 2 8 4 16 6 19
CS (96, 948) (176, 136) - 1 5 12 4 12 4 14 6 20 6 17 1 6 1 17 6 20 7 1 15 6 20 6 16 6 20 6 16 6 20 6 16 6 20 6 16 6 20 6 16 6 20 6 16 6 20 6 16 6 20 6 15 1 7 20 6 17 1 6 1 17 6 20 6 14 4 12 4 12 5 1 18 1 5 12 4 14 6 20 6 17 1 5 12 5 1 17 6 20 6 14 4 12 5 1 18
CS (120, 892) (176, 69) - 1 5 10 2 4 2 6 2 6 2 4 2 10 5 1 17 6 16 4 8 4 14 4 8 2 6 4 15 1 6 1 18 1 6 1 15 4 8 4 14 4 10 4 12 5 1 17 6 18 6 14 4 10 4 14 6 18 6 17 1 6 1 16 1 6 1 17 6 17 1 6 1 16 1 6 1 17 6 18 6 14 4 10 4 14 6 18 6 17 1 5 12 4 10 4 14 4 8 4 15 1 6 1 18 1 6 1 15 4 6 2 8 4 14 4 8 4 16 6 17
CS (176, 1428) (176, 123) - 1 5 12 4 12 2 2 2 8 2 6 4 17 1 6 1 17 4 8 4 16 6 19 1 6 1 17 6 18 6 18 6 19 1 5 14 4 10 4 14 4 10 4 14 4 10 4 14 4 10 4 14 5 1 19 6 18 6 18 6 17 1 6 1 19 6 16 4 8 4 17 1 6 1 17 4 6 2 8 2 2 2 12 4 12 5 1 18 1 6 1 17 6 20 6 14 4 12 5 1 18 1 6 1 18 1 5 12 4 14 6 21 1 5 16 6 20 7 1 15 6 19 1 6 1 17 6 19 1 6 1 16 1 6 1 19 6 17 1 6 1 19 6 15 1 7 20 6 16 5 1 21 6 14 4 12 5 1 18 1 6 1 18 1 5 12 4 14 6 20 6 17 1 6 1 18
OSO (25, 169) (177, 5) - 1 5 14 4 8 2 4 2 8 2 4 2 6 2 6 2 6 4 16 6 18 6 16 6 19
OSO (31, 303) (177, 19) - 1 5 12 4 14 6 18 6 18 6 16 6 19 1 5 14 6 20 6 14 4 10 4 14 6 20 7 1 15 6 19
CS (42, 412) (177, 334) - 1 5 16 6 20 6 16 4 8 4 17 1 6 1 17 4 8 4 16 6 20 6 16 5 1 21 6 16 6 20 6 14 4 12 4 14 6 20 6 16 6 21
CS (48, 340) (177, 286) - 1 5 14 4 8 2 6 4 16 6 19 1 5 14 4 10 4 12 4 10 2 2 2 10 2 2 2 10 4 12 4 10 4 14 5 1 19 6 16 4 6 2 8 4 14 5 1 20
CS (72, 632) (177, 29) - 1 5 12 4 14 6 18 6 16 4 8 4 15 1 6 1 19 6 14 5 1 19 6 14 4 10 4 14 6 19 1 5 14 6 19 1 6 1 15 4 8 4 16 6 18 6 14 4 12 5 1 19 6 14 4 10 4 14 6 18 4 6 4 18 6 14 4 10 4 14 6 19
CS (76, 676) (177, 51) - 1 5 14 4 8 4 16 6 18 6 16 6 18 6 16 6 19 1 5 14 5 1 19 6 16 6 18 6 16 6 18 6 16 4 8 4 14 5 1 19 6 16 6 18 6 16 4 6 2 6 2 6 2 6 4 16 6 18 6 16 4 6 2 6 2 6 2 6 4 16 6 18 6 16 6 19
CS (94, 916) (177, 2870) - 1 5 16 6 18 6 18 6 18 6 17 1 6 1 17 6 18 4 6 2 6 4 18 6 17 1 6 1 17 6 18 4 6 2 6 4 18 6 17 1 6 1 17 6 18 6 18 6 18 6 16 5 1 20 1 6 1 15 6 20 6 16 6 18 6 18 6 18 6 18 6 16 6 20 6 16 6 18 6 18 6 18 6 18 6 16 6 20 6 15 1 6 1 20
CS (96, 816) (177, 174) - 1 5 12 4 14 5 1 21 7 1 15 5 1 20 1 6 1 15 4 10 4 14 5 1 20 1 5 14 5 1 19 6 17 1 6 1 19 6 16 6 20 6 16 6 19 1 6 1 17 6 19 1 5 14 5 1 20 1 5 14 4 10 4 15 1 6 1 20 1 5 15 1 7 21 1 5 14 4 12 5 1 19 6 16 6 21 1 5 16 5 1 21 6 16 6 19
CS (116, 952) (177, 34) - 1 5 14 4 10 2 2 2 12 4 10 4 16 6 18 6 19 1 5 14 4 10 4 14 4 10 4 14 4 10 4 14 4 10 4 14 5 1 19 6 18 6 16 4 10 4 12 2 2 2 10 4 14 5 1 20 1 5 14 4 10 4 16 6 18 6 19 1 5 14 4 10 4 14 4 10 4 14 4 10 4 14 4 10 4 14 4 10 4 14 4 10 4 14 4 10 4 14 4 10 4 14 5 1 19 6 18 6 16 4 10 4 14 5 1 20
OSO (27, 175) (178, 131) - 1 5 12 2 2 2 10 4 14 4 10 4 14 4 10 2 4 2 6 2 6 2 8 4 16 6 19
OSO (31, 297) (178, 5) - 1 7 20 6 14 4 10 4 12 2 2 2 8 4 16 6 18 6 16 6 18 6 18 6 16 6 18 6 18 6 15
CS (60, 452) (178, 665) - 1 5 12 4 10 2 2 2 10 4 14 6 18 6 17 1 5 12 4 10 4 14 4 8 4 16 6 16 4 8 4 14 4 10 4 12 5 1 17 6 18 6 14 4 10 2 2 2 10 4 12 5 1 17 4 6 2 6 4 17
CS (64, 532) (178, 399) - 1 5 12 4 12 4 12 4 12 4 12 4 12 4 12 4 12 4 12 4 12 4 12 4 12 4 12 4 12 4 12 5 1 17 4 8 4 16 6 20 6 14 4 12 4 12 5 1 18 1 5 12 4 12 4 14 6 20 6 16 4 8 4 17
CS (68, 412) (178, 494) - 1 5 12 4 14 4 8 2 6 2 6 2 6 2 6 2 6 2 6 2 6 2 6 2 6 2 6 2 6 2 8 4 14 4 12 5 1 19 6 16 4 8 2 6 2 4 2 10 4 14 5 1 20 1 5 14 4 10 2 4 2 6 2 8 4 16 6 19
CS (68, 456) (178, 111) - 1 5 12 2 2 2 8 2 4 2 8 4 15 1 6 1 18 1 6 1 15 5 1 20 1 5 15 1 6 1 18 1 6 1 15 4 8 2 4 2 8 2 2 2 12 5 1 19 6 15 1 6 1 19 6 14 4 10 4 14 6 19 1 6 1 15 6 19
CS (68, 580) (178, 414) - 1 5 16 5 1 21 6 16 6 20 6 16 6 20 6 16 5 1 21 6 14 4 12 4 10 2 4 2 8 2 4 2 8 4 16 4 8 4 16 4 8 2 4 2 8 2 4 2 10 4 12 4 14 6 21 1 5 16 6 20 6 16 6 20 6 16 6 21
CS (70, 508) (178, 51) - 1 6 1 17 6 18 6 14 4 10 4 14 6 20 7 1 15 4 6 2 8 4 14 4 10 4 10 2 4 2 6 2 6 2 6 4 16 4 6 2 6 2 6 2 4 2 10 4 10 4 14 4 8 2 6 4 15 1 7 20 6 14 4 10 4 14 6 18 6 17
CS (70, 576) (178, 22) - 1 5 12 4 14 4 10 2 4 2 8 4 16 5 1 21 6 16 5 1 21 6 14 4 14 6 21 1 5 16 6 21 1 5 16 4 8 2 4 2 10 4 14 4 12 5 1 19 6 16 4 10 4 14 4 12 5 1 18 1 5 12 4 14 4 10 4 16 6 19
CS (70, 608) (178, 49738) - 1 5 12 4 12 4 12 4 12 4 12 4 10 4 15 1 6 1 19 6 16 6 19 1 6 1 15 4 10 4 12 4 12 4 12 4 12 4 12 5 1 17 4 8 4 16 6 18 6 18 6 18 6 17 1 6 1 17 6 18 6 18 6 18 6 16 4 8 4 17
CS (76, 556) (178, 152) - 1 5 14 5 1 19 6 16 4 8 4 16 4 8 4 16 6 20 7 1 13 4 12 4 12 4 10 2 4 2 8 4 14 4 10 2 4 2 6 2 6 2 6 2 4 2 10 4 14 4 8 2 4 2 10 4 12 4 12 4 13 1 7 20 6 16 4 8 4 16 4 8 4 16 6 19
CS (78, 584) (178, 180) - 1 5 12 2 2 2 10 4 14 4 8 2 6 2 6 2 6 4 18 6 17 1 6 1 18 1 6 1 17 6 18 4 6 2 6 2 6 2 8 4 14 4 10 2 2 2 12 5 1 19 6 16 4 10 4 12 4 14 6 20 6 17 1 6 1 17 6 20 6 14 4 12 4 10 4 16 6 19
CS (84, 772) (178, 81) - 1 5 12 4 12 4 12 4 12 5 1 18 1 5 12 4 14 6 20 6 16 6 18 6 19 1 5 14 4 10 4 14 5 1 20 1 5 16 6 18 6 18 6 18 6 17 1 6 1 17 6 18 6 18 6 18 6 16 5 1 20 1 5 14 4 10 4 14 5 1 19 6 18 6 16 6 20 6 14 4 12 5 1 18
CS (98, 768) (178, 7201) - 1 5 14 4 8 2 6 2 6 2 6 4 18 6 16 4 8 2 6 4 17 1 6 1 17 6 20 7 1 15 6 20 6 16 6 20 6 15 1 7 20 6 17 1 6 1 17 4 6 2 8 4 16 6 18 4 6 2 6 2 6 2 8 4 14 5 1 19 6 18 6 16 4 8 2 4 2 10 4 12 4 12 4 12 4 12 4 10 2 4 2 8 4 16 6 18 6 19
CS (100, 708) (178, 32083) - 1 5 12 2 2 2 10 4 10 2 4 2 6 2 6 2 6 4 16 4 6 2 6 2 6 2 6 4 16 6 19 1 5 14 4 8 2 6 4 16 6 18 6 16 6 18 6 16 4 6 2 8 4 14 5 1 19 6 16 4 6 2 6 2 6 2 6 4 16 4 6 2 6 2 6 2 4 2 10 4 10 2 2 2 12 5 1 19 6 16 6 18 6 16 6 18 6 16 6 19
OSO (25, 189) (179, 29053) - 1 5 12 2 2 2 10 4 12 4 12 4 12 4 10 4 16 6 18 6 17 1 6 1 18
OSO (25, 223) (179, 344) - 1 5 14 4 8 2 6 4 16 6 18 6 16 6 19 1 5 14 5 1 19 6 16 6 19
OSO (31, 229) (179, 10) - 1 5 12 4 14 5 1 20 1 5 14 4 10 4 15 1 6 1 20 1 5 14 4 12 5 1 18 1 6 1 18
OSO (31, 255) (179, 321) - 1 5 16 4 8 4 17 1 6 1 17 6 19 1 6 1 16 1 6 1 19 6 16 5 1 21 7 1 15 6 21
OSO (33, 245) (179, 90) - 1 5 12 4 14 4 10 4 15 1 6 1 19 6 17 1 6 1 18 1 6 1 16 1 6 1 19 6 17 1 6 1 18
OSO (35, 273) (179, 221) - 1 5 16 6 18 6 19 1 6 1 16 1 6 1 19 6 17 1 6 1 18 1 6 1 17 6 19 1 6 1 16 1 6 1 20
CS (44, 396) (179, 102) - 1 5 14 4 12 2 2 2 10 4 16 6 21 1 5 16 6 22 6 16 5 1 21 6 16 4 10 2 2 2 12 4 14 5 1 19 6 20 6 18 6 20 6 19
CS (64, 508) (179, 338) - 1 5 14 4 10 4 14 4 10 4 14 5 1 19 6 18 6 16 4 8 2 4 2 8 2 6 4 16 5 1 21 6 14 4 10 4 14 4 10 4 14 4 10 4 14 6 21 1 5 16 4 6 2 8 2 4 2 8 4 16 6 18 6 19
OSO (25, 219) (180, 290) - 1 5 12 4 14 5 1 20 1 5 14 4 10 4 14 4 10 4 14 6 20 6 16 6 19
OSO (27, 201) (180, 69056) - 1 5 10 2 4 2 6 2 6 4 17 1 6 1 17 6 16 6 18 6 17 1 6 1 17 6 17
OSO (27, 233) (180, 135) - 1 5 15 1 6 1 19 6 16 4 8 2 6 4 17 1 6 1 17 6 18 6 18 6 18 6 19
CS (66, 436) (180, 689) - 1 5 12 4 12 4 12 4 12 2 2 2 8 2 6 4 17 1 6 1 17 4 6 2 8 2 2 2 12 4 12 4 12 4 12 5 1 17 4 8 4 16 4 8 4 16 4 6 2 8 2 4 2 8 2 6 4 16 4 8 4 16 4 8 4 17
CS (68, 364) (180, 202) - 1 5 12 4 10 2 4 2 6 2 6 2 6 2 6 4 17 1 5 12 4 12 5 1 17 4 6 2 6 2 6 2 6 2 4 2 10 4 12 5 1 17 4 6 2 6 2 6 2 6 2 4 2 10 4 10 2 4 2 6 2 6 2 6 2 6 4 17
CS (82, 732) (180, 13774) - 1 5 10 4 15 1 6 1 17 6 18 6 15 1 7 20 6 14 4 8 2 6 4 16 6 17 1 6 1 17 6 16 4 6 2 8 4 14 6 20 7 1 15 6 18 6 17 1 6 1 15 4 10 5 1 17 6 16 6 19 1 5 14 6 20 6 14 6 20 6 14 6 20 6 14 5 1 19 6 16 6 17
CS (98, 792) (180, 295) - 1 5 12 4 14 5 1 20 1 6 1 15 4 8 2 6 4 18 6 16 5 1 20 1 6 1 15 4 10 4 12 2 2 2 10 4 14 6 20 6 17 1 6 1 17 6 20 6 14 4 10 2 2 2 12 4 10 4 15 1 6 1 20 1 5 16 6 18 4 6 2 8 4 15 1 6 1 20 1 5 14 4 12 5 1 19 6 16 6 20 6 16 6 20 6 16 6 19
CS (116, 840) (180, 5126) - 1 5 12 2 2 2 10 4 12 4 12 4 12 4 12 4 12 4 10 2 2 2 12 5 1 18 1 6 1 16 1 6 1 18 1 6 1 15 4 10 4 14 5 1 20 1 5 14 4 12 5 1 18 1 6 1 17 6 17 1 6 1 18 1 5 14 6 21 1 5 16 5 1 21 6 14 5 1 18 1 6 1 17 6 17 1 6 1 18 1 5 12 4 14 5 1 20 1 5 14 4 10 4 15 1 6 1 18 1 6 1 16 1 6 1 18
OSO (23, 153) (181, 97) - 1 5 12 2 2 2 10 2 4 2 6 2 8 4 16 6 20 6 17 1 6 1 18
OSO (27, 137) (181, 265) - 1 5 12 4 10 2 4 2 6 2 6 2 4 2 10 4 10 2 4 2 6 2 6 2 6 4 17
OSO (35, 291) (181, 83) - 1 5 12 4 12 4 10 2 4 2 8 4 16 6 18 6 17 1 6 1 18 1 5 12 4 14 6 20 6 15 1 7 20 6 17
OSO (41, 313) (181, 1287) - 1 5 14 4 12 4 10 2 4 2 8 4 16 6 19 1 6 1 16 1 6 1 20 1 5 15 1 7 21 1 5 15 1 7 21 1 5 15 1 7 21
CS (92, 776) (181, 56442) - 1 5 14 4 10 4 12 4 10 4 14 5 1 19 6 16 6 18 6 16 6 18 6 16 6 19 1 5 14 4 10 4 12 4 10 4 14 5 1 19 6 16 6 18 6 16 6 18 6 16 6 19 1 5 14 4 10 4 12 4 10 4 14 5 1 20 1 5 15 1 6 1 18 1 6 1 15 4 8 4 15 1 6 1 18 1 6 1 15 5 1 20
CS (164, 1364) (181, 105) - 1 5 14 4 10 4 14 4 10 4 14 5 1 19 6 18 6 18 6 16 4 10 4 14 5 1 20 1 6 1 15 4 10 4 14 6 21 1 5 14 4 12 4 10 2 2 2 12 4 10 2 2 2 12 4 10 4 15 1 7 21 1 5 14 4 10 4 15 1 6 1 20 1 5 14 4 10 4 16 6 18 6 18 6 18 6 18 6 18 6 18 6 18 6 18 6 18 6 16 4 10 4 14 5 1 20 1 6 1 15 4 10 4 14 5 1 21 7 1 15 4 10 4 12 2 2 2 10 4 12 2 2 2 10 4 12 4 14 5 1 21 6 14 4 10 4 15 1 6 1 20 1 5 14 4 10 4 16 6 18 6 18 6 19
OSO (23, 161) (182, 1482) - 1 6 1 15 4 8 2 6 2 4 2 8 2 6 4 16 6 20 7 1 15 6 19
OSO (27, 169) (182, 188) - 1 5 12 2 2 2 8 2 2 2 12 5 1 18 1 6 1 16 1 6 1 18 1 5 14 6 19
OSO (45, 417) (182, 1708) - 1 5 14 5 1 19 6 16 6 17 1 6 1 17 6 16 6 19 1 5 14 6 20 6 14 6 20 6 14 5 1 19 6 16 6 17 1 6 1 17 6 16 5 1 20
CS (50, 468) (182, 504) - 1 5 12 4 12 4 12 4 12 5 1 17 4 8 4 16 6 20 6 14 4 12 5 1 19 6 16 6 20 6 16 6 20 6 16 6 19 1 5 12 4 14 6 20 6 16 4 8 4 17
CS (52, 364) (182, 4795) - 1 5 12 2 2 2 8 2 2 2 12 5 1 19 6 14 4 10 4 12 4 12 5 1 19 6 14 4 8 2 4 2 8 2 4 2 8 4 14 6 19 1 5 12 4 12 4 10 4 14 6 19
CS (56, 464) (182, 188) - 1 5 10 2 4 2 8 4 14 6 19 1 6 1 15 4 8 4 15 1 6 1 19 6 14 4 8 2 4 2 10 5 1 17 6 18 6 16 6 18 6 15 1 7 20 7 1 15 6 18 6 16 6 18 6 17
CS (58, 404) (182, 160) - 1 5 12 2 2 2 10 4 14 6 20 6 17 1 6 1 17 6 20 6 14 4 10 2 2 2 12 5 1 19 6 16 4 8 2 4 2 8 2 4 2 10 4 12 4 10 2 4 2 8 2 4 2 8 4 16 6 19
CS (64, 492) (182, 45) - 1 5 12 4 12 4 12 4 10 4 12 4 12 4 12 5 1 19 6 14 4 10 4 12 4 12 4 10 4 14 5 1 19 6 16 4 6 2 6 2 6 2 6 2 6 4 16 6 19 1 5 14 4 10 4 12 4 12 4 10 4 14 6 19
CS (66, 500) (182, 230) - 1 5 14 4 12 4 12 4 10 2 4 2 8 4 16 4 8 4 16 4 8 2 4 2 10 4 12 4 12 4 14 5 1 21 6 14 4 10 2 4 2 8 4 16 6 20 7 1 13 4 13 1 7 20 6 16 4 8 2 4 2 10 4 14 6 21
CS (68, 516) (182, 291) - 1 5 12 4 12 4 14 4 8 2 6 2 6 2 6 2 8 4 14 4 12 4 12 5 1 17 4 8 4 17 1 6 1 17 6 20 6 16 5 1 20 1 6 1 15 4 10 4 15 1 6 1 20 1 5 16 6 20 6 17 1 6 1 17 4 8 4 17
CS (68, 620) (182, 56) - 1 5 16 6 20 6 17 1 6 1 17 4 8 4 17 1 6 1 17 6 20 6 16 5 1 20 1 6 1 15 4 10 4 16 6 18 6 20 6 16 5 1 21 6 14 4 12 4 14 6 21 1 5 16 6 20 6 18 6 16 4 10 4 15 1 6 1 20
CS (70, 600) (182, 35) - 1 5 14 6 19 1 6 1 15 4 8 4 15 1 6 1 19 6 14 5 1 19 6 16 6 16 4 8 4 16 6 16 6 19 1 5 14 6 20 6 12 2 2 2 10 4 10 2 2 2 12 6 20 6 14 5 1 19 6 16 6 16 4 8 4 16 6 16 6 19
CS (76, 652) (182, 77) - 1 5 14 4 12 2 2 2 10 4 16 6 21 1 5 16 6 22 6 16 6 22 6 16 5 1 21 6 16 4 10 2 2 2 12 4 14 5 1 20 1 5 14 4 14 5 1 21 6 16 5 1 20 1 5 14 4 12 4 14 5 1 20 1 5 16 6 21 1 5 14 4 14 5 1 20
CS (80, 636) (182, 62) - 1 5 12 2 2 2 8 2 4 2 8 4 16 6 16 4 8 4 16 6 16 4 8 2 4 2 8 2 2 2 12 5 1 19 6 16 6 18 6 16 6 19 1 6 1 15 5 1 20 1 5 14 5 1 19 6 16 6 19 1 5 14 5 1 20 1 5 15 1 6 1 19 6 16 6 18 6 16 6 19
CS (84, 724) (182, 14947) - 1 5 10 2 4 2 6 2 8 4 14 6 20 6 14 4 8 2 6 2 4 2 10 5 1 17 6 18 6 16 6 19 1 6 1 15 6 20 6 14 5 1 19 6 16 6 19 1 5 14 5 1 19 6 16 6 19 1 5 14 5 1 19 6 16 6 19 1 5 14 6 20 6 15 1 6 1 19 6 16 6 18 6 17
CS (92, 780) (182, 9) - 1 5 14 4 10 4 14 4 10 4 14 4 10 4 14 5 1 20 1 5 14 4 10 4 14 4 10 4 14 4 10 4 14 5 1 20 1 5 14 4 10 4 15 1 6 1 20 1 5 14 4 12 4 10 4 16 6 18 6 18 6 18 6 18 6 18 6 18 6 18 6 16 4 10 4 12 4 14 5 1 20 1 6 1 15 4 10 4 14 5 1 20
CS (94, 772) (182, 51303) - 1 6 1 15 4 8 4 16 4 8 4 15 1 6 1 19 6 16 6 18 4 6 2 6 2 6 2 4 2 10 4 12 4 13 1 7 20 6 16 6 18 6 18 6 17 1 6 1 17 6 18 6 17 1 6 1 17 6 18 6 17 1 6 1 17 6 18 6 18 6 16 6 20 7 1 13 4 12 4 10 2 4 2 6 2 6 2 6 4 18 6 16 6 19
CS (102, 764) (182, 1320) - 1 5 12 4 14 5 1 20 1 5 14 4 12 4 12 4 12 4 12 4 14 6 21 1 5 14 4 12 4 12 4 14 5 1 21 6 14 4 12 4 12 4 12 4 12 4 14 5 1 20 1 5 14 4 12 5 1 17 4 8 2 4 2 10 4 14 5 1 20 1 5 14 4 10 2 4 2 8 4 16 4 8 2 4 2 10 4 14 5 1 20 1 5 14 4 10 2 4 2 8 4 17
OSO (21, 181) (183, 5) - 1 6 1 17 6 16 4 6 2 8 4 14 6 20 7 1 15 6 18 6 17
OSO (23, 169) (183, 157) - 1 6 1 15 4 10 4 12 2 2 2 8 2 6 4 16 6 20 7 1 15 6 19
OSO (25, 205) (183, 37) - 1 5 16 6 16 4 8 4 16 6 16 4 8 4 15 1 6 1 19 6 15 1 6 1 20
OSO (31, 257) (183, 169) - 1 5 12 4 12 2 2 2 10 4 12 4 14 6 21 1 5 16 6 20 6 15 1 7 20 6 17 1 6 1 18
CS (84, 612) (183, 180) - 1 5 14 4 8 2 6 4 16 6 18 6 15 1 7 20 6 14 4 8 2 4 2 8 2 4 2 8 4 14 6 20 7 1 15 6 18 6 16 4 6 2 8 4 14 5 1 20 1 5 15 1 6 1 19 7 1 13 4 10 2 2 2 10 4 12 4 10 2 2 2 10 4 13 1 7 19 1 6 1 15 5 1 20
CS (84, 688) (183, 17) - 1 5 12 4 10 4 15 1 6 1 19 6 16 6 18 6 16 5 1 20 1 6 1 15 5 1 20 1 5 14 6 20 6 16 6 18 6 16 6 20 6 14 5 1 20 1 5 15 1 6 1 20 1 5 16 6 18 6 16 6 19 1 6 1 15 4 10 4 12 5 1 17 4 6 2 6 2 6 2 6 2 6 4 17
CS (92, 644) (183, 16) - 1 5 12 2 2 2 10 4 10 4 14 4 8 2 4 2 8 4 14 4 8 2 4 2 8 4 14 4 8 2 4 2 8 4 14 4 8 2 4 2 8 4 14 4 10 4 10 2 2 2 12 5 1 19 6 16 6 16 4 8 4 14 4 10 4 12 4 10 4 14 5 1 20 1 5 14 4 10 4 12 4 10 4 14 4 8 4 16 6 16 6 19
CS (164, 1308) (183, 3) - 1 5 12 2 2 2 10 4 14 5 1 20 1 5 14 4 10 4 14 4 10 4 14 4 10 4 14 4 10 4 14 4 10 4 14 4 10 4 14 5 1 20 1 5 14 4 10 2 2 2 12 5 1 19 6 16 4 8 2 6 4 18 6 16 5 1 20 1 6 1 16 1 6 1 19 6 16 4 8 2 6 4 18 6 16 5 1 21 6 14 4 10 2 2 2 12 4 10 4 16 6 18 6 18 6 19 1 5 14 5 1 19 6 18 6 18 6 16 4 10 4 12 2 2 2 10 4 14 6 21 1 5 16 6 18 4 6 2 8 4 16 6 19 1 6 1 16 1 6 1 20 1 5 16 6 18 4 6 2 8 4 16 6 19
OSO (21, 181) (184, 387) - 1 5 14 5 1 19 6 18 6 16 4 8 2 6 4 18 6 16 5 1 20
OSO (23, 167) (184, 1116) - 1 5 14 4 8 2 6 2 6 4 17 1 6 1 17 6 17 1 6 1 17 6 19
OSO (23, 199) (184, 122) - 1 5 12 4 10 4 14 4 8 4 16 6 17 1 6 1 17 6 16 6 18 6 17
OSO (25, 215) (184, 462) - 1 5 14 4 12 4 10 4 16 6 19 1 6 1 17 6 18 6 19 1 5 14 5 1 20
OSO (25, 233) (184, 5) - 1 5 14 5 1 19 6 16 6 19 1 5 14 6 20 6 15 1 6 1 19 6 16 6 19
OSO (29, 219) (184, 1888) - 1 5 12 4 14 5 1 20 1 5 14 4 10 2 2 2 10 2 2 2 10 4 14 6 20 6 16 6 19
OSO (35, 297) (184, 72) - 1 5 14 4 10 4 16 6 19 1 6 1 16 1 6 1 18 1 6 1 17 6 19 1 5 14 5 1 19 6 18 6 18 6 19
CS (68, 476) (184, 210) - 1 5 12 2 2 2 10 2 4 2 6 2 6 2 6 2 8 4 16 6 19 1 5 12 4 14 4 10 4 14 4 10 4 14 4 12 5 1 19 6 16 4 8 2 6 2 6 2 6 2 4 2 10 2 2 2 12 5 1 19 6 18 6 18 6 18 6 19
CS (70, 708) (184, 481) - 1 5 14 6 20 6 14 4 10 4 14 4 8 4 16 6 18 6 17 1 6 1 17 6 18 6 16 4 8 4 14 4 10 4 14 6 20 6 14 5 1 19 6 16 6 18 6 18 6 16 6 18 6 18 6 16 6 18 6 18 6 16 6 18 6 18 6 16 6 19
CS (76, 532) (184, 44) - 1 5 14 4 10 2 4 2 6 2 6 2 6 2 6 2 6 2 6 4 18 6 17 1 6 1 17 6 18 4 6 2 6 2 6 2 6 2 6 2 6 2 4 2 10 4 14 5 1 19 6 18 6 16 4 10 4 12 4 12 4 12 4 12 4 12 4 12 4 10 4 16 6 18 6 19
CS (76, 536) (184, 91) - 1 5 12 4 10 4 14 4 8 2 6 4 15 1 6 1 19 6 14 5 1 19 6 14 4 10 4 12 4 12 4 10 4 14 6 19 1 5 14 6 19 1 6 1 15 4 6 2 8 4 14 4 10 4 12 5 1 17 4 6 2 6 2 4 2 10 4 10 2 4 2 6 2 6 4 17
CS (76, 664) (184, 29693) - 1 5 14 4 10 4 12 4 10 4 14 4 8 4 15 1 6 1 18 1 6 1 15 4 8 4 14 4 10 4 12 4 10 4 14 5 1 19 6 16 6 18 6 16 6 18 6 16 6 19 1 5 14 4 10 4 12 4 10 4 14 5 1 19 6 16 6 18 6 16 6 18 6 16 6 19
CS (88, 648) (184, 18446) - 1 5 14 4 10 2 2 2 10 4 14 4 10 4 12 4 14 6 19 1 6 1 16 1 6 1 19 6 14 4 12 4 10 4 14 4 10 2 2 2 10 4 14 5 1 19 6 18 6 16 4 8 2 4 2 8 2 4 2 8 4 16 6 19 1 5 14 5 1 19 6 16 4 8 2 4 2 8 2 4 2 8 4 16 6 18 6 19
CS (90, 764) (184, 8) - 1 5 12 4 12 4 12 4 14 6 20 6 17 1 6 1 18 1 5 12 4 14 6 21 1 5 16 6 20 7 1 13 4 12 4 12 4 12 4 12 4 12 4 12 4 12 4 12 4 13 1 7 20 6 16 5 1 21 6 14 4 12 5 1 18 1 6 1 17 6 20 6 14 4 12 4 12 4 12 5 1 17 4 8 4 16 4 8 4 17
CS (92, 700) (184, 196) - 1 5 12 4 14 4 8 2 6 2 6 2 6 2 6 4 18 6 18 6 18 6 18 6 18 6 18 6 18 4 6 2 6 2 6 2 6 2 8 4 14 4 12 5 1 19 6 16 4 8 2 6 4 18 6 16 4 10 4 12 2 2 2 10 4 14 5 1 20 1 5 14 4 10 2 2 2 12 4 10 4 16 6 18 4 6 2 8 4 16 6 19
CS (92, 752) (184, 668) - 1 5 10 2 4 2 6 2 6 2 6 4 16 4 6 2 6 2 6 2 6 4 16 4 6 2 6 2 6 2 4 2 10 5 1 17 6 18 6 16 6 18 6 16 6 18 6 16 6 19 1 5 12 4 14 6 18 6 17 1 6 1 17 6 17 1 6 1 17 6 18 6 14 4 12 5 1 19 6 16 6 18 6 16 6 18 6 16 6 18 6 17
CS (108, 664) (184, 125) - 1 5 14 4 8 2 4 2 8 2 4 2 6 2 6 2 6 2 4 2 8 2 4 2 8 4 14 5 1 19 6 16 4 6 2 6 2 6 2 4 2 10 4 10 2 2 2 10 4 14 6 19 1 5 14 6 19 1 6 1 15 4 8 2 4 2 8 4 14 4 8 2 4 2 8 4 15 1 6 1 19 6 14 5 1 19 6 14 4 10 2 2 2 10 4 10 2 4 2 6 2 6 2 6 4 16 6 19
CS (108, 820) (184, 9436) - 1 5 12 2 2 2 10 4 12 4 14 6 20 6 14 4 10 2 4 2 6 2 6 2 6 2 6 2 6 2 6 2 4 2 10 4 14 6 20 6 14 4 12 4 10 2 2 2 12 5 1 19 6 16 6 20 6 14 4 10 4 15 1 6 1 19 6 14 4 12 4 12 5 1 18 1 6 1 17 6 17 1 6 1 18 1 5 12 4 12 4 14 6 19 1 6 1 15 4 10 4 14 6 20 6 16 6 19
OSO (21, 155) (185, 13) - 1 5 12 4 12 4 10 4 14 4 10 4 12 4 10 4 15 1 6 1 18
OSO (29, 251) (185, 232) - 1 6 1 17 6 16 4 8 4 14 4 10 4 12 4 12 4 10 4 14 6 20 7 1 15 6 18 6 17
OSO (31, 175) (185, 425) - 1 5 12 4 10 4 14 4 8 2 4 2 8 4 14 4 8 2 4 2 8 2 4 2 6 2 6 2 6 4 17
CS (60, 504) (185, 465) - 1 5 12 4 14 4 10 4 14 4 12 5 1 18 1 6 1 17 6 20 6 16 5 1 21 6 15 1 7 21 1 5 15 1 6 1 20 1 6 1 15 5 1 21 7 1 15 6 21 1 5 16 6 20 6 17 1 6 1 18
CS (60, 516) (185, 15) - 1 5 16 4 8 2 4 2 10 4 12 4 12 4 14 6 21 1 5 16 5 1 21 6 14 4 12 4 12 4 10 2 4 2 8 4 16 5 1 21 6 16 6 20 6 14 4 12 4 12 4 12 4 14 6 20 6 16 6 21
CS (80, 732) (185, 34) - 1 5 14 6 20 6 14 6 20 6 14 6 20 6 14 6 20 6 14 5 1 19 6 15 1 6 1 19 6 14 4 10 4 12 4 10 4 14 6 20 7 1 15 6 18 6 17 1 6 1 16 1 6 1 17 6 18 6 15 1 7 20 6 14 4 10 4 12 4 10 4 14 6 19 1 6 1 15 6 19
CS (112, 960) (185, 158) - 1 5 14 4 8 2 6 4 16 6 16 4 8 4 15 1 6 1 18 1 6 1 15 5 1 20 1 5 14 4 10 4 12 4 10 4 14 5 1 20 1 5 14 4 10 4 12 4 10 4 14 5 1 20 1 5 15 1 6 1 18 1 6 1 15 4 8 4 16 6 16 4 6 2 8 4 14 5 1 19 6 16 6 18 6 16 6 18 6 16 6 18 6 16 6 18 6 16 6 18 6 16 6 18 6 16 6 18 6 16 6 19
CS (116, 944) (185, 1) - 1 5 14 4 10 2 4 2 8 2 4 2 8 4 17 1 6 1 17 6 20 6 16 5 1 21 6 15 1 7 21 1 5 14 4 12 4 12 4 14 6 21 1 5 16 6 21 1 5 16 4 10 4 12 4 14 4 10 4 14 4 12 4 10 4 16 5 1 21 6 16 5 1 21 6 14 4 12 4 12 4 14 5 1 21 7 1 15 6 21 1 5 16 6 20 6 17 1 6 1 17 4 8 2 4 2 8 2 4 2 10 4 14 5 1 20
OSO (25, 183) (186, 176) - 1 5 12 4 14 4 10 4 14 4 10 4 14 4 10 2 4 2 6 2 8 4 16 6 19
CS (56, 460) (186, 2138) - 1 5 12 5 1 17 6 19 1 5 14 5 1 19 6 16 5 1 20 1 5 14 5 1 19 6 16 4 8 2 4 2 8 4 16 6 19 1 5 14 5 1 20 1 5 16 6 19 1 5 14 5 1 19 6 17
CS (60, 444) (186, 25) - 1 5 12 2 2 2 10 4 14 4 10 4 14 6 21 1 5 16 5 1 21 6 14 4 10 4 14 4 10 2 2 2 12 5 1 19 6 16 4 8 2 4 2 10 4 12 4 12 4 12 4 10 2 4 2 8 4 16 6 19
CS (76, 516) (186, 3) - 1 5 14 4 12 4 10 2 4 2 10 4 12 4 14 6 21 1 5 14 4 12 4 12 2 2 2 8 2 6 2 4 2 10 4 14 4 10 4 14 4 10 2 4 2 6 2 8 2 2 2 12 4 12 4 14 5 1 21 6 14 4 12 4 10 2 4 2 10 4 12 4 14 5 1 20
CS (78, 712) (186, 321) - 1 5 12 4 12 4 12 4 12 4 12 4 12 4 12 4 12 4 12 4 12 5 1 17 4 8 4 16 6 20 6 16 6 19 1 5 12 4 14 6 21 1 5 16 6 20 7 1 15 6 20 6 15 1 7 20 6 16 5 1 21 6 14 4 12 5 1 19 6 16 6 20 6 16 4 8 4 17
CS (90, 692) (186, 864) - 1 5 14 4 8 2 6 2 6 2 6 4 17 1 6 1 17 6 18 6 18 6 17 1 6 1 17 6 18 6 18 6 17 1 6 1 17 4 6 2 6 2 6 2 8 4 14 5 1 19 6 17 1 6 1 17 6 18 6 18 6 16 4 8 2 4 2 8 2 4 2 8 2 4 2 8 4 16 6 18 6 18 6 17 1 6 1 17 6 19
CS (112, 780) (186, 381) - 1 5 12 4 12 4 10 2 4 2 8 4 16 6 18 6 18 6 16 4 8 2 4 2 10 4 12 4 12 5 1 17 4 6 2 8 4 14 4 10 2 4 2 4 2 10 4 14 4 8 2 4 2 10 4 12 4 12 4 12 5 1 17 4 6 2 8 4 16 6 18 6 18 6 16 4 8 2 6 4 17 1 5 12 4 12 4 12 4 10 2 4 2 8 4 14 4 10 2 4 2 4 2 10 4 14 4 8 2 6 4 17
CS (112, 844) (186, 38) - 1 5 12 4 14 4 8 2 6 2 6 4 18 6 17 1 6 1 18 1 6 1 17 6 19 1 6 1 16 1 6 1 19 6 17 1 6 1 18 1 6 1 17 6 18 4 6 2 6 2 8 4 14 4 12 5 1 19 6 17 1 6 1 18 1 6 1 17 6 19 1 6 1 15 4 10 4 14 4 10 4 14 5 1 20 1 5 14 4 10 4 14 4 10 4 15 1 6 1 19 6 17 1 6 1 18 1 6 1 17 6 19
CS (116, 864) (186, 13885) - 1 5 12 4 13 1 7 20 7 1 14 1 7 20 7 1 13 4 12 5 1 19 6 14 4 8 2 6 4 16 6 18 6 14 4 10 4 14 6 19 1 5 14 6 20 6 12 2 2 2 8 2 4 2 8 4 14 4 8 2 4 2 8 4 14 4 8 2 4 2 8 4 14 4 8 2 4 2 8 4 14 4 8 2 4 2 8 2 2 2 12 6 20 6 14 5 1 19 6 14 4 10 4 14 6 18 6 16 4 6 2 8 4 14 6 19
OSO (35, 245) (187, 17023) - 1 5 12 4 12 4 10 2 2 2 10 4 12 4 10 2 2 2 10 4 13 1 7 19 1 5 12 4 12 4 10 4 14 6 19
OSO (37, 325) (188, 21) - 1 5 12 4 14 6 20 6 15 1 7 21 1 5 16 6 19 1 5 14 5 1 19 6 17 1 6 1 17 6 18 6 17 1 6 1 18
CS (70, 552) (188, 8358) - 1 5 12 4 12 4 12 4 10 4 14 6 20 6 14 4 10 4 12 4 12 4 12 5 1 19 6 14 4 10 4 14 5 1 20 1 5 14 4 8 2 6 4 17 1 5 12 4 12 5 1 17 4 6 2 8 4 14 5 1 20 1 5 14 4 10 4 14 6 19
CS (80, 772) (188, 4) - 1 7 20 6 16 4 8 2 4 2 10 4 12 4 12 4 12 4 14 6 20 6 16 6 20 6 14 4 12 4 12 4 12 4 10 2 4 2 8 4 16 6 20 7 1 15 6 20 6 16 6 20 6 16 6 20 6 16 6 20 7 1 14 1 7 20 6 16 6 20 6 16 6 20 6 16 6 20 6 15
CS (82, 636) (188, 393) - 1 5 16 4 8 2 4 2 8 2 4 2 10 4 12 4 12 4 12 2 2 2 8 2 6 4 17 1 6 1 17 4 6 2 8 2 2 2 12 4 12 4 12 4 10 2 4 2 8 2 4 2 8 4 16 5 1 21 6 16 6 20 6 16 6 20 6 16 6 20 6 16 6 20 6 16 6 20 6 16 6 21
CS (100, 864) (188, 136) - 1 5 14 4 10 2 2 2 12 4 10 4 16 6 18 6 19 1 5 14 5 1 19 6 18 6 16 4 10 4 12 2 2 2 10 4 14 5 1 20 1 5 14 4 10 4 15 1 6 1 20 1 5 16 6 19 1 6 1 17 6 18 6 18 6 18 6 18 6 18 6 18 6 18 6 18 6 18 6 17 1 6 1 19 6 16 5 1 20 1 6 1 15 4 10 4 14 5 1 20
CS (128, 820) (188, 22798) - 1 5 12 2 2 2 10 4 12 2 2 2 8 2 4 2 8 2 4 2 8 2 2 2 12 4 10 2 4 2 6 2 6 2 6 2 6 2 6 2 6 2 4 2 10 4 12 2 2 2 8 2 4 2 8 2 4 2 8 2 2 2 12 4 10 2 2 2 12 5 1 19 6 16 6 20 6 14 4 10 4 15 1 6 1 19 6 14 4 12 4 12 5 1 18 1 6 1 17 6 17 1 6 1 18 1 5 12 4 12 4 14 6 19 1 6 1 15 4 10 4 14 6 20 6 16 6 19
OSO (39, 225) (189, 501) - 1 7 20 6 14 4 8 2 4 2 8 2 4 2 6 2 6 2 6 2 4 2 8 2 4 2 6 2 6 2 6 2 6 4 16 6 18 6 15
CS (56, 388) (189, 569) - 1 5 14 4 12 2 2 2 8 2 6 2 4 2 10 4 14 4 10 2 4 2 6 2 8 2 2 2 12 4 14 5 1 21 6 14 4 12 4 12 4 14 5 1 20 1 5 14 4 12 4 12 4 14 6 21
CS (64, 476) (189, 25) - 1 5 12 4 10 4 14 6 16 4 6 2 6 2 6 4 16 6 14 4 10 4 12 5 1 19 6 12 4 12 4 8 2 4 2 8 4 12 4 12 5 1 19 6 14 6 19 1 5 12 4 12 4 8 2 4 2 8 4 12 4 12 6 19
CS (88, 712) (189, 79386) - 1 5 14 4 10 4 12 4 10 4 14 5 1 20 1 5 15 1 6 1 19 6 14 5 1 19 6 14 4 10 4 12 4 12 4 10 4 14 6 19 1 5 14 6 19 1 6 1 15 4 8 4 15 1 6 1 19 6 14 5 1 19 6 14 4 10 4 12 4 12 4 10 4 14 6 19 1 5 14 6 19 1 6 1 15 5 1 20
CS (96, 740) (189, 18) - 1 5 12 4 14 5 1 20 1 5 14 4 10 4 14 4 10 4 14 5 1 20 1 5 14 4 12 5 1 19 6 16 6 20 6 14 4 10 2 4 2 6 2 6 2 8 4 14 5 1 19 6 17 1 6 1 17 6 18 4 6 2 6 2 6 4 18 6 17 1 6 1 17 6 19 1 5 14 4 8 2 6 2 6 2 4 2 10 4 14 6 20 6 16 6 19
CS (98, 744) (189, 15652) - 1 5 12 4 12 5 1 18 1 5 12 4 12 5 1 18 1 5 12 4 12 5 1 18 1 6 1 15 4 8 4 16 6 16 6 19 1 5 14 6 19 1 6 1 15 4 8 4 15 1 6 1 18 1 5 12 4 12 5 1 18 1 5 12 4 12 5 1 18 1 6 1 15 4 8 4 15 1 6 1 19 6 14 5 1 19 6 16 6 16 4 8 4 15 1 6 1 18
CS (60, 532) (190, 51) - 1 5 12 4 12 4 12 4 12 4 14 6 20 6 16 6 20 6 14 4 12 4 12 4 12 4 12 5 1 17 4 8 4 16 6 20 6 14 4 12 4 12 5 1 18 1 5 12 4 12 4 14 6 20 6 16 4 8 4 17
CS (62, 436) (190, 2) - 1 5 14 4 10 2 4 2 6 2 6 2 6 4 18 6 17 1 6 1 17 6 18 4 6 2 6 2 6 2 4 2 10 4 14 5 1 19 6 18 6 16 4 8 2 4 2 10 4 12 4 10 2 4 2 8 4 16 6 18 6 19
CS (68, 568) (190, 1201) - 1 5 10 2 4 2 6 2 6 2 6 2 6 2 4 2 10 5 1 17 6 18 6 16 6 19 1 5 12 4 14 6 19 1 5 14 6 20 7 1 15 6 18 6 18 6 15 1 7 20 6 14 5 1 19 6 14 4 12 5 1 19 6 16 6 18 6 17
CS (68, 588) (190, 286) - 1 5 12 4 12 4 14 6 20 6 16 6 20 6 15 1 7 20 6 16 4 8 2 4 2 8 2 4 2 8 2 4 2 8 2 4 2 8 4 16 6 20 7 1 15 6 20 6 16 6 20 6 14 4 12 4 12 5 1 19 6 16 6 20 6 16 6 19
CS (72, 588) (190, 724) - 1 5 14 4 10 4 14 4 10 4 14 4 10 4 14 4 10 4 14 4 10 4 14 5 1 20 1 5 15 1 6 1 20 1 5 14 4 12 4 10 4 16 6 18 6 19 1 5 14 5 1 19 6 18 6 16 4 10 4 12 4 14 5 1 20 1 6 1 15 5 1 20
CS (76, 676) (190, 63) - 1 5 12 4 14 6 20 6 14 4 12 5 1 19 6 16 6 18 6 18 6 18 6 16 6 20 7 1 15 6 18 4 6 2 6 2 6 2 6 2 6 4 18 6 16 6 18 4 6 2 6 2 6 2 6 2 6 4 18 6 15 1 7 20 6 16 6 18 6 18 6 18 6 16 6 19
CS (80, 720) (190, 539) - 1 5 14 5 1 19 6 18 6 18 6 16 4 8 2 6 2 4 2 10 4 14 6 21 1 5 16 6 19 1 6 1 17 6 18 6 18 6 18 6 18 4 6 4 18 6 18 6 18 6 18 6 17 1 6 1 19 6 16 5 1 21 6 14 4 10 2 4 2 6 2 8 4 16 6 18 6 18 6 19
CS (84, 492) (190, 106546) - 1 5 14 4 8 2 4 2 8 2 4 2 6 2 6 2 6 4 16 4 6 2 6 2 6 2 4 2 8 2 4 2 8 4 14 5 1 19 6 16 4 6 2 6 2 6 2 4 2 8 2 4 2 8 4 14 5 1 19 6 16 6 19 1 5 14 4 8 2 4 2 8 2 4 2 6 2 6 2 6 4 16 6 19
CS (90, 840) (190, 10) - 1 5 14 5 1 19 6 16 6 17 1 6 1 17 6 16 6 19 1 5 14 5 1 20 1 5 16 6 17 1 6 1 17 6 16 6 19 1 5 14 6 20 6 14 6 20 6 14 5 1 19 6 16 6 16 4 8 4 16 6 16 6 19 1 5 14 6 20 6 14 6 20 6 14 5 1 19 6 16 6 17 1 6 1 17 6 16 5 1 20
CS (92, 644) (190, 33) - 1 5 12 4 14 4 10 4 14 4 12 5 1 18 1 6 1 17 6 18 4 6 2 8 2 4 2 8 2 4 2 10 4 12 4 14 5 1 19 6 18 6 19 1 6 1 15 4 8 2 6 2 6 2 6 2 8 4 15 1 6 1 19 6 18 6 19 1 5 14 4 12 4 10 2 4 2 8 2 4 2 8 2 6 4 18 6 17 1 6 1 18
CS (92, 708) (190, 33) - 1 5 14 4 8 2 4 2 8 2 4 2 6 2 6 2 6 2 6 4 16 6 18 6 16 6 19 1 5 14 4 8 2 6 4 16 6 18 6 16 6 18 6 16 6 18 6 16 4 6 2 8 4 14 5 1 19 6 16 6 18 6 16 4 6 2 6 2 6 2 6 2 4 2 8 2 4 2 8 4 14 5 1 19 6 16 6 18 6 16 6 19
CS (100, 720) (190, 6129) - 1 5 12 2 2 2 8 2 2 2 12 5 1 19 7 1 13 4 10 4 13 1 7 19 1 5 12 2 2 2 8 2 2 2 12 5 1 19 7 1 13 4 10 4 13 1 7 19 1 5 14 6 19 1 5 12 2 2 2 8 4 16 6 16 6 19 1 5 14 5 1 19 6 16 6 16 4 8 2 2 2 12 5 1 19 6 14 5 1 19 7 1 13 4 10 4 13 1 7 19
CS (108, 872) (190, 298) - 1 5 12 4 12 2 2 2 10 4 12 4 14 6 20 6 17 1 5 12 4 12 4 12 4 12 4 12 4 12 4 12 4 12 4 12 4 12 4 12 4 12 4 12 4 12 4 12 4 12 4 12 4 12 4 12 4 12 4 12 4 12 4 12 4 12 5 1 17 6 20 6 14 4 12 4 10 2 2 2 12 4 12 5 1 18 1 5 12 4 14 6 20 6 17 1 6 1 17 6 20 6 14 4 12 5 1 18
CS (110, 892) (190, 147) - 1 5 10 2 4 2 8 4 14 6 19 1 5 12 4 12 4 12 5 1 19 6 14 5 1 19 7 1 13 4 10 4 12 4 12 4 10 4 12 4 12 4 10 4 12 4 12 4 10 4 13 1 7 19 1 5 14 6 19 1 5 12 4 12 4 12 5 1 19 6 14 4 8 2 4 2 10 5 1 17 6 18 6 14 4 10 4 14 6 18 6 17 1 5 12 5 1 17 6 18 6 14 4 10 4 14 6 18 6 17
CS (110, 964) (190, 3) - 1 5 12 4 12 4 12 5 1 19 6 14 4 10 4 13 1 7 18 6 18 6 16 6 18 6 16 6 18 6 16 6 19 1 5 14 5 1 20 1 5 14 4 10 4 12 4 10 2 2 2 10 4 14 6 18 6 17 1 6 1 17 6 18 6 14 4 10 2 2 2 10 4 12 4 10 4 14 5 1 20 1 5 14 5 1 19 6 16 6 18 6 16 6 18 6 16 6 18 6 18 7 1 13 4 10 4 14 6 19
CS (126, 784) (190, 11177) - 1 5 12 2 2 2 8 4 15 1 6 1 18 1 6 1 15 4 6 2 8 4 14 4 8 2 4 2 8 4 14 4 8 2 4 2 8 4 14 4 8 2 4 2 8 4 14 4 8 2 6 4 15 1 6 1 18 1 6 1 15 4 8 2 2 2 12 5 1 18 1 6 1 15 4 8 2 4 2 8 4 14 4 8 2 4 2 8 4 14 4 8 4 16 6 17 1 6 1 17 6 16 4 8 4 14 4 8 2 4 2 8 4 14 4 8 2 4 2 8 4 15 1 6 1 18
OSO (31, 249) (191, 9808) - 1 5 12 4 12 4 10 4 14 6 19 1 6 1 15 6 19 1 6 1 15 6 19 1 5 12 4 13 1 7 19
OSO (37, 327) (191, 68) - 1 5 12 2 2 2 10 4 14 6 21 1 5 16 5 1 21 6 14 4 10 4 16 6 18 6 18 6 18 6 18 6 17 1 6 1 18
CS (76, 644) (191, 4781) - 1 5 12 2 2 2 10 2 4 2 6 2 6 2 8 4 16 6 20 6 16 6 21 1 5 16 5 1 21 6 16 6 20 6 16 4 8 2 6 2 6 2 4 2 10 2 2 2 12 5 1 19 6 18 6 18 6 18 6 20 6 14 4 12 4 14 6 20 6 18 6 18 6 18 6 19
CS (88, 828) (191, 21241) - 1 5 12 4 12 4 12 4 8 2 6 4 16 6 18 6 16 6 18 6 16 6 19 1 5 14 4 8 4 16 6 18 6 16 6 18 6 16 6 18 6 16 6 18 6 16 4 8 4 14 5 1 19 6 16 6 18 6 16 6 18 6 16 4 6 2 8 4 12 4 12 4 12 5 1 19 6 16 6 16 4 8 4 16 6 16 6 19
OSO (23, 143) (192, 2691) - 1 5 10 2 4 2 6 2 6 2 4 2 10 4 10 4 14 4 8 4 16 6 17
CS (52, 436) (192, 268) - 1 5 12 4 14 6 20 6 17 1 6 1 18 1 6 1 17 6 20 6 14 4 12 5 1 18 1 6 1 17 4 8 4 16 6 20 7 1 14 1 7 20 6 16 4 8 4 17 1 6 1 18
CS (64, 572) (192, 118) - 1 5 12 4 12 4 12 4 12 5 1 18 1 5 12 4 14 6 20 6 15 1 6 1 20 1 5 16 6 18 6 18 6 18 6 17 1 6 1 17 6 18 6 18 6 18 6 16 5 1 20 1 6 1 15 6 20 6 14 4 12 5 1 18
CS (68, 412) (192, 261) - 1 5 12 2 2 2 10 4 14 4 8 2 6 2 6 2 6 2 6 2 6 2 6 2 6 2 8 4 14 4 10 2 2 2 12 5 1 19 6 16 4 8 2 6 2 4 2 10 4 14 5 1 20 1 5 14 4 10 2 4 2 6 2 8 4 16 6 19
CS (74, 532) (192, 79) - 1 5 12 2 2 2 10 4 14 6 20 6 16 4 8 4 17 1 5 12 4 12 4 12 4 12 5 1 17 4 8 4 16 6 20 6 14 4 10 2 2 2 12 5 1 19 6 16 4 8 2 4 2 8 2 4 2 10 4 12 4 10 2 4 2 8 2 4 2 8 4 16 6 19
CS (74, 604) (192, 96) - 1 5 12 4 14 4 10 4 14 4 10 2 4 2 8 4 16 4 8 4 17 1 6 1 17 4 8 4 16 4 8 2 4 2 10 4 14 4 10 4 14 4 12 5 1 17 4 8 2 6 4 18 6 18 6 18 6 20 6 16 6 20 6 18 6 18 6 18 4 6 2 8 4 17
CS (76, 556) (192, 37) - 1 5 14 4 8 2 6 2 4 2 8 2 4 2 8 4 15 1 6 1 19 6 15 1 7 20 6 16 6 17 1 6 1 19 6 14 4 10 4 14 6 19 1 6 1 17 6 16 6 20 7 1 15 6 19 1 6 1 15 4 8 2 4 2 8 2 4 2 6 2 8 4 14 5 1 20
CS (80, 536) (192, 1488) - 1 5 12 4 12 4 10 2 2 2 10 4 12 4 12 5 1 19 6 14 4 8 2 4 2 8 2 4 2 8 4 14 6 19 1 5 12 4 12 4 10 2 4 4 17 1 6 1 16 1 6 1 17 4 4 2 10 4 12 4 12 5 1 19 6 14 4 8 2 4 2 8 2 4 2 8 4 14 6 19
CS (92, 892) (192, 11) - 1 5 12 4 12 4 12 4 12 4 12 4 14 6 20 6 16 4 10 4 12 4 14 6 21 1 5 16 6 20 6 16 6 20 6 16 6 20 6 16 5 1 21 6 14 4 12 4 10 4 16 6 20 6 14 4 12 4 12 4 12 4 12 4 12 5 1 17 6 20 6 16 6 20 6 14 4 12 4 12 4 12 4 14 6 20 6 16 6 20 6 17
CS (96, 832) (192, 10) - 1 5 12 4 14 4 10 4 14 4 12 4 10 2 4 2 8 4 16 4 8 2 4 2 10 4 12 4 14 4 10 4 14 4 12 5 1 19 6 16 4 10 4 14 5 1 19 6 18 6 19 1 5 14 4 10 4 16 6 20 6 16 6 21 1 5 16 5 1 21 6 16 6 20 6 16 4 10 4 14 5 1 19 6 18 6 19 1 5 14 4 10 4 16 6 19
CS (108, 940) (192, 28) - 1 5 12 2 2 2 10 2 2 2 12 5 1 19 6 18 6 17 1 6 1 19 6 16 4 10 4 12 2 2 2 10 4 14 4 10 4 14 5 1 19 6 18 6 18 6 18 6 18 6 19 1 5 14 5 1 19 6 18 6 18 6 18 6 19 1 5 14 5 1 19 6 18 6 18 6 18 6 18 6 19 1 5 14 4 10 4 14 4 10 2 2 2 12 4 10 4 16 6 19 1 6 1 17 6 18 6 19
CS (120, 912) (192, 5173) - 1 5 12 4 10 2 4 2 8 4 16 6 19 1 6 1 16 1 6 1 19 6 16 4 8 2 4 2 10 4 12 4 10 2 4 2 8 4 16 6 19 1 6 1 16 1 6 1 19 6 16 4 8 2 4 2 10 4 12 5 1 17 4 6 2 8 4 16 6 18 6 19 1 5 14 5 1 19 6 18 6 16 4 8 2 6 4 17 1 5 12 5 1 17 4 6 2 8 4 16 6 18 6 19 1 5 14 5 1 19 6 18 6 16 4 8 2 6 4 17
CS (134, 1052) (192, 13284) - 1 5 16 6 20 6 17 1 6 1 18 1 6 1 17 6 20 6 16 4 10 4 14 4 10 4 16 6 21 1 5 17 1 6 1 17 4 8 4 17 1 6 1 17 5 1 21 6 16 4 10 4 14 4 10 4 16 6 20 6 17 1 6 1 18 1 6 1 17 6 20 6 16 5 1 20 1 6 1 15 4 10 4 14 4 12 4 10 2 4 2 10 4 12 4 14 4 10 2 2 2 12 4 12 4 12 4 12 2 2 2 10 4 14 4 12 4 10 2 4 2 10 4 12 4 14 4 10 4 15 1 6 1 20
CS (146, 1248) (192, 9200) - 1 5 12 4 12 4 12 4 12 4 12 4 12 4 12 4 12 5 1 17 4 8 4 16 6 20 6 16 6 19 1 5 12 4 14 5 1 20 1 6 1 15 4 10 4 14 5 1 20 1 5 14 5 1 19 6 17 1 6 1 19 6 16 6 20 6 15 1 7 20 6 16 4 8 4 17 1 5 12 4 12 4 12 4 12 4 12 5 1 17 4 8 4 16 6 20 7 1 15 6 20 6 16 6 19 1 6 1 17 6 19 1 5 14 5 1 20 1 5 14 4 10 4 15 1 6 1 20 1 5 14 4 12 5 1 19 6 16 6 20 6 16 4 8 4 17
CS (150, 1212) (192, 1170) - 1 5 12 4 12 4 12 4 12 4 12 5 1 17 4 8 4 16 6 20 6 14 4 12 5 1 18 1 6 1 17 4 6 2 8 4 16 6 19 1 5 12 4 14 5 1 20 1 5 14 5 1 19 6 18 6 16 4 10 4 12 4 14 5 1 20 1 6 1 16 1 6 1 19 6 16 4 8 4 17 1 6 1 17 4 8 4 16 6 19 1 6 1 16 1 6 1 20 1 5 14 4 12 4 10 4 16 6 18 6 19 1 5 14 5 1 20 1 5 14 4 12 5 1 19 6 16 4 8 2 6 4 17 1 6 1 18 1 5 12 4 14 6 20 6 16 4 8 4 17
OSO (31, 241) (193, 22) - 1 6 1 15 4 8 2 4 2 10 4 12 4 12 4 13 1 7 20 6 16 4 8 4 16 4 8 4 16 6 19
OSO (31, 273) (193, 35) - 1 5 16 6 18 4 8 4 16 6 18 4 6 2 8 4 16 6 18 6 19 1 6 1 15 4 10 4 14 6 21
OSO (33, 245) (193, 216) - 1 5 16 4 8 2 4 2 8 2 6 4 17 1 6 1 18 1 6 1 17 4 6 2 8 4 16 6 20 6 16 6 21
CS (64, 580) (193, 247) - 1 5 12 4 10 4 14 4 8 2 4 2 8 4 14 4 10 4 12 5 1 17 6 18 6 16 6 18 6 16 4 8 4 14 5 1 19 6 16 6 18 6 16 6 18 6 16 6 19 1 5 14 4 8 4 16 6 18 6 16 6 18 6 17
CS (76, 664) (193, 81) - 1 5 12 4 14 5 1 20 1 5 14 4 12 5 1 19 6 16 5 1 21 6 14 4 10 4 16 6 18 6 19 1 5 14 4 10 4 14 4 10 4 14 4 10 4 14 4 10 4 14 4 10 4 14 4 10 4 14 5 1 19 6 18 6 16 4 10 4 14 6 21 1 5 16 6 19
CS (96, 868) (193, 254) - 1 5 14 4 10 4 15 1 6 1 19 6 18 6 16 4 8 2 6 4 18 6 16 6 21 1 5 16 6 20 6 16 6 19 1 6 1 17 6 18 6 18 6 18 4 6 2 6 2 6 4 18 6 18 6 18 6 17 1 6 1 19 6 16 6 20 6 16 5 1 21 6 16 6 18 4 6 2 8 4 16 6 18 6 19 1 6 1 15 4 10 4 14 5 1 20
OSO (27, 205) (194, 250) - 1 5 12 4 14 4 10 4 14 5 1 20 1 5 14 4 10 2 2 2 12 4 10 4 16 6 19
OSO (29, 245) (194, 3) - 1 5 12 5 1 17 6 17 1 6 1 17 6 16 4 6 2 8 4 14 6 20 7 1 15 6 18 6 17
CS (56, 420) (194, 117) - 1 5 14 4 8 2 6 4 16 6 18 6 15 1 7 20 7 1 15 6 18 6 16 4 6 2 8 4 14 5 1 19 6 16 4 6 2 6 2 6 2 6 4 16 4 6 2 6 2 6 2 6 4 16 6 19
CS (56, 452) (194, 312) - 1 5 12 4 12 4 10 4 14 6 19 1 5 14 6 20 7 1 14 1 7 20 7 1 14 1 7 20 6 14 5 1 19 6 14 4 10 4 12 4 12 5 1 18 1 6 1 15 4 8 4 15 1 6 1 18
CS (62, 468) (194, 789) - 1 5 14 4 10 2 4 2 8 4 16 5 1 21 6 16 6 21 1 5 16 4 8 2 4 2 10 4 14 5 1 20 1 5 15 1 6 1 20 1 5 14 4 12 4 12 4 12 4 12 4 14 5 1 20 1 6 1 15 5 1 20
CS (64, 516) (194, 1) - 1 5 14 4 12 4 12 4 12 4 12 4 14 6 21 1 5 16 6 20 6 16 5 1 21 6 14 4 12 4 12 4 12 4 12 4 14 5 1 21 6 14 4 12 4 10 2 4 2 8 2 4 2 8 2 4 2 10 4 12 4 14 6 21
CS (68, 436) (194, 182) - 1 5 12 4 12 4 10 2 4 2 6 2 8 4 14 4 10 4 14 4 8 2 6 2 4 2 10 4 12 4 12 5 1 17 4 6 2 8 4 14 4 10 2 2 2 10 4 14 5 1 20 1 5 14 4 10 2 2 2 10 4 14 4 8 2 6 4 17
CS (70, 568) (194, 226) - 1 5 14 4 12 4 12 4 12 4 14 6 21 1 5 15 1 7 21 1 5 14 4 12 4 12 4 14 5 1 21 7 1 15 5 1 21 6 14 4 12 4 12 4 12 4 14 5 1 19 4 6 2 6 2 8 4 16 6 20 6 16 4 8 2 6 2 6 4 19
CS (72, 580) (194, 82) - 1 7 20 6 16 4 8 2 6 4 16 4 8 2 4 2 8 2 4 2 8 2 4 2 8 2 4 2 8 2 4 2 8 4 16 4 6 2 8 4 16 6 20 7 1 15 6 20 6 16 6 20 6 16 6 20 7 1 14 1 7 20 6 16 6 20 6 16 6 20 6 15
CS (76, 532) (194, 348) - 1 5 12 4 12 4 12 4 12 4 12 2 2 2 8 2 4 2 8 2 4 2 8 2 4 2 8 2 4 2 8 2 2 2 12 4 12 4 12 4 12 4 12 5 1 17 4 8 4 16 6 20 6 14 4 12 4 12 5 1 18 1 5 12 4 12 4 14 6 20 6 16 4 8 4 17
CS (92, 660) (194, 361) - 1 5 12 4 12 4 12 4 12 4 10 2 4 2 8 4 16 6 18 6 19 1 5 14 4 8 2 6 2 6 2 6 4 18 6 16 4 8 2 4 2 10 4 12 4 12 4 12 4 10 2 4 2 8 4 16 6 18 4 6 2 6 2 6 2 8 4 14 5 1 19 6 18 6 16 4 8 2 4 2 10 4 12 4 12 4 12 4 12 5 1 18
CS (96, 824) (194, 228) - 1 5 14 4 10 4 14 4 10 4 14 4 10 4 14 4 10 4 14 4 10 4 14 4 10 4 14 4 10 4 14 4 10 4 14 4 10 4 14 4 10 4 14 5 1 19 6 18 6 16 4 10 4 14 5 1 20 1 5 14 4 10 4 16 6 18 6 19 1 5 14 5 1 19 6 18 6 16 4 10 4 14 5 1 20 1 5 14 4 10 4 16 6 18 6 19
CS (108, 724) (194, 4369) - 1 5 12 2 2 2 10 4 12 2 2 2 8 2 4 2 8 2 4 2 8 2 4 2 8 4 15 1 6 1 19 6 17 1 5 12 4 12 4 12 5 1 17 6 19 1 6 1 15 4 8 2 4 2 8 2 4 2 8 2 4 2 8 2 2 2 12 4 10 2 2 2 12 5 1 19 6 16 6 19 1 6 1 15 4 10 4 12 4 14 6 20 6 14 4 12 4 10 4 15 1 6 1 19 6 16 6 19
CS (108, 836) (194, 19555) - 1 5 12 2 2 2 10 4 14 6 20 6 16 6 20 6 14 4 10 4 14 4 10 4 14 6 20 6 16 6 20 6 14 4 10 2 2 2 12 5 1 19 6 16 4 8 4 16 6 19 1 6 1 15 5 1 20 1 5 14 4 10 2 2 2 10 2 2 2 10 4 14 5 1 20 1 5 14 4 10 2 2 2 10 2 2 2 10 4 14 5 1 20 1 5 15 1 6 1 19 6 16 4 8 4 16 6 19
CS (114, 756) (194, 468) - 1 5 12 4 12 4 12 4 12 4 14 6 20 6 16 4 8 2 4 2 8 2 6 4 17 1 6 1 17 4 6 2 8 2 4 2 8 4 16 6 20 6 14 4 12 4 12 4 12 4 12 5 1 17 4 8 4 16 4 8 4 16 4 8 4 16 4 6 2 8 2 4 2 8 2 4 2 8 2 4 2 8 2 4 2 8 2 4 2 8 2 4 2 8 2 4 2 8 2 6 4 16 4 8 4 16 4 8 4 16 4 8 4 17
CS (116, 812) (194, 21148) - 1 5 14 4 8 2 6 2 6 2 4 2 10 4 12 4 12 2 2 2 8 4 16 6 19 1 5 14 5 1 20 1 5 16 6 19 1 5 14 5 1 19 6 16 4 8 2 4 2 8 2 4 2 8 4 16 6 19 1 5 14 5 1 19 6 16 5 1 20 1 5 14 5 1 19 6 16 4 8 2 2 2 12 4 12 4 10 2 4 2 6 2 6 2 8 4 14 5 1 19 6 16 4 8 2 4 2 8 2 4 2 8 4 16 6 19
CS (122, 1052) (194, 396) - 1 5 12 4 12 4 12 4 12 4 12 4 12 4 12 4 12 4 12 4 12 4 12 4 12 5 1 17 4 8 4 16 6 20 6 16 6 19 1 5 12 4 14 6 20 6 17 1 6 1 18 1 5 12 4 12 4 14 6 20 6 16 4 8 4 17 1 5 12 4 12 4 12 4 12 4 12 4 12 4 12 5 1 17 4 8 4 16 6 20 6 14 4 12 4 12 5 1 18 1 6 1 17 6 20 6 14 4 12 5 1 19 6 16 6 20 6 16 4 8 4 17
OSO (27, 205) (195, 219) - 1 5 12 2 2 2 10 4 12 4 12 4 12 4 12 4 10 4 16 6 18 6 17 1 6 1 18
OSO (29, 223) (195, 82) - 1 5 14 4 10 2 4 2 6 2 8 4 16 6 19 1 6 1 17 6 18 6 19 1 5 14 5 1 20
OSO (29, 273) (195, 123) - 1 5 16 6 20 6 16 6 20 6 16 6 20 6 16 4 8 2 4 2 10 4 12 4 12 4 14 6 21
OSO (31, 279) (195, 1) - 1 5 16 4 8 4 18 6 18 6 18 6 19 1 6 1 16 1 6 1 18 1 6 1 17 6 20 6 16 6 21
CS (60, 436) (195, 120) - 1 5 12 4 12 4 12 4 10 4 16 6 18 6 16 4 10 4 12 4 12 4 12 5 1 17 4 6 2 8 4 14 4 10 2 2 2 10 4 14 5 1 20 1 5 14 4 10 2 2 2 10 4 14 4 8 2 6 4 17
CS (88, 724) (195, 1) - 1 5 12 4 12 4 12 4 12 4 10 2 4 2 6 2 8 4 14 4 10 4 14 6 21 1 5 16 5 1 21 6 14 4 10 4 14 4 8 2 6 2 4 2 10 4 12 4 12 4 12 4 12 5 1 17 4 8 4 16 6 18 6 18 6 18 6 16 4 8 4 16 4 8 4 16 6 18 6 18 6 18 6 16 4 8 4 17
CS (104, 940) (195, 386) - 1 5 14 4 10 4 12 4 10 4 14 5 1 19 6 16 6 18 6 16 6 18 6 16 6 18 6 16 6 19 1 5 14 4 10 4 12 4 10 4 14 6 19 1 6 1 15 6 19 1 5 14 5 1 19 6 15 1 6 1 19 6 14 4 10 4 12 4 10 4 14 5 1 19 6 16 6 18 6 16 6 18 6 16 6 18 6 16 6 19 1 5 14 4 10 4 12 4 10 4 14 5 1 20
OSO (27, 193) (196, 208) - 1 5 12 4 12 4 10 2 4 2 8 2 4 2 8 4 16 6 19 1 5 14 5 1 19 6 17
OSO (33, 257) (196, 110) - 1 5 14 4 10 4 14 4 10 4 15 1 6 1 19 6 17 1 6 1 18 1 6 1 17 6 19 1 5 14 5 1 20
CS (48, 300) (196, 1377) - 1 5 12 4 10 2 4 2 6 2 6 4 17 1 5 12 4 10 4 14 4 8 2 4 2 8 4 14 4 10 4 12 5 1 17 4 6 2 6 2 4 2 10 4 12 5 1 18
CS (56, 420) (196, 221) - 1 5 14 4 8 2 6 4 16 6 18 6 15 1 7 20 7 1 15 6 18 6 16 4 6 2 8 4 14 5 1 19 6 16 4 6 2 8 4 12 2 2 2 8 2 2 2 12 4 8 2 6 4 16 6 19
CS (74, 452) (196, 686) - 1 5 12 4 10 2 2 2 10 4 14 6 18 6 17 1 5 12 5 1 17 6 18 6 14 4 10 2 2 2 10 4 12 5 1 17 4 6 2 6 2 4 2 10 4 10 2 2 2 10 2 2 2 10 4 10 2 2 2 10 2 2 2 10 4 10 2 4 2 6 2 6 4 17
CS (76, 564) (196, 547) - 1 5 12 4 14 4 8 2 6 4 18 6 16 4 8 2 6 4 17 1 6 1 17 4 6 2 8 4 16 6 18 4 6 2 8 4 14 4 12 5 1 19 6 16 4 8 2 4 2 10 4 12 4 12 4 12 4 12 4 12 4 12 4 12 4 12 4 10 2 4 2 8 4 16 6 19
CS (78, 588) (196, 161) - 1 5 12 4 12 5 1 17 6 19 1 5 14 5 1 19 6 16 5 1 20 1 5 14 4 10 4 14 5 1 19 6 16 4 8 2 4 2 8 2 4 2 8 2 4 2 8 2 4 2 8 4 16 6 19 1 5 14 4 10 4 14 5 1 20 1 5 16 6 19 1 5 14 5 1 19 6 17
CS (78, 700) (196, 256) - 1 5 12 4 12 4 14 6 20 6 16 4 10 4 12 4 14 6 21 1 5 16 6 20 6 14 4 12 4 12 4 12 4 12 4 12 4 12 4 12 4 12 4 12 4 12 4 12 4 12 4 14 6 20 6 16 5 1 21 6 14 4 12 4 10 4 16 6 20 6 14 4 12 4 12 5 1 18
CS (84, 668) (196, 61) - 1 7 20 6 16 6 18 4 6 2 6 2 6 2 6 2 6 2 4 2 10 4 12 4 13 1 7 20 6 16 6 18 6 18 6 18 6 16 4 8 2 4 2 8 4 16 6 18 6 18 6 18 6 16 6 20 7 1 13 4 12 4 10 2 4 2 6 2 6 2 6 2 6 2 6 4 18 6 16 6 20 7 1 14
CS (84, 716) (196, 111) - 1 5 14 4 10 4 14 4 10 4 14 4 10 4 14 4 10 4 14 5 1 19 6 18 6 18 6 18 6 16 4 10 4 14 5 1 20 1 6 1 15 4 10 4 12 4 14 5 1 20 1 5 14 5 1 20 1 5 14 4 12 4 10 4 15 1 6 1 20 1 5 14 4 10 4 16 6 18 6 18 6 18 6 19
CS (84, 732) (196, 139) - 1 5 16 6 19 1 6 1 17 6 18 4 6 2 8 4 16 6 20 6 15 1 7 20 6 18 6 16 4 10 4 14 4 10 4 14 4 10 4 16 6 18 6 20 7 1 15 6 20 6 16 4 8 2 6 4 18 6 17 1 6 1 19 6 16 5 1 20 1 6 1 15 4 10 4 14 4 10 4 15 1 6 1 20
CS (86, 692) (196, 4661) - 1 5 14 4 8 2 6 2 6 2 6 4 17 1 6 1 17 6 18 6 18 6 17 1 6 1 17 6 18 6 18 6 17 1 6 1 17 4 6 2 6 2 6 2 8 4 14 5 1 19 6 17 1 6 1 17 6 18 6 18 6 16 4 8 2 6 4 16 4 6 2 8 4 16 6 18 6 18 6 17 1 6 1 17 6 19
CS (88, 644) (196, 160) - 1 5 12 2 2 2 10 4 14 4 10 4 14 4 10 4 14 4 10 2 2 2 12 5 1 19 6 17 1 6 1 19 6 16 4 8 2 4 2 10 4 12 4 14 5 1 20 1 6 1 15 4 10 4 14 4 10 4 14 4 10 4 15 1 6 1 20 1 5 14 4 12 4 10 2 4 2 8 4 16 6 19 1 6 1 17 6 19
CS (88, 680) (196, 42) - 1 5 12 4 14 5 1 20 1 5 14 4 12 5 1 19 6 16 4 8 2 4 2 10 4 14 5 1 20 1 5 14 4 10 2 4 2 8 4 16 6 19 1 5 12 4 14 5 1 20 1 5 14 4 12 5 1 19 6 16 5 1 20 1 6 1 15 4 10 4 14 4 10 4 14 4 10 4 15 1 6 1 20 1 5 16 6 19
CS (88, 748) (196, 48) - 1 5 14 4 10 4 14 6 20 6 16 6 20 6 14 4 10 4 14 5 1 19 6 16 4 8 2 4 2 8 4 16 6 19 1 5 14 5 1 19 6 16 5 1 20 1 5 14 5 1 19 6 16 4 8 4 16 6 19 1 5 14 5 1 20 1 5 16 6 19 1 5 14 5 1 19 6 16 4 8 2 4 2 8 4 16 6 19
CS (90, 784) (196, 373) - 1 5 12 4 14 5 1 21 7 1 15 4 8 2 4 2 10 4 14 6 21 1 5 16 6 20 7 1 15 6 20 6 15 1 7 20 6 16 5 1 21 6 14 4 10 2 4 2 8 4 15 1 7 21 1 5 14 4 12 5 1 19 6 16 5 1 21 7 1 15 6 20 6 17 1 6 1 17 6 20 6 15 1 7 21 1 5 16 6 19
CS (92, 740) (196, 2905) - 1 5 14 5 1 19 6 16 4 8 2 4 2 8 2 4 2 8 4 16 6 19 1 5 14 5 1 19 6 16 4 8 2 4 2 8 2 4 2 8 4 16 6 19 1 5 14 5 1 19 6 16 5 1 20 1 6 1 15 6 20 6 14 4 12 4 10 4 16 6 18 6 16 4 10 4 12 4 14 6 20 6 15 1 6 1 20 1 5 16 6 19
CS (92, 844) (196, 17) - 1 5 14 6 20 7 1 15 6 18 6 16 4 6 2 8 4 14 6 20 7 1 15 6 18 6 17 1 6 1 17 6 16 6 18 6 18 7 1 13 4 10 4 13 1 7 18 6 18 6 16 6 17 1 6 1 17 6 18 6 15 1 7 20 6 14 4 8 2 6 4 16 6 18 6 15 1 7 20 6 14 5 1 19 6 14 4 10 4 14 6 19
CS (94, 756) (196, 188) - 1 5 12 4 12 4 12 4 12 4 12 4 10 4 16 6 18 6 17 1 6 1 18 1 5 12 4 14 6 20 6 16 6 19 1 6 1 15 4 8 2 4 2 10 4 12 4 12 4 10 2 4 2 8 4 15 1 6 1 19 6 16 6 20 6 14 4 12 5 1 18 1 6 1 17 6 18 6 16 4 10 4 12 4 12 4 12 4 12 4 12 5 1 18
CS (94, 756) (196, 7479) - 1 5 12 4 12 4 12 4 12 4 12 5 1 17 4 8 4 16 6 18 6 18 6 18 6 16 4 8 2 6 4 16 5 1 21 6 14 4 10 4 14 4 8 2 6 2 4 2 10 4 12 4 12 4 12 4 12 4 10 2 4 2 6 2 8 4 14 4 10 4 14 6 21 1 5 16 4 6 2 8 4 16 6 18 6 18 6 18 6 16 4 8 4 17
CS (96, 828) (196, 83) - 1 5 12 4 10 2 4 2 8 4 16 6 18 6 18 6 16 4 8 2 4 2 10 4 12 5 1 17 6 19 1 5 14 5 1 19 6 16 4 8 4 16 6 20 6 14 4 10 4 14 5 1 19 6 17 1 6 1 17 6 18 6 18 6 17 1 6 1 17 6 19 1 5 14 4 10 4 14 6 20 6 16 4 8 4 16 6 19 1 5 14 5 1 19 6 17
CS (116, 948) (196, 3551) - 1 5 12 4 14 6 20 6 16 6 19 1 5 14 5 1 19 6 17 1 6 1 17 6 19 1 5 14 4 10 4 14 5 1 19 6 17 1 6 1 17 6 19 1 5 14 5 1 19 6 16 6 20 6 14 4 12 5 1 18 1 6 1 17 6 17 1 6 1 18 1 6 1 15 4 10 4 14 5 1 20 1 5 14 4 10 4 14 4 10 4 14 5 1 20 1 5 14 4 10 4 15 1 6 1 18 1 6 1 17 6 17 1 6 1 18
CS (118, 928) (196, 6) - 1 5 12 2 2 2 10 4 12 4 12 4 12 4 12 4 10 4 15 1 6 1 19 6 16 6 20 7 1 13 4 12 4 12 5 1 18 1 5 12 4 12 4 12 4 12 4 12 5 1 18 1 5 12 4 12 4 13 1 7 20 6 16 6 19 1 6 1 15 4 10 4 12 4 12 4 12 4 12 4 10 2 2 2 12 5 1 18 1 6 1 17 6 18 6 16 4 10 4 12 4 12 4 12 4 12 4 10 4 16 6 18 6 17 1 6 1 18
CS (146, 1092) (196, 115) - 1 5 12 2 2 2 10 4 14 6 20 6 16 6 19 1 6 1 15 4 8 2 6 2 4 2 10 4 12 4 12 5 1 17 6 19 1 6 1 15 5 1 20 1 5 14 4 10 4 14 4 8 2 6 2 4 2 10 4 12 4 12 4 12 4 12 4 10 2 4 2 6 2 8 4 14 4 10 4 14 5 1 20 1 5 15 1 6 1 19 6 17 1 5 12 4 12 4 10 2 4 2 6 2 8 4 15 1 6 1 19 6 16 6 20 6 14 4 10 2 2 2 12 5 1 19 6 16 5 1 21 7 1 15 6 20 6 15 1 7 21 1 5 16 6 19
OSO (29, 199) (197, 6644) - 1 5 12 2 2 2 8 2 2 2 12 5 1 19 6 14 5 1 19 7 1 13 4 10 4 13 1 7 19
OSO (29, 269) (197, 954) - 1 5 12 4 12 2 2 2 10 4 12 4 12 4 14 6 20 6 16 6 20 6 16 6 20 6 16 6 19
CS (48, 364) (197, 146) - 1 5 14 4 12 4 12 2 2 2 12 4 12 4 12 2 2 2 12 4 12 4 14 5 1 19 4 6 2 8 4 18 6 18 5 1 22 1 5 18 6 18 4 8 2 6 4 19
CS (64, 600) (197, 12) - 1 5 14 5 1 19 6 18 6 18 6 20 7 1 13 4 14 6 21 1 5 16 6 21 1 5 16 4 8 2 6 4 18 6 18 6 18 4 6 2 8 4 16 5 1 21 6 16 5 1 21 6 14 4 13 1 7 20 6 18 6 18 6 19
CS (72, 684) (197, 1786) - 1 5 12 4 14 6 20 6 16 4 8 2 4 2 10 4 12 4 12 4 12 4 10 2 4 2 8 4 16 6 20 6 14 4 12 5 1 19 6 16 6 20 6 16 6 20 6 16 6 20 7 1 15 6 20 6 15 1 7 20 6 16 6 20 6 16 6 20 6 16 6 19
CS (108, 900) (197, 172) - 1 5 12 4 14 5 1 20 1 5 14 5 1 19 6 18 6 17 1 6 1 19 6 16 6 21 1 5 16 4 8 4 16 4 8 4 16 4 8 4 16 5 1 21 6 16 6 19 1 6 1 17 6 18 6 19 1 5 14 5 1 20 1 5 14 4 12 5 1 19 6 16 5 1 20 1 6 1 16 1 6 1 19 6 17 1 6 1 18 1 6 1 17 6 19 1 6 1 16 1 6 1 20 1 5 16 6 19
CS (126, 1136) (197, 100) - 1 5 14 4 10 2 4 2 8 4 16 5 1 21 6 16 6 20 6 18 6 16 4 10 4 16 6 18 6 20 6 16 6 21 1 5 16 4 8 4 18 6 17 1 6 1 18 1 6 1 17 6 20 6 16 6 20 6 17 1 6 1 18 1 6 1 17 6 18 4 8 4 16 5 1 21 6 16 6 20 6 18 6 16 4 10 4 16 6 18 6 20 6 16 6 21 1 5 16 4 8 2 4 2 10 4 14 5 1 20 1 5 14 4 12 4 12 4 12 4 12 4 14 5 1 20
OSO (33, 261) (198, 1) - 1 5 14 4 12 4 12 4 10 2 4 2 10 4 12 4 12 4 14 6 21 1 5 15 1 7 21 1 5 15 1 7 21
OSO (33, 267) (198, 19304) - 1 5 12 4 12 4 12 4 12 4 12 4 10 4 15 1 6 1 19 6 16 6 20 7 1 13 4 12 4 12 5 1 18
OSO (33, 301) (198, 40) - 1 6 1 15 4 8 4 16 6 18 6 16 4 8 4 15 1 6 1 19 6 15 1 7 20 6 16 6 18 6 16 6 19
OSO (37, 313) (198, 144) - 1 5 12 4 14 5 1 20 1 5 14 5 1 19 6 16 6 20 6 14 4 12 5 1 18 1 6 1 17 6 18 6 17 1 6 1 18
CS (46, 420) (198, 579) - 1 5 12 4 10 4 14 4 8 4 16 6 17 1 6 1 17 6 16 4 8 4 14 4 10 4 12 5 1 17 6 18 6 16 6 18 6 16 6 18 6 16 6 18 6 17
CS (60, 420) (198, 273) - 1 5 14 4 8 2 6 4 16 6 18 6 15 1 7 20 7 1 15 6 18 6 16 4 6 2 8 4 14 5 1 19 6 16 4 6 2 6 2 6 2 6 2 4 2 8 2 4 2 6 2 6 2 6 2 6 4 16 6 19
CS (64, 504) (198, 17242) - 1 5 10 2 4 2 6 2 6 2 4 2 10 5 1 17 6 18 6 14 4 10 4 14 6 19 1 5 14 6 19 1 6 1 15 4 8 4 16 6 16 4 8 4 15 1 6 1 19 6 14 5 1 19 6 14 4 10 4 14 6 18 6 17
CS (66, 492) (198, 30) - 1 5 12 4 12 4 12 4 10 2 2 2 10 4 14 6 19 1 5 14 6 20 6 14 5 1 19 6 14 4 10 2 2 2 10 4 12 4 12 4 12 5 1 19 6 14 4 10 2 2 2 10 4 12 4 12 4 10 2 2 2 10 4 14 6 19
CS (80, 740) (198, 997) - 1 5 14 5 1 19 6 16 6 20 6 14 4 12 4 10 4 14 4 10 4 14 4 10 4 12 4 14 6 20 6 16 6 19 1 5 14 5 1 20 1 5 16 6 18 6 18 6 18 6 17 1 6 1 17 6 19 1 5 14 5 1 19 6 17 1 6 1 17 6 18 6 18 6 18 6 16 5 1 20
CS (84, 572) (198, 137) - 1 5 12 2 2 2 10 4 14 4 8 2 6 2 6 2 6 2 6 2 6 2 6 2 6 2 6 2 8 4 14 4 10 2 2 2 12 5 1 19 6 16 4 10 4 12 2 2 2 10 4 14 4 10 4 14 5 1 19 6 18 6 18 6 19 1 5 14 4 10 4 14 4 10 2 2 2 12 4 10 4 16 6 19
CS (90, 700) (198, 65) - 1 5 12 4 12 4 12 2 2 2 10 4 12 4 12 2 2 2 10 4 12 4 14 6 21 1 5 16 6 20 6 14 4 12 4 12 4 12 4 12 4 12 4 12 4 12 4 12 4 12 4 12 4 12 4 12 4 14 6 20 6 16 5 1 21 6 14 4 12 4 10 2 2 2 12 4 12 4 10 2 2 2 12 4 12 4 12 5 1 18
CS (96, 780) (198, 1377) - 1 5 12 4 12 4 12 4 12 4 12 4 10 2 2 2 12 4 10 4 15 1 6 1 19 6 15 1 7 20 6 17 1 6 1 17 6 18 6 17 1 6 1 17 6 20 7 1 15 6 19 1 6 1 15 4 10 4 12 2 2 2 10 4 12 4 12 4 12 4 12 4 12 5 1 17 6 20 6 14 4 10 4 14 4 10 4 14 4 10 4 14 6 20 6 17
CS (120, 964) (198, 18294) - 1 5 12 2 2 2 8 4 16 6 16 6 19 1 6 1 15 6 18 6 17 1 6 1 17 6 16 6 19 1 5 14 6 20 6 14 5 1 19 6 16 6 17 1 6 1 17 6 18 6 15 1 6 1 19 6 16 6 16 4 8 2 2 2 12 5 1 18 1 6 1 17 6 16 6 18 6 16 4 8 4 14 4 8 2 4 2 8 4 15 1 6 1 18 1 6 1 15 4 8 2 4 2 8 4 14 4 8 4 16 6 18 6 16 6 17 1 6 1 18
OSO (33, 281) (199, 105) - 1 5 14 6 20 7 1 15 6 18 6 16 4 6 2 8 4 14 6 19 1 6 1 15 4 8 4 16 6 16 5 1 20
CS (104, 940) (199, 790) - 1 5 14 4 10 4 12 4 10 4 14 5 1 19 6 16 6 18 6 16 6 18 6 16 6 18 6 16 6 18 6 16 6 18 6 16 6 18 6 16 6 18 6 16 6 19 1 5 14 4 10 4 12 4 10 4 14 5 1 20 1 5 14 4 10 4 12 4 10 4 14 6 19 1 6 1 15 6 19 1 5 14 5 1 19 6 15 1 6 1 19 6 14 4 10 4 12 4 10 4 14 5 1 20
CS (54, 404) (200, 107) - 1 5 12 2 2 2 10 4 14 6 20 6 17 1 6 1 17 6 20 6 14 4 10 2 2 2 12 5 1 19 6 16 4 8 2 6 4 16 4 8 2 4 2 8 4 16 4 6 2 8 4 16 6 19
CS (56, 524) (200, 97) - 1 5 12 4 14 6 18 6 18 6 16 6 19 1 5 14 6 20 6 14 4 10 4 14 6 20 6 14 5 1 19 6 16 6 18 6 18 6 14 4 12 5 1 19 6 14 4 10 2 2 2 10 4 14 6 19
CS (62, 372) (200, 70) - 1 5 12 4 12 4 12 2 2 2 8 2 6 4 17 1 6 1 17 4 6 2 8 2 2 2 12 4 12 4 12 5 1 17 4 8 4 16 4 6 2 8 2 4 2 8 2 4 2 8 2 4 2 8 2 6 4 16 4 8 4 17
CS (72, 500) (200, 89) - 1 5 14 4 12 4 12 4 10 2 4 2 8 2 4 2 8 2 4 2 8 2 4 2 8 2 4 2 10 4 12 4 12 4 14 5 1 21 6 14 4 10 2 4 2 8 4 16 6 20 7 1 13 4 12 4 13 1 7 20 6 16 4 8 2 4 2 10 4 14 6 21
CS (72, 556) (200, 71) - 1 5 12 4 12 4 12 4 12 4 12 5 1 18 1 6 1 17 6 16 4 8 2 6 4 16 6 20 7 1 15 6 19 1 6 1 15 4 8 2 6 4 16 4 6 2 8 4 15 1 6 1 19 6 15 1 7 20 6 16 4 6 2 8 4 16 6 17 1 6 1 18
CS (72, 628) (200, 46) - 1 5 12 5 1 17 6 19 1 5 14 5 1 19 6 16 4 8 4 16 6 20 7 1 15 6 19 1 6 1 15 4 10 4 12 4 14 6 20 6 14 4 12 4 10 4 15 1 6 1 19 6 15 1 7 20 6 16 4 8 4 16 6 19 1 5 14 5 1 19 6 17
CS (80, 692) (200, 145) - 1 5 14 4 10 4 14 4 10 4 14 4 10 4 14 4 10 4 14 4 10 4 14 5 1 19 6 18 6 18 6 16 4 10 4 14 5 1 20 1 5 14 5 1 19 6 16 5 1 20 1 5 14 5 1 20 1 5 16 6 19 1 5 14 5 1 20 1 5 14 4 10 4 16 6 18 6 18 6 19
CS (80, 756) (200, 9508) - 1 5 12 4 14 6 20 6 14 4 12 5 1 19 6 16 6 18 6 18 6 18 6 16 6 19 1 6 1 15 5 1 19 6 18 6 16 6 19 1 6 1 15 4 8 4 16 4 8 4 15 1 6 1 19 6 16 6 18 6 19 1 5 15 1 6 1 19 6 16 6 18 6 18 6 18 6 16 6 19
CS (82, 536) (200, 34180) - 1 5 12 4 12 4 10 4 14 6 19 1 6 1 15 4 8 4 15 1 6 1 19 6 14 4 10 4 12 4 12 5 1 17 4 6 2 6 2 6 2 6 4 16 4 6 2 6 2 6 2 6 4 17 1 5 12 4 12 5 1 17 4 6 2 6 2 6 2 6 4 16 4 6 2 6 2 6 2 6 4 17
CS (92, 732) (200, 87) - 1 5 14 4 10 4 14 4 10 4 14 4 8 2 6 2 6 4 17 1 6 1 17 6 19 1 5 14 4 10 4 14 4 10 4 14 5 1 19 6 17 1 6 1 17 4 6 2 6 2 8 4 14 4 10 4 14 4 10 4 14 5 1 19 6 18 6 16 4 8 4 17 1 6 1 17 6 18 6 17 1 6 1 17 4 8 4 16 6 18 6 19
CS (102, 868) (200, 94) - 1 5 12 4 12 4 10 4 14 4 8 4 15 1 6 1 19 6 16 6 16 4 8 4 16 6 16 6 19 1 6 1 15 4 8 4 14 4 10 4 12 4 12 5 1 19 6 14 4 10 4 12 4 12 5 1 19 6 14 5 1 19 6 14 4 10 4 14 6 18 6 17 1 6 1 17 6 18 6 14 4 10 4 14 6 19 1 5 14 6 19 1 5 12 4 12 4 10 4 14 6 19
OSO (25, 157) (201, 45) - 1 5 12 4 12 4 12 4 12 2 2 2 8 2 4 2 8 2 6 4 16 4 8 4 17
OSO (25, 239) (201, 309) - 1 5 14 4 10 4 14 6 18 6 18 6 16 6 18 6 16 6 19 1 5 14 5 1 20
CS (78, 664) (201, 107) - 1 5 14 4 12 4 12 4 12 4 12 4 12 4 14 6 21 1 5 14 4 12 4 12 4 12 4 12 4 14 5 1 21 6 14 4 12 4 12 4 12 4 12 4 12 4 14 5 1 21 7 1 15 5 1 21 6 14 4 12 4 12 4 12 4 12 4 12 4 14 6 21 1 5 15 1 7 21
CS (88, 736) (201, 43) - 1 5 12 2 4 2 6 2 6 2 8 4 16 4 8 4 17 1 6 1 17 4 8 4 16 4 8 2 6 2 6 2 4 2 12 5 1 19 6 18 6 18 6 20 6 16 5 1 21 6 14 4 12 4 14 5 1 21 6 14 4 12 4 12 4 14 6 21 1 5 14 4 12 4 14 6 21 1 5 16 6 20 6 18 6 18 6 19
CS (88, 764) (201, 308) - 1 5 14 4 8 2 4 2 8 4 15 1 6 1 19 7 1 14 1 7 20 7 1 14 1 7 19 1 6 1 15 4 8 2 4 2 8 4 14 5 1 19 6 16 6 18 6 16 6 18 6 16 4 8 4 14 5 1 19 6 16 6 18 6 16 6 18 6 16 6 19 1 5 14 4 8 4 16 6 18 6 16 6 18 6 16 6 19
CS (100, 736) (201, 299) - 1 5 14 4 10 4 14 4 10 2 2 2 10 2 2 2 10 2 2 2 10 2 2 2 10 4 14 4 10 4 14 5 1 20 1 5 14 4 10 4 15 1 6 1 20 1 5 16 6 18 6 19 1 6 1 15 4 10 4 14 4 10 4 14 5 1 20 1 5 14 4 10 4 14 4 10 4 15 1 6 1 19 6 18 6 16 5 1 20 1 6 1 15 4 10 4 14 5 1 20
CS (136, 1040) (201, 16) - 1 5 12 4 12 4 10 4 14 6 19 1 5 12 4 13 1 7 19 1 6 1 15 6 19 1 6 1 15 6 18 6 16 6 19 1 5 14 4 8 2 6 4 16 6 16 4 8 4 14 4 10 4 10 2 4 2 6 2 6 2 4 2 10 4 10 4 14 4 8 4 16 6 16 4 6 2 8 4 14 5 1 19 6 16 6 18 6 15 1 6 1 19 6 15 1 6 1 19 7 1 13 4 12 5 1 19 6 14 4 10 4 12 4 12 5 1 18 1 6 1 16 1 6 1 17 6 17 1 6 1 16 1 6 1 18
OSO (25, 177) (202, 268) - 1 5 14 4 10 2 2 2 12 4 10 4 16 6 18 4 6 2 8 4 15 1 6 1 20
OSO (29, 227) (202, 383) - 1 5 12 4 14 4 10 4 14 4 10 4 16 6 19 1 6 1 16 1 6 1 19 6 17 1 6 1 18
OSO (29, 235) (202, 5964) - 1 6 1 15 4 8 4 17 1 6 1 16 1 6 1 19 6 15 1 7 20 6 16 4 8 4 16 6 19
OSO (33, 199) (202, 31) - 1 5 12 4 14 4 8 2 6 2 6 2 6 2 6 2 6 2 6 2 8 4 14 4 10 2 4 2 8 4 16 6 19
CS (58, 396) (202, 257) - 1 5 12 2 2 2 8 2 4 2 6 2 8 4 14 6 19 1 5 12 4 12 4 12 5 1 19 6 14 4 8 2 6 2 4 2 8 2 2 2 12 5 1 19 6 14 4 10 4 12 4 12 4 10 4 14 6 19
CS (64, 508) (202, 630) - 1 5 12 2 2 2 10 2 2 2 10 4 14 4 10 4 14 4 10 4 14 4 10 2 2 2 10 2 2 2 12 5 1 19 6 18 6 18 6 16 4 10 4 14 5 1 19 6 18 6 19 1 5 14 4 10 4 16 6 18 6 18 6 19
CS (76, 608) (202, 84) - 1 5 12 4 14 4 8 2 6 2 4 2 10 4 12 4 12 4 13 1 7 20 6 16 5 1 21 7 1 15 6 20 6 15 1 7 21 1 5 16 6 20 7 1 13 4 12 4 12 4 10 2 4 2 6 2 8 4 14 4 12 5 1 19 6 16 4 8 4 16 4 8 4 16 6 19
CS (76, 680) (202, 1020) - 1 5 14 4 10 4 14 5 1 19 6 18 6 17 1 6 1 19 6 16 6 20 6 15 1 7 20 6 16 4 8 4 17 1 6 1 17 6 19 1 6 1 16 1 6 1 19 6 17 1 6 1 17 4 8 4 16 6 20 7 1 15 6 20 6 16 6 19 1 6 1 17 6 18 6 19
CS (88, 704) (202, 220) - 1 5 14 4 10 4 14 4 10 2 4 2 6 2 8 4 15 1 6 1 20 1 6 1 15 5 1 20 1 5 14 5 1 19 6 18 6 18 6 18 6 18 6 18 6 19 1 5 14 5 1 20 1 5 15 1 6 1 20 1 6 1 15 4 8 2 6 2 4 2 10 4 14 4 10 4 14 5 1 19 6 18 6 18 6 18 6 19
CS (96, 784) (202, 160) - 1 5 12 4 12 4 12 5 1 19 6 14 4 10 4 12 4 12 4 10 4 12 4 12 4 10 4 14 6 19 1 5 14 6 19 1 6 1 15 4 8 4 16 6 16 4 8 4 14 4 10 4 12 4 10 4 14 4 8 4 16 6 16 4 8 4 15 1 6 1 19 6 14 5 1 19 6 14 4 10 4 12 4 12 4 10 4 12 4 12 4 10 4 14 6 19
CS (100, 772) (202, 148) - 1 5 12 2 2 2 10 4 14 4 8 2 6 4 17 1 6 1 18 1 6 1 17 6 18 6 19 1 5 14 4 10 4 14 5 1 19 6 18 6 17 1 6 1 18 1 6 1 17 4 6 2 8 4 14 4 10 2 2 2 12 5 1 19 6 18 6 16 4 8 4 17 1 6 1 17 6 19 1 6 1 16 1 6 1 19 6 17 1 6 1 17 4 8 4 16 6 18 6 19
CS (102, 716) (202, 103162) - 1 5 12 4 14 6 20 6 16 6 18 6 18 6 18 6 17 1 6 1 17 6 18 6 18 6 18 6 16 6 20 6 14 4 12 5 1 19 6 14 4 12 4 10 2 4 2 6 2 6 2 6 2 6 2 6 2 6 2 4 2 10 4 12 2 2 2 8 2 4 2 8 2 2 2 12 4 10 2 4 2 6 2 6 2 6 2 6 2 6 2 6 2 4 2 10 4 12 4 14 6 19
CS (108, 948) (202, 119) - 1 5 12 2 2 2 10 4 12 4 14 6 19 1 6 1 17 6 16 4 10 4 12 4 14 6 20 6 14 4 12 4 10 4 16 6 17 1 6 1 19 6 14 4 12 4 10 2 2 2 12 5 1 19 6 16 6 19 1 6 1 15 4 10 4 14 6 20 6 16 6 20 6 14 4 12 5 1 19 6 16 6 19 1 5 12 4 14 6 20 6 16 6 20 6 14 4 10 4 15 1 6 1 19 6 16 6 19
CS (120, 1036) (202, 231) - 1 5 12 5 1 17 6 17 1 6 1 17 6 16 4 6 2 8 4 14 6 19 1 5 14 6 19 1 6 1 15 6 19 1 5 14 5 1 19 6 16 6 16 4 8 4 16 6 16 6 19 1 5 14 5 1 19 6 16 6 16 4 8 4 16 6 16 6 19 1 5 14 5 1 19 6 15 1 6 1 19 6 14 5 1 19 6 14 4 8 2 6 4 16 6 17 1 6 1 17 6 17 1 5 12 5 1 17 6 18 6 14 4 10 4 14 6 18 6 17
CS (124, 1092) (202, 53) - 1 5 12 4 14 5 1 20 1 5 14 4 12 4 12 4 12 4 12 4 14 6 21 1 5 16 6 20 6 16 5 1 20 1 6 1 15 4 10 4 14 4 10 4 15 1 6 1 20 1 5 16 6 20 6 16 5 1 21 6 14 4 12 4 12 4 12 4 12 4 14 5 1 20 1 5 14 4 12 5 1 18 1 6 1 17 6 20 6 16 6 20 6 16 4 10 4 14 5 1 19 6 18 6 19 1 5 14 4 10 4 16 6 20 6 16 6 20 6 17 1 6 1 18
CS (150, 1200) (202, 53) - 1 5 16 6 18 6 19 1 6 1 16 1 6 1 19 6 17 1 6 1 18 1 6 1 17 6 19 1 6 1 16 1 6 1 19 6 18 6 16 5 1 20 1 6 1 15 4 10 4 14 4 8 2 6 2 6 4 18 6 17 1 6 1 19 6 16 6 20 6 16 6 20 6 15 1 7 20 6 16 4 8 2 4 2 8 2 4 2 10 4 12 4 12 4 12 4 12 4 12 4 12 4 10 2 4 2 8 2 4 2 8 4 16 6 20 7 1 15 6 20 6 16 6 20 6 16 6 19 1 6 1 17 6 18 4 6 2 6 2 8 4 14 4 10 4 15 1 6 1 20
OSO (21, 153) (203, 185) - 1 5 12 4 12 4 12 4 8 2 6 2 4 2 8 4 16 6 16 6 19
OSO (23, 155) (203, 142) - 1 5 12 4 12 4 10 2 4 2 8 4 14 4 10 4 14 4 8 2 6 4 17
OSO (23, 165) (203, 73) - 1 5 14 4 12 4 12 2 4 2 6 2 8 4 18 6 18 4 8 2 6 4 19
OSO (25, 195) (203, 142) - 1 5 12 4 14 4 10 4 16 6 19 1 6 1 16 1 6 1 19 6 17 1 6 1 18
OSO (29, 191) (203, 314) - 1 5 12 4 12 4 10 2 2 2 10 4 12 4 10 2 4 2 4 2 10 4 12 4 10 4 14 6 19
CS (52, 300) (203, 88) - 1 5 12 4 10 2 2 2 10 2 2 2 10 4 12 5 1 17 4 6 2 6 2 4 2 10 4 12 5 1 17 4 6 2 6 2 6 4 17 1 5 12 4 10 2 4 2 6 2 6 4 17
CS (64, 580) (203, 330) - 1 5 16 4 8 4 16 4 8 2 4 2 10 4 12 4 14 6 21 1 5 16 6 20 6 16 6 20 6 16 5 1 21 6 14 4 12 4 10 2 4 2 8 4 16 4 8 4 16 5 1 21 6 16 6 20 6 16 6 20 6 16 6 21
CS (68, 580) (203, 21) - 1 5 16 5 1 21 6 16 6 20 6 16 6 20 6 16 5 1 21 6 14 4 12 4 12 4 12 4 10 2 4 2 8 2 4 2 8 2 4 2 8 2 4 2 10 4 12 4 12 4 12 4 14 6 21 1 5 16 6 20 6 16 6 20 6 16 6 21
CS (70, 660) (203, 638) - 1 5 12 4 12 4 12 4 12 4 14 6 20 6 16 4 8 4 17 1 6 1 17 4 8 4 16 6 20 6 14 4 12 4 12 4 12 4 12 5 1 17 4 8 4 16 6 20 6 16 6 20 6 16 6 20 6 16 6 20 6 16 6 20 6 16 4 8 4 17
CS (80, 580) (203, 105) - 1 5 12 2 2 2 10 4 14 4 10 4 14 4 10 2 2 2 12 5 1 19 6 17 1 6 1 19 6 16 4 8 2 4 2 10 4 14 5 1 20 1 6 1 15 4 10 4 14 4 10 4 14 4 10 4 15 1 6 1 20 1 5 14 4 10 2 4 2 8 4 16 6 19 1 6 1 17 6 19
CS (80, 696) (203, 174) - 1 5 12 4 12 4 12 4 14 6 21 1 5 16 5 1 21 6 14 4 12 4 12 5 1 17 4 8 4 16 4 8 4 16 4 8 4 17 1 5 12 4 12 4 14 6 21 1 5 16 5 1 21 6 14 4 12 4 12 4 12 5 1 17 4 8 4 16 6 20 6 16 6 20 6 16 4 8 4 17
CS (84, 704) (203, 1361) - 1 5 12 2 2 2 10 4 14 6 20 6 15 1 7 20 6 17 1 5 12 4 12 4 12 5 1 17 6 20 7 1 15 6 20 6 14 4 10 2 2 2 12 5 1 19 6 16 6 20 6 14 4 10 2 2 2 12 5 1 19 6 16 4 8 4 16 6 19 1 5 12 2 2 2 10 4 14 6 20 6 16 6 19
OSO (23, 177) (204, 113) - 1 5 12 4 12 4 10 2 4 2 8 4 16 6 19 1 5 14 5 1 19 6 17
CS (60, 440) (204, 87) - 1 5 14 4 12 4 10 2 4 2 10 4 12 4 14 5 1 19 4 6 2 6 2 6 2 8 4 16 6 21 1 5 17 1 6 1 17 6 20 6 17 1 6 1 17 5 1 21 6 16 4 8 2 6 2 6 2 6 4 19
CS (60, 600) (204, 533) - 1 5 12 2 2 2 12 5 1 19 6 18 6 18 6 20 6 16 6 21 1 5 16 6 20 6 18 6 18 6 19 1 6 1 16 1 6 1 19 6 18 6 18 6 20 6 16 5 1 21 6 16 6 20 6 18 6 18 6 19
CS (68, 396) (204, 6) - 1 5 12 4 10 4 14 4 8 2 4 2 8 4 14 4 8 2 4 2 8 4 14 4 10 4 12 5 1 17 4 6 2 6 2 6 2 4 2 8 2 4 2 8 4 14 5 1 20 1 5 14 4 8 2 4 2 8 2 4 2 6 2 6 2 6 4 17
CS (68, 420) (204, 719) - 1 5 12 4 10 4 14 4 8 4 16 6 17 1 6 1 17 6 16 4 8 4 14 4 10 4 12 5 1 17 4 6 2 6 2 4 2 10 4 10 2 2 2 10 2 2 2 10 4 10 2 2 2 10 2 2 2 10 4 10 2 4 2 6 2 6 4 17
CS (72, 524) (204, 639) - 1 5 12 4 12 4 14 5 1 20 1 5 14 4 10 4 15 1 6 1 20 1 5 14 4 12 4 10 2 4 2 8 4 16 4 8 4 16 4 8 2 4 2 10 4 12 4 14 5 1 20 1 6 1 15 4 10 4 14 5 1 20 1 5 14 4 12 4 12 5 1 18
CS (74, 684) (204, 1040) - 1 5 12 4 14 6 20 6 16 4 8 2 4 2 10 4 12 4 12 4 12 4 12 4 12 4 12 4 10 2 4 2 8 4 16 6 20 6 14 4 12 5 1 19 6 16 6 20 6 16 6 20 6 16 6 20 7 1 14 1 7 20 6 16 6 20 6 16 6 20 6 16 6 19
CS (80, 756) (204, 60) - 1 5 14 5 1 19 6 16 6 18 6 16 6 18 6 16 6 18 6 16 6 19 1 5 14 5 1 20 1 5 16 6 16 4 8 4 16 6 16 6 19 1 6 1 15 6 19 1 5 14 6 20 6 14 6 20 6 14 5 1 19 6 15 1 6 1 19 6 16 6 16 4 8 4 16 6 16 5 1 20
CS (80, 764) (204, 16278) - 1 5 14 4 10 4 16 6 19 1 6 1 17 6 18 6 20 6 14 4 13 1 7 20 6 18 6 18 6 18 6 19 1 6 1 15 4 10 4 15 1 6 1 19 6 18 6 18 6 18 6 20 7 1 13 4 14 6 20 6 18 6 17 1 6 1 19 6 16 4 10 4 14 5 1 19 6 18 6 19
CS (86, 628) (204, 253) - 1 5 14 6 20 6 12 2 2 2 10 4 10 2 2 2 10 2 2 2 10 4 10 2 2 2 10 2 2 2 10 4 10 2 2 2 12 6 20 6 14 5 1 19 6 16 6 16 4 8 4 15 1 6 1 19 7 1 14 1 7 20 7 1 14 1 7 20 7 1 14 1 7 19 1 6 1 15 4 8 4 16 6 16 6 19
CS (90, 656) (204, 1746) - 1 5 12 4 12 5 1 17 4 6 2 8 4 14 5 1 19 6 17 1 5 12 5 1 17 6 19 1 5 14 4 8 2 4 2 10 4 10 2 4 2 8 4 14 5 1 19 6 17 1 5 12 5 1 17 6 19 1 5 14 4 8 2 6 4 17 1 5 12 4 12 5 1 18 1 5 12 4 12 5 1 18 1 5 12 4 12 5 1 18
CS (94, 732) (204, 176693) - 1 5 14 4 8 2 6 2 6 4 17 1 6 1 17 6 18 6 18 6 17 1 6 1 17 6 18 6 18 6 17 1 6 1 17 4 6 2 6 2 8 4 14 5 1 19 6 16 4 8 2 4 2 8 4 16 6 19 1 5 14 5 1 19 6 16 4 8 2 4 2 8 4 16 6 19 1 5 14 5 1 19 6 16 4 8 2 4 2 8 4 16 6 19
CS (100, 708) (204, 2817) - 1 5 12 2 2 2 10 2 2 2 10 2 4 2 6 2 6 2 8 4 16 6 20 6 16 6 21 1 5 16 5 1 21 6 16 6 20 6 16 4 8 2 6 2 6 2 4 2 10 2 2 2 10 2 2 2 12 5 1 19 6 16 4 10 4 14 4 10 4 14 4 12 4 10 2 2 2 12 4 12 4 12 2 2 2 10 4 12 4 14 4 10 4 14 4 10 4 16 6 19
CS (104, 872) (204, 18) - 1 5 14 4 10 4 14 5 1 19 6 17 1 6 1 17 6 18 4 4 2 10 2 2 2 10 4 14 6 20 6 15 1 7 20 6 16 4 8 4 16 6 19 1 5 14 5 1 19 6 17 1 6 1 17 6 18 6 17 1 6 1 17 6 19 1 5 14 5 1 19 6 16 4 8 4 16 6 20 7 1 15 6 20 6 14 4 10 2 2 2 10 2 4 4 18 6 17 1 6 1 17 6 19
CS (110, 888) (204, 104) - 1 5 12 4 12 4 12 5 1 17 4 6 2 8 4 16 6 17 1 6 1 18 1 6 1 17 6 16 4 8 2 6 4 17 1 5 12 4 12 4 12 5 1 17 6 19 1 6 1 15 5 1 20 1 5 14 4 10 4 14 5 1 19 6 17 1 6 1 17 6 18 6 18 6 17 1 6 1 17 6 18 6 18 6 17 1 6 1 17 6 19 1 5 14 4 10 4 14 5 1 20 1 5 15 1 6 1 19 6 17
OSO (21, 177) (205, 132) - 1 5 14 4 10 4 16 6 20 6 16 4 8 2 6 2 6 4 18 6 19
OSO (27, 215) (205, 35) - 1 5 12 4 14 5 1 20 1 5 14 4 10 4 15 1 6 1 19 6 18 6 17 1 6 1 18
OSO (39, 313) (205, 22) - 1 5 12 2 2 2 10 4 12 4 10 4 14 4 8 2 6 4 16 6 18 6 17 1 6 1 17 6 17 1 6 1 17 6 18 6 16 6 19
CS (132, 964) (205, 50) - 1 5 14 4 8 2 6 2 6 2 6 4 18 6 16 6 20 6 16 6 18 4 6 2 6 2 6 2 8 4 14 5 1 19 6 17 1 6 1 17 6 18 4 6 2 6 2 6 2 4 2 10 4 14 5 1 20 1 5 14 4 10 4 14 4 10 4 14 5 1 19 6 18 6 16 4 8 2 4 2 8 2 4 2 8 2 4 2 8 4 16 6 18 6 19 1 5 14 4 10 4 14 4 10 4 14 5 1 20 1 5 14 4 10 2 4 2 6 2 6 2 6 4 18 6 17 1 6 1 17 6 19
CS (62, 556) (206, 40) - 1 5 14 4 10 4 14 5 1 19 6 17 1 6 1 17 6 19 1 5 14 4 10 4 14 5 1 19 6 18 6 16 5 1 20 1 5 14 5 1 19 6 16 6 20 6 16 6 19 1 5 14 5 1 20 1 5 16 6 18 6 19
CS (80, 556) (206, 53) - 1 5 12 2 2 2 10 4 14 4 8 2 4 2 10 4 12 4 14 6 20 6 14 4 12 4 10 2 4 2 8 4 14 4 10 2 2 2 12 5 1 19 6 16 4 8 2 4 2 8 2 4 2 8 4 16 6 20 7 1 14 1 7 20 6 16 4 8 2 4 2 8 2 4 2 8 4 16 6 19
CS (80, 696) (206, 592) - 1 5 12 2 2 2 10 4 12 4 13 1 7 20 6 15 1 7 20 6 16 4 8 4 16 6 19 1 5 14 5 1 19 6 16 4 8 4 16 6 20 7 1 15 6 20 7 1 13 4 12 4 10 2 2 2 12 5 1 19 6 16 6 20 6 14 4 10 4 14 4 10 4 14 6 20 6 16 6 19
CS (84, 628) (206, 2) - 1 5 12 4 14 5 1 20 1 5 14 4 10 2 4 2 8 4 16 6 19 1 5 12 4 14 5 1 20 1 5 14 4 12 5 1 19 6 16 4 8 2 4 2 10 4 14 5 1 20 1 5 14 4 12 5 1 19 6 16 4 8 2 4 2 10 4 14 5 1 20 1 5 14 4 10 2 4 2 8 4 16 6 19
CS (84, 668) (206, 198) - 1 5 12 4 12 4 12 4 14 6 20 6 16 6 20 6 14 4 12 4 12 4 12 5 1 18 1 6 1 17 6 20 6 14 4 10 2 4 2 6 2 8 4 14 4 12 5 1 19 6 17 1 6 1 18 1 6 1 17 6 19 1 5 12 4 14 4 8 2 6 2 4 2 10 4 14 6 20 6 17 1 6 1 18
CS (92, 644) (206, 7) - 1 5 12 2 2 2 8 2 4 2 8 4 14 4 8 2 2 2 12 4 10 4 12 4 12 4 10 4 12 4 12 4 10 4 12 2 2 2 8 4 14 4 8 2 4 2 8 2 2 2 12 5 1 19 6 16 6 16 4 8 4 14 4 10 4 12 4 10 4 14 5 1 20 1 5 14 4 10 4 12 4 10 4 14 4 8 4 16 6 16 6 19
CS (96, 692) (206, 8521) - 1 6 1 15 4 8 2 4 2 8 4 14 4 8 4 16 6 18 6 15 1 7 20 6 14 4 8 2 4 2 8 2 4 2 8 4 14 6 19 1 6 1 15 4 8 4 15 1 6 1 19 6 14 4 8 2 4 2 8 2 4 2 8 4 14 6 20 7 1 15 6 18 6 16 4 8 4 14 4 8 2 4 2 8 4 15 1 6 1 19 7 1 14 1 7 19
CS (96, 732) (206, 93) - 1 5 14 5 1 19 6 15 1 6 1 19 6 14 4 10 4 12 4 10 4 14 6 20 7 1 15 6 18 6 17 1 6 1 15 4 8 2 4 2 8 4 14 4 8 2 4 2 8 4 14 4 8 2 4 2 8 4 14 4 8 2 4 2 8 4 15 1 6 1 17 6 18 6 15 1 7 20 6 14 4 10 4 12 4 10 4 14 6 19 1 6 1 15 6 19
CS (108, 832) (206, 3188) - 1 5 12 2 2 2 10 4 14 6 20 6 16 6 19 1 6 1 15 4 8 2 4 2 10 4 12 4 12 5 1 17 4 6 2 8 4 14 4 10 4 14 4 10 4 12 4 14 6 20 6 14 4 12 4 10 4 14 4 10 4 14 4 8 2 6 4 17 1 5 12 4 12 4 10 2 4 2 8 4 15 1 6 1 19 6 16 6 20 6 14 4 10 2 2 2 12 5 1 19 6 16 4 8 4 16 6 19
CS (108, 872) (206, 149) - 1 5 14 5 1 19 6 16 6 16 4 8 4 16 6 16 6 19 1 5 14 5 1 20 1 5 16 6 16 4 8 4 15 1 6 1 18 1 6 1 15 4 8 4 15 1 6 1 19 6 14 5 1 19 6 16 6 16 4 8 4 15 1 6 1 18 1 6 1 15 4 8 4 16 6 16 6 19 1 5 14 6 19 1 6 1 15 4 8 4 15 1 6 1 18 1 6 1 15 4 8 4 16 6 16 5 1 20
CS (108, 976) (206, 128) - 1 5 12 4 12 2 2 2 10 4 12 4 14 6 20 6 16 4 8 4 17 1 5 12 4 12 4 12 4 12 4 12 5 1 17 4 8 4 16 6 20 6 14 4 12 4 10 2 2 2 12 4 12 5 1 19 6 16 6 20 6 16 5 1 21 6 14 4 12 4 12 5 1 19 6 16 6 20 6 16 6 20 6 16 6 20 6 16 6 19 1 5 12 4 12 4 14 6 21 1 5 16 6 20 6 16 6 19
CS (108, 1016) (206, 5) - 1 5 14 4 10 4 16 6 19 1 6 1 16 1 6 1 19 6 16 4 10 4 14 5 1 19 6 18 6 18 4 6 2 8 4 16 6 20 6 16 4 8 2 6 4 18 6 18 6 19 1 5 14 4 10 4 16 6 20 6 16 6 20 6 18 6 18 6 18 6 20 6 16 6 20 6 16 4 10 4 14 5 1 19 6 18 6 18 4 6 2 8 4 16 6 20 6 16 4 8 2 6 4 18 6 18 6 19
CS (110, 820) (206, 105) - 1 5 12 4 12 5 1 17 4 6 2 8 2 2 2 12 4 12 4 10 2 4 2 8 4 16 6 18 4 6 2 8 4 14 4 12 5 1 19 6 16 4 8 2 4 2 10 4 12 4 12 4 14 6 20 6 16 6 20 6 16 6 20 6 14 4 12 4 12 4 10 2 4 2 8 4 16 6 19 1 5 12 4 14 4 8 2 6 4 18 6 16 4 8 2 4 2 10 4 12 4 12 2 2 2 8 2 6 4 17
CS (118, 1036) (206, 16990) - 1 5 12 4 14 5 1 20 1 5 14 4 10 4 14 4 10 4 12 4 14 6 20 6 16 6 18 6 19 1 5 14 4 10 4 14 5 1 20 1 5 16 6 18 6 18 6 18 6 16 4 8 2 4 2 10 4 10 2 4 2 8 4 16 6 18 6 18 6 18 6 16 5 1 20 1 5 14 4 10 4 14 5 1 19 6 18 6 16 6 20 6 14 4 12 4 10 4 14 4 10 4 14 5 1 20 1 5 14 4 12 5 1 19 6 16 6 19
CS (160, 1016) (206, 482) - 1 5 12 2 2 2 10 2 2 2 10 2 2 2 10 2 2 2 10 2 2 2 10 2 2 2 10 4 14 4 10 2 2 2 10 2 2 2 10 2 2 2 10 2 2 2 10 2 2 2 12 5 1 19 6 18 6 18 6 16 4 10 4 14 5 1 20 1 5 14 4 10 4 16 6 18 6 18 6 19 1 5 12 2 2 2 10 2 2 2 10 2 2 2 10 2 2 2 10 2 2 2 10 4 14 4 10 2 2 2 10 2 2 2 10 2 2 2 10 2 2 2 10 2 2 2 10 2 2 2 12 5 1 19 6 18 6 18 6 16 4 10 4 14 5 1 20 1 5 14 4 10 4 16 6 18 6 18 6 19
CS (56, 524) (207, 309) - 1 5 12 4 14 6 20 6 16 6 20 6 15 1 7 20 6 16 4 8 2 4 2 8 2 4 2 8 4 16 6 20 7 1 15 6 20 6 16 6 20 6 14 4 12 5 1 19 6 16 6 20 6 16 6 19
CS (64, 588) (207, 159) - 1 5 14 4 12 4 12 4 14 6 21 1 5 16 6 20 6 18 6 17 1 6 1 18 1 6 1 17 6 18 6 20 6 16 5 1 21 6 14 4 12 4 12 4 14 5 1 21 7 1 15 6 21 1 5 16 5 1 21 6 15 1 7 21
CS (72, 452) (207, 4216) - 1 5 10 2 4 2 6 2 6 2 6 4 16 4 6 2 6 2 6 4 16 4 6 2 6 2 6 2 4 2 10 5 1 17 6 18 6 14 4 10 2 2 2 10 4 12 5 1 17 4 6 2 6 2 6 4 17 1 5 12 4 10 2 2 2 10 4 14 6 18 6 17
CS (80, 572) (207, 1) - 1 5 14 4 10 4 14 4 10 4 14 4 10 4 14 6 21 1 5 16 6 18 4 6 2 8 4 14 4 10 2 4 2 6 2 6 2 6 2 6 2 6 2 6 2 6 2 4 2 10 4 14 4 8 2 6 4 18 6 16 5 1 21 6 14 4 10 4 14 4 10 4 14 4 10 4 14 5 1 20
CS (110, 832) (207, 188) - 1 5 12 2 2 2 10 4 14 4 10 4 12 4 14 5 1 21 6 14 5 1 19 6 17 1 6 1 18 1 5 12 4 12 4 12 4 12 4 12 5 1 18 1 6 1 17 6 19 1 5 14 6 21 1 5 14 4 12 4 10 4 14 4 10 2 2 2 12 5 1 20 1 5 14 4 12 5 1 19 6 16 4 8 2 4 2 10 4 12 4 12 4 10 2 4 2 8 4 16 6 19 1 5 12 4 14 5 1 20
OSO (37, 273) (208, 7) - 1 5 12 4 14 4 10 4 16 6 18 4 6 2 8 2 4 2 8 2 4 2 10 4 12 4 14 4 10 4 14 4 10 4 16 6 19
CS (64, 516) (208, 37) - 1 5 12 4 14 4 10 4 14 4 10 4 14 4 12 5 1 19 6 17 1 6 1 19 6 16 4 10 4 14 5 1 20 1 6 1 15 4 10 4 14 4 10 4 15 1 6 1 20 1 5 14 4 10 4 16 6 19 1 6 1 17 6 19
CS (64, 548) (208, 47) - 1 5 12 4 10 2 2 2 10 4 14 6 18 6 16 6 19 1 5 14 6 20 6 14 6 20 6 14 6 20 6 14 6 20 6 14 5 1 19 6 16 6 18 6 14 4 10 2 2 2 10 4 12 5 1 17 4 6 2 6 2 6 4 17
CS (68, 444) (208, 98) - 1 5 12 4 14 4 8 2 6 2 6 2 6 2 6 2 6 4 18 4 6 2 6 2 6 2 6 2 6 2 8 4 14 4 12 5 1 19 6 16 4 10 4 12 2 2 2 10 4 14 5 1 20 1 5 14 4 10 2 2 2 12 4 10 4 16 6 19
CS (68, 500) (208, 458) - 1 5 12 2 2 2 10 4 14 6 20 6 16 6 19 1 5 12 4 14 4 8 2 4 2 8 2 4 2 8 2 4 2 8 2 4 2 8 4 14 4 12 5 1 19 6 16 6 20 6 14 4 10 2 2 2 12 5 1 19 6 16 4 8 4 16 6 19
CS (70, 656) (208, 427) - 1 5 14 4 10 4 16 6 19 1 6 1 17 6 18 6 20 6 16 6 20 6 18 6 17 1 6 1 19 6 16 4 10 4 14 5 1 19 6 18 6 18 4 6 2 8 4 16 6 20 6 17 1 6 1 17 6 20 6 16 4 8 2 6 4 18 6 18 6 19
CS (72, 596) (208, 89) - 1 5 12 4 12 4 12 4 10 2 4 2 8 4 16 6 18 6 19 1 5 14 4 10 4 14 4 10 4 14 5 1 19 6 18 6 16 4 8 2 4 2 10 4 12 4 12 4 12 5 1 17 6 20 6 14 4 10 4 14 4 10 4 14 4 10 4 14 6 20 6 17
CS (72, 656) (208, 596) - 1 5 14 5 1 19 6 18 6 16 4 10 4 12 2 2 2 10 4 14 6 21 1 5 16 6 19 1 6 1 17 6 18 6 18 6 18 6 18 6 18 6 18 6 18 6 17 1 6 1 19 6 16 5 1 21 6 14 4 10 2 2 2 12 4 10 4 16 6 18 6 19
CS (76, 540) (208, 67) - 1 5 12 4 14 4 8 2 6 2 6 2 6 2 6 2 6 2 6 2 6 2 8 4 14 4 12 5 1 19 6 16 4 8 2 6 2 4 2 10 4 14 4 10 4 14 5 1 19 6 18 6 18 6 18 6 19 1 5 14 4 10 4 14 4 10 2 4 2 6 2 8 4 16 6 19
CS (80, 636) (208, 166) - 1 5 12 4 10 2 4 2 8 4 16 6 18 6 17 1 6 1 18 1 5 12 4 14 6 20 6 14 4 12 5 1 18 1 6 1 17 6 18 6 16 4 8 2 4 2 10 4 12 5 1 17 6 19 1 5 14 5 1 19 6 16 4 8 2 4 2 8 4 16 6 19 1 5 14 5 1 19 6 17
CS (84, 684) (208, 51693) - 1 5 12 4 12 5 1 17 6 19 1 5 14 5 1 19 6 17 1 5 12 4 12 5 1 17 6 19 1 6 1 15 5 1 20 1 5 14 4 10 4 14 5 1 19 6 17 1 6 1 17 6 18 4 6 4 18 6 17 1 6 1 17 6 19 1 5 14 4 10 4 14 5 1 20 1 5 15 1 6 1 19 6 17
CS (106, 728) (208, 22934) - 1 5 10 2 4 2 8 4 14 4 8 2 4 2 8 2 4 2 8 4 14 4 10 4 12 4 12 5 1 18 1 5 12 4 12 4 10 4 14 4 8 2 4 2 8 2 4 2 8 4 14 4 8 2 4 2 10 5 1 17 6 18 6 16 4 6 2 8 4 14 4 10 4 12 4 12 5 1 18 1 5 12 4 12 5 1 18 1 5 12 4 12 4 10 4 14 4 8 2 6 4 16 6 18 6 17
CS (108, 872) (208, 361) - 1 5 12 2 2 2 10 2 4 2 6 2 8 4 16 4 8 2 6 4 18 6 18 4 6 2 8 4 16 4 8 2 6 2 4 2 10 2 2 2 12 5 1 19 6 18 6 18 6 20 6 16 5 1 20 1 5 14 4 10 2 2 2 12 4 14 6 21 1 5 16 6 20 6 18 6 18 6 20 6 16 5 1 21 6 14 4 12 2 2 2 10 4 14 5 1 20 1 5 16 6 20 6 18 6 18 6 19
CS (112, 960) (208, 271) - 1 5 14 4 10 4 12 4 10 4 14 4 8 4 15 1 6 1 18 1 6 1 15 5 1 20 1 5 14 4 10 4 12 4 10 4 14 5 1 20 1 5 15 1 6 1 18 1 6 1 15 4 8 4 14 4 10 4 12 4 10 4 14 5 1 19 6 16 6 18 6 16 6 18 6 16 6 18 6 16 6 19 1 5 14 4 10 4 12 4 10 4 14 5 1 19 6 16 6 18 6 16 6 18 6 16 6 18 6 16 6 19
CS (124, 1008) (208, 3211) - 1 5 12 4 12 4 14 6 20 6 16 6 20 6 16 6 20 6 16 6 20 6 14 4 12 4 12 5 1 18 1 6 1 17 4 6 2 8 4 16 6 18 4 6 2 8 4 15 1 7 21 1 5 14 4 10 2 2 2 12 4 10 4 14 4 12 5 1 19 6 17 1 6 1 19 6 16 6 19 1 6 1 17 6 19 1 5 12 4 14 4 10 4 12 2 2 2 10 4 14 5 1 21 7 1 15 4 8 2 6 4 18 6 16 4 8 2 6 4 17 1 6 1 18
CS (146, 948) (208, 3777) - 1 5 12 4 10 2 4 2 6 2 6 4 16 4 6 2 6 2 6 4 17 1 5 12 4 12 5 1 18 1 5 12 4 12 5 1 18 1 5 12 4 12 5 1 18 1 5 12 4 12 5 1 18 1 5 12 4 12 5 1 17 4 6 2 6 2 6 4 16 4 6 2 6 2 4 2 10 4 12 5 1 18 1 5 12 4 12 5 1 18 1 5 12 4 12 5 1 17 4 6 2 6 2 6 4 16 4 6 2 6 2 6 4 16 4 6 2 6 2 6 4 16 4 6 2 6 2 6 4 17 1 5 12 4 12 5 1 18 1 5 12 4 12 5 1 18
CS (52, 428) (209, 155) - 1 5 12 5 1 17 6 18 6 16 4 6 2 8 4 14 5 1 19 6 16 4 6 2 8 4 14 6 20 6 14 4 8 2 6 4 16 6 19 1 5 14 4 8 2 6 4 16 6 18 6 17
CS (68, 580) (209, 14) - 1 5 16 4 8 2 4 2 8 2 4 2 10 4 12 4 12 4 14 6 21 1 5 16 6 20 6 16 5 1 21 6 14 4 12 4 12 4 10 2 4 2 8 2 4 2 8 4 16 5 1 21 6 16 6 20 6 16 6 20 6 16 6 20 6 16 6 21
CS (72, 596) (209, 168) - 1 5 12 2 2 2 10 4 14 6 20 6 16 6 18 6 19 1 5 14 4 10 4 14 5 1 19 6 18 6 16 6 20 6 14 4 10 2 2 2 12 5 1 19 6 16 6 20 6 14 4 10 2 2 2 10 2 2 2 10 2 2 2 10 4 14 6 20 6 16 6 19
CS (98, 744) (209, 201) - 1 5 14 5 1 19 6 15 1 6 1 19 6 14 4 8 2 6 4 16 6 17 1 6 1 17 6 16 4 6 2 8 4 14 6 19 1 6 1 15 6 19 1 5 14 5 1 20 1 5 16 6 16 4 8 4 15 1 6 1 18 1 6 1 15 4 8 4 15 1 6 1 18 1 6 1 15 4 8 4 15 1 6 1 18 1 6 1 15 4 8 4 16 6 16 5 1 20
CS (116, 928) (209, 4823) - 1 5 10 2 4 2 8 2 4 2 6 2 8 4 15 1 6 1 19 6 16 6 20 6 14 4 10 4 14 4 10 4 14 5 1 19 6 18 6 16 4 8 4 16 6 20 6 14 4 10 4 14 4 10 4 14 6 20 6 16 4 8 4 16 6 18 6 19 1 5 14 4 10 4 14 4 10 4 14 6 20 6 16 6 19 1 6 1 15 4 8 2 6 2 4 2 8 2 4 2 10 5 1 17 6 18 4 6 2 6 2 6 4 18 6 17
OSO (27, 199) (210, 2118) - 1 5 12 4 12 4 10 2 2 2 10 4 12 4 12 4 10 4 12 4 12 4 10 4 14 6 19
OSO (27, 257) (210, 244) - 1 5 16 6 20 6 16 6 20 6 16 6 20 6 16 4 8 2 4 2 10 4 12 4 14 6 21
OSO (31, 191) (210, 164) - 1 5 10 2 4 2 6 2 6 2 4 2 8 2 4 2 8 4 14 4 8 4 16 6 17 1 6 1 17 6 17
CS (62, 532) (210, 411) - 1 5 12 4 14 4 8 2 4 2 10 4 14 6 20 6 17 1 6 1 17 6 20 6 14 4 10 2 4 2 8 4 14 4 12 5 1 19 6 16 6 20 6 16 4 8 4 16 4 8 4 16 4 8 4 16 6 20 6 16 6 19
CS (68, 508) (210, 87) - 1 5 12 4 10 4 14 4 8 4 16 6 18 6 15 1 7 20 7 1 15 6 18 6 16 4 8 4 14 4 10 4 12 5 1 17 6 18 6 16 4 6 2 6 2 6 2 6 2 4 2 8 2 4 2 6 2 6 2 6 2 6 4 16 6 18 6 17
CS (68, 564) (210, 210) - 1 5 12 4 12 4 12 4 12 4 12 4 12 4 12 5 1 17 6 20 6 14 4 10 2 4 2 6 2 8 4 14 4 12 5 1 19 6 16 6 20 6 16 6 20 6 16 6 19 1 5 12 4 14 4 8 2 6 2 4 2 10 4 14 6 20 6 17
CS (72, 444) (210, 240) - 1 5 12 2 2 2 10 4 14 4 8 2 6 2 6 2 6 2 6 2 6 2 6 2 6 2 6 2 6 2 8 4 14 4 10 2 2 2 12 5 1 19 6 16 4 10 4 12 2 2 2 10 4 14 5 1 20 1 5 14 4 10 2 2 2 12 4 10 4 16 6 19
CS (72, 532) (210, 94) - 1 5 12 4 12 4 12 4 12 4 12 4 12 2 2 2 8 2 4 2 8 2 4 2 8 2 2 2 12 4 12 4 12 4 12 4 12 4 12 5 1 17 4 8 4 16 6 20 6 14 4 12 4 12 5 1 18 1 5 12 4 12 4 14 6 20 6 16 4 8 4 17
CS (72, 636) (210, 16) - 1 5 12 4 14 6 20 6 16 6 20 6 15 1 6 1 20 1 5 16 6 18 4 6 2 8 4 15 1 6 1 19 6 16 6 20 6 16 6 19 1 6 1 15 4 8 2 6 4 18 6 16 5 1 20 1 6 1 15 6 20 6 16 6 20 6 14 4 12 5 1 18
CS (80, 580) (210, 181) - 1 5 12 2 2 2 10 4 12 4 12 4 10 2 2 2 12 5 1 19 6 16 4 8 4 16 6 18 6 16 4 8 4 16 6 19 1 5 12 2 2 2 10 4 12 4 12 4 10 2 2 2 12 5 1 20 1 5 15 1 6 1 20 1 5 14 4 10 4 14 5 1 20 1 6 1 15 5 1 20
CS (86, 716) (210, 130) - 1 5 12 4 14 6 20 6 16 6 18 6 18 6 18 6 17 1 6 1 17 6 18 6 18 6 18 6 16 6 20 6 14 4 12 5 1 19 6 16 6 18 4 6 2 6 2 8 4 14 4 8 2 6 2 4 2 10 4 12 4 12 4 12 4 10 2 4 2 6 2 8 4 14 4 8 2 6 2 6 4 18 6 16 6 19
CS (96, 744) (210, 285) - 1 5 12 4 12 4 10 2 4 2 6 2 4 2 10 4 12 4 10 2 4 2 6 2 4 2 10 4 12 4 12 5 1 19 7 1 13 4 12 5 1 19 6 16 6 18 6 16 6 19 1 6 1 15 5 1 20 1 5 14 5 1 19 6 16 6 19 1 5 14 5 1 20 1 5 15 1 6 1 19 6 16 6 18 6 16 6 19 1 5 12 4 13 1 7 19
CS (104, 796) (210, 6) - 1 5 12 4 12 4 12 5 1 17 4 6 2 8 4 15 1 6 1 19 6 16 6 18 4 6 2 6 2 8 4 14 5 1 19 6 16 4 8 2 4 2 8 4 16 6 19 1 5 14 5 1 19 6 16 4 8 4 16 6 19 1 5 14 5 1 19 6 16 4 8 2 4 2 8 4 16 6 19 1 5 14 4 8 2 6 2 6 4 18 6 16 6 19 1 6 1 15 4 8 2 6 4 17
CS (104, 800) (210, 136) - 1 5 14 4 10 4 14 4 10 4 14 4 10 4 14 4 10 2 2 2 10 2 2 2 10 4 14 4 10 4 14 4 10 4 14 4 10 4 14 5 1 20 1 5 15 1 6 1 20 1 5 14 4 12 4 10 4 16 6 18 6 19 1 6 1 15 4 10 4 14 5 1 20 1 5 14 4 10 4 15 1 6 1 19 6 18 6 16 4 10 4 12 4 14 5 1 20 1 6 1 15 5 1 20
CS (112, 924) (210, 5274) - 1 5 12 2 2 2 10 4 12 4 14 6 20 6 14 4 12 4 10 4 15 1 6 1 19 6 15 1 7 21 1 5 16 5 1 21 6 14 4 10 4 14 4 8 2 6 2 6 4 18 6 16 6 20 6 16 6 18 4 6 2 6 2 8 4 14 4 10 4 14 6 21 1 5 16 5 1 21 7 1 15 6 19 1 6 1 15 4 10 4 12 4 14 6 20 6 14 4 12 4 10 2 2 2 12 5 1 19 6 16 6 19
CS (116, 908) (210, 96) - 1 5 12 4 14 4 10 4 14 4 10 4 16 6 19 1 6 1 16 1 6 1 19 6 16 4 10 4 14 4 10 4 14 4 12 5 1 18 1 6 1 17 6 19 1 6 1 16 1 6 1 19 6 16 4 10 4 14 4 10 4 14 4 12 5 1 18 1 6 1 17 6 19 1 6 1 16 1 6 1 19 6 17 1 6 1 18 1 5 12 4 14 4 10 4 14 4 10 4 16 6 19 1 6 1 16 1 6 1 19 6 17 1 6 1 18
CS (202, 1600) (210, 4931) - 1 5 12 2 2 2 10 4 14 4 10 4 14 5 1 20 1 6 1 15 4 8 2 6 4 18 6 16 4 8 2 4 2 10 4 12 4 14 6 20 6 16 4 8 4 17 1 5 12 4 12 4 12 4 12 4 12 4 12 5 1 17 4 8 4 16 6 20 6 14 4 12 4 10 2 4 2 8 4 16 6 18 4 6 2 8 4 15 1 6 1 20 1 5 14 4 10 4 14 4 10 2 2 2 12 5 1 19 6 18 6 16 4 10 4 12 4 14 5 1 21 7 1 15 5 1 20 1 6 1 15 4 10 4 14 4 8 2 6 2 6 4 18 6 17 1 6 1 19 6 16 6 20 6 16 6 20 6 16 6 19 1 6 1 17 6 18 4 6 2 6 2 8 4 14 4 10 4 15 1 6 1 20 1 5 15 1 7 21 1 5 14 4 12 4 10 4 16 6 18 6 19
OSO (27, 175) (211, 431) - 1 7 20 6 16 6 18 4 6 2 6 2 6 2 6 2 6 2 6 2 4 2 10 4 12 4 13
OSO (27, 215) (211, 608) - 1 5 12 4 12 4 12 4 10 4 12 4 12 4 10 2 4 4 18 6 14 4 10 4 14 6 19
OSO (29, 235) (211, 31) - 1 5 14 4 10 4 16 6 20 6 17 1 6 1 17 4 8 4 16 4 8 2 6 2 6 4 18 6 19
OSO (29, 245) (211, 181) - 1 5 14 5 1 19 6 18 6 16 4 8 2 6 4 18 6 16 4 8 2 6 4 18 6 16 5 1 20
OSO (31, 261) (211, 37) - 1 6 1 17 6 20 6 14 4 12 4 10 2 4 2 8 4 16 6 20 6 15 1 7 20 6 17 1 6 1 18
OSO (31, 267) (211, 52) - 1 5 14 4 10 2 4 2 8 4 16 5 1 21 6 16 6 20 6 18 6 17 1 6 1 19 6 16 5 1 20
OSO (29, 221) (212, 24) - 1 5 14 4 12 4 10 2 4 2 8 4 16 6 18 4 6 2 8 4 16 6 19 1 5 14 5 1 20
OSO (33, 267) (212, 26) - 1 5 12 2 2 2 10 4 14 5 1 20 1 5 14 4 10 4 14 4 10 4 14 6 20 6 16 4 8 4 16 6 19
OSO (35, 323) (212, 144) - 1 5 12 4 14 6 18 6 17 1 6 1 17 6 16 6 19 1 5 14 6 20 6 14 5 1 19 6 14 4 10 4 14 6 19
OSO (37, 297) (212, 24) - 1 5 14 4 10 2 4 2 6 2 8 4 16 6 19 1 6 1 17 6 18 6 19 1 6 1 17 6 18 6 19 1 5 14 5 1 20
CS (60, 468) (212, 6704) - 1 5 14 4 10 4 12 2 2 2 8 2 6 4 16 6 19 1 5 14 5 1 19 6 16 4 6 2 8 2 2 2 12 4 10 4 14 5 1 19 6 16 4 8 4 16 6 18 4 6 4 18 6 16 4 8 4 16 6 19
CS (80, 580) (212, 31) - 1 5 12 4 13 1 7 19 1 6 1 16 1 6 1 19 7 1 13 4 12 5 1 19 7 1 13 4 10 4 14 4 8 4 16 6 19 1 5 14 4 8 2 6 4 16 4 6 2 6 2 6 2 6 2 6 4 16 4 6 2 8 4 14 5 1 19 6 16 4 8 4 14 4 10 4 13 1 7 19
CS (84, 628) (212, 1057) - 1 5 12 2 2 2 10 4 12 4 12 4 12 4 10 2 2 2 12 5 1 18 1 6 1 17 6 18 6 16 4 10 4 12 4 12 4 12 5 1 17 4 6 2 8 4 16 6 17 1 6 1 18 1 6 1 17 6 16 4 8 2 6 4 17 1 5 12 4 12 4 12 4 10 4 16 6 18 6 17 1 6 1 18
CS (84, 716) (212, 136) - 1 5 14 6 20 6 14 6 20 7 1 14 1 7 19 1 6 1 15 4 8 4 15 1 6 1 19 7 1 14 1 7 20 6 14 6 20 6 14 5 1 19 6 16 6 16 4 8 4 15 1 6 1 19 7 1 14 1 7 20 7 1 14 1 7 20 7 1 14 1 7 19 1 6 1 15 4 8 4 16 6 16 6 19
CS (92, 704) (212, 143) - 1 5 12 4 12 4 12 5 1 17 6 20 7 1 15 6 20 6 14 4 12 5 1 19 6 14 4 12 4 10 2 4 2 6 2 6 2 8 4 14 5 1 19 6 16 4 8 2 4 2 8 2 4 2 8 4 16 6 19 1 5 14 4 8 2 6 2 6 2 4 2 10 4 12 4 14 6 19 1 5 12 4 14 6 20 6 15 1 7 20 6 17
CS (92, 708) (212, 21) - 1 5 12 4 12 4 10 4 14 4 8 2 4 2 8 2 4 2 8 4 15 1 6 1 19 6 15 1 7 20 6 16 6 18 6 16 4 8 4 16 6 17 1 6 1 18 1 6 1 17 6 16 4 8 4 16 6 18 6 16 6 20 7 1 15 6 19 1 6 1 15 4 8 2 4 2 8 2 4 2 8 4 14 4 10 4 12 4 12 5 1 18
CS (94, 644) (212, 438) - 1 5 12 2 2 2 8 2 4 2 8 4 14 4 8 2 4 2 8 4 15 1 6 1 19 7 1 14 1 7 19 1 6 1 15 4 8 2 4 2 8 4 14 4 8 2 4 2 8 2 2 2 12 5 1 20 1 5 15 1 7 20 6 14 4 10 4 12 4 12 4 10 4 12 4 12 4 10 4 12 4 12 4 10 4 14 6 20 7 1 15 5 1 20
CS (94, 776) (212, 192) - 1 5 12 4 14 4 10 4 16 6 19 1 6 1 17 6 20 6 16 5 1 20 1 6 1 15 4 10 4 14 4 12 4 12 4 12 4 14 5 1 20 1 5 14 4 12 4 12 4 14 5 1 20 1 5 14 4 12 4 12 4 12 4 14 4 10 4 15 1 6 1 20 1 5 16 6 20 6 17 1 6 1 19 6 16 4 10 4 14 4 12 5 1 18
CS (96, 600) (212, 10912) - 1 5 12 4 10 2 4 2 6 2 6 4 17 1 5 12 4 10 4 14 4 8 2 4 2 8 4 14 4 10 4 12 5 1 17 4 6 2 6 2 4 2 10 4 10 2 4 2 6 2 6 4 17 1 5 12 4 10 4 14 4 8 2 4 2 8 4 14 4 10 4 12 5 1 17 4 6 2 6 2 4 2 10 4 12 5 1 18 1 5 12 4 12 5 1 18
OSO (37, 331) (213, 13) - 1 5 14 5 1 19 6 16 6 16 4 8 4 16 6 16 6 19 1 5 14 5 1 19 6 16 6 17 1 6 1 17 6 16 5 1 20
CS (64, 596) (213, 1) - 1 5 12 2 2 2 10 2 2 2 10 2 2 2 12 5 1 19 6 18 6 18 6 18 6 18 6 20 7 1 15 6 20 6 18 6 16 4 10 4 14 4 10 4 16 6 18 6 20 6 15 1 7 20 6 18 6 18 6 18 6 18 6 19
CS (76, 652) (213, 407) - 1 5 14 4 12 4 12 4 12 4 14 5 1 21 7 1 15 5 1 21 6 14 4 12 4 12 4 12 4 14 5 1 21 7 1 15 5 1 21 6 14 4 12 4 12 4 12 4 14 6 21 1 5 15 1 7 21 1 5 14 4 12 4 12 4 12 4 14 6 21 1 5 15 1 7 21
CS (76, 744) (213, 154) - 1 5 17 1 6 1 17 5 1 21 6 16 4 8 2 6 4 18 6 18 6 18 6 20 7 1 13 4 14 6 20 6 18 6 18 6 18 6 20 7 1 13 4 13 1 7 20 6 18 6 18 6 18 6 20 6 14 4 13 1 7 20 6 18 6 18 6 18 4 6 2 8 4 16 6 21
CS (82, 696) (213, 224) - 1 5 14 4 10 4 14 4 10 4 12 4 12 4 12 4 12 4 10 4 14 4 10 4 14 5 1 19 6 18 6 16 5 1 20 1 6 1 15 5 1 20 1 5 14 5 1 19 6 16 6 20 7 1 14 1 7 20 6 16 6 19 1 5 14 5 1 20 1 5 15 1 6 1 20 1 5 16 6 18 6 19
CS (148, 1152) (213, 265) - 1 5 12 4 14 4 10 4 14 4 12 5 1 19 6 16 4 8 2 6 2 6 2 6 2 6 2 6 2 6 2 8 4 16 6 19 1 6 1 17 6 18 6 20 6 16 6 21 1 5 16 4 8 4 18 6 17 1 6 1 19 6 16 4 8 2 6 2 4 2 10 4 15 1 6 1 19 6 18 6 18 6 18 6 19 1 6 1 15 4 10 2 4 2 6 2 8 4 16 6 19 1 6 1 17 6 18 4 8 4 16 5 1 21 6 16 6 20 6 18 6 17 1 6 1 19 6 16 4 8 2 6 2 6 2 6 2 6 2 6 2 6 2 8 4 16 6 19
CS (52, 412) (214, 297) - 1 5 12 2 2 2 10 4 14 4 10 4 14 4 10 4 14 4 10 4 14 4 10 2 2 2 12 5 1 19 6 18 6 16 4 10 4 14 5 1 20 1 5 14 4 10 4 16 6 18 6 19
CS (56, 404) (214, 679) - 1 5 14 4 10 2 4 2 6 2 6 4 18 6 17 1 6 1 17 6 18 4 6 2 6 2 4 2 10 4 14 5 1 19 6 18 6 16 4 8 2 4 2 10 4 10 2 4 2 8 4 16 6 18 6 19
CS (60, 548) (214, 45) - 1 5 12 4 10 2 2 2 10 4 14 6 18 6 16 6 19 1 5 14 6 20 6 14 6 20 6 14 6 20 6 14 6 20 6 14 6 20 6 14 5 1 19 6 16 6 18 6 14 4 10 2 2 2 10 4 12 5 1 18
CS (68, 524) (214, 474) - 1 5 12 4 12 4 12 4 12 4 14 6 20 6 15 1 7 20 6 16 4 8 4 16 4 8 2 4 2 8 2 4 2 8 2 4 2 8 2 4 2 8 4 16 4 8 4 16 6 20 7 1 15 6 20 6 14 4 12 4 12 4 12 4 12 5 1 18
CS (70, 604) (214, 51) - 1 5 16 4 8 2 4 2 10 4 12 4 12 4 14 6 20 6 17 1 6 1 17 6 20 6 14 4 12 4 12 4 10 2 4 2 8 4 16 5 1 21 6 16 6 20 6 14 4 12 4 12 4 12 4 12 4 12 4 12 4 12 4 14 6 20 6 16 6 21
CS (72, 556) (214, 17) - 1 5 12 2 2 2 10 4 14 4 8 2 4 2 10 4 12 4 14 6 20 6 14 4 12 4 10 2 4 2 8 4 14 4 10 2 2 2 12 5 1 19 6 16 4 8 4 16 4 8 4 16 6 20 7 1 14 1 7 20 6 16 4 8 4 16 4 8 4 16 6 19
CS (84, 712) (214, 5643) - 1 5 14 6 19 1 6 1 15 4 8 4 16 6 16 4 6 2 8 4 14 4 8 2 6 4 16 6 16 4 8 4 15 1 6 1 19 6 14 5 1 19 6 14 4 10 4 14 6 18 6 18 6 14 4 10 4 13 1 7 18 4 6 4 18 7 1 13 4 10 4 14 6 18 6 18 6 14 4 10 4 14 6 19
CS (84, 716) (214, 5125) - 1 5 16 5 1 21 6 14 4 10 4 14 4 8 2 6 2 6 4 18 6 16 6 20 7 1 13 4 12 4 10 4 16 6 18 6 16 4 10 4 12 4 12 4 12 4 12 4 12 4 10 4 16 6 18 6 16 4 10 4 12 4 13 1 7 20 6 16 6 18 4 6 2 6 2 8 4 14 4 10 4 14 6 21
CS (86, 660) (214, 89) - 1 5 12 4 12 4 12 4 12 5 1 17 4 8 4 16 6 20 6 14 4 10 2 4 2 8 4 14 4 12 5 1 19 6 16 4 8 2 4 2 10 4 12 4 12 4 12 4 12 4 12 4 12 4 12 4 10 2 4 2 8 4 16 6 19 1 5 12 4 14 4 8 2 4 2 10 4 14 6 20 6 16 4 8 4 17
CS (88, 708) (214, 36541) - 1 6 1 15 4 8 2 4 2 8 2 4 2 8 2 4 2 8 2 4 2 8 4 15 1 6 1 19 6 16 4 8 4 16 6 20 7 1 15 6 19 1 6 1 15 4 10 4 14 6 20 6 16 6 20 7 1 14 1 7 20 6 16 6 20 6 14 4 10 4 15 1 6 1 19 6 15 1 7 20 6 16 4 8 4 16 6 19
CS (88, 740) (214, 22) - 1 5 12 4 14 5 1 20 1 5 14 4 10 4 14 4 10 4 12 4 14 6 19 1 6 1 16 1 6 1 19 6 14 4 12 4 10 4 14 4 10 4 14 5 1 20 1 5 14 4 12 5 1 19 6 16 6 20 6 14 4 10 4 14 4 10 4 14 5 1 20 1 5 14 4 10 4 14 4 10 4 14 6 20 6 16 6 19
CS (88, 748) (214, 94) - 1 5 12 4 13 1 7 20 6 14 5 1 19 6 14 4 10 4 14 6 19 1 6 1 15 6 19 1 5 14 6 20 6 14 5 1 19 6 15 1 6 1 19 6 14 4 10 4 14 6 19 1 5 14 6 20 7 1 13 4 12 5 1 18 1 6 1 16 1 6 1 17 6 18 6 16 6 18 6 17 1 6 1 16 1 6 1 18
CS (96, 748) (214, 14150) - 1 5 14 4 10 4 12 2 2 2 10 4 12 4 12 4 12 4 10 2 2 2 12 4 10 4 14 5 1 19 6 16 4 8 2 4 2 8 4 16 6 19 1 5 14 5 1 19 6 16 5 1 20 1 5 14 5 1 19 6 16 4 8 4 16 6 19 1 5 14 5 1 20 1 5 16 6 19 1 5 14 5 1 19 6 16 4 8 2 4 2 8 4 16 6 19
CS (98, 660) (214, 563) - 1 5 12 4 12 4 12 4 12 4 14 6 20 6 16 4 8 4 17 1 6 1 17 4 8 4 16 6 20 6 14 4 12 4 12 4 12 4 12 5 1 17 4 8 4 16 4 8 4 16 4 6 2 8 2 4 2 8 2 4 2 8 2 4 2 8 2 4 2 8 2 4 2 8 2 4 2 8 2 4 2 8 2 4 2 8 2 6 4 16 4 8 4 16 4 8 4 17
CS (116, 1068) (214, 1085) - 1 5 12 4 14 6 21 1 5 16 6 19 1 6 1 17 6 18 6 18 6 18 6 18 6 18 6 17 1 6 1 19 6 16 5 1 21 6 14 4 12 5 1 19 6 16 6 20 6 16 5 1 21 6 14 4 12 4 10 2 2 2 12 4 10 4 16 6 18 6 18 6 19 1 5 14 4 10 4 14 4 10 4 14 5 1 19 6 18 6 18 6 16 4 10 4 12 2 2 2 10 4 12 4 14 6 21 1 5 16 6 20 6 16 6 19
CS (174, 1408) (214, 2461) - 1 5 14 5 1 19 6 15 1 6 1 19 6 14 4 8 2 6 4 16 6 17 1 6 1 17 6 16 4 6 2 8 4 14 6 19 1 6 1 15 6 19 1 5 14 5 1 19 6 16 6 16 4 8 4 16 6 16 6 19 1 5 14 6 20 6 14 6 20 7 1 14 1 7 20 7 1 14 1 7 19 1 6 1 15 4 8 4 15 1 6 1 18 1 6 1 15 4 8 4 15 1 6 1 18 1 6 1 15 4 8 4 15 1 6 1 18 1 6 1 15 4 8 4 15 1 6 1 18 1 6 1 15 4 8 4 15 1 6 1 19 7 1 14 1 7 20 7 1 14 1 7 20 6 14 6 20 6 14 5 1 19 6 16 6 16 4 8 4 16 6 16 6 19
CS (64, 468) (215, 45) - 1 5 14 4 10 2 4 2 8 4 16 5 1 21 6 16 6 21 1 5 16 4 8 2 4 2 10 4 14 5 1 20 1 5 15 1 6 1 20 1 5 14 4 12 4 10 2 4 2 10 4 12 4 14 5 1 20 1 6 1 15 5 1 20
CS (76, 636) (215, 160) - 1 5 12 4 10 2 4 2 8 4 16 6 18 6 18 6 16 4 8 2 4 2 10 4 12 5 1 17 6 19 1 5 14 5 1 19 6 16 6 20 6 14 4 12 5 1 18 1 6 1 17 6 17 1 6 1 18 1 5 12 4 14 6 20 6 16 6 19 1 5 14 5 1 19 6 17
CS (88, 652) (215, 78040) - 1 5 12 4 10 2 2 2 10 2 2 2 10 4 12 5 1 17 4 6 2 6 2 4 2 10 4 12 4 10 4 14 6 20 7 1 15 6 18 6 17 1 6 1 17 6 16 5 1 20 1 5 14 5 1 20 1 5 16 6 17 1 6 1 17 6 18 6 15 1 7 20 6 14 4 10 4 12 4 10 2 4 2 6 2 6 4 17
CS (114, 896) (215, 35172) - 1 5 12 2 2 2 10 4 14 6 20 6 16 6 19 1 5 14 5 1 20 1 5 15 1 6 1 20 1 5 16 6 18 6 19 1 5 14 4 10 4 14 4 8 2 6 2 4 2 10 4 12 4 12 4 10 2 4 2 6 2 8 4 14 4 10 4 14 5 1 19 6 18 6 16 5 1 20 1 6 1 15 5 1 20 1 5 14 5 1 19 6 16 6 20 6 14 4 10 2 2 2 12 5 1 19 6 16 4 8 4 16 6 19
CS (130, 1156) (215, 2188) - 1 5 12 2 2 2 10 4 12 4 12 4 10 2 2 2 12 5 1 19 6 15 1 7 20 6 16 6 19 1 6 1 15 6 20 6 14 4 12 5 1 19 6 16 6 19 1 5 14 5 1 19 6 16 4 8 4 16 6 18 6 18 6 16 5 1 20 1 5 14 5 1 19 6 16 6 19 1 5 14 5 1 20 1 5 16 6 18 6 18 6 16 4 8 4 16 6 19 1 5 14 5 1 19 6 16 6 19 1 5 12 4 14 6 20 6 15 1 6 1 19 6 16 6 20 7 1 15 6 19
CS (68, 600) (216, 147) - 1 5 14 5 1 19 6 18 6 18 6 20 6 16 6 21 1 5 16 4 8 2 4 2 10 4 14 4 10 4 15 1 6 1 19 6 18 6 19 1 6 1 15 4 10 4 14 4 10 2 4 2 8 4 16 5 1 21 6 16 6 20 6 18 6 18 6 19
CS (88, 696) (216, 16) - 1 5 14 4 10 4 16 6 18 6 19 1 6 1 16 1 6 1 19 6 16 5 1 21 6 14 4 10 2 4 2 6 2 8 4 16 6 19 1 6 1 15 4 10 4 15 1 6 1 19 6 16 4 8 2 6 2 4 2 10 4 14 6 21 1 5 16 6 19 1 6 1 16 1 6 1 19 6 18 6 16 4 10 4 14 5 1 20
CS (88, 708) (216, 32) - 1 5 12 4 14 4 8 2 6 4 17 1 6 1 18 1 6 1 17 6 18 6 19 1 5 14 4 10 4 14 5 1 19 6 18 6 17 1 6 1 18 1 6 1 17 4 6 2 8 4 14 4 12 5 1 19 6 17 1 6 1 18 1 6 1 17 6 18 6 18 4 6 4 18 6 18 6 17 1 6 1 18 1 6 1 17 6 19
CS (88, 728) (216, 299) - 1 5 12 4 14 6 20 6 17 1 6 1 18 1 6 1 17 6 19 1 6 1 16 1 6 1 19 6 17 1 6 1 18 1 6 1 17 6 20 6 14 4 12 5 1 18 1 6 1 17 4 8 4 16 6 19 1 6 1 17 6 18 6 19 1 5 14 5 1 19 6 18 6 17 1 6 1 19 6 16 4 8 4 17 1 6 1 18
CS (92, 716) (216, 118) - 1 5 14 4 10 4 14 4 10 4 14 4 10 4 14 4 10 4 14 4 10 4 14 5 1 20 1 5 15 1 6 1 20 1 5 14 4 12 4 10 2 2 2 12 4 10 4 16 6 18 6 19 1 5 14 4 10 4 14 4 10 4 14 5 1 19 6 18 6 16 4 10 4 12 2 2 2 10 4 12 4 14 5 1 20 1 6 1 15 5 1 20
CS (92, 764) (216, 114) - 1 5 12 4 14 4 8 2 6 4 18 6 16 4 8 2 6 4 18 6 16 6 21 1 5 16 5 1 21 6 16 6 18 4 6 2 8 4 16 6 18 4 6 2 8 4 14 4 12 5 1 19 6 16 4 8 2 4 2 10 4 12 4 12 4 12 4 14 6 20 6 16 6 20 6 14 4 12 4 12 4 12 4 10 2 4 2 8 4 16 6 19
CS (92, 872) (216, 1281) - 1 5 14 4 10 4 14 5 1 19 6 18 6 17 1 6 1 19 6 16 6 20 6 16 6 20 6 15 1 7 20 6 17 1 6 1 17 4 8 4 16 6 19 1 6 1 17 6 18 6 18 6 18 6 17 1 6 1 19 6 16 4 8 4 17 1 6 1 17 6 20 7 1 15 6 20 6 16 6 20 6 16 6 19 1 6 1 17 6 18 6 19
CS (132, 796) (216, 11415) - 1 5 12 2 2 2 8 2 2 2 12 4 8 2 6 4 16 4 6 2 6 2 6 4 16 4 6 2 8 4 14 6 19 1 5 12 2 2 2 8 2 4 2 6 2 6 2 6 2 6 4 16 6 18 6 16 4 6 2 6 2 6 2 6 2 4 2 8 2 2 2 12 5 1 19 6 14 4 8 2 6 4 16 4 6 2 6 2 6 4 16 4 6 2 8 4 12 2 2 2 8 2 2 2 12 5 1 19 6 14 4 8 2 6 4 16 4 6 2 6 2 6 4 16 4 6 2 8 4 14 6 19
CS (134, 1036) (216, 7394) - 1 5 12 2 2 2 10 4 14 5 1 20 1 5 14 5 1 20 1 5 14 4 12 5 1 19 6 17 1 6 1 18 1 6 1 17 6 19 1 5 12 4 14 5 1 20 1 5 14 5 1 20 1 5 14 4 10 2 2 2 12 5 1 19 6 18 6 16 5 1 21 7 1 15 5 1 20 1 6 1 16 1 6 1 19 6 17 1 6 1 18 1 5 12 4 12 4 12 4 12 4 12 4 12 5 1 18 1 6 1 17 6 19 1 6 1 16 1 6 1 20 1 5 15 1 7 21 1 5 16 6 18 6 19
CS (156, 1040) (216, 7617) - 1 5 12 4 12 4 12 4 10 2 4 2 8 4 14 4 10 2 2 2 10 2 2 2 10 4 14 5 1 20 1 5 14 4 10 2 2 2 10 2 2 2 10 4 14 4 8 2 4 2 10 4 12 4 12 4 12 5 1 17 4 8 4 15 1 6 1 19 6 16 4 8 2 2 2 12 4 12 4 10 2 4 2 6 2 6 2 6 2 8 4 14 5 1 19 6 17 1 6 1 17 6 19 1 5 14 4 10 4 14 5 1 19 6 17 1 6 1 17 6 19 1 5 14 4 8 2 6 2 6 2 6 2 4 2 10 4 12 4 12 2 2 2 8 4 16 6 19 1 6 1 15 4 8 4 17
CS (156, 1176) (216, 4528) - 1 5 12 4 12 4 10 2 4 2 8 4 15 1 6 1 19 6 16 6 19 1 6 1 15 4 8 2 4 2 10 4 12 4 12 5 1 17 4 6 2 8 4 15 1 6 1 19 6 16 6 19 1 5 14 5 1 20 1 5 16 6 18 6 18 6 17 1 6 1 17 6 19 1 5 14 4 8 2 6 2 6 2 4 2 10 4 12 4 12 4 12 4 12 5 1 18 1 5 12 4 12 4 12 4 12 4 10 2 4 2 6 2 6 2 8 4 14 5 1 19 6 17 1 6 1 17 6 18 6 18 6 16 5 1 20 1 5 14 5 1 19 6 16 6 19 1 6 1 15 4 8 2 6 4 17
OSO (27, 221) (217, 13) - 1 5 12 2 2 2 10 4 12 4 14 6 19 1 6 1 15 4 10 4 14 6 20 6 16 6 19
CS (64, 524) (217, 73) - 1 5 14 4 10 2 2 2 10 4 14 4 10 4 12 4 12 4 13 1 7 20 6 16 6 20 7 1 13 4 12 4 12 4 10 4 14 4 10 2 2 2 10 4 14 5 1 19 6 18 6 16 4 8 4 16 4 8 4 16 6 18 6 19
CS (64, 564) (217, 140) - 1 5 16 6 20 6 16 6 20 6 16 6 20 6 16 5 1 21 6 14 4 12 4 10 2 4 2 8 4 16 6 20 7 1 13 4 12 4 12 4 12 4 12 4 12 4 13 1 7 20 6 16 4 8 2 4 2 10 4 12 4 14 6 21
CS (80, 596) (217, 335) - 1 5 14 4 12 4 12 4 12 4 12 4 14 5 1 20 1 5 14 4 12 4 12 4 12 4 12 4 14 5 1 20 1 5 15 1 6 1 20 1 5 16 6 20 6 16 4 8 2 6 2 4 2 10 2 2 2 10 2 4 2 6 2 8 4 16 6 20 6 16 5 1 20 1 6 1 15 5 1 20
CS (100, 868) (217, 1) - 1 5 12 4 12 4 10 4 14 6 19 1 5 12 4 12 4 12 5 1 19 6 14 4 10 4 14 6 18 6 17 1 6 1 17 6 18 6 14 4 10 4 14 6 19 1 5 12 4 12 4 12 5 1 19 6 14 4 10 4 12 4 12 5 1 18 1 6 1 17 6 16 6 18 6 18 6 14 4 10 4 12 4 12 4 10 4 14 6 18 6 18 6 16 6 17 1 6 1 18
CS (100, 892) (217, 267) - 1 5 12 4 12 4 12 4 12 4 14 6 20 6 16 4 8 2 4 2 10 4 12 4 14 6 21 1 5 16 6 20 6 16 6 20 6 16 6 20 6 16 6 20 6 16 6 20 6 16 5 1 21 6 14 4 12 4 10 2 4 2 8 4 16 6 20 6 14 4 12 4 12 4 12 4 12 5 1 17 4 8 4 16 4 8 4 16 4 8 4 16 4 8 4 16 4 8 4 17
CS (124, 952) (217, 39) - 1 5 12 2 2 2 10 2 4 2 6 2 8 4 16 6 19 1 6 1 17 6 18 4 6 2 8 2 4 2 8 2 4 2 8 2 4 2 10 4 14 5 1 20 1 5 14 4 10 2 4 2 8 2 4 2 8 2 4 2 8 2 6 4 18 6 17 1 6 1 19 6 16 4 8 2 6 2 4 2 10 2 2 2 12 5 1 19 6 18 6 18 6 18 6 20 6 14 4 14 6 20 6 18 6 18 6 18 6 20 6 14 4 14 6 20 6 18 6 18 6 18 6 19
CS (60, 452) (218, 15951) - 1 5 14 4 10 4 12 4 12 4 10 4 12 2 2 2 8 2 2 2 12 4 10 4 12 4 12 4 10 4 14 5 1 19 6 16 4 6 2 8 4 14 6 20 7 1 14 1 7 20 6 14 4 8 2 6 4 16 6 19
CS (64, 508) (218, 602) - 1 5 14 4 10 4 14 4 10 4 14 4 10 2 2 2 10 2 2 2 10 2 2 2 10 4 14 4 10 4 14 4 10 4 14 5 1 19 6 18 6 18 6 16 4 10 4 14 5 1 20 1 5 14 4 10 4 16 6 18 6 18 6 19
CS (66, 448) (218, 85) - 1 5 10 2 4 2 6 2 6 2 6 2 6 4 16 6 19 1 5 14 4 10 4 12 4 12 5 1 18 1 5 12 4 12 4 10 4 14 5 1 19 6 16 4 6 2 6 2 6 2 6 2 4 2 10 5 1 17 6 17 1 6 1 17 6 17
CS (66, 608) (218, 100) - 1 5 14 4 10 4 16 6 20 6 16 6 21 1 5 16 5 1 21 6 16 6 20 6 16 4 10 4 14 5 1 19 6 18 6 18 4 6 2 8 4 16 6 21 1 5 17 1 6 1 17 5 1 21 6 16 4 8 2 6 4 18 6 18 6 19
CS (68, 516) (218, 110) - 1 5 12 2 2 2 10 4 14 4 10 4 14 4 10 2 2 2 12 5 1 19 6 17 1 6 1 19 6 16 4 10 4 14 5 1 20 1 6 1 15 4 10 4 14 4 10 4 15 1 6 1 20 1 5 14 4 10 4 16 6 19 1 6 1 17 6 19
CS (72, 780) (218, 230) - 1 5 16 4 8 4 18 6 18 6 18 6 20 6 16 6 20 6 18 6 18 6 18 4 8 4 16 5 1 21 6 16 6 20 6 18 6 18 6 18 6 20 6 16 5 1 21 6 14 4 12 4 14 6 21 1 5 16 6 20 6 18 6 18 6 18 6 20 6 16 6 21
CS (76, 524) (218, 80) - 1 5 12 4 12 4 14 5 1 20 1 5 14 4 10 4 15 1 6 1 20 1 5 14 4 12 4 10 2 4 2 8 2 4 2 8 4 16 4 8 2 4 2 8 2 4 2 10 4 12 4 14 5 1 20 1 6 1 15 4 10 4 14 5 1 20 1 5 14 4 12 4 12 5 1 18
CS (80, 708) (218, 23) - 1 5 12 4 14 6 18 6 18 6 14 4 10 2 2 2 10 4 12 4 10 2 2 2 10 4 14 6 18 6 18 6 14 4 12 5 1 19 6 16 6 18 6 16 6 18 6 16 4 6 2 8 4 14 5 1 19 6 16 6 19 1 5 14 4 8 2 6 4 16 6 18 6 16 6 18 6 16 6 19
CS (84, 648) (218, 45) - 1 5 12 4 14 4 8 2 4 2 10 4 14 6 20 6 17 1 5 12 5 1 17 6 20 6 14 4 10 2 4 2 8 4 14 4 12 5 1 19 6 16 5 1 21 7 1 15 6 20 6 16 4 8 2 4 2 8 2 4 2 8 2 4 2 8 2 4 2 8 4 16 6 20 6 15 1 7 21 1 5 16 6 19
CS (92, 664) (218, 89) - 1 5 12 4 12 4 12 4 10 4 14 4 8 4 16 6 19 1 5 14 4 8 2 6 2 4 2 8 2 4 2 6 2 8 4 14 5 1 19 6 16 4 8 4 14 4 10 4 12 4 12 4 12 5 1 19 6 14 4 10 2 2 2 10 4 13 1 7 19 1 5 12 4 12 4 12 5 1 19 7 1 13 4 10 2 2 2 10 4 14 6 19
CS (92, 724) (218, 276) - 1 5 12 4 14 6 21 1 5 16 6 20 7 1 13 4 12 4 12 4 12 4 12 4 12 4 12 4 12 4 12 4 12 4 12 4 12 4 13 1 7 20 6 16 5 1 21 6 14 4 12 5 1 18 1 6 1 17 4 6 2 8 2 4 2 8 4 16 6 20 7 1 14 1 7 20 6 16 4 8 2 4 2 8 2 6 4 17 1 6 1 18
CS (96, 748) (218, 5370) - 1 5 14 4 10 2 4 2 8 4 16 4 8 4 17 1 6 1 17 4 8 4 16 5 1 21 6 15 1 7 21 1 5 16 6 20 6 16 4 8 2 4 2 10 4 14 4 10 4 14 4 10 2 4 2 8 4 16 6 20 6 16 5 1 21 7 1 15 6 21 1 5 16 4 8 4 17 1 6 1 17 4 8 4 16 4 8 2 4 2 10 4 14 5 1 20
CS (120, 932) (218, 359) - 1 5 14 4 10 4 14 4 10 4 14 5 1 19 6 18 6 18 6 16 4 10 4 14 5 1 21 7 1 15 4 8 2 6 2 4 2 10 4 14 6 21 1 5 16 6 19 1 6 1 17 6 18 6 18 4 6 2 6 2 6 2 6 2 6 2 6 2 6 2 6 2 6 2 6 2 6 4 18 6 18 6 17 1 6 1 19 6 16 5 1 21 6 14 4 10 2 4 2 6 2 8 4 15 1 7 21 1 5 14 4 10 4 16 6 18 6 18 6 19
CS (148, 1084) (218, 910) - 1 5 14 4 10 4 14 4 10 2 2 2 10 2 2 2 10 2 2 2 10 4 14 4 10 4 14 5 1 20 1 5 14 4 10 4 14 4 10 2 2 2 10 2 2 2 10 2 2 2 10 4 14 4 10 4 14 5 1 20 1 5 14 4 10 4 15 1 6 1 20 1 5 16 6 18 6 19 1 6 1 15 4 10 4 14 4 10 4 14 5 1 20 1 5 14 4 10 4 14 4 10 4 14 4 10 4 14 4 10 4 14 5 1 20 1 5 14 4 10 4 14 4 10 4 15 1 6 1 19 6 18 6 16 5 1 20 1 6 1 15 4 10 4 14 5 1 20
OSO (33, 223) (219, 25) - 1 5 12 4 12 4 12 4 10 4 15 1 6 1 18 1 6 1 16 1 6 1 18 1 6 1 15 4 8 2 6 4 17
OSO (33, 279) (219, 2131) - 1 5 12 4 13 1 7 19 1 6 1 15 4 8 4 16 6 18 6 14 4 12 5 1 19 6 14 4 10 4 14 6 19
OSO (33, 305) (219, 976) - 1 7 20 6 16 4 8 2 4 2 10 4 12 4 12 4 12 4 12 4 14 6 20 6 16 6 20 6 16 6 20 6 15
CS (72, 516) (219, 303) - 1 5 12 4 12 2 2 2 10 4 14 4 10 2 2 2 12 4 12 5 1 17 4 8 4 17 1 6 1 17 6 20 6 16 5 1 20 1 6 1 15 4 8 2 6 2 6 2 6 2 8 4 15 1 6 1 20 1 5 16 6 20 6 17 1 6 1 17 4 8 4 17
CS (76, 640) (219, 141) - 1 5 12 4 14 5 1 19 6 18 4 6 2 8 4 16 5 1 21 6 16 6 21 1 5 16 4 8 2 6 4 18 6 19 1 5 14 4 12 5 1 17 4 8 2 4 2 10 4 14 5 1 19 6 18 6 20 6 16 6 20 6 18 6 19 1 5 14 4 10 2 4 2 8 4 17
CS (112, 968) (219, 145) - 1 5 12 2 2 2 10 4 14 6 20 6 16 6 19 1 5 14 5 1 20 1 5 16 6 18 6 18 6 18 6 16 5 1 20 1 5 14 5 1 19 6 16 6 20 6 14 4 10 2 2 2 12 5 1 19 6 16 4 8 4 16 6 19 1 5 14 5 1 20 1 5 16 6 18 6 19 1 5 14 4 10 2 2 2 10 4 14 5 1 19 6 18 6 16 5 1 20 1 5 14 5 1 19 6 16 4 8 4 16 6 19
OSO (21, 159) (220, 137) - 1 5 12 4 12 2 2 2 10 4 12 4 14 6 20 6 17 1 6 1 18
OSO (29, 239) (220, 83) - 1 5 14 4 10 4 16 6 18 4 6 2 8 4 16 6 19 1 6 1 17 6 19 1 5 14 5 1 20
CS (64, 504) (220, 140) - 1 5 14 4 10 4 16 6 20 6 17 1 6 1 17 5 1 21 6 16 4 8 2 6 2 4 2 10 2 2 2 10 2 4 2 6 2 8 4 16 6 21 1 5 17 1 6 1 17 6 20 6 16 4 10 4 14 5 1 19 6 18 6 19
CS (68, 572) (220, 40) - 1 5 12 4 12 4 12 5 1 17 6 19 1 5 14 5 1 19 6 16 6 20 6 14 5 1 18 1 6 1 17 6 16 4 8 2 6 4 16 4 6 2 8 4 16 6 17 1 6 1 18 1 5 14 6 20 6 16 6 19 1 5 14 5 1 19 6 17
CS (76, 580) (220, 323) - 1 5 14 4 12 4 10 2 4 2 8 2 4 2 8 2 4 2 8 2 4 2 10 4 12 4 14 5 1 21 6 14 4 10 2 4 2 8 4 16 6 20 6 16 5 1 21 6 14 4 12 4 12 4 12 4 14 6 21 1 5 16 6 20 6 16 4 8 2 4 2 10 4 14 6 21
CS (80, 656) (220, 28) - 1 5 12 4 14 6 21 1 5 16 4 8 4 16 4 8 4 16 5 1 21 6 14 4 12 5 1 18 1 6 1 15 4 10 4 14 4 10 4 14 5 1 19 6 17 1 6 1 17 6 20 7 1 14 1 7 20 6 17 1 6 1 17 6 19 1 5 14 4 10 4 14 4 10 4 15 1 6 1 18
CS (84, 632) (220, 173) - 1 5 14 4 10 2 4 2 8 4 16 4 8 4 17 1 6 1 17 4 8 4 16 5 1 21 6 16 6 20 6 16 4 8 2 6 2 4 2 10 4 14 4 10 2 4 2 6 2 8 4 16 6 20 6 16 6 21 1 5 16 4 8 4 17 1 6 1 17 4 8 4 16 4 8 2 4 2 10 4 14 5 1 20
CS (88, 692) (220, 823) - 1 5 14 4 8 2 6 2 6 2 6 4 17 1 6 1 17 6 18 6 18 6 17 1 6 1 17 6 18 6 18 6 17 1 6 1 17 4 6 2 6 2 6 2 8 4 14 5 1 19 6 17 1 6 1 17 6 18 6 18 6 16 4 8 2 4 2 10 4 10 2 4 2 8 4 16 6 18 6 18 6 17 1 6 1 17 6 19
CS (92, 756) (220, 42) - 1 5 12 4 14 4 10 4 14 4 12 5 1 18 1 5 12 4 14 5 1 19 6 18 6 19 1 6 1 15 4 10 4 14 4 12 5 1 18 1 6 1 17 6 19 1 5 14 5 1 19 6 18 6 19 1 5 14 5 1 19 6 17 1 6 1 18 1 5 12 4 14 4 10 4 15 1 6 1 19 6 18 6 19 1 5 14 4 12 5 1 18
CS (96, 720) (220, 216) - 1 5 14 5 1 19 6 18 6 18 6 16 4 8 2 6 2 4 2 10 4 14 6 21 1 5 16 6 19 1 6 1 17 6 18 6 18 4 6 2 6 2 6 2 6 2 6 2 6 2 6 2 6 2 6 2 6 2 6 2 6 2 6 4 18 6 18 6 17 1 6 1 19 6 16 5 1 21 6 14 4 10 2 4 2 6 2 8 4 16 6 18 6 18 6 19
CS (104, 740) (220, 50) - 1 5 14 4 8 2 6 2 6 2 4 2 10 4 12 4 12 2 2 2 8 4 16 6 19 1 5 14 5 1 20 1 5 16 6 18 4 6 2 6 2 6 2 6 2 6 2 6 4 18 6 16 5 1 20 1 5 14 5 1 19 6 16 4 8 2 2 2 12 4 12 4 10 2 4 2 6 2 6 2 8 4 14 5 1 19 6 17 1 6 1 17 6 18 6 18 6 17 1 6 1 17 6 19
CS (104, 904) (220, 12371) - 1 5 12 4 10 2 2 2 10 4 14 6 19 1 5 14 6 20 6 14 6 20 6 14 5 1 19 6 14 4 10 2 2 2 10 4 12 5 1 18 1 5 12 4 12 4 10 4 14 6 18 6 18 6 15 1 7 20 6 14 4 8 2 6 4 16 6 18 6 16 6 18 6 16 6 18 6 16 4 6 2 8 4 14 6 20 7 1 15 6 18 6 18 6 14 4 10 4 12 4 12 5 1 18
CS (108, 700) (220, 148) - 1 5 12 4 12 2 2 2 8 2 6 4 16 4 8 2 4 2 8 2 4 2 8 2 4 2 8 2 4 2 8 4 16 4 6 2 8 2 2 2 12 4 12 5 1 18 1 6 1 17 4 6 2 8 4 16 6 18 4 6 2 6 2 8 4 14 4 12 5 1 19 6 17 1 6 1 18 1 6 1 17 6 19 1 5 12 4 14 4 8 2 6 2 6 4 18 6 16 4 8 2 6 4 17 1 6 1 18
CS (108, 732) (220, 30) - 1 5 12 4 14 4 8 2 6 2 6 2 6 2 6 2 4 2 10 2 2 2 10 4 14 4 10 2 2 2 10 2 4 2 6 2 6 2 6 2 6 2 8 4 14 4 12 5 1 19 6 16 4 10 4 12 4 14 4 8 2 6 2 4 2 10 4 14 4 10 4 14 5 1 19 6 18 6 18 6 18 6 19 1 5 14 4 10 4 14 4 10 2 4 2 6 2 8 4 14 4 12 4 10 4 16 6 19
CS (108, 756) (220, 31) - 1 5 12 2 2 2 10 4 14 4 8 2 6 4 18 6 16 6 20 6 16 6 19 1 5 12 4 14 4 8 2 4 2 10 4 12 4 12 2 2 2 8 2 4 2 8 2 2 2 12 4 12 4 10 2 4 2 8 4 14 4 12 5 1 19 6 16 6 20 6 16 6 18 4 6 2 8 4 14 4 10 2 2 2 12 5 1 19 6 16 4 8 2 4 2 8 2 4 2 8 2 4 2 8 4 16 6 19
CS (108, 880) (220, 257) - 1 6 1 15 4 10 4 12 4 14 6 20 6 16 6 20 7 1 13 4 12 4 10 2 4 2 6 2 8 4 14 4 10 2 2 2 10 2 2 2 10 4 14 4 8 2 6 2 4 2 10 4 12 4 13 1 7 20 6 16 6 20 6 14 4 12 4 10 4 15 1 6 1 19 6 16 6 20 7 1 13 4 12 4 10 4 16 6 18 6 18 6 18 6 16 4 10 4 12 4 13 1 7 20 6 16 6 19
CS (128, 948) (220, 60) - 1 5 12 4 12 4 10 2 4 2 4 2 10 4 12 4 10 2 4 2 6 4 17 1 6 1 17 6 16 6 19 1 5 14 5 1 20 1 5 16 6 18 6 16 6 18 6 16 4 8 4 15 1 6 1 18 1 6 1 15 4 8 4 16 6 18 6 16 6 18 6 16 5 1 20 1 5 14 5 1 19 6 16 6 17 1 6 1 17 4 6 2 4 2 10 4 12 4 10 2 4 2 4 2 10 4 12 4 12 5 1 18 1 6 1 15 4 8 2 4 2 8 4 15 1 6 1 18
CS (132, 972) (220, 57) - 1 5 10 2 4 2 8 4 16 6 18 4 6 2 6 2 6 2 6 4 18 6 16 4 8 2 4 2 8 2 4 2 8 4 16 6 19 1 5 14 5 1 19 6 16 4 8 2 4 2 8 2 4 2 8 4 16 6 18 4 6 2 6 2 6 2 6 4 18 6 16 4 8 2 4 2 10 5 1 17 6 18 6 18 6 18 6 16 4 8 2 4 2 10 4 10 2 4 2 8 4 16 6 18 6 18 6 18 6 16 4 8 2 4 2 10 4 10 2 4 2 8 4 16 6 18 6 18 6 18 6 17
CS (144, 1016) (220, 1090) - 1 5 12 2 2 2 10 2 2 2 10 2 2 2 10 2 2 2 10 4 14 4 10 4 14 4 10 4 14 4 10 2 2 2 10 2 2 2 10 2 2 2 12 5 1 19 6 18 6 18 6 16 4 10 4 14 5 1 20 1 5 14 4 10 4 16 6 18 6 18 6 19 1 5 12 2 2 2 10 2 2 2 10 2 2 2 10 4 14 4 10 4 14 4 10 4 14 4 10 2 2 2 10 2 2 2 10 2 2 2 10 2 2 2 12 5 1 19 6 18 6 18 6 16 4 10 4 14 5 1 20 1 5 14 4 10 4 16 6 18 6 18 6 19
CS (144, 1256) (220, 44) - 1 5 12 4 12 4 12 5 1 19 6 14 5 1 19 7 1 13 4 10 4 13 1 7 19 1 5 14 6 19 1 5 12 4 12 4 12 5 1 19 6 14 5 1 19 7 1 13 4 10 4 13 1 7 19 1 5 14 6 19 1 5 12 4 13 1 7 20 6 14 6 20 6 14 5 1 19 6 16 6 16 4 8 4 16 6 16 6 19 1 5 14 5 1 19 6 16 6 16 4 8 4 16 6 16 6 19 1 5 14 6 20 6 14 6 20 7 1 13 4 12 5 1 19 6 14 5 1 19 7 1 13 4 10 4 13 1 7 19 1 5 14 6 19
OSO (21, 157) (221, 667) - 1 5 12 4 14 5 1 19 6 19 1 5 14 4 10 2 4 2 8 4 17
CS (52, 416) (221, 338) - 1 5 12 4 12 4 12 5 1 19 6 14 4 10 4 14 6 19 1 5 14 6 19 1 6 1 15 4 8 2 4 2 8 4 15 1 6 1 19 6 14 5 1 19 6 14 4 10 4 14 6 19
CS (60, 504) (221, 130) - 1 5 14 4 10 4 16 6 20 6 17 1 6 1 17 6 20 6 16 4 10 4 14 5 1 19 6 18 4 6 2 6 2 8 4 16 6 21 1 5 17 1 6 1 17 5 1 21 6 16 4 8 2 6 2 6 4 18 6 19
CS (68, 492) (221, 33) - 1 5 12 2 2 2 8 2 4 2 8 4 14 4 8 4 16 6 18 6 16 4 8 4 14 4 8 2 4 2 8 2 2 2 12 5 1 19 6 14 4 10 4 12 4 12 4 10 4 14 5 1 20 1 5 14 4 10 4 12 4 12 4 10 4 14 6 19
CS (70, 664) (221, 246) - 1 5 16 6 19 1 6 1 17 6 20 6 16 6 20 6 16 5 1 21 6 14 4 12 4 12 4 12 4 12 4 14 6 21 1 5 16 6 20 6 16 6 20 6 17 1 6 1 19 6 16 5 1 21 6 14 4 12 4 12 4 12 4 12 4 12 4 14 6 21
CS (80, 604) (221, 32) - 1 5 12 4 12 4 10 4 14 4 10 4 12 4 10 4 14 4 10 4 12 4 12 5 1 18 1 6 1 17 6 16 4 8 2 2 2 12 4 10 4 14 5 1 20 1 5 14 5 1 19 6 16 6 19 1 5 14 5 1 20 1 5 14 4 10 4 12 2 2 2 8 4 16 6 17 1 6 1 18
CS (82, 688) (221, 650) - 1 5 14 6 19 1 6 1 15 4 8 4 16 6 16 4 8 4 14 4 10 4 12 4 10 4 14 4 8 4 16 6 16 4 8 4 15 1 6 1 19 6 14 5 1 19 6 14 4 10 4 12 4 12 4 10 4 14 6 18 6 17 1 6 1 17 6 18 6 14 4 10 4 12 4 12 4 10 4 14 6 19
CS (104, 808) (221, 120652) - 1 5 12 2 2 2 10 4 12 4 10 4 14 4 10 4 12 4 10 2 2 2 12 5 1 19 6 16 6 18 6 18 6 14 4 12 5 1 19 6 15 1 6 1 20 1 5 16 6 17 1 6 1 18 1 5 12 4 12 4 10 2 2 2 10 2 2 2 10 4 12 4 12 5 1 18 1 6 1 17 6 16 5 1 20 1 6 1 15 6 19 1 5 12 4 14 6 18 6 18 6 16 6 19
OSO (25, 161) (222, 9) - 1 5 12 4 10 4 14 4 8 2 4 2 8 4 15 1 6 1 17 4 6 2 6 4 17
CS (72, 508) (222, 139) - 1 5 14 4 10 4 14 4 10 2 2 2 10 2 4 2 6 2 6 2 6 2 6 2 6 2 6 2 6 2 4 2 10 2 2 2 10 4 14 4 10 4 14 5 1 19 6 18 6 18 6 16 4 10 4 14 5 1 20 1 5 14 4 10 4 16 6 18 6 18 6 19
CS (72, 532) (222, 251) - 1 5 16 4 8 2 6 2 8 4 16 4 10 4 16 6 21 1 5 16 5 1 21 6 16 4 10 4 16 4 8 2 6 2 8 4 16 5 1 21 6 16 4 10 2 4 2 8 2 4 2 10 4 14 4 12 4 14 4 10 2 4 2 8 2 4 2 10 4 16 6 21
CS (76, 676) (222, 1) - 1 5 12 4 14 6 20 6 14 4 10 2 4 2 6 2 4 2 10 4 14 6 20 6 14 4 10 2 4 2 6 2 4 2 10 4 14 6 20 6 14 4 12 5 1 19 6 16 6 18 6 18 6 18 6 16 6 20 7 1 14 1 7 20 6 16 6 18 6 18 6 18 6 16 6 19
CS (80, 632) (222, 1732) - 1 5 14 4 8 2 6 4 16 6 16 4 8 4 15 1 6 1 19 6 14 5 1 19 6 14 4 10 4 12 4 12 4 10 4 12 4 12 4 10 4 12 4 12 4 10 4 12 4 12 4 10 4 14 6 19 1 5 14 6 19 1 6 1 15 4 8 4 16 6 16 4 6 2 8 4 14 5 1 20
CS (84, 652) (222, 3283) - 1 5 12 4 12 4 12 4 12 4 12 4 10 4 15 1 6 1 19 6 15 1 7 20 6 16 4 8 4 16 6 18 4 6 2 6 2 6 2 6 2 6 4 18 6 16 4 8 4 16 6 20 7 1 15 6 19 1 6 1 15 4 10 4 12 4 12 4 12 4 12 4 12 5 1 18 1 6 1 16 1 6 1 18
CS (88, 684) (222, 69) - 1 5 14 4 10 2 4 2 6 4 18 6 17 1 6 1 17 6 19 1 5 14 4 10 4 14 5 1 20 1 5 15 1 6 1 19 6 17 1 6 1 17 6 18 6 17 1 6 1 17 6 19 1 6 1 15 5 1 20 1 5 14 4 10 4 14 5 1 19 6 17 1 6 1 17 6 18 4 6 2 4 2 10 4 14 5 1 20
CS (88, 720) (222, 6834) - 1 5 14 5 1 19 6 18 6 18 6 16 4 8 2 6 2 4 2 10 4 14 6 21 1 5 16 6 19 1 6 1 17 6 18 6 18 6 18 4 6 2 6 2 6 2 6 2 6 2 6 2 6 4 18 6 18 6 18 6 17 1 6 1 19 6 16 5 1 21 6 14 4 10 2 4 2 6 2 8 4 16 6 18 6 18 6 19
CS (100, 652) (222, 11) - 1 5 12 4 12 4 10 2 4 2 6 2 8 4 14 4 10 4 14 4 8 2 6 4 17 1 5 12 4 12 4 10 2 4 2 8 4 14 4 10 2 2 2 10 4 14 4 8 2 4 2 10 4 12 4 12 5 1 17 4 6 2 8 4 14 4 10 4 14 4 8 2 6 2 4 2 10 4 12 4 12 5 1 17 4 6 2 8 4 14 4 10 4 14 4 8 2 6 4 17
CS (120, 872) (222, 183) - 1 5 12 4 12 4 10 2 2 2 10 4 12 4 10 4 14 5 1 20 1 5 14 4 10 4 12 4 10 4 14 5 1 20 1 5 14 4 10 4 12 4 10 2 2 2 10 4 12 4 12 5 1 19 6 14 4 8 2 4 2 8 2 4 2 8 4 14 6 19 1 5 12 4 13 1 7 20 7 1 14 1 7 20 7 1 14 1 7 20 7 1 14 1 7 20 7 1 13 4 12 5 1 19 6 14 4 8 2 4 2 8 2 4 2 8 4 14 6 19
CS (120, 972) (222, 289) - 1 5 12 4 14 4 8 2 6 2 6 4 18 6 18 6 16 4 10 4 14 5 1 20 1 5 14 4 10 4 16 6 18 6 18 4 6 2 6 2 8 4 14 4 12 5 1 19 6 16 4 8 2 6 2 4 2 10 4 12 4 14 5 1 20 1 6 1 15 4 10 4 14 5 1 19 6 18 6 18 6 18 6 18 6 18 6 18 6 18 6 19 1 5 14 4 10 4 15 1 6 1 20 1 5 14 4 12 4 10 2 4 2 6 2 8 4 16 6 19
CS (136, 1196) (222, 51) - 1 5 12 4 12 4 14 6 20 6 16 6 20 6 16 6 19 1 6 1 17 6 18 6 18 6 19 1 5 14 4 10 4 14 4 10 4 14 4 10 4 14 5 1 20 1 5 14 4 10 4 14 4 10 4 14 4 10 4 14 4 10 4 14 5 1 20 1 5 14 4 10 4 14 4 10 4 14 4 10 4 14 5 1 19 6 18 6 18 6 17 1 6 1 19 6 16 6 20 6 16 6 20 6 14 4 12 4 12 5 1 18 1 6 1 17 6 19 1 6 1 17 6 18 6 17 1 6 1 19 6 17 1 6 1 18
CS (148, 1168) (222, 5599) - 1 5 12 4 12 4 12 4 10 2 2 2 12 4 10 4 14 4 10 4 14 5 1 19 6 18 6 16 5 1 20 1 6 1 15 6 20 6 16 6 18 6 19 1 5 14 4 10 4 14 5 1 19 6 18 6 16 6 20 6 15 1 6 1 20 1 5 16 6 18 6 19 1 5 14 4 10 4 14 4 10 4 12 2 2 2 10 4 12 4 12 4 12 5 1 17 4 6 2 8 4 15 1 6 1 19 6 16 6 20 6 14 4 10 2 4 2 6 2 6 2 6 2 6 2 6 2 4 2 10 4 14 6 20 6 16 6 19 1 6 1 15 4 8 2 6 4 17
OSO (23, 209) (223, 44) - 1 5 16 6 20 6 16 6 20 6 16 4 8 2 4 2 10 4 12 4 14 6 21
CS (64, 460) (223, 83) - 1 5 12 4 12 2 2 2 10 4 14 5 1 20 1 5 15 1 6 1 20 1 5 14 4 12 4 12 4 12 4 12 4 12 4 14 5 1 20 1 6 1 15 5 1 20 1 5 14 4 10 2 2 2 12 4 12 5 1 17 4 8 4 17
CS (74, 632) (223, 359) - 1 5 12 4 12 4 14 6 21 1 5 16 6 20 6 16 6 20 6 16 6 21 1 5 16 4 8 2 4 2 8 2 6 4 17 1 6 1 17 4 6 2 8 2 4 2 8 4 16 5 1 21 6 16 6 20 6 16 6 20 6 16 5 1 21 6 14 4 12 4 12 5 1 18
CS (78, 604) (223, 187) - 1 5 16 6 20 6 16 6 20 6 16 4 8 4 17 1 6 1 17 4 8 4 16 6 20 6 16 6 20 6 16 5 1 21 6 14 4 12 4 12 4 12 4 10 2 4 2 8 2 4 2 8 2 4 2 8 2 4 2 8 2 4 2 8 2 4 2 10 4 12 4 12 4 12 4 14 6 21
CS (82, 796) (223, 157) - 1 5 16 6 20 6 16 6 20 6 16 6 20 6 16 4 8 4 17 1 6 1 17 4 8 4 16 6 20 6 16 6 20 6 16 6 20 6 16 5 1 21 6 14 4 12 4 10 2 4 2 8 4 16 6 20 6 16 6 20 6 16 6 20 6 16 6 20 6 16 4 8 2 4 2 10 4 12 4 14 6 21
CS (84, 796) (223, 131249) - 1 5 12 5 1 17 6 18 6 16 6 18 6 16 4 6 2 8 4 14 6 20 6 14 5 1 19 6 16 6 18 6 16 6 18 6 16 4 8 4 14 4 10 4 12 4 10 4 14 4 8 4 16 6 18 6 16 6 18 6 16 6 19 1 5 14 6 20 6 14 4 8 2 6 4 16 6 18 6 16 6 18 6 17
CS (96, 720) (223, 4803) - 1 5 14 5 1 20 1 5 16 6 17 1 6 1 17 6 16 5 1 20 1 5 14 5 1 20 1 5 16 6 17 1 6 1 17 6 16 6 19 1 5 14 6 20 6 12 2 2 2 10 4 10 2 2 2 10 2 2 2 10 4 10 2 2 2 10 2 2 2 10 4 10 2 2 2 12 6 20 6 14 5 1 19 6 16 6 17 1 6 1 17 6 16 5 1 20
CS (148, 1160) (223, 3448) - 1 5 12 4 12 4 12 5 1 19 6 14 4 8 2 6 4 16 6 17 1 6 1 17 6 16 4 6 2 8 4 14 6 19 1 6 1 15 6 19 1 5 14 6 20 6 14 6 20 7 1 14 1 7 19 1 6 1 15 4 8 4 15 1 6 1 18 1 6 1 15 4 8 4 15 1 6 1 18 1 6 1 15 4 8 4 15 1 6 1 18 1 6 1 15 4 8 4 15 1 6 1 19 7 1 14 1 7 20 6 14 6 20 6 14 5 1 19 6 15 1 6 1 19 6 14 4 8 2 6 4 16 6 17 1 6 1 17 6 16 4 6 2 8 4 14 6 19
OSO (23, 185) (224, 201) - 1 5 12 4 12 4 12 4 10 4 14 5 1 20 1 5 14 4 10 4 14 6 19
OSO (25, 183) (224, 101) - 1 5 14 4 10 4 14 4 8 2 6 2 6 2 6 4 18 6 17 1 6 1 17 6 19
OSO (29, 215) (224, 457) - 1 5 12 4 12 4 12 4 12 4 12 4 10 4 16 6 17 1 6 1 18 1 6 1 16 1 6 1 18
OSO (29, 239) (224, 258) - 1 5 12 4 14 6 20 6 16 6 20 6 14 4 10 4 15 1 6 1 18 1 6 1 16 1 6 1 18
OSO (35, 241) (224, 40) - 1 5 12 4 14 5 1 20 1 5 14 4 10 4 15 1 6 1 18 1 6 1 16 1 6 1 18 1 6 1 16 1 6 1 18
CS (62, 508) (224, 107) - 1 5 12 4 12 4 12 2 2 2 10 4 12 4 14 6 21 1 5 16 6 20 6 14 4 12 4 12 4 12 4 12 4 14 6 20 6 16 5 1 21 6 14 4 12 4 10 2 2 2 12 4 12 4 12 5 1 17 4 8 4 17
CS (68, 508) (224, 238) - 1 5 12 2 2 2 10 2 2 2 10 2 2 2 10 4 14 4 10 4 14 4 10 2 2 2 10 2 2 2 10 2 2 2 12 5 1 19 6 18 6 18 6 16 4 10 4 14 5 1 19 6 18 6 19 1 5 14 4 10 4 16 6 18 6 18 6 19
CS (84, 628) (224, 117) - 1 5 14 4 10 4 16 6 19 1 6 1 17 6 19 1 5 14 5 1 20 1 5 15 1 6 1 20 1 6 1 15 4 8 2 6 2 6 2 6 2 6 2 6 2 8 4 15 1 6 1 20 1 6 1 15 5 1 20 1 5 14 5 1 19 6 17 1 6 1 19 6 16 4 10 4 14 5 1 19 6 18 6 19
CS (88, 680) (224, 242) - 1 5 14 4 10 2 2 2 12 4 12 4 12 4 14 5 1 21 7 1 15 5 1 21 6 14 4 12 4 12 4 12 4 14 6 21 1 5 15 1 7 21 1 5 14 4 12 4 12 4 12 2 2 2 10 4 14 5 1 20 1 5 15 1 6 1 20 1 5 14 4 12 4 12 4 12 4 14 5 1 20 1 6 1 15 5 1 20
CS (92, 704) (224, 90) - 1 5 12 2 4 2 6 2 6 2 6 2 8 4 15 1 6 1 20 1 6 1 15 4 10 4 14 5 1 19 6 18 6 19 1 5 14 5 1 19 6 18 6 18 6 19 1 5 14 5 1 19 6 18 6 19 1 5 14 4 10 4 15 1 6 1 20 1 6 1 15 4 8 2 6 2 6 2 6 2 4 2 12 5 1 19 6 18 6 18 6 19
CS (96, 720) (224, 66227) - 1 5 12 4 10 4 14 4 8 4 16 6 16 4 8 4 15 1 6 1 19 6 14 5 1 19 6 16 6 16 4 8 4 16 6 16 6 19 1 5 14 6 19 1 6 1 15 4 8 4 16 6 16 4 8 4 14 4 10 4 12 5 1 17 4 6 2 6 2 4 2 10 4 10 4 14 4 8 2 4 2 8 4 14 4 10 4 10 2 4 2 6 2 6 4 17
CS (100, 780) (224, 526) - 1 5 12 4 12 4 10 2 2 2 10 4 12 4 12 5 1 19 6 14 4 10 4 12 4 12 5 1 19 6 14 5 1 19 6 14 4 10 4 14 6 19 1 5 14 6 19 1 6 1 15 4 8 2 4 2 8 4 14 4 8 2 4 2 8 4 15 1 6 1 19 6 14 5 1 19 6 14 4 10 4 14 6 19 1 5 14 6 19 1 5 12 4 12 4 10 4 14 6 19
CS (108, 1016) (224, 228) - 1 5 14 4 10 4 16 6 19 1 6 1 17 6 18 6 20 6 16 6 20 6 16 4 10 4 14 5 1 19 6 18 6 18 4 6 2 8 4 16 6 20 6 16 4 8 2 6 4 18 6 18 6 18 4 6 2 8 4 16 6 20 6 16 4 8 2 6 4 18 6 18 6 19 1 5 14 4 10 4 16 6 20 6 16 6 20 6 18 6 17 1 6 1 19 6 16 4 10 4 14 5 1 19 6 18 6 19
CS (120, 852) (224, 186) - 1 5 12 4 12 5 1 17 6 19 1 6 1 15 5 1 20 1 5 14 4 10 4 14 4 8 2 6 4 18 6 16 6 20 7 1 13 4 12 4 10 2 4 2 6 2 8 4 14 4 8 2 6 2 6 2 4 2 10 4 12 4 12 4 12 4 12 4 10 2 4 2 6 2 6 2 8 4 14 4 8 2 6 2 4 2 10 4 12 4 13 1 7 20 6 16 6 18 4 6 2 8 4 14 4 10 4 14 5 1 20 1 5 15 1 6 1 19 6 17
CS (136, 1112) (224, 101) - 1 5 14 5 1 19 6 18 6 17 1 6 1 19 6 16 4 8 2 4 2 10 4 12 4 12 2 2 2 10 4 12 4 12 4 14 6 21 1 5 16 6 20 6 16 6 19 1 6 1 17 6 19 1 6 1 15 4 10 4 14 4 10 4 14 4 10 4 14 4 10 4 14 4 10 4 14 4 10 4 14 4 10 4 15 1 6 1 19 6 17 1 6 1 19 6 16 6 20 6 16 5 1 21 6 14 4 12 4 12 4 10 2 2 2 12 4 12 4 10 2 4 2 8 4 16 6 19 1 6 1 17 6 18 6 19
CS (204, 1668) (224, 449) - 1 5 12 4 14 4 10 4 14 4 10 2 4 2 8 4 16 6 20 6 16 4 10 4 14 5 1 20 1 5 16 6 19 1 6 1 17 6 19 1 5 14 5 1 19 6 18 6 19 1 5 14 4 10 2 2 2 12 4 12 4 12 4 12 4 12 4 14 5 1 20 1 5 14 4 12 4 10 2 4 2 8 2 4 2 10 4 12 4 14 5 1 20 1 5 14 4 12 4 12 4 12 4 12 4 12 2 2 2 10 4 14 5 1 19 6 18 6 19 1 5 14 5 1 19 6 17 1 6 1 19 6 16 5 1 20 1 5 14 4 10 4 16 6 20 6 16 4 8 2 4 2 10 4 14 4 10 4 14 4 12 5 1 18 1 6 1 17 6 20 6 16 6 21 1 5 16 5 1 21 6 14 4 12 4 14 6 21 1 5 16 5 1 21 6 16 6 20 6 17 1 6 1 18
CS (88, 736) (225, 104) - 1 5 12 4 14 5 1 20 1 5 14 4 10 2 2 2 10 2 2 2 10 4 14 5 1 20 1 5 14 4 12 5 1 19 6 16 5 1 21 6 14 5 1 19 6 16 6 20 6 14 4 12 5 1 18 1 6 1 17 6 18 6 17 1 6 1 18 1 5 12 4 14 6 20 6 16 6 19 1 5 14 6 21 1 5 16 6 19
OSO (33, 275) (226, 8) - 1 5 12 4 12 4 12 4 12 4 10 2 4 2 8 4 16 6 18 6 18 6 18 6 18 6 16 4 8 2 6 4 17
OSO (35, 263) (226, 386) - 1 5 12 2 2 2 10 4 14 5 1 20 1 5 14 4 10 4 15 1 6 1 19 6 17 1 6 1 17 4 8 4 16 6 19
OSO (35, 269) (226, 7813) - 1 5 12 2 2 2 10 4 12 4 14 6 19 1 6 1 16 1 6 1 18 1 5 12 4 12 4 13 1 7 20 6 16 6 19
OSO (37, 273) (226, 90) - 1 5 14 4 10 4 14 4 10 4 14 4 8 2 6 2 6 2 6 2 6 4 18 6 17 1 6 1 18 1 6 1 17 6 18 6 19
OSO (39, 249) (226, 22584) - 1 5 12 2 2 2 8 2 2 2 12 5 1 18 1 6 1 16 1 6 1 17 4 6 4 17 1 6 1 16 1 6 1 18 1 5 14 6 19
CS (64, 484) (226, 48) - 1 5 12 4 14 4 8 2 8 4 14 4 12 5 1 18 1 6 1 17 6 18 6 20 6 16 5 1 20 1 6 1 15 4 8 2 6 2 6 2 6 2 6 2 8 4 15 1 6 1 20 1 5 16 6 20 6 18 6 17 1 6 1 18
CS (68, 548) (226, 4127) - 1 5 12 4 14 6 20 6 16 6 19 1 5 14 5 1 20 1 5 16 6 18 4 6 2 6 2 8 4 14 4 8 2 6 2 6 4 18 6 16 5 1 20 1 5 14 5 1 19 6 16 6 20 6 14 4 12 5 1 18 1 6 1 16 1 6 1 18
CS (76, 620) (226, 54) - 1 5 12 4 14 5 1 20 1 5 15 1 6 1 19 6 17 1 6 1 17 6 19 1 5 14 4 10 4 14 4 10 4 14 5 1 19 6 17 1 6 1 17 6 19 1 6 1 15 5 1 20 1 5 14 4 12 5 1 18 1 6 1 17 6 18 6 18 6 18 6 17 1 6 1 18
CS (92, 776) (226, 78) - 1 5 12 2 2 2 8 2 2 2 12 5 1 19 6 14 4 10 4 12 4 12 4 10 4 14 6 18 6 18 6 15 1 7 20 6 14 4 8 2 6 4 16 6 18 6 16 6 17 1 6 1 18 1 6 1 17 6 16 6 18 6 16 4 6 2 8 4 14 6 20 7 1 15 6 18 6 18 6 14 4 10 4 12 4 12 4 10 4 14 6 19
CS (96, 784) (226, 315) - 1 5 12 4 14 5 1 20 1 5 14 4 10 4 15 1 6 1 20 1 5 16 6 19 1 6 1 17 6 18 6 18 6 18 6 17 1 6 1 19 6 16 5 1 20 1 6 1 15 4 10 4 14 5 1 20 1 5 14 4 12 5 1 19 6 16 5 1 20 1 6 1 15 4 10 4 14 5 1 20 1 5 14 4 10 4 15 1 6 1 20 1 5 16 6 19
CS (106, 716) (226, 9123) - 1 5 12 4 10 2 4 2 6 2 6 4 16 4 6 2 6 2 6 4 17 1 5 12 4 12 5 1 18 1 5 12 4 12 5 1 18 1 5 12 4 12 5 1 17 4 6 2 6 2 6 4 16 4 6 2 6 2 4 2 10 4 12 5 1 18 1 5 12 4 12 5 1 17 4 6 2 6 2 6 4 16 6 18 6 16 6 18 6 16 4 6 2 6 2 6 4 17 1 5 12 4 12 5 1 18
CS (112, 832) (226, 137) - 1 5 16 4 8 4 16 6 19 1 6 1 15 4 8 2 4 2 10 4 12 4 12 4 12 4 12 4 12 4 10 2 4 2 8 4 15 1 6 1 19 6 16 4 8 4 16 5 1 21 6 14 4 10 4 14 4 10 2 2 2 10 4 14 4 10 4 12 2 2 2 10 4 12 4 13 1 7 20 6 16 6 20 7 1 13 4 12 4 10 2 2 2 12 4 10 4 14 4 10 2 2 2 10 4 14 4 10 4 14 6 21
CS (122, 900) (226, 40) - 1 5 12 4 12 4 14 6 20 6 14 4 12 4 12 5 1 18 1 6 1 17 4 6 2 8 4 16 6 18 6 18 4 6 2 6 2 4 2 10 2 2 2 10 4 14 5 1 20 1 5 14 5 1 19 6 18 6 16 4 8 2 4 2 10 4 12 4 12 4 12 4 12 4 10 2 4 2 8 4 16 6 18 6 19 1 5 14 5 1 20 1 5 14 4 10 2 2 2 10 2 4 2 6 2 6 4 18 6 18 6 16 4 8 2 6 4 17 1 6 1 18
CS (152, 1156) (226, 272) - 1 5 12 4 14 4 8 2 6 2 6 4 18 6 17 1 6 1 19 6 16 5 1 21 6 14 4 12 5 1 18 1 6 1 18 1 5 12 4 14 5 1 20 1 6 1 15 4 10 4 14 5 1 20 1 5 14 4 10 4 15 1 6 1 20 1 5 14 4 12 5 1 18 1 6 1 18 1 5 12 4 14 6 21 1 5 16 6 19 1 6 1 17 6 18 4 6 2 6 2 8 4 14 4 12 5 1 19 6 16 4 8 2 6 4 17 1 6 1 18 1 6 1 17 6 19 1 6 1 16 1 6 1 19 6 17 1 6 1 18 1 6 1 17 4 6 2 8 4 16 6 19
CS (154, 1284) (226, 6214) - 1 5 14 4 10 4 14 4 8 2 6 4 17 1 6 1 17 6 18 6 17 1 6 1 17 4 6 2 8 4 14 4 10 4 14 5 1 19 6 17 1 6 1 17 6 18 4 6 4 18 6 17 1 6 1 17 6 18 6 18 6 18 6 16 5 1 20 1 6 1 15 6 20 6 15 1 6 1 20 1 5 16 6 18 6 18 6 18 6 17 1 6 1 17 6 18 4 6 4 18 6 17 1 6 1 17 6 19 1 5 14 4 10 4 14 4 8 2 6 4 17 1 6 1 17 6 18 6 17 1 6 1 17 4 6 2 8 4 14 4 10 4 14 5 1 19 6 17 1 6 1 17 6 19
CS (166, 1352) (226, 22) - 1 5 12 4 12 4 14 6 19 1 6 1 15 4 10 4 14 6 20 6 16 6 20 6 14 4 12 5 1 19 6 16 6 19 1 5 12 4 14 6 20 6 16 6 20 6 14 4 10 4 15 1 6 1 19 6 14 4 12 4 12 5 1 18 1 6 1 16 1 6 1 19 6 14 4 12 4 12 5 1 18 1 6 1 16 1 6 1 19 6 15 1 7 20 6 16 4 8 4 16 6 19 1 6 1 15 4 8 2 4 2 10 4 12 4 12 4 10 2 4 2 8 4 15 1 6 1 19 6 16 4 8 4 16 6 20 7 1 15 6 19 1 6 1 16 1 6 1 18 1 5 12 4 12 4 14 6 19 1 6 1 16 1 6 1 18
OSO (29, 195) (227, 2) - 1 5 14 4 12 4 12 4 12 4 12 4 14 4 8 2 6 2 6 2 6 2 8 4 15 1 6 1 20
OSO (31, 233) (227, 154) - 1 5 12 4 12 4 12 4 10 4 14 4 10 4 14 5 1 20 1 5 14 4 10 4 14 4 8 2 6 4 17
OSO (35, 285) (227, 13) - 1 5 12 4 12 4 10 4 14 6 19 1 5 12 4 12 4 12 5 1 19 6 15 1 6 1 19 6 16 6 17 1 6 1 18
OSO (35, 321) (227, 130) - 1 5 12 4 14 6 18 6 17 1 6 1 17 6 17 1 6 1 17 6 18 6 16 6 18 6 16 6 19 1 6 1 15 6 19
OSO (37, 241) (227, 27) - 1 6 1 15 4 10 4 12 2 2 2 10 4 12 4 12 2 2 2 8 2 4 2 8 2 4 2 8 4 16 6 20 7 1 15 6 19
OSO (39, 303) (227, 2) - 1 5 16 6 18 6 18 6 17 1 6 1 17 6 18 6 16 4 8 2 4 2 8 2 4 2 8 4 15 1 6 1 19 6 15 1 6 1 20
CS (64, 484) (227, 218) - 1 5 12 2 2 2 10 2 2 2 10 2 2 2 12 5 1 19 6 18 6 17 1 6 1 19 6 16 5 1 20 1 6 1 15 4 10 4 14 4 10 4 14 4 10 4 15 1 6 1 20 1 5 16 6 19 1 6 1 17 6 18 6 19
CS (68, 452) (227, 744) - 1 5 10 2 4 2 6 2 6 2 6 4 16 6 18 6 16 4 6 2 6 2 6 2 4 2 10 5 1 17 6 18 6 14 4 10 2 2 2 10 4 12 5 1 17 4 6 2 6 2 6 4 17 1 5 12 4 10 2 2 2 10 4 14 6 18 6 17
OSO (33, 291) (228, 19262) - 1 5 12 5 1 17 6 19 1 5 14 4 10 4 14 6 20 6 16 4 8 4 16 6 19 1 5 14 5 1 19 6 17
OSO (35, 261) (228, 6) - 1 5 17 1 6 1 17 6 20 6 16 4 8 2 4 2 10 4 14 4 8 2 8 4 14 4 10 2 4 2 8 4 16 6 21
CS (68, 548) (228, 369) - 1 5 12 4 14 5 1 20 1 5 14 4 10 2 2 2 10 2 2 2 10 4 14 5 1 20 1 5 14 4 12 5 1 19 6 16 6 20 6 14 4 12 5 1 18 1 6 1 17 6 18 6 17 1 6 1 18 1 5 12 4 14 6 20 6 16 6 19
CS (68, 624) (228, 396) - 1 5 14 4 10 4 14 4 10 4 14 4 10 4 14 4 10 4 14 5 1 19 6 18 6 18 6 16 4 10 4 14 6 21 1 5 16 6 19 1 6 1 17 6 18 6 17 1 6 1 19 6 16 5 1 21 6 14 4 10 4 16 6 18 6 18 6 19
CS (72, 548) (228, 18) - 1 5 12 4 14 6 20 6 16 6 19 1 5 14 5 1 20 1 5 16 6 18 4 6 2 6 2 6 2 6 2 6 2 6 2 6 2 6 2 6 4 18 6 16 5 1 20 1 5 14 5 1 19 6 16 6 20 6 14 4 12 5 1 18 1 6 1 16 1 6 1 18
CS (74, 608) (228, 47898) - 1 5 12 5 1 17 6 18 6 18 6 16 4 8 4 16 6 19 1 5 14 4 10 4 12 4 14 6 19 1 6 1 15 4 8 2 4 2 10 4 10 2 4 2 8 4 15 1 6 1 19 6 14 4 12 4 10 4 14 5 1 19 6 16 4 8 4 16 6 18 6 18 6 17
CS (80, 708) (228, 136) - 1 5 12 2 2 2 10 4 15 1 6 1 19 6 18 6 18 6 18 6 19 1 5 12 2 2 2 12 5 1 19 6 18 6 18 6 18 6 19 1 6 1 15 4 10 2 2 2 12 5 1 19 6 18 6 18 6 18 6 18 6 19 1 6 1 16 1 6 1 19 6 18 6 18 6 18 6 18 6 19
CS (84, 660) (228, 171) - 1 5 12 4 12 4 12 5 1 17 4 6 2 8 4 14 4 10 2 2 2 10 4 14 5 1 20 1 5 14 4 12 5 1 19 6 16 6 20 7 1 14 1 7 20 6 16 6 20 7 1 14 1 7 20 6 16 6 19 1 5 12 4 14 5 1 20 1 5 14 4 10 2 2 2 10 4 14 4 8 2 6 4 17
CS (90, 836) (228, 37) - 1 5 16 6 20 6 16 6 20 6 16 4 8 2 4 2 10 4 12 4 14 6 21 1 5 16 6 20 6 16 6 20 6 16 6 20 6 16 5 1 21 6 14 4 12 4 10 2 4 2 8 4 16 6 20 6 16 6 20 6 16 5 1 21 6 14 4 12 4 12 4 12 4 12 4 12 4 12 4 12 4 12 4 12 4 12 4 14 6 21
CS (100, 876) (228, 19) - 1 5 12 4 12 4 12 4 14 6 20 6 16 6 19 1 6 1 17 6 19 1 5 14 5 1 20 1 5 14 4 10 4 16 6 18 6 18 6 18 6 18 6 18 6 16 4 10 4 14 5 1 20 1 5 14 5 1 19 6 17 1 6 1 19 6 16 6 20 6 14 4 12 4 12 4 12 5 1 18 1 6 1 17 6 19 1 6 1 16 1 6 1 19 6 17 1 6 1 18
CS (108, 852) (228, 19) - 1 5 12 2 2 2 10 4 14 4 8 2 6 4 18 6 16 4 10 4 12 4 14 6 20 6 17 1 5 12 5 1 17 6 20 6 14 4 12 4 10 4 16 6 18 4 6 2 8 4 14 4 10 2 2 2 12 5 1 19 6 16 4 10 4 12 4 14 6 20 6 16 4 8 4 16 4 8 2 4 2 8 2 4 2 8 2 4 2 8 4 16 4 8 4 16 6 20 6 14 4 12 4 10 4 16 6 19
CS (108, 884) (228, 18) - 1 5 12 4 12 2 2 2 10 4 14 5 1 19 6 18 6 19 1 5 14 4 10 2 2 2 12 4 12 5 1 17 4 8 4 17 1 6 1 17 6 20 6 16 6 21 1 5 16 4 8 4 18 6 17 1 6 1 18 1 6 1 17 6 19 1 5 12 4 14 4 12 5 1 19 6 17 1 6 1 18 1 6 1 17 6 18 4 8 4 16 5 1 21 6 16 6 20 6 17 1 6 1 17 4 8 4 17
CS (110, 904) (228, 55) - 1 5 12 2 2 2 10 4 12 4 12 4 12 4 12 4 10 4 15 1 6 1 19 6 15 1 7 20 6 16 5 1 21 6 14 5 1 19 6 16 6 19 1 6 1 15 4 10 4 12 4 12 4 12 4 12 4 10 4 15 1 6 1 19 6 16 6 19 1 5 14 6 21 1 5 16 6 20 7 1 15 6 19 1 6 1 15 4 10 4 12 4 12 4 12 4 12 4 10 2 2 2 12 5 1 19 6 16 6 19
CS (114, 972) (228, 350) - 1 5 12 2 4 2 6 2 6 2 8 4 16 6 19 1 6 1 17 6 18 6 20 6 16 6 20 6 18 6 17 1 6 1 19 6 16 4 8 2 6 2 6 2 4 2 12 5 1 19 6 18 6 18 6 18 4 6 2 8 4 16 4 8 4 17 1 6 1 17 6 20 6 16 5 1 21 6 14 4 12 4 12 4 14 6 21 1 5 16 6 20 6 17 1 6 1 17 4 8 4 16 4 8 2 6 4 18 6 18 6 18 6 19
CS (116, 848) (228, 40) - 1 5 12 4 12 4 12 4 12 4 12 4 12 2 2 2 8 2 4 2 8 2 4 2 8 2 4 2 8 2 4 2 8 2 4 2 8 2 2 2 12 4 12 4 12 4 12 4 12 4 12 5 1 17 4 8 4 16 6 20 6 14 4 12 4 12 5 1 18 1 5 12 4 12 4 14 6 21 1 5 16 4 8 4 16 4 8 4 16 5 1 21 6 14 4 12 4 12 5 1 18 1 5 12 4 12 4 14 6 20 6 16 4 8 4 17
CS (136, 1000) (228, 22395) - 1 5 14 4 10 2 2 2 10 2 2 2 10 4 14 5 1 19 6 18 6 16 4 8 2 4 2 8 2 4 2 8 4 16 6 19 1 5 14 5 1 19 6 16 5 1 20 1 5 14 5 1 19 6 16 4 8 2 4 2 8 4 16 6 19 1 5 14 5 1 19 6 16 4 8 2 4 2 8 4 16 6 19 1 5 14 5 1 20 1 5 16 6 19 1 5 14 5 1 19 6 16 4 8 2 4 2 8 2 4 2 8 4 16 6 18 6 19 1 5 14 4 10 2 2 2 10 2 2 2 10 4 14 5 1 20
CS (172, 1472) (228, 363) - 1 5 12 4 12 2 2 2 10 4 14 5 1 19 6 18 6 19 1 5 14 4 10 4 16 6 19 1 6 1 17 6 18 6 20 6 16 6 20 6 18 6 17 1 6 1 19 6 16 4 10 4 14 5 1 19 6 18 6 19 1 5 14 4 10 2 2 2 12 4 12 5 1 17 4 8 4 17 1 6 1 17 6 20 6 16 5 1 21 6 14 4 12 4 12 4 14 5 1 21 6 14 4 12 4 12 4 12 4 12 4 14 5 1 20 1 5 14 4 12 5 1 18 1 5 12 4 14 5 1 20 1 5 14 4 12 4 12 4 12 4 12 4 14 6 21 1 5 14 4 12 4 12 4 14 6 21 1 5 16 6 20 6 17 1 6 1 17 4 8 4 17
CS (72, 652) (229, 286) - 1 5 14 6 20 6 14 5 1 19 6 16 6 18 6 16 6 18 6 16 6 18 6 16 6 19 1 5 14 6 20 6 14 5 1 20 1 5 15 1 6 1 19 6 14 4 10 4 13 1 7 18 4 6 4 18 7 1 13 4 10 4 14 6 19 1 6 1 15 5 1 20
CS (100, 904) (229, 121) - 1 5 14 4 10 4 16 6 20 6 16 6 21 1 5 16 4 8 4 18 6 16 4 10 4 14 4 10 2 2 2 12 4 10 4 16 6 20 6 16 4 10 4 12 2 2 2 10 4 14 4 10 4 16 6 18 4 8 4 16 5 1 21 6 16 6 20 6 16 4 10 4 14 5 1 20 1 5 16 6 20 6 16 6 21 1 5 16 5 1 21 6 16 6 20 6 16 5 1 20
CS (104, 912) (229, 6864) - 1 5 16 5 1 21 6 14 4 10 4 14 4 8 2 6 2 6 4 18 6 16 6 20 7 1 13 4 12 4 10 4 16 6 18 6 16 4 10 4 12 4 13 1 7 20 6 15 1 7 20 6 16 4 8 4 16 6 20 7 1 15 6 20 7 1 13 4 12 4 10 4 16 6 18 6 16 4 10 4 12 4 13 1 7 20 6 16 6 18 4 6 2 6 2 8 4 14 4 10 4 14 6 21
CS (112, 796) (229, 130) - 1 5 12 2 2 2 8 2 2 2 12 5 1 19 6 14 5 1 19 7 1 13 4 10 4 13 1 7 19 1 5 12 2 2 2 8 2 2 2 12 5 1 19 7 1 13 4 10 4 13 1 7 19 1 5 14 6 19 1 5 12 2 2 2 8 2 2 2 12 5 1 19 7 1 13 4 10 4 13 1 7 19 1 5 14 6 19 1 5 12 4 12 4 12 5 1 19 6 14 5 1 19 7 1 13 4 10 4 13 1 7 19
CS (130, 1008) (229, 9367) - 1 5 10 2 4 2 8 4 16 6 18 6 16 4 8 2 4 2 8 2 4 2 8 4 16 6 18 6 16 4 8 2 4 2 10 5 1 17 6 18 6 18 6 16 5 1 20 1 5 14 5 1 19 6 16 6 19 1 5 12 2 2 2 10 4 12 4 12 4 12 4 10 4 15 1 6 1 18 1 5 12 4 12 4 12 4 12 5 1 18 1 6 1 15 4 10 4 12 4 12 4 12 4 10 2 2 2 12 5 1 19 6 16 6 19 1 5 14 5 1 20 1 5 16 6 18 6 18 6 17
OSO (39, 301) (230, 123) - 1 5 12 4 12 4 12 4 14 6 20 6 16 4 8 2 4 2 10 4 12 4 12 4 14 6 20 6 16 4 8 2 4 2 8 2 6 4 17
OSO (47, 287) (230, 300) - 1 5 12 4 10 2 2 2 10 2 2 2 10 4 10 2 4 2 6 2 6 4 17 1 6 1 16 1 6 1 18 1 5 12 4 12 5 1 18 1 5 12 4 12 5 1 18
CS (68, 568) (230, 114) - 1 5 15 1 6 1 20 1 6 1 15 5 1 21 6 14 4 12 4 12 4 12 4 14 6 21 1 5 16 6 20 6 16 4 8 2 6 2 6 4 18 4 6 2 6 2 8 4 16 6 20 6 16 5 1 21 6 14 4 12 4 12 4 12 4 14 6 21
CS (72, 596) (230, 156) - 1 5 10 2 4 2 6 2 6 2 6 4 16 6 18 6 16 6 18 6 16 6 18 6 16 4 6 2 6 2 6 2 4 2 10 5 1 17 6 18 6 14 4 10 4 14 6 18 6 18 7 1 13 4 10 4 13 1 7 18 6 18 6 14 4 10 4 14 6 18 6 17
CS (72, 684) (230, 258) - 1 5 12 4 12 2 2 2 10 4 12 4 12 4 14 6 20 6 16 6 20 6 16 6 20 6 14 4 12 4 12 4 10 2 2 2 12 4 12 5 1 19 6 16 6 20 6 16 6 20 6 16 6 20 7 1 14 1 7 20 6 16 6 20 6 16 6 20 6 16 6 19
CS (74, 628) (230, 50) - 1 5 14 6 20 6 14 6 20 6 12 2 2 2 10 4 10 2 2 2 12 6 20 6 14 6 20 6 14 5 1 19 6 16 6 16 4 8 4 15 1 6 1 19 7 1 14 1 7 20 7 1 14 1 7 20 7 1 14 1 7 19 1 6 1 15 4 8 4 16 6 16 6 19
CS (106, 660) (230, 390) - 1 5 12 4 12 4 12 4 12 4 14 6 20 6 16 4 8 4 17 1 6 1 17 4 8 4 16 6 20 6 14 4 12 4 12 4 12 4 12 5 1 17 4 8 4 16 4 6 2 8 2 4 2 8 2 4 2 8 2 4 2 8 2 4 2 8 2 4 2 8 2 4 2 8 2 4 2 8 2 4 2 8 2 4 2 8 2 4 2 8 2 4 2 8 2 4 2 8 2 6 4 16 4 8 4 17
CS (122, 756) (230, 2272) - 1 5 12 4 12 4 12 4 12 4 14 6 20 6 16 4 8 2 4 2 8 2 6 4 17 1 6 1 17 4 6 2 8 2 4 2 8 4 16 6 20 6 14 4 12 4 12 4 12 4 12 5 1 17 4 8 4 16 4 8 4 16 4 6 2 8 2 4 2 8 2 4 2 8 2 4 2 8 2 4 2 8 2 4 2 8 2 4 2 8 2 4 2 8 2 4 2 8 2 4 2 8 2 4 2 8 2 4 2 8 2 6 4 16 4 8 4 16 4 8 4 17
CS (178, 1528) (230, 395) - 1 5 12 4 14 5 1 20 1 6 1 15 4 10 4 12 2 2 2 10 4 14 6 21 1 5 16 6 19 1 6 1 17 6 18 6 18 6 18 6 18 6 18 6 17 1 6 1 19 6 16 4 8 4 17 1 6 1 17 6 20 7 1 15 6 20 6 16 6 20 6 16 6 20 6 15 1 7 20 6 17 1 6 1 17 4 8 4 16 6 19 1 6 1 17 6 18 6 18 6 18 6 18 6 18 6 17 1 6 1 19 6 16 5 1 21 6 14 4 10 2 2 2 12 4 10 4 15 1 6 1 20 1 5 14 4 12 5 1 19 6 16 4 8 2 4 2 10 4 12 4 12 4 12 4 12 4 12 4 12 4 12 4 12 4 12 4 12 4 10 2 4 2 8 4 16 6 19
OSO (31, 223) (231, 5612) - 1 5 16 6 18 4 6 2 6 2 6 2 6 2 6 2 6 2 6 4 18 6 16 6 20 6 15 1 6 1 20
OSO (43, 371) (231, 4) - 1 5 14 5 1 19 6 16 4 8 4 16 6 20 6 14 4 10 4 14 4 8 2 6 2 6 4 17 1 6 1 17 6 18 6 18 6 18 6 16 5 1 20
CS (94, 848) (231, 127) - 1 5 12 4 14 6 21 1 5 16 6 20 6 16 6 20 6 16 5 1 21 6 14 4 10 2 4 2 8 4 16 6 18 6 20 7 1 13 4 12 4 12 4 12 4 12 4 12 4 12 4 12 4 12 4 13 1 7 20 6 18 6 16 4 8 2 4 2 10 4 14 6 21 1 5 16 6 20 6 16 6 20 6 16 5 1 21 6 14 4 12 5 1 18
OSO (25, 227) (232, 3) - 1 5 12 4 12 4 12 4 12 4 10 4 16 6 18 6 18 6 18 6 16 4 8 4 17
OSO (31, 203) (232, 44) - 1 5 14 6 19 1 6 1 16 1 6 1 17 4 6 2 6 2 4 2 10 4 10 2 2 2 10 4 14 6 19
CS (78, 628) (232, 118) - 1 5 12 5 1 17 6 19 1 5 14 5 1 19 6 16 4 8 4 16 6 20 7 1 15 6 19 1 6 1 15 4 10 4 12 2 2 2 10 4 12 4 12 4 10 2 2 2 12 4 10 4 15 1 6 1 19 6 15 1 7 20 6 16 4 8 4 16 6 19 1 5 14 5 1 19 6 17
CS (90, 656) (232, 400) - 1 5 12 4 12 4 10 4 12 4 12 4 10 4 13 1 7 18 4 4 2 10 4 12 4 10 2 2 2 10 4 12 4 10 4 14 5 1 19 6 16 6 19 1 5 14 4 10 4 12 4 10 2 2 2 10 4 12 4 10 2 4 4 18 7 1 13 4 10 4 12 4 12 4 10 4 12 4 12 5 1 18 1 5 12 4 12 5 1 18
CS (92, 656) (232, 11456) - 1 5 12 4 12 2 2 2 8 2 2 2 12 4 12 5 1 18 1 6 1 17 6 17 1 6 1 18 1 5 12 4 14 6 19 1 6 1 16 1 6 1 18 1 5 12 4 12 4 12 4 12 5 1 18 1 5 12 4 12 4 12 4 12 5 1 18 1 6 1 16 1 6 1 19 6 14 4 12 5 1 18 1 6 1 17 6 17 1 6 1 18
CS (92, 724) (232, 84) - 1 5 12 4 12 4 14 5 1 20 1 5 14 4 10 2 4 2 8 4 16 4 8 4 17 1 6 1 17 4 8 4 16 4 8 2 4 2 10 4 14 5 1 20 1 5 14 4 12 4 12 5 1 17 6 20 6 16 4 10 4 14 5 1 20 1 5 14 4 12 4 12 4 12 4 12 4 14 5 1 20 1 5 14 4 10 4 16 6 20 6 17
CS (94, 616) (232, 5354) - 1 5 12 4 12 2 2 2 8 2 4 2 8 4 16 6 19 1 5 14 4 8 2 6 2 6 2 4 2 10 4 12 4 12 4 12 4 12 5 1 18 1 5 12 4 12 4 12 4 12 4 10 2 4 2 6 2 6 2 8 4 14 5 1 19 6 16 4 8 2 4 2 8 2 2 2 12 4 12 5 1 18 1 5 12 4 12 4 12 4 12 5 1 18
CS (96, 780) (232, 202) - 1 5 12 4 14 6 20 6 16 4 8 2 4 2 10 4 12 4 12 4 12 4 10 2 4 2 8 4 16 6 20 6 14 4 12 5 1 19 6 16 6 20 6 16 4 6 2 8 2 4 2 8 2 4 2 8 4 16 6 20 7 1 15 6 20 6 16 6 20 6 15 1 7 20 6 16 4 8 2 4 2 8 2 4 2 8 2 6 4 16 6 20 6 16 6 19
CS (108, 948) (232, 4) - 1 5 12 2 2 2 10 4 12 4 14 6 20 6 14 4 12 4 10 4 15 1 6 1 19 6 16 6 19 1 6 1 15 4 10 4 12 4 14 6 20 6 14 4 12 4 10 2 2 2 12 5 1 19 6 16 6 19 1 6 1 15 4 10 4 14 6 20 6 16 6 20 6 14 4 12 5 1 19 6 16 6 19 1 5 12 4 14 6 20 6 16 6 20 6 14 4 10 4 15 1 6 1 19 6 16 6 19
CS (112, 912) (232, 24) - 1 5 12 4 14 6 18 6 17 1 6 1 17 6 16 4 8 4 16 6 16 4 8 4 16 6 16 4 8 4 16 6 17 1 6 1 17 6 18 6 14 4 12 5 1 19 6 14 4 10 2 2 2 10 4 12 4 10 4 14 4 8 4 16 6 18 6 16 6 19 1 5 14 4 8 2 4 2 8 2 4 2 8 4 14 5 1 19 6 16 6 18 6 16 4 8 4 14 4 10 4 12 4 10 2 2 2 10 4 14 6 19
CS (116, 668) (232, 84041) - 1 5 10 2 4 2 6 2 6 2 6 2 4 2 8 2 4 2 6 2 6 2 6 2 4 2 8 2 4 2 8 4 14 6 19 1 5 12 4 12 4 10 2 2 2 10 4 12 4 10 2 2 2 10 4 12 4 10 2 2 2 10 4 12 4 12 5 1 19 6 14 4 8 2 4 2 8 2 4 2 6 2 6 2 6 2 4 2 8 2 4 2 6 2 6 2 6 2 4 2 10 5 1 17 6 18 6 14 4 10 4 14 6 18 6 17
CS (116, 948) (232, 194) - 1 5 12 4 12 2 2 2 10 4 12 4 12 4 14 6 20 6 16 4 8 2 4 2 8 2 6 4 16 4 8 4 17 1 5 12 4 12 4 12 4 12 4 12 4 12 4 12 4 12 4 12 4 12 4 12 4 12 4 12 5 1 17 4 8 4 16 4 6 2 8 2 4 2 8 4 16 6 20 6 14 4 12 4 12 4 10 2 2 2 12 4 12 5 1 19 6 16 6 20 6 16 6 20 6 16 6 20 6 16 6 20 6 16 6 19
CS (122, 964) (232, 532) - 1 5 12 4 14 5 1 20 1 5 14 5 1 20 1 5 15 1 6 1 20 1 5 14 5 1 19 6 16 4 8 2 6 4 18 6 16 6 21 1 5 16 5 1 21 6 16 6 18 4 6 2 8 4 16 6 19 1 5 14 5 1 20 1 6 1 15 5 1 20 1 5 14 5 1 20 1 5 14 4 12 5 1 19 6 16 4 8 2 4 2 10 4 12 4 12 4 12 4 12 4 12 4 12 4 12 4 12 4 12 4 12 4 10 2 4 2 8 4 16 6 19
CS (124, 1044) (232, 2314) - 1 5 12 2 2 2 10 4 12 4 12 4 12 4 10 2 2 2 12 5 1 19 6 16 6 19 1 5 12 4 14 5 1 20 1 5 14 5 1 19 6 16 6 20 6 14 4 10 4 14 5 1 19 6 17 1 5 12 5 1 17 6 19 1 5 14 5 1 19 6 16 4 8 4 16 6 19 1 5 14 5 1 19 6 17 1 5 12 5 1 17 6 19 1 5 14 4 10 4 14 6 20 6 16 6 19 1 5 14 5 1 20 1 5 14 4 12 5 1 19 6 16 6 19
CS (68, 580) (233, 110) - 1 5 14 4 12 4 12 4 12 4 12 4 12 4 12 4 14 5 1 21 6 14 4 10 2 4 2 8 4 16 6 20 6 16 5 1 21 6 14 4 12 4 12 4 12 4 12 4 14 6 21 1 5 16 6 20 6 16 4 8 2 4 2 10 4 14 6 21
CS (102, 912) (233, 249) - 1 5 12 4 12 4 12 4 12 4 12 4 12 4 12 4 12 5 1 17 4 8 4 16 6 20 6 16 6 18 4 6 2 8 4 16 6 19 1 5 14 6 21 1 5 14 4 12 5 1 19 6 16 6 20 6 16 4 8 4 16 4 8 4 16 6 20 6 16 6 19 1 5 12 4 14 5 1 21 6 14 5 1 19 6 16 4 8 2 6 4 18 6 16 6 20 6 16 4 8 4 17
OSO (27, 211) (234, 35) - 1 5 12 4 12 4 10 4 14 6 19 1 6 1 15 6 18 6 17 1 6 1 16 1 6 1 18
CS (64, 452) (234, 105) - 1 5 10 2 4 2 6 2 6 2 6 4 16 6 18 6 16 6 18 6 16 4 6 2 6 2 6 2 4 2 10 5 1 17 6 18 6 14 4 10 2 2 2 10 4 12 5 1 18 1 5 12 4 10 2 2 2 10 4 14 6 18 6 17
CS (72, 556) (234, 80) - 1 5 14 4 10 2 2 2 12 4 10 4 16 6 19 1 5 14 5 1 20 1 5 14 4 12 4 10 4 16 6 19 1 6 1 16 1 6 1 19 6 16 4 10 4 12 4 14 5 1 20 1 5 14 5 1 19 6 16 4 10 4 12 2 2 2 10 4 14 5 1 20
CS (78, 628) (234, 45) - 1 5 12 4 12 5 1 17 6 19 1 5 14 5 1 19 6 16 4 8 4 16 6 20 7 1 15 6 19 1 6 1 15 4 10 4 12 4 12 2 2 2 8 2 2 2 12 4 12 4 10 4 15 1 6 1 19 6 15 1 7 20 6 16 4 8 4 16 6 19 1 5 14 5 1 19 6 17
CS (94, 632) (234, 146) - 1 5 12 4 12 4 12 5 1 19 6 14 4 8 2 4 2 8 2 4 2 6 2 6 2 6 2 4 2 8 2 4 2 6 2 6 2 6 2 4 2 8 2 4 2 8 4 14 6 19 1 5 12 4 12 4 12 5 1 19 6 14 5 1 19 6 14 4 8 2 6 4 16 6 17 1 6 1 17 6 16 4 6 2 8 4 14 6 19 1 5 14 6 19
CS (154, 1128) (234, 164) - 1 5 12 4 12 4 12 4 12 4 12 4 12 4 12 4 12 4 12 4 12 4 12 4 12 5 1 17 4 8 4 16 4 8 4 16 6 20 6 14 4 12 4 12 4 10 2 2 2 12 4 10 2 4 2 8 4 15 1 7 21 1 5 14 4 12 5 1 19 6 16 6 20 6 16 4 8 2 4 2 8 2 4 2 8 2 4 2 8 2 4 2 8 2 4 2 8 2 4 2 8 2 4 2 8 4 16 6 20 6 16 6 19 1 5 12 4 14 5 1 21 7 1 15 4 8 2 4 2 10 4 12 2 2 2 10 4 12 4 12 4 14 6 20 6 16 4 8 4 16 4 8 4 17
OSO (41, 273) (235, 141) - 1 5 14 4 10 2 4 2 8 2 4 2 8 2 4 2 10 4 14 5 1 20 1 5 14 4 12 4 12 4 14 5 1 20 1 6 1 15 5 1 20
CS (80, 720) (235, 170) - 1 5 14 4 10 4 14 4 10 2 2 2 10 2 2 2 10 4 14 4 10 4 14 5 1 19 6 18 6 18 6 18 6 16 4 10 4 14 6 21 1 5 16 6 19 1 6 1 17 6 18 6 18 6 18 6 17 1 6 1 19 6 16 5 1 21 6 14 4 10 4 16 6 18 6 18 6 18 6 19
CS (84, 744) (235, 655) - 1 5 12 4 14 5 1 21 7 1 15 4 8 2 4 2 10 4 12 4 12 4 12 4 12 4 12 4 10 2 4 2 8 4 15 1 7 21 1 5 14 4 12 5 1 19 6 16 6 20 6 16 6 20 6 14 4 12 5 1 19 6 16 6 20 6 16 6 19 1 5 12 4 14 6 20 6 16 6 20 6 16 6 19
CS (106, 728) (235, 24) - 1 5 12 4 12 2 2 2 8 2 6 4 17 1 6 1 17 4 6 2 8 2 2 2 12 4 12 5 1 18 1 6 1 17 4 6 2 8 2 2 2 12 4 10 2 4 2 8 4 15 1 7 21 1 5 14 4 12 5 1 19 6 16 6 21 1 5 16 5 1 21 6 16 6 19 1 5 12 4 14 5 1 21 7 1 15 4 8 2 4 2 10 4 12 2 2 2 8 2 6 4 17 1 6 1 18
CS (108, 864) (235, 195) - 1 5 12 4 12 4 12 4 10 4 14 6 20 6 14 4 10 4 12 4 12 4 12 5 1 19 6 14 4 10 2 2 2 10 4 12 4 12 4 10 4 14 4 8 4 16 6 19 1 5 14 4 8 2 6 4 16 6 19 1 5 14 5 1 19 6 16 6 19 1 5 14 5 1 19 6 16 4 6 2 8 4 14 5 1 19 6 16 4 8 4 14 4 10 4 12 4 12 4 10 2 2 2 10 4 14 6 19
OSO (31, 261) (236, 245) - 1 5 14 4 12 4 12 4 12 4 12 4 12 4 12 4 14 6 21 1 5 15 1 7 21 1 5 15 1 7 21
CS (64, 508) (236, 2) - 1 5 12 4 12 4 12 4 8 2 6 4 16 4 6 2 6 2 6 4 16 4 6 2 8 4 12 4 12 4 12 5 1 19 6 14 4 10 4 14 6 18 6 18 7 1 13 4 10 4 13 1 7 18 6 18 6 14 4 10 4 14 6 19
CS (74, 596) (236, 485) - 1 5 14 4 10 2 4 2 8 4 16 4 8 2 4 2 10 4 14 5 1 20 1 6 1 15 5 1 20 1 5 14 4 10 4 16 6 20 6 16 5 1 21 6 14 4 12 4 12 4 14 6 21 1 5 16 6 20 6 16 4 10 4 14 5 1 20 1 5 15 1 6 1 20
CS (80, 592) (236, 40) - 1 5 12 4 12 4 14 6 20 6 17 1 6 1 19 6 16 5 1 21 6 14 4 12 4 12 4 10 2 4 2 8 2 4 2 8 2 4 2 8 2 4 2 8 2 4 2 8 2 4 2 10 4 12 4 12 4 14 6 21 1 5 16 6 19 1 6 1 17 6 20 6 14 4 12 4 12 5 1 18
CS (80, 628) (236, 111) - 1 5 12 5 1 17 6 19 1 5 14 5 1 19 6 16 4 8 4 16 6 20 7 1 15 6 19 1 6 1 15 4 10 4 12 2 2 2 8 2 6 4 16 4 6 2 8 2 2 2 12 4 10 4 15 1 6 1 19 6 15 1 7 20 6 16 4 8 4 16 6 19 1 5 14 5 1 19 6 17
CS (86, 596) (236, 1403) - 1 5 12 4 12 4 12 4 14 6 20 6 16 4 8 4 17 1 6 1 17 4 8 4 16 6 20 6 14 4 12 4 12 4 12 5 1 17 4 8 4 16 4 8 4 16 4 6 2 8 2 4 2 8 2 4 2 8 2 4 2 8 2 4 2 8 2 4 2 8 2 4 2 8 2 6 4 16 4 8 4 16 4 8 4 17
CS (88, 676) (236, 224) - 1 5 12 2 2 2 10 2 2 2 10 2 4 2 6 2 8 4 16 6 20 6 16 6 21 1 5 16 5 1 21 6 16 6 20 6 16 4 8 2 6 2 4 2 10 2 2 2 10 2 2 2 12 5 1 19 6 16 4 10 4 14 4 10 4 16 6 18 4 8 4 16 4 8 4 18 6 16 4 10 4 14 4 10 4 16 6 19
CS (92, 688) (236, 179) - 1 5 12 4 12 4 12 2 2 2 8 2 6 4 17 1 5 12 4 12 4 12 4 12 4 12 4 12 4 12 4 12 4 12 4 12 4 12 4 12 4 12 4 12 4 12 4 12 4 12 5 1 17 4 6 2 8 2 2 2 12 4 12 4 12 5 1 18 1 5 12 4 12 4 14 6 21 1 5 16 5 1 21 6 14 4 12 4 12 5 1 18
CS (92, 716) (236, 698) - 1 5 12 4 10 2 4 2 8 2 4 2 8 4 16 6 18 6 19 1 5 14 4 10 4 14 4 10 4 14 5 1 19 6 18 6 16 4 8 2 4 2 8 2 4 2 10 4 12 5 1 17 6 19 1 5 14 5 1 19 6 16 5 1 20 1 5 14 4 10 4 14 4 10 4 14 5 1 20 1 5 16 6 19 1 5 14 5 1 19 6 17
CS (92, 748) (236, 175) - 1 5 14 5 1 19 6 16 4 8 2 4 2 8 4 16 6 18 6 18 6 18 6 16 4 8 2 4 2 8 4 16 6 19 1 5 14 5 1 20 1 5 16 6 19 1 5 14 5 1 19 6 16 4 8 2 4 2 8 4 16 6 19 1 5 14 5 1 19 6 16 4 8 2 4 2 8 4 16 6 19 1 5 14 5 1 19 6 16 5 1 20
CS (92, 784) (236, 324) - 1 5 12 4 14 4 10 4 14 4 10 4 14 4 12 5 1 19 6 16 4 10 4 14 5 1 20 1 5 14 4 10 2 4 2 8 4 16 6 20 6 15 1 7 20 6 18 6 16 4 10 4 14 4 10 4 14 4 10 4 16 6 18 6 20 7 1 15 6 20 6 16 4 8 2 4 2 10 4 14 5 1 20 1 5 14 4 10 4 16 6 19
CS (100, 768) (236, 96) - 1 5 12 4 12 4 12 2 2 2 8 2 6 4 17 1 6 1 18 1 6 1 17 6 19 1 5 14 5 1 20 1 5 14 5 1 19 6 17 1 6 1 18 1 6 1 17 4 6 2 8 2 2 2 12 4 12 4 12 5 1 18 1 6 1 17 6 19 1 6 1 17 6 18 6 18 6 19 1 5 14 5 1 19 6 18 6 18 6 17 1 6 1 19 6 17 1 6 1 18
CS (112, 884) (236, 149) - 1 5 14 4 10 4 14 4 10 4 14 4 10 4 14 4 10 4 14 5 1 20 1 5 14 4 10 4 15 1 6 1 20 1 5 15 1 7 21 1 5 15 1 7 21 1 5 14 4 12 4 10 2 2 2 12 4 10 4 16 6 18 6 19 1 5 14 5 1 19 6 18 6 16 4 10 4 12 2 2 2 10 4 12 4 14 5 1 21 7 1 15 5 1 21 7 1 15 5 1 20 1 6 1 15 4 10 4 14 5 1 20
CS (112, 936) (236, 30) - 1 5 12 4 12 4 12 4 12 4 12 4 12 4 12 4 12 4 12 4 12 4 12 4 12 4 12 4 12 4 12 4 12 4 12 5 1 17 4 8 4 16 6 20 6 14 4 12 4 12 5 1 18 1 5 12 4 12 4 14 6 20 6 17 1 5 12 4 12 4 12 4 12 4 12 4 12 4 12 4 12 4 12 5 1 17 6 20 6 14 4 12 4 12 5 1 18 1 5 12 4 12 4 14 6 20 6 16 4 8 4 17
CS (118, 964) (236, 630) - 1 5 12 4 12 4 12 4 12 4 12 4 10 4 15 1 6 1 19 6 16 6 18 6 19 1 5 14 4 10 4 14 5 1 20 1 5 15 1 6 1 19 6 16 4 8 4 16 6 19 1 6 1 15 5 1 20 1 5 14 4 10 4 14 5 1 19 6 18 6 16 6 19 1 6 1 15 4 10 4 12 4 12 4 12 4 12 4 12 5 1 18 1 6 1 17 6 16 4 10 4 12 4 12 4 12 4 12 4 10 4 16 6 17 1 6 1 18
CS (120, 872) (236, 40) - 1 5 12 4 12 4 12 4 10 4 16 6 18 6 16 4 10 4 12 4 12 4 12 4 10 4 16 6 18 6 16 4 10 4 12 4 12 4 12 5 1 17 4 6 2 8 4 14 4 10 2 2 2 10 4 14 5 1 20 1 5 14 4 10 2 2 2 10 4 14 4 8 2 6 4 17 1 5 12 4 12 4 12 5 1 17 4 6 2 8 4 14 4 10 2 2 2 10 4 14 5 1 20 1 5 14 4 10 2 2 2 10 4 14 4 8 2 6 4 17
CS (128, 1028) (236, 3365) - 1 5 12 2 2 2 10 4 10 2 2 2 12 5 1 19 6 16 6 18 6 14 4 12 5 1 19 6 14 4 10 4 14 6 18 6 17 1 6 1 17 6 16 4 6 2 8 4 14 5 1 19 6 16 6 18 6 16 4 6 2 6 2 6 2 6 4 17 1 5 12 4 12 5 1 17 4 6 2 6 2 6 2 6 4 16 6 18 6 16 6 19 1 5 14 4 8 2 6 4 16 6 17 1 6 1 17 6 18 6 14 4 10 4 14 6 19 1 5 12 4 14 6 18 6 16 6 19
OSO (27, 215) (237, 64) - 1 5 16 6 20 6 14 4 10 2 4 2 6 2 8 4 14 4 10 4 14 4 10 4 14 6 21
OSO (31, 223) (237, 47) - 1 5 14 4 10 2 2 2 12 4 10 2 4 2 8 4 16 6 19 1 6 1 17 6 19 1 5 14 5 1 20
OSO (33, 223) (237, 2) - 1 5 12 4 10 4 12 4 10 4 12 4 10 4 12 4 8 2 6 4 15 1 6 1 18 1 6 1 16 1 6 1 18
CS (72, 580) (237, 218) - 1 5 14 4 12 4 10 2 4 2 8 4 16 4 8 2 4 2 10 4 12 4 14 5 1 21 6 14 4 10 2 4 2 8 4 16 6 20 6 16 5 1 21 6 14 4 12 4 12 4 12 4 14 6 21 1 5 16 6 20 6 16 4 8 2 4 2 10 4 14 6 21
OSO (31, 241) (238, 296) - 1 5 12 4 10 2 4 2 8 4 15 1 6 1 19 6 16 4 8 4 16 6 19 1 5 14 5 1 19 6 17
OSO (37, 305) (238, 14) - 1 5 14 4 8 2 4 2 8 4 15 1 6 1 18 1 6 1 16 1 6 1 17 6 18 6 16 6 18 6 16 6 18 6 16 6 19
CS (76, 580) (238, 40) - 1 5 14 4 10 2 2 2 12 4 12 4 12 4 12 4 14 6 21 1 5 16 6 20 6 16 4 8 2 6 2 6 2 4 2 10 2 4 2 6 2 6 2 8 4 16 6 20 6 16 5 1 21 6 14 4 12 4 12 4 12 4 12 2 2 2 10 4 14 5 1 19 6 18 6 19
CS (82, 684) (238, 53) - 1 5 14 4 10 4 15 1 6 1 19 6 18 6 16 6 21 1 5 16 5 1 21 6 16 6 18 6 19 1 6 1 15 4 10 4 14 5 1 20 1 5 14 5 1 19 6 18 6 16 4 8 2 4 2 10 4 12 4 12 4 12 4 12 4 10 2 4 2 8 4 16 6 18 6 19 1 5 14 5 1 20
CS (84, 692) (238, 395) - 1 5 12 4 12 4 12 4 12 4 10 4 16 6 18 6 18 6 18 6 16 4 10 4 12 4 12 4 12 4 12 5 1 17 4 6 2 8 4 15 1 6 1 19 6 16 6 20 6 14 4 12 5 1 18 1 6 1 16 1 6 1 18 1 5 12 4 14 6 20 6 16 6 19 1 6 1 15 4 8 2 6 4 17
CS (88, 776) (238, 286) - 1 5 12 4 12 4 12 5 1 19 6 14 4 10 4 12 4 12 4 10 4 14 6 18 6 18 6 15 1 7 20 6 14 4 8 2 6 4 16 6 18 6 16 6 17 1 6 1 18 1 6 1 17 6 16 6 18 6 16 4 6 2 8 4 14 6 20 7 1 15 6 18 6 18 6 14 4 10 4 12 4 12 4 10 4 14 6 19
CS (88, 820) (238, 40510) - 1 5 14 5 1 19 6 16 6 18 6 16 6 19 1 5 14 5 1 20 1 5 16 6 17 1 6 1 17 6 18 6 16 6 18 6 16 6 19 1 5 14 6 20 6 14 4 8 2 6 4 16 6 18 6 16 4 6 2 8 4 14 6 20 6 14 5 1 19 6 16 6 18 6 16 6 18 6 17 1 6 1 17 6 16 5 1 20
CS (92, 692) (238, 1448) - 1 5 12 4 12 4 12 4 12 4 10 2 2 2 12 4 10 4 14 4 10 4 14 4 10 4 12 2 2 2 10 4 12 4 12 4 12 4 12 5 1 17 4 6 2 8 4 15 1 6 1 19 6 16 6 20 6 14 4 12 5 1 18 1 6 1 16 1 6 1 18 1 5 12 4 14 6 20 6 16 6 19 1 6 1 15 4 8 2 6 4 17
CS (96, 876) (238, 32762) - 1 5 12 4 14 5 1 20 1 5 14 4 10 4 14 4 10 4 14 6 20 6 16 6 19 1 5 14 5 1 20 1 5 16 6 18 6 18 6 18 6 16 5 1 20 1 5 14 5 1 19 6 16 6 20 6 14 4 10 4 14 4 10 4 14 5 1 20 1 5 14 4 12 5 1 19 6 16 6 20 6 14 4 10 4 14 4 10 4 14 6 20 6 16 6 19
CS (112, 892) (238, 8612) - 1 5 12 4 14 5 1 21 7 1 15 4 8 2 4 2 10 4 14 6 20 6 16 4 8 2 6 4 17 1 6 1 17 4 6 2 8 4 16 6 20 6 14 4 10 2 4 2 8 4 15 1 7 21 1 5 14 4 12 5 1 19 6 16 5 1 21 7 1 15 6 20 6 16 4 8 2 4 2 10 4 12 4 12 4 12 4 12 4 12 4 12 4 10 2 4 2 8 4 16 6 20 6 15 1 7 21 1 5 16 6 19
CS (118, 972) (238, 170) - 1 5 12 4 14 4 8 2 4 2 10 4 12 4 12 4 10 2 4 2 8 4 14 4 12 5 1 19 6 16 5 1 21 7 1 15 6 20 6 14 4 12 4 10 4 14 4 10 4 14 4 10 4 12 4 13 1 7 20 6 14 4 12 4 10 4 15 1 6 1 19 6 16 6 19 1 6 1 15 4 10 4 12 4 14 6 20 7 1 13 4 12 4 10 4 14 4 10 4 14 4 10 4 12 4 14 6 20 6 15 1 7 21 1 5 16 6 19
CS (120, 860) (238, 137) - 1 5 12 4 14 4 8 2 4 2 10 4 12 2 2 2 8 2 6 4 17 1 5 12 5 1 17 4 6 2 8 4 16 6 19 1 5 12 4 14 4 8 2 4 2 10 4 12 4 14 6 20 6 16 6 20 6 14 4 12 4 10 2 4 2 8 4 14 4 12 5 1 19 6 16 4 8 2 6 4 17 1 5 12 5 1 17 4 6 2 8 2 2 2 12 4 10 2 4 2 8 4 14 4 12 5 1 19 6 17 1 6 1 18 1 6 1 17 6 19
CS (154, 1212) (238, 1019) - 1 5 12 4 12 4 12 4 12 5 1 17 4 8 4 16 6 19 1 6 1 17 6 18 6 18 6 18 6 18 6 18 6 18 6 16 4 10 4 14 5 1 20 1 6 1 15 4 8 2 6 2 4 2 10 4 12 2 2 2 10 4 12 4 14 6 20 6 16 4 8 2 4 2 8 2 4 2 10 4 12 4 12 4 12 4 10 2 4 2 8 2 4 2 8 4 16 6 20 6 14 4 12 4 10 2 2 2 12 4 10 2 4 2 6 2 8 4 15 1 6 1 20 1 5 14 4 10 4 16 6 18 6 18 6 18 6 18 6 18 6 18 6 17 1 6 1 19 6 16 4 8 4 17
CS (172, 1380) (238, 40) - 1 5 12 4 12 4 10 4 14 5 1 20 1 5 14 4 10 4 12 4 10 4 14 5 1 20 1 5 14 4 10 4 12 4 12 5 1 18 1 6 1 16 1 6 1 17 6 16 6 19 1 5 14 5 1 19 6 15 1 6 1 19 7 1 13 4 10 4 14 6 19 1 5 14 6 20 7 1 14 1 7 20 7 1 14 1 7 20 6 14 5 1 19 6 15 1 6 1 18 1 6 1 15 4 8 4 15 1 6 1 18 1 6 1 15 6 19 1 5 14 6 20 7 1 14 1 7 20 7 1 14 1 7 20 6 14 5 1 19 6 14 4 10 4 13 1 7 19 1 6 1 15 6 19 1 5 14 5 1 19 6 16 6 17 1 6 1 16 1 6 1 18
OSO (23, 183) (239, 616) - 1 5 16 6 18 4 6 2 6 2 8 4 14 4 10 4 14 4 10 4 14 6 21
CS (108, 700) (239, 152) - 1 5 12 2 2 2 10 4 14 4 10 4 14 4 10 2 2 2 12 5 1 19 6 16 4 8 2 6 2 6 2 4 2 10 4 14 4 10 4 14 4 10 2 2 2 12 5 1 19 6 16 4 8 2 6 2 6 2 4 2 10 4 14 4 10 4 14 4 10 2 4 2 6 2 6 2 8 4 16 6 19 1 5 12 2 2 2 10 4 14 4 10 4 14 4 10 2 4 2 6 2 6 2 8 4 16 6 19
CS (116, 880) (239, 591) - 1 5 12 4 12 4 10 2 4 2 8 4 15 1 6 1 19 6 16 6 20 6 14 4 12 5 1 19 6 16 6 19 1 5 12 4 14 6 20 6 16 6 19 1 6 1 15 4 8 2 4 2 10 4 12 4 12 5 1 17 6 19 1 6 1 15 5 1 20 1 5 14 4 10 4 14 4 8 2 6 2 4 2 10 4 12 4 12 4 12 4 10 2 4 2 6 2 8 4 14 4 10 4 14 5 1 20 1 5 15 1 6 1 19 6 17
CS (66, 580) (240, 158) - 1 5 16 4 8 4 16 4 8 2 4 2 10 4 12 4 14 6 21 1 5 16 6 20 6 14 4 12 4 12 4 14 6 20 6 16 5 1 21 6 14 4 12 4 10 2 4 2 8 4 16 4 8 4 16 5 1 21 6 16 6 20 6 16 6 21
CS (76, 524) (240, 190) - 1 5 12 4 12 4 14 5 1 20 1 5 14 4 10 4 15 1 6 1 20 1 5 14 4 12 4 10 2 4 2 8 2 2 2 12 4 12 4 12 2 2 2 8 2 4 2 10 4 12 4 14 5 1 20 1 6 1 15 4 10 4 14 5 1 20 1 5 14 4 12 4 12 5 1 18
CS (80, 680) (240, 424) - 1 5 12 4 12 4 12 5 1 17 6 20 6 14 4 12 4 10 2 4 2 8 4 15 1 7 21 1 5 14 4 12 5 1 19 6 16 6 20 6 16 4 8 4 16 4 8 4 16 6 20 6 16 6 19 1 5 12 4 14 5 1 21 7 1 15 4 8 2 4 2 10 4 12 4 14 6 20 6 17
CS (84, 668) (240, 123) - 1 5 12 4 12 4 12 4 14 6 20 6 16 6 20 6 14 4 12 4 12 4 12 5 1 18 1 6 1 17 4 6 2 8 4 16 6 18 4 6 2 8 4 14 4 12 5 1 19 6 17 1 6 1 18 1 6 1 17 6 19 1 5 12 4 14 4 8 2 6 4 18 6 16 4 8 2 6 4 17 1 6 1 18
CS (84, 748) (240, 2272) - 1 5 14 5 1 19 6 16 6 18 6 16 6 19 1 5 14 5 1 20 1 5 16 6 16 4 8 4 16 6 17 1 6 1 17 6 18 6 15 1 7 20 6 14 4 8 2 6 4 16 6 18 6 16 4 6 2 8 4 14 6 20 7 1 15 6 18 6 17 1 6 1 17 6 16 4 8 4 16 6 16 5 1 20
CS (88, 772) (240, 57) - 1 5 12 4 12 4 12 4 14 6 20 6 17 1 6 1 19 6 16 6 21 1 5 16 6 20 6 16 5 1 21 6 16 6 19 1 6 1 17 6 20 6 14 4 12 4 12 4 12 5 1 17 4 8 4 16 4 8 4 17 1 6 1 17 4 8 4 16 6 20 6 16 4 8 4 17 1 6 1 17 4 8 4 16 4 8 4 17
CS (100, 952) (240, 636) - 1 5 12 4 13 1 7 20 7 1 15 6 18 6 16 6 18 6 16 6 18 6 16 6 18 6 16 6 18 6 16 6 18 6 16 6 18 6 16 6 18 6 15 1 7 20 7 1 13 4 12 5 1 19 6 14 4 8 2 6 4 16 6 18 6 14 4 10 4 14 6 18 6 17 1 5 12 5 1 17 6 18 6 14 4 10 4 14 6 18 6 16 4 6 2 8 4 14 6 19
CS (108, 908) (240, 67) - 1 5 12 4 12 5 1 17 6 19 1 5 14 5 1 19 6 16 4 8 4 16 6 19 1 6 1 15 5 1 20 1 5 14 4 10 4 14 5 1 19 6 18 6 16 6 19 1 6 1 15 4 10 4 12 4 12 4 12 4 12 4 10 4 15 1 6 1 19 6 16 6 18 6 19 1 5 14 4 10 4 14 5 1 20 1 5 15 1 6 1 19 6 16 4 8 4 16 6 19 1 5 14 5 1 19 6 17
OSO (31, 291) (241, 57) - 1 5 14 4 10 4 16 6 20 6 16 6 21 1 5 16 6 21 1 5 16 4 8 2 6 4 18 6 18 6 19
OSO (37, 275) (241, 58) - 1 5 12 4 12 4 12 4 10 2 4 2 6 2 8 4 14 4 10 4 14 6 20 6 16 6 19 1 6 1 15 4 8 2 6 4 17
OSO (39, 331) (241, 14204) - 1 5 12 4 14 6 20 6 14 4 10 2 4 2 6 4 18 6 16 4 8 4 16 6 18 6 18 6 17 1 6 1 17 6 17 1 6 1 18
OSO (41, 339) (241, 2) - 1 5 12 2 4 2 6 2 6 2 6 2 8 4 16 6 20 6 16 6 21 1 5 16 6 21 1 5 16 4 8 2 6 4 18 6 18 6 18 6 19
CS (72, 568) (241, 28) - 1 5 15 1 6 1 20 1 6 1 15 5 1 21 6 14 4 12 4 12 4 12 4 14 6 21 1 5 16 6 20 6 16 4 8 2 6 2 4 2 10 2 2 2 10 2 4 2 6 2 8 4 16 6 20 6 16 5 1 21 6 14 4 12 4 12 4 12 4 14 6 21
CS (76, 632) (241, 404) - 1 5 12 4 14 6 18 6 16 4 8 4 15 1 6 1 19 6 14 5 1 19 6 14 4 10 4 14 6 19 1 5 14 6 19 1 6 1 15 4 8 4 16 6 18 6 14 4 12 5 1 19 6 14 4 10 4 12 4 12 4 10 2 2 2 10 4 12 4 12 4 10 4 14 6 19
CS (98, 688) (241, 137) - 1 5 12 2 2 2 8 2 2 2 12 5 1 19 6 14 5 1 19 7 1 13 4 10 4 12 4 12 4 10 4 13 1 7 19 1 5 14 6 19 1 5 12 2 2 2 8 2 2 2 12 5 1 19 7 1 13 4 10 4 13 1 7 19 1 5 14 6 19 1 5 12 2 2 2 8 2 2 2 12 5 1 19 6 14 5 1 19 7 1 13 4 10 4 13 1 7 19
CS (100, 660) (241, 216) - 1 5 12 4 12 4 10 4 12 4 12 4 10 4 14 6 19 1 5 14 6 19 1 6 1 15 5 1 20 1 5 14 4 8 2 4 2 8 2 4 2 6 2 6 2 6 2 4 2 8 2 4 2 6 2 6 2 6 2 4 2 8 2 4 2 8 4 14 5 1 20 1 5 15 1 6 1 19 6 14 5 1 19 6 14 4 10 4 12 4 12 4 10 4 12 4 12 5 1 18
CS (108, 848) (241, 418) - 1 5 14 4 10 4 14 4 10 4 14 4 10 4 14 4 10 4 14 5 1 20 1 5 14 4 10 4 15 1 6 1 20 1 5 16 6 18 6 19 1 6 1 15 4 10 4 14 4 10 4 14 5 1 20 1 6 1 15 5 1 20 1 5 14 5 1 20 1 5 15 1 6 1 20 1 5 14 4 10 4 14 4 10 4 15 1 6 1 19 6 18 6 16 5 1 20 1 6 1 15 4 10 4 14 5 1 20
CS (122, 960) (241, 586) - 1 5 12 4 12 4 12 4 12 4 12 4 12 4 12 4 12 4 12 4 12 4 12 4 12 4 12 4 12 4 12 4 12 5 1 17 4 8 4 16 6 20 7 1 13 4 12 4 12 4 12 4 12 4 12 5 1 17 4 6 2 8 2 4 2 8 4 16 6 20 6 14 4 12 4 12 5 1 18 1 5 12 4 12 4 14 6 20 6 16 4 8 2 4 2 8 2 6 4 17 1 5 12 4 12 4 12 4 12 4 12 4 13 1 7 20 6 16 4 8 4 17
OSO (33, 239) (242, 66) - 1 5 12 4 14 4 8 2 4 2 10 4 14 6 20 6 17 1 6 1 17 4 6 2 8 2 4 2 8 4 16 6 19
CS (70, 500) (242, 128) - 1 5 14 4 12 4 12 4 10 2 4 2 8 2 2 2 12 4 12 4 12 2 2 2 8 2 4 2 10 4 12 4 12 4 14 5 1 21 6 14 4 10 2 4 2 8 4 16 6 20 7 1 13 4 13 1 7 20 6 16 4 8 2 4 2 10 4 14 6 21
CS (82, 672) (242, 216) - 1 5 14 5 1 19 6 16 4 8 2 4 2 8 4 16 6 19 1 5 14 5 1 19 6 16 4 8 4 16 6 20 7 1 15 6 20 6 14 4 10 2 2 2 10 2 4 4 18 6 17 1 6 1 17 6 18 4 4 2 10 2 2 2 10 4 14 6 20 6 15 1 7 20 6 16 4 8 4 16 6 19
CS (84, 612) (242, 28) - 1 5 12 5 1 17 6 18 6 16 6 18 6 16 4 6 2 8 4 14 5 1 19 6 16 4 6 2 6 2 6 2 6 4 16 4 6 2 6 2 6 2 6 4 16 4 6 2 6 2 6 2 6 4 16 4 6 2 6 2 6 2 6 4 16 6 19 1 5 14 4 8 2 6 4 16 6 18 6 16 6 18 6 17
CS (84, 628) (242, 1088) - 1 5 12 2 2 2 10 4 12 4 12 4 12 4 10 2 2 2 12 5 1 18 1 6 1 17 6 18 6 16 4 10 4 12 4 12 4 12 5 1 17 4 6 2 8 4 15 1 6 1 19 6 16 6 19 1 6 1 15 4 8 2 6 4 17 1 5 12 4 12 4 12 4 10 4 16 6 18 6 17 1 6 1 18
CS (84, 792) (242, 415) - 1 5 12 4 14 6 18 6 18 6 16 6 19 1 6 1 15 6 20 6 14 5 1 19 6 16 6 19 1 5 14 6 20 6 15 1 6 1 19 6 16 6 18 6 18 6 14 4 12 5 1 19 6 16 6 18 6 16 4 8 4 16 6 16 4 8 2 4 2 8 4 16 6 16 4 8 4 16 6 18 6 16 6 19
CS (94, 756) (242, 89) - 1 5 16 6 20 6 14 4 12 4 12 4 12 4 12 4 12 4 12 4 12 4 12 4 12 4 12 4 12 4 14 6 20 6 16 5 1 21 6 14 4 12 4 10 2 2 2 12 4 12 4 10 2 4 2 8 4 16 6 20 7 1 13 4 12 4 12 4 13 1 7 20 6 16 4 8 2 4 2 10 4 12 4 12 2 2 2 10 4 12 4 14 6 21
CS (96, 648) (242, 28688) - 1 5 12 4 12 4 10 2 2 2 10 4 12 4 10 2 2 2 10 4 12 4 10 2 2 2 10 4 12 4 10 2 2 2 10 4 12 4 12 5 1 19 6 14 4 8 2 4 2 8 2 4 2 8 4 14 6 19 1 5 12 4 13 1 7 20 7 1 14 1 7 20 7 1 13 4 12 5 1 19 6 14 4 8 2 4 2 8 2 4 2 8 4 14 6 19
CS (98, 740) (242, 105) - 1 5 16 6 18 6 19 1 6 1 16 1 6 1 19 6 16 4 8 2 6 4 17 1 6 1 17 4 6 2 8 4 16 6 19 1 6 1 16 1 6 1 19 6 18 6 16 5 1 20 1 6 1 16 1 6 1 19 6 16 4 8 2 4 2 10 4 12 4 12 4 12 4 12 4 12 4 12 4 12 4 10 2 4 2 8 4 16 6 19 1 6 1 16 1 6 1 20
OSO (37, 307) (243, 385) - 1 5 12 4 12 4 10 4 14 6 19 1 5 14 6 19 1 6 1 15 6 19 1 5 14 5 1 19 6 14 4 10 4 13 1 7 19
CS (70, 584) (243, 329) - 1 5 12 4 13 1 7 20 7 1 13 4 12 5 1 19 6 14 4 8 2 6 4 16 6 18 6 15 1 7 20 6 14 4 8 2 6 4 16 6 17 1 6 1 17 6 16 4 6 2 8 4 14 6 20 7 1 15 6 18 6 16 4 6 2 8 4 14 6 19
CS (98, 844) (243, 80) - 1 5 12 4 14 6 20 6 16 6 20 6 14 4 10 4 15 1 6 1 19 6 15 1 7 20 6 16 4 8 4 16 6 19 1 6 1 15 4 8 2 4 2 10 4 12 4 12 4 10 2 4 2 8 4 15 1 6 1 19 6 16 4 8 4 16 6 20 7 1 15 6 19 1 6 1 15 4 10 4 14 6 20 6 16 6 20 6 14 4 12 5 1 19 6 16 6 19
CS (110, 900) (243, 101566) - 1 5 14 5 1 19 6 16 6 16 4 8 4 16 6 16 6 19 1 5 14 5 1 19 6 16 6 18 6 14 4 10 4 14 6 19 1 5 14 6 19 1 6 1 15 4 6 2 8 4 14 4 8 2 4 2 8 4 14 4 8 4 16 6 17 1 6 1 17 6 16 4 8 4 14 4 8 2 4 2 8 4 14 4 8 2 6 4 15 1 6 1 19 6 14 5 1 19 6 14 4 10 4 14 6 18 6 16 6 19
CS (136, 1084) (243, 17653) - 1 5 10 2 4 2 6 2 6 2 4 2 10 5 1 17 6 16 4 8 4 14 4 10 4 12 5 1 17 6 18 6 16 6 18 6 14 4 12 5 1 19 6 15 1 6 1 19 7 1 13 4 12 5 1 19 6 14 4 10 4 12 4 12 5 1 18 1 6 1 15 4 8 4 16 6 16 4 8 4 15 1 6 1 18 1 5 12 4 12 4 10 4 14 6 19 1 5 12 4 13 1 7 19 1 6 1 15 6 19 1 5 12 4 14 6 18 6 16 6 18 6 17 1 5 12 4 10 4 14 4 8 4 16 6 17
CS (170, 1380) (243, 2783) - 1 5 12 4 12 4 12 4 12 4 12 5 1 17 4 8 4 16 6 20 7 1 15 6 20 6 16 6 19 1 6 1 17 6 19 1 5 14 5 1 20 1 5 14 4 10 4 15 1 6 1 20 1 5 14 4 12 4 10 4 15 1 6 1 20 1 5 14 4 10 4 15 1 6 1 20 1 5 14 4 12 5 1 19 6 16 4 8 4 17 1 6 1 17 4 8 4 16 6 19 1 5 12 4 14 5 1 20 1 6 1 15 4 10 4 14 5 1 20 1 6 1 15 4 10 4 12 4 14 5 1 20 1 6 1 15 4 10 4 14 5 1 20 1 5 14 5 1 19 6 17 1 6 1 19 6 16 6 20 6 15 1 7 20 6 16 4 8 4 17
OSO (25, 199) (244, 59) - 1 5 12 4 12 4 10 2 4 4 18 6 14 4 10 4 12 4 12 4 10 4 14 6 19
OSO (27, 197) (244, 322) - 1 5 12 4 14 4 10 4 14 5 1 20 1 5 14 4 10 2 4 2 6 2 8 4 16 6 19
OSO (27, 201) (244, 1) - 1 5 12 4 14 4 10 4 14 4 10 2 4 2 6 2 8 4 16 6 19 1 6 1 17 6 19
CS (72, 608) (244, 21286) - 1 5 12 5 1 17 6 18 6 18 6 16 4 8 4 16 6 19 1 5 14 4 10 4 12 4 14 6 19 1 6 1 15 4 8 2 6 4 16 4 6 2 8 4 15 1 6 1 19 6 14 4 12 4 10 4 14 5 1 19 6 16 4 8 4 16 6 18 6 18 6 17
CS (76, 596) (244, 100) - 1 5 14 4 8 2 6 4 16 6 17 1 6 1 17 6 16 4 6 2 8 4 14 5 1 20 1 5 15 1 6 1 19 6 14 5 1 19 6 14 4 10 4 12 4 12 4 10 4 12 4 12 4 10 4 12 4 12 4 10 4 14 6 19 1 5 14 6 19 1 6 1 15 5 1 20
CS (78, 636) (244, 95) - 1 5 12 4 13 1 7 19 1 6 1 16 1 6 1 18 1 6 1 16 1 6 1 19 7 1 13 4 12 5 1 19 6 14 4 10 4 14 5 1 20 1 5 14 5 1 19 6 16 6 18 6 17 1 6 1 17 6 18 6 16 6 19 1 5 14 5 1 20 1 5 14 4 10 4 14 6 19
CS (90, 692) (244, 642) - 1 5 12 4 12 4 12 5 1 17 4 6 2 8 4 15 1 6 1 19 6 16 6 20 6 14 4 12 5 1 19 6 16 6 19 1 6 1 15 4 8 2 6 2 4 2 10 4 12 4 12 4 10 2 4 2 6 2 8 4 15 1 6 1 19 6 16 6 19 1 5 12 4 14 6 20 6 16 6 19 1 6 1 15 4 8 2 6 4 17
CS (108, 864) (244, 115) - 1 5 12 4 12 4 12 4 12 4 12 4 10 4 15 1 6 1 19 6 16 6 20 7 1 13 4 12 4 12 5 1 18 1 5 12 4 12 4 12 4 12 4 12 4 10 4 16 6 18 6 16 4 10 4 12 4 12 4 12 4 12 4 12 5 1 18 1 5 12 4 12 4 13 1 7 20 6 16 6 19 1 6 1 15 4 10 4 12 4 12 4 12 4 12 4 12 5 1 18 1 6 1 16 1 6 1 18
CS (118, 964) (244, 5230) - 1 5 12 4 12 5 1 17 6 19 1 5 14 5 1 19 6 16 6 20 6 16 6 18 4 6 2 6 2 6 2 8 4 14 5 1 19 6 16 4 8 4 16 4 8 4 16 6 19 1 5 14 5 1 19 6 16 4 8 2 4 2 8 2 4 2 8 4 16 6 19 1 5 14 5 1 19 6 16 4 8 4 16 4 8 4 16 6 19 1 5 14 4 8 2 6 2 6 2 6 4 18 6 16 6 20 6 16 6 19 1 5 14 5 1 19 6 17
OSO (25, 215) (245, 90) - 1 5 14 4 12 4 10 4 16 6 18 6 19 1 5 14 5 1 20 1 5 15 1 7 21
OSO (31, 247) (245, 108) - 1 5 12 4 14 5 1 20 1 5 14 4 10 4 15 1 6 1 19 6 17 1 6 1 17 4 8 4 16 6 19
CS (78, 596) (245, 16) - 1 5 14 4 10 2 4 2 8 2 4 2 8 2 4 2 8 2 4 2 10 4 14 5 1 20 1 6 1 15 5 1 20 1 5 14 4 10 4 16 6 20 6 16 5 1 21 6 14 4 12 4 12 4 14 6 21 1 5 16 6 20 6 16 4 10 4 14 5 1 20 1 5 15 1 6 1 20
CS (80, 644) (246, 165) - 1 5 12 4 14 6 20 6 15 1 6 1 20 1 5 16 6 18 6 19 1 5 14 4 10 4 14 5 1 19 6 16 4 8 2 4 2 8 2 4 2 8 2 4 2 8 4 16 6 19 1 5 14 4 10 4 14 5 1 19 6 18 6 16 5 1 20 1 6 1 15 6 20 6 14 4 12 5 1 18
CS (100, 676) (246, 32829) - 1 5 12 2 2 2 10 4 10 4 14 4 10 4 10 2 4 2 6 2 6 2 6 4 16 6 19 1 5 14 4 8 2 4 2 8 2 4 2 6 2 6 2 6 2 4 2 8 2 4 2 8 4 14 5 1 19 6 16 4 6 2 6 2 6 2 4 2 10 4 10 4 14 4 10 4 10 2 2 2 12 5 1 19 6 16 6 18 6 16 6 18 6 16 6 18 6 16 6 19
CS (108, 876) (246, 252) - 1 5 12 2 2 2 10 4 14 5 1 20 1 5 14 4 10 4 14 4 10 4 14 4 10 4 14 5 1 20 1 5 14 4 10 2 2 2 12 5 1 19 6 17 1 6 1 19 6 16 6 20 6 14 4 12 4 12 4 12 5 1 18 1 6 1 17 6 19 1 6 1 17 6 18 6 17 1 6 1 19 6 17 1 6 1 18 1 5 12 4 12 4 12 4 14 6 20 6 16 6 19 1 6 1 17 6 19
CS (108, 1012) (246, 3) - 1 5 12 4 14 5 1 21 6 14 5 1 19 6 16 4 10 4 12 4 14 6 20 6 16 5 1 21 6 14 4 12 5 1 19 6 16 6 21 1 5 16 4 8 4 16 5 1 21 6 16 6 19 1 5 12 4 14 6 21 1 5 16 6 20 6 14 4 12 4 10 4 16 6 19 1 5 14 6 21 1 5 14 4 12 5 1 19 6 16 6 20 6 16 4 8 4 16 4 8 4 16 6 20 6 16 6 19
CS (120, 1028) (246, 112) - 1 5 12 4 12 4 12 4 12 4 12 5 1 17 4 6 2 8 4 16 6 18 6 18 6 18 6 17 1 6 1 17 6 19 1 5 14 5 1 19 6 16 5 1 20 1 6 1 15 6 20 6 16 6 18 4 6 2 8 4 15 1 6 1 19 6 16 6 19 1 6 1 15 4 8 2 6 4 18 6 16 6 20 6 15 1 6 1 20 1 5 16 6 19 1 5 14 5 1 19 6 17 1 6 1 17 6 18 6 18 6 18 6 16 4 8 2 6 4 17
CS (144, 1272) (246, 222) - 1 5 12 4 14 4 10 4 16 6 20 6 17 1 6 1 17 4 8 2 4 2 10 4 14 5 1 19 6 18 6 20 6 16 5 1 21 6 14 4 14 6 21 1 5 16 6 20 6 18 6 18 6 20 6 16 4 8 2 6 2 6 2 6 2 6 2 8 4 16 6 20 6 18 6 18 6 20 6 16 5 1 21 6 14 4 14 6 21 1 5 16 6 20 6 18 6 19 1 5 14 4 10 2 4 2 8 4 17 1 6 1 17 6 20 6 16 4 10 4 14 4 12 5 1 18 1 5 12 4 14 5 1 19 6 19 1 5 14 4 12 5 1 18
CS (66, 564) (247, 158) - 1 5 14 4 10 4 16 6 21 1 5 17 1 6 1 17 5 1 21 6 16 4 10 4 14 5 1 19 6 18 4 6 2 8 4 16 5 1 21 6 16 5 1 21 7 1 14 1 7 21 1 5 16 6 21 1 5 16 4 8 2 6 4 18 6 19
CS (76, 580) (247, 7) - 1 5 12 4 14 4 10 4 14 4 10 4 14 4 12 5 1 19 6 17 1 6 1 19 6 16 4 8 2 4 2 10 4 14 5 1 20 1 6 1 15 4 10 4 14 4 10 4 14 4 10 4 15 1 6 1 20 1 5 14 4 10 2 4 2 8 4 16 6 19 1 6 1 17 6 19
CS (88, 732) (247, 18) - 1 5 14 6 20 6 12 2 2 2 10 4 10 2 2 2 12 6 20 6 14 5 1 19 6 16 6 17 1 6 1 17 6 16 4 6 2 8 4 14 6 20 7 1 15 6 18 6 17 1 6 1 15 4 10 4 10 4 15 1 6 1 17 6 18 6 15 1 7 20 6 14 4 8 2 6 4 16 6 17 1 6 1 17 6 16 6 19
CS (96, 752) (247, 18318) - 1 5 12 2 2 2 10 4 12 4 12 4 12 4 10 2 2 2 12 5 1 18 1 6 1 17 6 18 6 16 4 8 2 4 2 10 4 12 5 1 17 6 19 1 5 14 5 1 19 6 16 5 1 21 7 1 15 6 20 6 15 1 7 21 1 5 16 6 19 1 5 14 5 1 19 6 17 1 5 12 4 10 2 4 2 8 4 16 6 18 6 17 1 6 1 18
OSO (51, 317) (248, 255) - 1 5 14 4 10 2 4 2 8 2 4 2 8 2 6 2 4 2 10 4 14 4 12 4 10 2 4 2 8 2 4 2 10 4 14 5 1 20 1 5 15 1 7 21 1 6 1 15 5 1 20
CS (62, 484) (248, 208) - 1 5 14 4 12 4 10 2 4 2 8 2 4 2 10 4 12 4 14 5 1 19 4 6 2 6 2 8 4 16 6 20 6 16 5 1 21 6 14 4 12 4 12 4 14 6 21 1 5 16 6 20 6 16 4 8 2 6 2 6 4 19
CS (74, 612) (248, 7) - 1 5 12 4 12 4 12 5 1 19 6 14 4 10 4 14 6 18 6 17 1 6 1 17 6 18 6 14 4 10 4 14 6 19 1 5 12 4 12 4 12 5 1 19 7 1 13 4 10 4 14 6 19 1 6 1 15 4 8 4 15 1 6 1 19 6 14 4 10 4 13 1 7 19
CS (84, 556) (248, 100) - 1 5 12 4 12 4 10 4 14 4 8 2 4 2 8 4 14 4 10 4 12 4 12 5 1 18 1 6 1 15 4 8 2 4 2 8 4 14 4 10 4 12 4 12 5 1 18 1 6 1 15 4 8 2 4 2 8 4 15 1 6 1 18 1 5 12 4 12 4 10 4 14 4 8 2 4 2 8 4 15 1 6 1 18
CS (96, 720) (248, 131) - 1 5 12 4 10 4 14 4 8 2 4 2 8 4 14 4 8 2 4 2 8 4 15 1 6 1 18 1 6 1 15 4 8 2 4 2 8 4 14 4 8 2 4 2 8 4 14 4 10 4 12 5 1 17 6 18 6 16 6 18 6 16 4 6 2 8 4 14 6 19 1 5 12 4 12 4 12 5 1 19 6 14 4 8 2 6 4 16 6 18 6 16 6 18 6 17
CS (112, 884) (248, 171) - 1 5 12 2 2 2 10 2 2 2 12 5 1 19 6 17 1 6 1 18 1 6 1 17 6 18 4 8 4 16 5 1 21 6 16 6 20 6 17 1 6 1 17 4 8 4 17 1 5 12 4 12 2 2 2 10 4 14 5 1 19 6 18 6 19 1 5 14 4 10 2 2 2 12 4 12 5 1 17 4 8 4 17 1 6 1 17 6 20 6 16 6 21 1 5 16 4 8 4 18 6 17 1 6 1 18 1 6 1 17 6 19
CS (120, 1040) (248, 143) - 1 5 12 4 12 4 13 1 7 20 6 16 6 20 6 14 4 12 5 1 18 1 6 1 16 1 6 1 18 1 5 12 4 14 6 20 6 16 6 20 7 1 13 4 12 4 12 5 1 18 1 5 12 4 14 6 20 6 16 6 19 1 6 1 15 5 1 19 6 18 6 17 1 5 12 5 1 17 6 19 1 5 14 4 10 4 14 5 1 19 6 17 1 5 12 5 1 17 6 18 6 19 1 5 15 1 6 1 19 6 16 6 20 6 14 4 12 5 1 18
CS (128, 1056) (248, 507) - 1 5 12 4 14 6 21 1 5 16 6 19 1 6 1 17 6 18 6 18 4 6 2 6 2 6 2 6 2 6 2 6 2 6 2 6 2 6 2 6 2 6 2 6 2 6 2 6 2 6 4 18 6 18 6 17 1 6 1 19 6 16 5 1 21 6 14 4 12 5 1 19 6 16 6 21 1 5 16 4 8 4 16 6 20 6 16 6 19 1 6 1 17 6 18 6 19 1 5 14 5 1 19 6 18 6 17 1 6 1 19 6 16 6 20 6 16 4 8 4 16 5 1 21 6 16 6 19
CS (196, 1464) (248, 34466) - 1 5 12 2 2 2 10 4 14 5 1 20 1 5 14 5 1 19 6 18 6 16 4 8 2 6 4 18 6 16 5 1 21 7 1 15 5 1 21 7 1 15 5 1 21 7 1 15 5 1 20 1 6 1 16 1 6 1 19 6 16 4 8 2 4 2 8 2 6 4 16 4 8 2 4 2 8 2 4 2 8 2 4 2 8 2 4 2 8 2 4 2 8 4 16 4 6 2 8 2 4 2 8 4 16 6 19 1 6 1 16 1 6 1 20 1 5 15 1 7 21 1 5 15 1 7 21 1 5 15 1 7 21 1 5 16 6 18 4 6 2 8 4 16 6 18 6 19 1 5 14 5 1 20 1 5 14 4 10 2 2 2 12 5 1 19 6 16 4 8 2 6 4 18 6 16 6 21 1 5 16 5 1 21 6 16 6 18 4 6 2 8 4 16 6 19
OSO (35, 281) (250, 21) - 1 5 14 4 10 4 15 1 6 1 19 6 18 6 16 4 10 4 12 4 14 5 1 20 1 6 1 15 4 10 4 14 5 1 20
OSO (39, 245) (250, 1026) - 1 5 12 4 12 4 12 4 12 4 12 4 12 4 12 4 12 2 2 2 8 2 4 2 8 2 6 4 16 4 8 2 4 2 8 2 6 4 17
OSO (45, 247) (250, 88) - 1 5 12 4 14 4 8 2 6 2 6 2 6 2 6 2 6 2 6 2 6 2 6 2 6 2 6 2 6 2 8 4 14 4 10 2 4 2 6 2 8 4 16 6 19
OSO (45, 285) (250, 291) - 1 5 12 2 2 2 10 4 15 1 6 1 19 6 17 1 6 1 18 1 6 1 17 6 18 4 6 2 8 2 4 2 8 2 4 2 8 2 6 4 17 1 6 1 18
CS (76, 608) (250, 503) - 1 5 14 4 10 4 14 4 10 4 14 4 10 4 14 5 1 20 1 5 14 4 10 4 15 1 6 1 20 1 5 16 6 18 6 19 1 6 1 15 4 10 4 14 5 1 20 1 5 14 4 10 4 15 1 6 1 19 6 18 6 16 5 1 20 1 6 1 15 4 10 4 14 5 1 20
CS (86, 608) (250, 146) - 1 5 12 2 2 2 10 2 4 2 6 2 6 2 8 4 16 6 21 1 5 17 1 6 1 17 5 1 21 6 16 4 8 2 6 2 6 2 4 2 10 2 2 2 12 5 1 19 6 16 4 10 4 14 4 10 2 4 2 8 4 16 5 1 21 6 16 6 21 1 5 16 4 8 2 4 2 10 4 14 4 10 4 16 6 19
CS (88, 820) (250, 91) - 1 5 12 4 14 4 10 4 16 6 19 1 5 12 4 14 4 12 5 1 19 6 16 4 10 4 14 4 12 5 1 18 1 6 1 17 6 20 6 16 5 1 21 6 14 4 12 4 14 6 21 1 5 16 6 20 6 18 6 18 6 18 6 20 6 16 5 1 21 6 14 4 12 4 14 6 21 1 5 16 6 20 6 17 1 6 1 18
CS (90, 860) (250, 134) - 1 5 16 6 20 6 16 6 20 6 16 6 20 6 16 6 20 6 17 1 6 1 17 6 20 6 16 6 20 6 16 6 20 6 16 6 20 6 16 5 1 21 6 14 4 12 4 10 2 4 2 8 4 16 6 20 6 14 4 12 4 12 4 12 4 12 4 12 4 12 4 12 4 14 6 20 6 16 4 8 2 4 2 10 4 12 4 14 6 21
CS (94, 756) (250, 574) - 1 5 16 6 20 6 14 4 12 4 12 4 12 4 12 4 12 4 12 4 12 4 12 4 12 4 12 4 12 4 12 4 12 4 14 6 20 6 16 5 1 21 6 14 4 12 4 10 2 2 2 12 4 12 4 10 2 4 2 8 4 16 6 20 7 1 13 4 13 1 7 20 6 16 4 8 2 4 2 10 4 12 4 12 2 2 2 10 4 12 4 14 6 21
CS (96, 768) (250, 171) - 1 5 12 4 14 5 1 20 1 6 1 15 4 10 4 14 5 1 20 1 5 14 4 10 4 15 1 6 1 20 1 5 14 4 12 5 1 19 6 16 4 8 2 4 2 10 4 12 4 14 5 1 21 6 14 4 10 4 16 6 18 6 19 1 6 1 16 1 6 1 19 6 18 6 16 4 10 4 14 6 21 1 5 14 4 12 4 10 2 4 2 8 4 16 6 19
CS (114, 668) (250, 28152) - 1 5 10 2 4 2 6 2 6 2 6 2 4 2 8 2 4 2 6 2 6 2 6 2 4 2 8 2 4 2 8 4 14 6 19 1 5 12 4 12 4 10 2 2 2 10 4 12 4 10 2 2 2 10 4 12 4 12 5 1 19 6 14 4 8 2 4 2 8 2 4 2 6 2 6 2 6 2 4 2 8 2 4 2 6 2 6 2 6 2 4 2 10 5 1 17 6 18 6 14 4 10 4 12 4 12 4 10 4 14 6 18 6 17
CS (114, 912) (250, 2450) - 1 5 12 4 14 4 10 4 14 4 10 4 16 6 20 6 16 5 1 20 1 6 1 15 5 1 20 1 5 14 4 12 4 12 4 12 4 12 4 14 5 1 19 6 19 1 5 14 4 10 2 2 2 12 4 12 4 12 4 12 2 2 2 10 4 14 5 1 19 6 19 1 5 14 4 12 4 12 4 12 4 12 4 14 5 1 20 1 5 15 1 6 1 20 1 5 16 6 20 6 16 4 10 4 14 4 10 4 14 4 12 5 1 18
CS (120, 804) (250, 131) - 1 5 14 5 1 19 6 18 6 18 6 17 1 6 1 19 6 16 4 8 4 18 6 16 5 1 20 1 6 1 15 4 10 4 14 4 8 2 6 2 6 2 6 2 6 2 6 2 6 2 6 2 6 2 6 2 4 2 10 2 2 2 10 2 2 2 10 2 4 2 6 2 6 2 6 2 6 2 6 2 6 2 6 2 6 2 6 2 8 4 14 4 10 4 15 1 6 1 20 1 5 16 6 18 4 8 4 16 6 19 1 6 1 17 6 18 6 18 6 19
CS (124, 1148) (250, 115) - 1 5 12 4 14 6 20 6 17 1 6 1 17 6 20 6 14 4 12 4 10 2 2 2 12 4 10 4 16 6 18 6 19 1 5 14 5 1 19 6 18 6 16 4 10 4 12 2 2 2 10 4 12 4 14 6 20 6 17 1 6 1 17 6 20 6 14 4 12 5 1 19 6 16 6 20 6 16 6 20 6 16 6 19 1 6 1 17 6 18 6 18 6 18 4 6 2 6 2 6 4 18 6 18 6 18 6 17 1 6 1 19 6 16 6 20 6 16 6 20 6 16 6 19
CS (136, 1140) (250, 52) - 1 5 14 4 10 4 14 4 8 2 6 4 17 1 6 1 17 6 18 6 18 6 16 4 8 2 6 4 16 4 8 4 16 6 19 1 5 14 5 1 19 6 16 4 8 4 16 4 6 2 8 4 16 6 18 6 18 6 17 1 6 1 17 4 6 2 8 4 14 4 10 4 14 5 1 19 6 18 6 16 6 20 6 14 4 12 4 10 4 14 4 10 4 14 4 8 2 6 4 17 1 6 1 17 6 18 6 17 1 6 1 17 4 6 2 8 4 14 4 10 4 14 4 10 4 12 4 14 6 20 6 16 6 18 6 19
CS (138, 988) (250, 513) - 1 5 14 5 1 19 6 16 6 20 6 14 4 10 2 4 2 6 2 6 2 6 2 6 2 6 2 6 2 4 2 10 4 12 2 2 2 8 2 4 2 8 2 4 2 8 2 2 2 12 4 10 2 4 2 6 2 6 2 6 2 6 2 6 2 6 2 4 2 10 4 14 6 20 6 16 6 19 1 5 14 5 1 20 1 5 16 6 18 6 18 6 18 6 17 1 6 1 17 6 18 4 6 2 6 4 18 6 17 1 6 1 17 6 18 4 6 2 6 4 18 6 17 1 6 1 17 6 18 6 18 6 18 6 16 5 1 20
CS (140, 988) (250, 1320) - 1 5 12 2 2 2 10 4 12 4 14 6 19 1 6 1 16 1 6 1 18 1 6 1 15 4 10 4 14 5 1 20 1 5 14 4 10 4 15 1 6 1 18 1 6 1 16 1 6 1 19 6 14 4 12 4 10 2 2 2 12 5 1 19 6 16 6 20 7 1 13 4 12 4 12 5 1 18 1 6 1 16 1 6 1 19 6 14 4 12 4 10 2 4 2 6 2 6 2 6 2 6 2 6 2 6 2 6 2 4 2 10 4 12 4 14 6 19 1 6 1 16 1 6 1 18 1 5 12 4 12 4 13 1 7 20 6 16 6 19
CS (144, 1024) (250, 30) - 1 5 10 2 4 2 6 2 6 2 4 2 10 4 10 4 14 4 8 4 16 6 16 4 8 4 14 4 8 2 6 4 15 1 6 1 19 6 14 5 1 19 6 14 4 10 4 12 4 12 4 10 4 12 4 10 2 4 2 4 2 10 4 12 4 10 4 14 6 18 6 18 6 14 4 10 4 12 4 10 2 4 2 4 2 10 4 12 4 10 4 12 4 12 4 10 4 14 6 19 1 5 14 6 19 1 6 1 15 4 6 2 8 4 14 4 8 4 16 6 16 4 8 4 14 4 10 4 10 2 4 2 6 2 6 2 4 2 10 5 1 17 6 17
CS (72, 508) (251, 48) - 1 5 14 4 10 4 14 4 10 2 2 2 10 2 2 2 10 2 4 2 6 2 6 2 6 2 4 2 10 2 2 2 10 2 2 2 10 4 14 4 10 4 14 5 1 19 6 18 6 18 6 16 4 10 4 14 5 1 20 1 5 14 4 10 4 16 6 18 6 18 6 19
CS (76, 452) (251, 30188) - 1 5 10 2 4 2 6 2 6 2 4 2 10 4 10 2 2 2 10 2 2 2 10 4 10 2 4 2 6 2 6 2 4 2 10 5 1 17 6 18 6 14 4 10 2 2 2 10 4 12 5 1 17 4 6 2 6 2 6 4 17 1 5 12 4 10 2 2 2 10 4 14 6 18 6 17
CS (76, 484) (251, 112) - 1 5 12 4 14 4 8 2 8 4 14 4 12 5 1 18 1 6 1 17 4 6 2 8 2 4 2 10 4 12 4 14 5 1 20 1 6 1 15 4 8 2 6 2 6 2 6 2 6 2 8 4 15 1 6 1 20 1 5 14 4 12 4 10 2 4 2 8 2 6 4 17 1 6 1 18
CS (88, 580) (251, 37) - 1 5 12 2 2 2 8 2 2 2 12 5 1 19 6 14 4 8 2 4 2 8 2 4 2 8 4 14 6 19 1 5 12 2 2 2 8 2 2 2 12 5 1 19 7 1 13 4 10 4 13 1 7 19 1 5 14 6 19 1 5 12 2 2 2 8 2 2 2 12 5 1 19 6 14 5 1 19 7 1 13 4 10 4 13 1 7 19
CS (114, 1020) (251, 84) - 1 5 14 4 10 4 14 4 10 4 15 1 6 1 19 6 16 4 8 2 6 2 4 2 10 4 12 4 14 6 20 6 17 1 6 1 17 6 20 6 14 4 12 4 10 2 4 2 6 2 8 4 16 6 19 1 6 1 15 4 10 4 14 4 10 4 14 5 1 19 6 18 6 17 1 6 1 19 6 16 6 20 6 16 6 20 6 16 6 20 6 16 6 20 6 16 6 20 6 16 6 20 6 16 6 19 1 6 1 17 6 18 6 19
CS (64, 548) (252, 3157) - 1 5 12 4 14 5 1 20 1 5 14 4 10 4 14 4 10 4 14 5 1 20 1 5 14 4 12 5 1 19 6 16 6 20 6 14 4 12 5 1 18 1 6 1 17 6 18 6 17 1 6 1 18 1 5 12 4 14 6 20 6 16 6 19
CS (76, 500) (252, 27) - 1 5 12 4 12 4 12 5 1 17 4 6 2 8 2 2 2 12 4 10 2 4 2 8 4 14 4 12 5 1 19 6 16 4 8 2 4 2 10 4 12 4 12 4 12 4 10 2 4 2 8 4 16 6 19 1 5 12 4 14 4 8 2 4 2 10 4 12 2 2 2 8 2 6 4 17
CS (84, 788) (252, 8140) - 1 5 14 4 10 4 14 4 10 4 12 4 14 6 20 6 16 6 18 6 19 1 5 14 4 10 4 14 5 1 19 6 18 6 16 6 20 6 14 4 12 4 10 4 14 4 10 4 14 5 1 19 6 18 6 16 4 8 4 16 6 20 6 14 4 10 4 14 4 10 4 14 6 20 6 16 4 8 4 16 6 18 6 19
CS (92, 860) (252, 105) - 1 5 10 4 15 1 6 1 17 6 18 6 15 1 7 20 6 14 4 10 4 12 4 10 4 14 6 20 7 1 15 6 18 6 17 1 6 1 15 4 10 5 1 17 6 16 6 19 1 5 14 6 20 6 14 6 20 6 14 5 1 19 6 16 6 16 4 8 4 16 6 16 6 19 1 5 14 6 20 6 14 6 20 6 14 5 1 19 6 16 6 17
CS (96, 624) (252, 29369) - 1 5 10 2 4 2 8 4 16 6 18 4 6 2 6 2 4 2 10 4 14 5 1 20 1 5 14 4 10 2 4 2 6 2 6 4 18 6 16 4 8 2 4 2 10 5 1 17 6 18 4 6 2 6 2 4 2 10 4 14 5 1 20 1 5 14 4 10 2 2 2 10 2 2 2 10 4 14 5 1 20 1 5 14 4 10 2 4 2 6 2 6 4 18 6 17
CS (100, 728) (252, 139053) - 1 5 12 4 12 4 10 2 2 2 10 4 12 4 10 2 4 4 17 1 6 1 16 1 6 1 17 4 6 4 17 1 6 1 16 1 6 1 17 4 4 2 10 4 12 4 10 2 2 2 10 4 12 4 12 5 1 19 6 14 4 8 2 6 4 16 6 17 1 6 1 17 6 16 6 19 1 5 14 5 1 19 6 16 6 17 1 6 1 17 6 16 4 6 2 8 4 14 6 19
CS (120, 1004) (252, 29503) - 1 5 12 2 2 2 10 4 12 4 12 4 12 4 12 4 10 4 15 1 6 1 19 6 16 6 19 1 5 14 5 1 20 1 5 16 6 18 6 18 6 17 1 6 1 17 6 19 1 5 14 5 1 19 6 16 4 8 4 16 6 19 1 5 14 5 1 19 6 17 1 6 1 17 6 18 6 18 6 16 5 1 20 1 5 14 5 1 19 6 16 6 19 1 6 1 15 4 10 4 12 4 12 4 12 4 12 4 10 2 2 2 12 5 1 19 6 16 6 19
CS (152, 1172) (252, 97) - 1 5 12 2 2 2 10 4 14 4 8 2 6 2 6 4 18 6 17 1 6 1 18 1 6 1 17 4 6 2 8 4 16 6 19 1 6 1 16 1 6 1 20 1 5 16 6 18 6 19 1 6 1 16 1 6 1 19 6 17 1 6 1 19 6 16 6 19 1 6 1 17 6 19 1 6 1 16 1 6 1 19 6 18 6 16 5 1 20 1 6 1 16 1 6 1 19 6 16 4 8 2 6 4 17 1 6 1 18 1 6 1 17 6 18 4 6 2 6 2 8 4 14 4 10 2 2 2 12 5 1 19 6 17 1 6 1 19 6 16 6 20 6 16 6 19 1 6 1 17 6 19
CS (162, 1208) (252, 502) - 1 5 12 2 2 2 10 4 12 4 12 4 12 4 10 4 15 1 6 1 18 1 5 12 4 12 4 12 4 12 5 1 18 1 5 12 4 12 4 12 4 12 5 1 18 1 5 12 4 12 4 12 4 12 5 1 18 1 5 12 4 12 4 12 4 12 5 1 18 1 6 1 15 4 10 4 12 4 12 4 12 4 10 2 2 2 12 5 1 19 6 16 6 19 1 5 14 5 1 19 6 17 1 5 12 4 12 5 1 17 6 19 1 5 14 4 8 2 6 2 4 2 10 4 12 4 12 4 10 2 4 2 6 2 8 4 14 5 1 19 6 17 1 5 12 4 12 5 1 17 6 19 1 5 14 5 1 19 6 16 6 19
OSO (39, 289) (253, 296) - 1 5 16 4 8 4 16 4 8 2 4 2 8 2 4 2 8 2 4 2 10 4 12 4 12 4 12 4 12 4 12 4 14 6 20 6 16 6 21
OSO (41, 311) (253, 14) - 1 5 12 2 2 2 10 4 12 4 12 4 12 5 1 19 6 14 4 12 5 1 19 6 15 1 7 20 6 14 4 10 2 2 2 10 4 14 5 1 20
CS (84, 676) (253, 13) - 1 5 12 2 2 2 10 4 14 5 1 20 1 5 16 6 18 6 18 4 6 2 6 2 6 4 18 6 18 6 16 5 1 20 1 5 14 4 10 2 2 2 12 5 1 19 6 16 4 8 4 16 6 20 6 14 4 12 5 1 18 1 6 1 16 1 6 1 18 1 5 12 4 14 6 20 6 16 4 8 4 16 6 19
CS (86, 816) (253, 1210) - 1 5 12 4 12 4 14 6 21 1 5 16 6 20 6 16 6 19 1 5 12 4 14 6 20 6 16 4 8 2 6 4 17 1 6 1 17 4 6 2 8 4 16 6 20 6 14 4 12 5 1 19 6 16 6 20 6 16 5 1 21 6 14 4 12 4 12 5 1 19 6 16 6 20 6 16 6 20 6 16 6 20 6 16 6 19
CS (120, 896) (253, 156) - 1 5 16 4 8 2 4 2 10 4 14 4 10 4 14 4 10 2 4 2 8 4 16 6 20 6 17 1 6 1 17 5 1 21 6 16 4 8 2 4 2 10 4 14 4 10 4 14 4 10 2 2 2 12 4 12 4 12 4 12 4 12 2 2 2 10 4 14 4 10 4 14 4 10 2 4 2 8 4 16 6 21 1 5 17 1 6 1 17 6 20 6 16 4 8 2 4 2 10 4 14 4 10 4 14 4 10 2 4 2 8 4 16 5 1 21 6 16 6 21
CS (120, 1188) (253, 35) - 1 7 20 6 14 4 10 4 12 2 2 2 8 4 16 6 18 6 16 6 18 6 18 6 16 6 18 6 18 6 15 1 7 20 6 14 4 10 4 12 4 12 4 12 4 10 4 14 6 20 7 1 15 6 18 6 18 6 16 6 18 6 18 6 16 6 18 6 16 4 8 2 2 2 12 4 10 4 14 6 20 7 1 15 6 18 6 18 6 16 6 18 6 18 6 16 6 18 6 16 4 8 4 16 6 18 6 16 6 18 6 18 6 16 6 18 6 18 6 15
OSO (35, 257) (254, 132) - 1 5 12 4 12 4 10 2 2 2 10 4 12 4 10 4 14 6 19 1 6 1 15 6 18 6 17 1 6 1 16 1 6 1 18
OSO (39, 319) (254, 14) - 1 5 14 4 10 4 14 4 8 2 6 4 17 1 6 1 17 6 17 1 6 1 18 1 6 1 15 4 10 4 14 6 20 6 16 6 18 6 19
CS (76, 560) (254, 448) - 1 5 12 4 12 4 12 4 10 4 14 4 10 4 14 5 1 20 1 5 14 4 10 4 14 4 10 4 12 4 12 4 12 5 1 17 4 6 2 8 4 14 4 10 4 14 5 1 20 1 5 14 4 10 2 2 2 10 4 14 5 1 20 1 5 14 4 10 4 14 4 8 2 6 4 17
CS (80, 548) (254, 164) - 1 5 12 4 10 4 14 4 8 2 4 2 8 4 14 4 8 2 4 2 8 4 14 4 10 4 12 5 1 17 4 6 2 6 2 4 2 10 4 10 2 2 2 12 6 20 6 14 5 1 19 6 14 4 10 4 14 6 19 1 5 14 6 20 6 12 2 2 2 10 4 10 2 4 2 6 2 6 4 17
CS (94, 592) (254, 188) - 1 5 12 2 2 2 8 2 4 2 6 2 6 2 6 2 6 4 16 6 17 1 6 1 17 6 16 4 6 2 6 2 6 2 6 2 4 2 8 2 2 2 12 5 1 19 6 14 4 8 2 4 2 8 2 4 2 8 4 14 6 19 1 5 12 4 13 1 7 20 7 1 13 4 12 5 1 19 6 14 4 8 2 4 2 8 2 4 2 8 4 14 6 19
CS (110, 904) (254, 2680) - 1 5 14 6 20 6 16 4 6 2 8 2 4 2 6 2 8 4 15 1 6 1 19 6 15 1 7 20 6 16 5 1 21 6 14 5 1 19 6 16 6 19 1 6 1 15 4 10 4 12 4 12 4 12 4 12 4 10 4 15 1 6 1 19 6 16 6 19 1 5 14 6 21 1 5 16 6 20 7 1 15 6 19 1 6 1 15 4 8 2 6 2 4 2 8 2 6 4 16 6 20 6 14 5 1 19 6 16 6 19
CS (110, 916) (254, 459) - 1 6 1 17 6 16 4 6 2 8 4 14 4 8 2 6 4 16 6 18 6 16 6 18 6 16 4 6 2 8 4 14 4 8 2 6 4 16 6 17 1 6 1 17 6 18 6 15 1 7 20 6 14 4 10 4 12 4 12 4 10 4 14 4 8 4 16 6 17 1 6 1 17 6 17 1 6 1 17 6 17 1 6 1 17 6 16 4 8 4 14 4 10 4 12 4 12 4 10 4 14 6 20 7 1 15 6 18 6 17
CS (126, 1076) (254, 22682) - 1 5 14 4 10 4 14 4 10 4 14 6 20 6 16 6 20 6 14 4 10 4 14 4 10 4 14 5 1 19 6 18 6 16 4 8 4 16 4 8 4 16 6 18 6 18 6 18 6 16 4 8 2 6 4 16 5 1 21 6 14 4 10 4 14 4 8 2 6 2 4 2 10 4 12 4 12 4 12 4 12 4 10 2 4 2 6 2 8 4 14 4 10 4 14 6 21 1 5 16 4 6 2 8 4 16 6 18 6 18 6 18 6 16 4 8 4 16 4 8 4 16 6 18 6 19
CS (128, 872) (254, 397) - 1 5 12 4 10 4 14 4 8 2 4 2 8 4 14 4 8 2 4 2 8 4 15 1 6 1 18 1 6 1 15 4 8 2 4 2 8 4 14 4 8 2 4 2 8 4 14 4 10 4 12 5 1 17 6 18 6 16 6 18 6 16 4 6 2 6 2 6 2 6 4 16 4 6 2 6 2 6 4 17 1 5 12 4 10 4 14 4 8 2 4 2 8 4 14 4 10 4 12 5 1 17 4 6 2 6 2 6 4 16 4 6 2 6 2 6 2 6 4 16 6 18 6 16 6 18 6 17
CS (128, 988) (254, 104) - 1 5 12 4 12 4 14 6 20 6 16 6 20 6 16 6 19 1 6 1 17 6 18 6 19 1 5 14 4 10 4 14 5 1 19 6 18 6 17 1 6 1 19 6 16 6 20 6 16 6 20 6 14 4 12 4 12 5 1 18 1 6 1 17 6 20 6 14 4 10 2 2 2 12 4 10 4 14 4 10 2 4 2 6 2 6 2 6 2 6 2 6 2 6 2 6 2 6 2 6 2 6 2 6 2 4 2 10 4 14 4 10 4 12 2 2 2 10 4 14 6 20 6 17 1 6 1 18
CS (140, 1008) (254, 170) - 1 5 12 4 12 4 12 2 2 2 8 2 4 2 10 4 12 4 12 4 12 4 12 4 12 4 12 4 12 4 10 2 4 2 8 2 2 2 12 4 12 4 12 5 1 18 1 6 1 17 6 20 6 14 4 10 2 4 2 6 2 8 4 15 1 7 21 1 5 14 4 10 2 2 2 12 4 10 4 14 4 12 5 1 19 6 17 1 6 1 19 6 16 6 19 1 6 1 17 6 19 1 5 12 4 14 4 10 4 12 2 2 2 10 4 14 5 1 21 7 1 15 4 8 2 6 2 4 2 10 4 14 6 20 6 17 1 6 1 18
OSO (37, 301) (255, 934) - 1 5 12 4 12 4 12 4 12 4 12 4 12 4 12 4 12 4 14 6 20 6 16 6 20 6 16 4 8 2 4 2 8 2 6 4 17
CS (96, 800) (255, 185) - 1 5 12 4 13 1 7 20 7 1 13 4 12 5 1 18 1 6 1 17 6 16 6 19 1 5 14 5 1 20 1 5 15 1 6 1 19 6 14 4 10 4 14 6 19 1 5 14 6 20 7 1 14 1 7 20 7 1 14 1 7 20 6 14 5 1 19 6 14 4 10 4 14 6 19 1 6 1 15 5 1 20 1 5 14 5 1 19 6 16 6 17 1 6 1 18
OSO (31, 231) (256, 12) - 1 5 12 4 10 4 14 4 8 2 4 2 8 4 15 1 6 1 19 6 14 4 8 2 6 4 16 6 18 6 17
OSO (33, 249) (256, 47) - 1 5 12 4 14 4 8 2 6 2 6 4 18 6 18 6 17 1 6 1 18 1 6 1 17 4 6 2 8 4 16 6 19
OSO (33, 319) (256, 1983) - 1 5 12 4 14 6 18 6 17 1 6 1 17 6 17 1 6 1 17 6 18 6 16 6 18 6 16 6 18 6 16 6 19
OSO (35, 297) (256, 20785) - 1 5 14 6 19 1 6 1 15 4 8 4 16 6 17 1 6 1 17 6 17 1 6 1 17 6 18 6 14 4 10 4 14 6 19
OSO (39, 305) (256, 187) - 1 5 12 4 12 4 10 4 14 5 1 20 1 5 14 5 1 20 1 5 15 1 6 1 19 6 15 1 6 1 19 6 16 6 17 1 6 1 18
CS (56, 476) (256, 88) - 1 5 14 4 10 4 14 4 10 4 14 4 10 4 14 4 10 4 14 4 10 4 14 4 10 4 14 5 1 19 6 18 6 16 4 10 4 12 4 14 5 1 20 1 5 14 4 12 4 10 4 16 6 18 6 19
CS (80, 588) (256, 48) - 1 5 10 2 4 2 8 4 16 6 18 4 6 2 6 2 6 4 18 6 17 1 5 10 2 4 2 8 4 16 6 18 6 18 6 18 6 16 4 8 2 4 2 10 5 1 17 6 18 4 6 2 6 2 6 4 18 6 16 4 8 2 4 2 10 5 1 17 6 18 4 6 2 6 2 6 4 18 6 17
CS (80, 716) (256, 3879) - 1 5 10 2 4 2 8 4 16 6 18 6 18 6 18 6 16 4 8 4 17 1 5 12 4 12 4 12 4 12 4 12 5 1 17 4 8 4 16 6 18 6 18 6 18 6 16 4 8 2 4 2 10 5 1 17 6 18 6 18 6 18 6 16 4 8 4 16 4 8 4 16 6 18 6 18 6 18 6 17
CS (84, 652) (256, 147) - 1 5 14 4 10 4 14 4 10 4 14 4 10 4 12 2 2 2 10 4 12 4 13 1 7 20 6 16 6 20 7 1 13 4 12 4 10 2 2 2 12 4 10 4 14 4 10 4 14 4 10 4 14 5 1 19 6 18 6 16 4 8 2 4 2 10 4 12 4 12 4 12 4 10 2 4 2 8 4 16 6 18 6 19
CS (84, 660) (256, 12) - 1 5 12 4 12 4 12 4 12 4 12 4 10 4 16 6 18 6 19 1 5 14 4 10 2 2 2 10 2 4 2 4 2 10 2 2 2 10 4 14 5 1 19 6 18 6 16 4 10 4 12 4 12 4 12 4 12 4 12 5 1 17 4 6 2 8 4 16 6 18 6 18 6 18 6 18 6 16 4 8 2 6 4 17
CS (94, 604) (256, 101) - 1 5 12 4 10 4 14 4 8 2 4 2 8 4 14 4 8 4 16 6 17 1 6 1 17 6 16 4 8 4 14 4 8 2 4 2 8 4 14 4 10 4 12 5 1 17 4 6 2 6 2 4 2 10 4 10 4 14 4 8 2 4 2 8 4 14 4 8 2 4 2 8 4 14 4 8 2 4 2 8 4 14 4 10 4 10 2 4 2 6 2 6 4 17
CS (96, 760) (256, 26) - 1 5 12 2 4 2 6 2 6 2 6 2 8 4 16 6 19 1 6 1 17 6 18 4 6 2 8 4 16 5 1 21 6 16 6 21 1 5 16 4 8 2 6 4 18 6 17 1 6 1 19 6 16 4 8 2 6 2 6 2 6 2 4 2 12 5 1 19 6 18 6 18 6 18 4 6 2 8 4 16 6 20 6 16 4 8 2 6 4 18 6 18 6 18 6 19
CS (96, 828) (256, 15120) - 1 5 12 4 10 2 4 2 8 4 16 6 18 6 18 6 17 1 6 1 17 6 19 1 5 14 5 1 19 6 17 1 6 1 17 6 18 6 18 6 16 4 8 2 4 2 10 4 12 5 1 17 6 19 1 5 14 5 1 19 6 16 4 8 4 16 6 20 6 14 4 10 4 14 4 10 4 14 6 20 6 16 4 8 4 16 6 19 1 5 14 5 1 19 6 17
CS (108, 824) (256, 3) - 1 5 15 1 7 21 1 5 16 6 18 6 19 1 6 1 16 1 6 1 19 6 16 4 8 2 6 4 17 1 6 1 17 4 6 2 8 4 16 6 19 1 6 1 16 1 6 1 19 6 18 6 16 5 1 21 7 1 15 5 1 20 1 6 1 16 1 6 1 19 6 16 4 8 2 4 2 10 4 12 4 12 4 12 4 12 4 12 4 12 4 10 2 4 2 8 4 16 6 19 1 6 1 16 1 6 1 20
CS (120, 960) (256, 57) - 1 5 12 4 14 5 1 20 1 5 14 4 10 4 15 1 6 1 19 6 17 1 6 1 17 4 8 4 16 6 19 1 6 1 16 1 6 1 19 6 16 4 8 4 17 1 6 1 17 6 19 1 6 1 15 4 10 4 14 5 1 20 1 5 14 4 12 5 1 18 1 6 1 17 6 20 6 14 4 10 2 2 2 12 4 10 4 16 6 18 6 19 1 5 14 5 1 19 6 18 6 16 4 10 4 12 2 2 2 10 4 14 6 20 6 17 1 6 1 18
OSO (39, 287) (257, 12) - 1 5 12 4 12 4 10 4 14 5 1 20 1 5 14 4 10 4 12 4 10 2 2 2 10 4 14 6 18 6 17 1 6 1 16 1 6 1 18
CS (78, 616) (257, 120) - 1 5 14 4 12 4 10 2 4 2 10 4 12 4 14 5 1 20 1 5 15 1 6 1 20 1 5 14 4 12 4 12 4 14 6 21 1 5 15 1 7 21 1 5 14 4 12 4 12 4 14 5 1 21 7 1 15 5 1 21 6 14 4 12 4 12 4 14 5 1 20 1 6 1 15 5 1 20
CS (118, 992) (257, 40501) - 1 5 12 4 12 4 10 4 14 6 19 1 6 1 15 5 1 20 1 5 14 5 1 19 6 16 6 18 6 16 6 18 6 16 6 19 1 5 14 5 1 20 1 5 15 1 6 1 19 6 14 4 10 4 12 4 12 5 1 18 1 6 1 17 6 16 4 6 2 8 4 14 6 20 7 1 15 6 18 6 17 1 6 1 17 6 17 1 6 1 17 6 17 1 6 1 17 6 18 6 15 1 7 20 6 14 4 8 2 6 4 16 6 17 1 6 1 18
CS (122, 1004) (257, 2370) - 1 5 14 4 10 4 14 4 10 4 12 4 14 5 1 20 1 6 1 15 6 20 6 15 1 6 1 20 1 5 14 4 12 4 10 4 14 4 10 4 14 5 1 19 6 18 6 16 5 1 20 1 5 14 5 1 19 6 16 5 1 20 1 6 1 15 5 1 20 1 5 14 4 10 4 14 5 1 19 6 17 1 6 1 17 6 19 1 5 14 4 10 4 14 5 1 20 1 5 15 1 6 1 20 1 5 16 6 19 1 5 14 5 1 20 1 5 16 6 18 6 19
OSO (37, 237) (258, 84914) - 1 5 12 4 10 2 4 2 6 2 6 4 16 4 6 2 6 2 6 4 17 1 5 12 4 12 5 1 18 1 5 12 4 12 5 1 18
CS (64, 460) (258, 1048) - 1 5 12 4 12 4 12 4 14 6 20 6 15 1 7 20 6 16 4 8 2 4 2 8 2 4 2 8 2 4 2 8 2 4 2 8 2 4 2 8 2 4 2 8 4 16 6 20 7 1 15 6 20 6 14 4 12 4 12 4 12 5 1 18
CS (76, 572) (258, 60745) - 1 5 12 4 12 4 10 2 4 2 6 2 6 2 6 2 6 2 6 2 6 2 4 2 10 4 12 4 12 5 1 17 6 19 1 5 14 5 1 19 6 16 6 20 6 14 5 1 18 1 6 1 17 6 17 1 6 1 18 1 5 14 6 20 6 16 6 19 1 5 14 5 1 19 6 17
CS (86, 632) (258, 103) - 1 5 14 4 10 2 2 2 12 4 12 2 2 2 10 4 14 5 1 19 6 18 4 6 2 8 4 16 4 8 2 6 4 18 6 19 1 5 14 4 10 2 4 2 8 4 17 1 6 1 17 6 20 6 17 1 6 1 17 4 8 2 4 2 10 4 14 5 1 19 6 18 4 6 2 8 4 16 4 8 2 6 4 18 6 19
CS (92, 796) (258, 151) - 1 5 12 5 1 17 6 18 6 14 4 10 4 12 4 12 4 10 4 12 4 12 4 10 4 14 6 18 6 17 1 5 12 5 1 17 6 18 6 15 1 7 20 6 14 4 8 2 6 4 16 6 17 1 6 1 17 6 16 6 19 1 5 14 5 1 19 6 16 6 17 1 6 1 17 6 16 4 6 2 8 4 14 6 20 7 1 15 6 18 6 17
CS (94, 676) (258, 434) - 1 5 12 2 2 2 10 4 12 4 12 4 10 2 4 2 6 2 6 2 6 2 6 2 6 2 4 2 10 4 12 4 12 4 10 2 4 2 6 2 6 2 6 2 6 2 6 2 4 2 10 4 12 4 12 4 10 2 2 2 12 5 1 19 6 16 6 18 6 18 6 18 6 16 6 20 7 1 14 1 7 20 6 16 6 18 6 18 6 18 6 16 6 19
CS (96, 724) (258, 18858) - 1 5 12 4 12 4 12 5 1 17 4 6 2 8 4 15 1 6 1 19 6 16 6 18 4 6 2 6 2 8 4 14 5 1 19 6 16 4 8 4 16 4 6 2 8 4 15 1 6 1 19 6 16 6 19 1 6 1 15 4 8 2 6 4 16 4 8 4 16 6 19 1 5 14 4 8 2 6 2 6 4 18 6 16 6 19 1 6 1 15 4 8 2 6 4 17
CS (104, 892) (258, 518) - 1 5 12 4 12 4 10 4 14 4 8 4 16 6 16 4 8 4 14 4 10 4 12 4 12 5 1 19 6 14 5 1 19 7 1 13 4 10 4 14 6 18 6 18 6 14 4 10 4 14 6 19 1 5 14 6 19 1 6 1 15 4 8 4 16 6 16 4 8 4 15 1 6 1 19 6 14 5 1 19 6 14 4 10 4 14 6 18 6 18 6 14 4 10 4 13 1 7 19 1 5 14 6 19
CS (112, 848) (258, 25) - 1 5 12 4 12 4 12 4 12 4 12 4 12 4 12 2 2 2 8 2 4 2 8 2 4 2 8 2 4 2 8 2 2 2 12 4 12 4 12 4 12 4 12 4 12 4 12 5 1 17 4 8 4 16 6 20 6 14 4 12 4 12 5 1 18 1 5 12 4 12 4 14 6 21 1 5 16 4 8 4 16 4 8 4 16 5 1 21 6 14 4 12 4 12 5 1 18 1 5 12 4 12 4 14 6 20 6 16 4 8 4 17
CS (112, 876) (258, 3006) - 1 5 14 4 8 2 6 2 4 2 8 4 16 6 18 6 16 6 18 6 18 6 16 6 18 6 16 4 8 2 4 2 6 2 8 4 14 5 1 19 6 17 1 6 1 17 6 16 4 8 2 4 2 8 4 14 4 10 4 12 4 12 4 10 4 14 5 1 19 6 17 1 6 1 17 6 17 1 6 1 17 6 19 1 5 14 4 10 4 12 4 12 4 10 4 14 4 8 2 4 2 8 4 16 6 17 1 6 1 17 6 19
CS (120, 804) (258, 46) - 1 5 14 5 1 19 6 18 6 18 6 17 1 6 1 19 6 16 4 8 4 18 6 16 5 1 20 1 6 1 15 4 10 4 14 4 8 2 6 2 6 2 6 2 6 2 6 2 6 2 6 2 6 2 6 2 6 2 4 2 10 2 2 2 10 2 4 2 6 2 6 2 6 2 6 2 6 2 6 2 6 2 6 2 6 2 6 2 8 4 14 4 10 4 15 1 6 1 20 1 5 16 6 18 4 8 4 16 6 19 1 6 1 17 6 18 6 18 6 19
CS (120, 916) (258, 71976) - 1 5 12 4 14 4 8 2 4 2 8 2 6 4 16 6 20 6 14 4 10 4 14 4 10 4 14 6 20 6 16 4 6 2 8 2 4 2 8 4 14 4 12 5 1 19 6 16 6 20 6 14 4 10 2 4 2 6 2 6 2 6 2 6 2 6 4 18 6 16 4 8 4 16 5 1 21 6 14 4 10 4 14 4 10 4 14 6 21 1 5 16 4 8 4 16 6 18 4 6 2 6 2 6 2 6 2 6 2 4 2 10 4 14 6 20 6 16 6 19
CS (76, 568) (259, 167) - 1 5 12 4 12 4 10 4 14 5 1 20 1 5 14 4 10 4 12 4 12 5 1 19 7 1 13 4 10 4 14 6 19 1 5 14 6 20 6 12 2 2 2 10 4 10 2 2 2 10 2 2 2 10 4 10 2 2 2 12 6 20 6 14 5 1 19 6 14 4 10 4 13 1 7 19
CS (76, 680) (259, 155) - 1 5 12 2 2 2 12 5 1 19 6 18 6 18 6 20 6 16 5 1 21 6 14 4 14 6 21 1 5 16 6 21 1 5 16 4 8 2 4 2 10 4 14 4 10 2 4 2 8 4 16 5 1 21 6 16 5 1 21 6 14 4 14 6 21 1 5 16 6 20 6 18 6 18 6 19
CS (116, 912) (259, 40) - 1 5 12 4 14 6 20 6 14 4 12 4 10 4 16 6 17 1 6 1 18 1 6 1 16 1 6 1 18 1 6 1 16 1 6 1 18 1 6 1 17 6 16 4 10 4 12 4 14 6 20 6 14 4 12 5 1 18 1 6 1 16 1 6 1 19 6 16 6 18 4 6 2 6 2 8 4 14 4 10 4 14 6 21 1 5 16 5 1 21 6 14 4 10 4 14 4 8 2 6 2 6 4 18 6 16 6 19 1 6 1 16 1 6 1 18
CS (136, 1292) (259, 179) - 1 5 12 4 14 6 20 6 16 5 1 21 6 14 4 12 5 1 19 6 16 6 20 6 16 6 19 1 6 1 17 6 18 6 17 1 6 1 19 6 16 5 1 21 6 14 4 10 4 16 6 18 6 17 1 6 1 19 6 16 4 8 4 16 4 8 4 16 6 19 1 6 1 17 6 18 6 16 4 10 4 14 6 21 1 5 16 6 19 1 6 1 17 6 18 6 17 1 6 1 19 6 16 6 20 6 16 6 19 1 5 12 4 14 6 21 1 5 16 6 20 6 14 4 12 5 1 19 6 16 6 20 6 16 6 19
OSO (33, 305) (260, 33781) - 1 5 10 2 4 2 8 4 16 6 18 6 18 6 18 6 16 4 8 4 16 4 8 4 16 6 18 6 18 6 18 6 17
OSO (35, 277) (260, 147) - 1 5 12 4 12 4 12 4 10 4 12 4 12 4 10 4 14 5 1 20 1 5 14 4 10 4 12 4 12 4 10 4 14 6 19
OSO (37, 217) (260, 35) - 1 5 12 4 14 4 10 4 14 4 10 2 2 2 12 4 10 2 4 2 8 2 4 2 8 2 4 2 8 2 6 4 17 1 6 1 18
OSO (37, 307) (260, 11) - 1 5 14 4 10 4 14 4 10 2 4 2 6 2 8 4 16 6 19 1 6 1 16 1 6 1 19 6 18 6 18 6 18 6 18 6 19
CS (86, 732) (260, 371) - 1 5 14 5 1 19 6 16 4 6 2 8 4 16 6 18 6 16 4 8 2 4 2 8 2 4 2 8 4 16 6 18 6 16 4 8 2 6 4 16 6 19 1 5 14 5 1 20 1 5 16 6 18 6 18 6 17 1 6 1 17 6 18 6 17 1 6 1 17 6 18 6 17 1 6 1 17 6 18 6 18 6 16 5 1 20
CS (96, 628) (260, 305) - 1 5 12 4 12 4 12 4 12 4 12 4 12 2 2 2 8 2 4 2 8 2 4 2 8 2 4 2 8 2 4 2 8 2 4 2 8 2 2 2 12 4 12 4 12 4 12 4 12 4 12 5 1 17 4 6 2 8 2 4 2 8 4 16 6 20 6 14 4 12 4 12 5 1 18 1 5 12 4 12 4 14 6 20 6 16 4 8 2 4 2 8 2 6 4 17
CS (100, 760) (260, 172) - 1 5 12 4 14 4 10 2 4 2 6 2 8 4 16 6 20 6 16 5 1 21 7 1 15 6 21 1 5 16 5 1 21 6 15 1 7 21 1 5 16 6 20 6 16 4 8 2 6 2 4 2 10 4 14 4 12 5 1 19 6 16 4 10 4 14 4 10 2 2 2 12 4 10 2 4 2 8 4 16 4 8 2 4 2 10 4 12 2 2 2 10 4 14 4 10 4 16 6 19
CS (116, 804) (260, 38) - 1 5 14 5 1 19 6 18 6 18 6 17 1 6 1 19 6 16 4 8 4 18 6 16 5 1 20 1 6 1 15 4 10 4 14 4 8 2 6 2 6 2 6 2 6 2 6 2 6 2 6 2 6 2 6 2 6 2 6 4 18 4 6 2 6 2 6 2 6 2 6 2 6 2 6 2 6 2 6 2 6 2 6 2 8 4 14 4 10 4 15 1 6 1 20 1 5 16 6 18 4 8 4 16 6 19 1 6 1 17 6 18 6 18 6 19
CS (120, 884) (260, 57969) - 1 5 12 4 12 4 12 5 1 19 6 14 4 8 2 6 4 16 6 17 1 6 1 17 6 16 4 6 2 8 4 14 6 20 7 1 15 6 18 6 17 1 6 1 15 4 8 2 4 2 8 4 14 4 8 2 4 2 8 4 14 4 8 2 4 2 8 4 14 4 8 2 4 2 8 4 14 4 8 2 4 2 8 4 15 1 6 1 17 6 18 6 15 1 7 20 6 14 4 8 2 6 4 16 6 17 1 6 1 17 6 16 4 6 2 8 4 14 6 19
CS (124, 828) (260, 174) - 1 5 14 4 10 2 4 2 6 2 6 2 6 2 6 2 6 2 4 2 10 4 14 5 1 19 6 18 6 17 1 6 1 17 6 18 4 6 2 6 2 6 2 6 2 6 2 6 2 4 2 10 4 14 5 1 19 6 18 6 17 1 6 1 17 6 18 4 6 2 6 2 6 2 6 2 6 2 6 2 6 4 18 6 17 1 6 1 17 6 18 6 19 1 5 14 4 10 2 4 2 6 2 6 2 6 2 6 2 6 2 6 4 18 6 17 1 6 1 17 6 18 6 19
CS (56, 372) (261, 25141) - 1 5 12 4 12 4 10 2 4 2 6 2 8 4 14 4 8 2 6 2 4 2 10 4 12 4 12 5 1 17 4 6 2 8 4 14 4 10 4 14 5 1 20 1 5 14 4 10 4 14 4 8 2 6 4 17
CS (182, 1628) (261, 333) - 1 5 14 5 1 19 6 18 6 17 1 6 1 19 6 16 6 21 1 5 16 6 20 6 16 6 20 6 16 6 20 6 16 5 1 21 6 16 6 19 1 6 1 17 6 18 6 19 1 5 14 5 1 19 6 18 6 18 6 17 1 6 1 19 6 16 4 8 2 6 4 18 6 16 5 1 20 1 6 1 16 1 6 1 19 6 16 4 10 4 12 4 14 6 21 1 5 16 6 20 7 1 13 4 12 4 12 4 12 4 12 4 12 4 12 4 12 4 12 4 12 4 12 4 12 4 12 4 12 4 12 4 13 1 7 20 6 16 5 1 21 6 14 4 12 4 10 4 16 6 19 1 6 1 16 1 6 1 20 1 5 16 6 18 4 6 2 8 4 16 6 19 1 6 1 17 6 18 6 18 6 19
OSO (27, 247) (262, 97) - 1 5 12 4 12 4 12 4 14 6 20 6 16 5 1 21 7 1 15 6 20 6 16 4 8 4 17
CS (64, 508) (262, 354) - 1 5 12 4 10 4 14 4 8 4 16 6 18 6 15 1 7 20 7 1 15 6 18 6 16 4 8 4 14 4 10 4 12 5 1 17 6 18 6 16 4 6 2 6 2 6 2 6 4 16 4 6 2 6 2 6 2 6 4 16 6 18 6 17
CS (72, 492) (262, 500) - 1 5 14 4 8 2 4 2 8 2 4 2 6 2 6 2 6 4 16 6 19 1 5 14 4 8 2 6 4 16 6 16 4 8 4 16 6 16 4 6 2 8 4 14 5 1 19 6 16 4 6 2 6 2 6 2 4 2 8 2 4 2 8 4 14 5 1 19 6 16 6 19
CS (88, 604) (262, 181) - 1 5 14 4 12 4 10 2 2 2 12 4 10 4 16 6 18 6 19 1 5 14 5 1 19 6 18 6 16 4 10 4 12 2 2 2 10 4 12 4 14 5 1 21 6 14 4 10 4 14 4 10 2 2 2 10 2 4 2 6 2 6 2 6 2 6 2 6 2 6 2 6 2 4 2 10 2 2 2 10 4 14 4 10 4 14 6 21
CS (88, 652) (262, 94) - 1 5 12 4 12 4 10 4 14 4 8 2 4 2 8 4 16 6 17 1 6 1 18 1 5 12 4 12 4 10 4 14 4 10 4 12 4 10 4 14 4 10 4 12 4 12 5 1 18 1 6 1 17 6 16 4 8 2 4 2 8 4 14 4 10 4 12 4 12 5 1 18 1 6 1 17 6 16 4 8 4 16 6 17 1 6 1 18
CS (94, 692) (262, 46377) - 1 5 14 4 8 2 6 2 6 2 6 4 17 1 6 1 17 6 18 6 18 6 17 1 6 1 17 6 18 6 18 6 17 1 6 1 17 4 6 2 6 2 6 2 8 4 14 5 1 19 6 18 6 16 6 19 1 6 1 15 4 10 4 12 2 2 2 8 2 4 2 8 2 4 2 8 2 2 2 12 4 10 4 15 1 6 1 19 6 16 6 18 6 19
CS (94, 868) (262, 197) - 1 5 12 2 2 2 10 4 12 4 12 4 10 2 2 2 12 5 1 19 6 15 1 7 20 6 16 6 19 1 6 1 15 6 20 6 14 4 12 5 1 19 6 16 6 18 6 18 6 18 6 16 6 20 7 1 14 1 7 20 6 16 6 18 6 18 6 18 6 16 6 19 1 5 12 4 14 6 20 6 15 1 6 1 19 6 16 6 20 7 1 15 6 19
CS (96, 684) (262, 136) - 1 5 14 4 10 4 14 4 10 4 14 4 10 2 2 2 10 2 2 2 10 2 2 2 10 4 14 4 10 4 14 4 10 4 14 5 1 20 1 5 15 1 6 1 20 1 5 14 4 12 4 10 2 4 2 6 2 8 4 16 6 18 6 19 1 5 14 5 1 19 6 18 6 16 4 8 2 6 2 4 2 10 4 12 4 14 5 1 20 1 6 1 15 5 1 20
CS (96, 740) (262, 18) - 1 5 12 4 12 4 10 4 14 6 19 1 5 14 6 20 7 1 15 6 18 6 16 6 19 1 5 14 4 8 2 4 2 8 2 4 2 6 2 6 2 4 2 8 2 4 2 8 4 14 5 1 19 6 16 6 18 6 15 1 7 20 6 14 5 1 19 6 14 4 10 4 12 4 12 5 1 18 1 6 1 15 4 8 4 16 6 16 4 8 4 15 1 6 1 18
CS (96, 832) (262, 93) - 1 5 14 4 8 2 6 4 16 6 16 4 8 4 15 1 6 1 18 1 6 1 15 4 8 4 15 1 6 1 18 1 6 1 15 4 8 4 16 6 16 4 6 2 8 4 14 5 1 19 6 16 6 18 6 16 6 18 6 16 6 18 6 15 1 7 20 7 1 14 1 7 20 7 1 14 1 7 20 7 1 15 6 18 6 16 6 18 6 16 6 18 6 16 6 19
CS (100, 804) (262, 131) - 1 5 14 4 10 4 15 1 6 1 19 6 16 4 8 2 6 2 4 2 10 4 12 4 14 6 21 1 5 16 4 8 4 16 4 8 4 16 4 8 4 16 4 8 4 16 4 8 4 16 5 1 21 6 14 4 12 4 10 2 4 2 6 2 8 4 16 6 19 1 6 1 15 4 10 4 14 5 1 19 6 18 6 18 6 17 1 6 1 18 1 6 1 17 6 18 6 18 6 19
CS (104, 716) (262, 14091) - 1 5 12 4 12 4 10 2 2 2 10 4 12 4 10 2 2 2 10 4 12 4 10 2 2 2 10 4 12 4 12 5 1 19 6 14 4 8 2 4 2 8 2 4 2 8 4 14 6 19 1 5 12 4 12 4 12 5 1 19 6 14 5 1 18 1 6 1 16 1 6 1 18 1 5 14 6 19 1 5 12 4 12 4 12 5 1 19 6 14 4 8 2 4 2 8 2 4 2 8 4 14 6 19
CS (104, 792) (262, 27387) - 1 5 12 2 2 2 10 4 14 6 20 6 15 1 7 20 6 16 4 8 4 16 6 20 7 1 15 6 20 6 14 4 10 2 2 2 12 5 1 19 6 16 6 20 7 1 13 4 12 4 10 2 4 2 6 2 6 2 8 4 14 5 1 19 6 16 4 8 2 4 2 8 2 4 2 8 4 16 6 19 1 5 14 4 8 2 6 2 6 2 4 2 10 4 12 4 13 1 7 20 6 16 6 19
CS (106, 908) (262, 102) - 1 5 14 5 1 19 6 16 5 1 20 1 5 14 5 1 19 6 17 1 6 1 17 6 18 6 18 6 16 4 10 4 12 4 12 4 12 4 10 4 16 6 18 6 18 6 17 1 6 1 17 6 19 1 5 14 5 1 20 1 5 16 6 19 1 5 14 5 1 19 6 17 1 6 1 17 6 18 4 6 2 6 4 18 6 17 1 6 1 17 6 18 4 6 2 6 4 18 6 17 1 6 1 17 6 19
CS (142, 992) (262, 80) - 1 5 12 4 12 4 12 4 12 5 1 17 4 8 4 16 6 18 6 18 6 18 6 16 5 1 20 1 5 14 4 10 4 14 5 1 20 1 5 15 1 6 1 20 1 5 16 6 18 4 6 2 6 2 6 2 6 2 6 2 6 2 6 2 4 2 10 4 12 2 2 2 8 2 4 2 8 2 4 2 8 2 2 2 12 4 10 2 4 2 6 2 6 2 6 2 6 2 6 2 6 2 6 4 18 6 16 5 1 20 1 6 1 15 5 1 20 1 5 14 4 10 4 14 5 1 20 1 5 16 6 18 6 18 6 18 6 16 4 8 4 17
CS (152, 1108) (262, 21084) - 1 5 12 2 2 2 10 4 10 4 14 4 8 2 4 2 8 4 14 4 8 4 16 6 17 1 6 1 17 6 16 4 6 2 8 4 14 6 19 1 5 12 4 12 4 12 5 1 19 6 14 4 8 2 6 4 16 6 17 1 6 1 17 6 16 4 8 4 14 4 8 2 4 2 8 4 14 4 10 4 10 2 2 2 12 5 1 19 6 15 1 6 1 19 6 14 4 8 2 4 2 8 2 4 2 6 2 6 2 6 4 16 6 18 6 16 6 18 6 16 6 18 6 16 6 18 6 16 4 6 2 6 2 6 2 4 2 8 2 4 2 8 4 14 6 19 1 6 1 15 6 19
CS (172, 1240) (262, 3759) - 1 5 12 4 12 4 10 2 2 2 10 4 12 4 10 2 2 2 10 4 12 4 10 2 2 2 10 4 12 4 10 2 2 2 10 4 12 4 10 2 2 2 10 4 12 4 10 2 2 2 10 4 12 4 12 5 1 19 6 14 4 8 2 6 4 16 6 17 1 6 1 17 6 16 4 6 2 8 4 14 6 19 1 5 12 4 12 4 12 5 1 19 6 14 5 1 18 1 6 1 16 1 6 1 18 1 5 14 6 19 1 5 12 4 12 4 12 5 1 19 6 14 5 1 18 1 6 1 16 1 6 1 18 1 5 14 6 19 1 5 12 4 12 4 12 5 1 19 6 14 4 8 2 6 4 16 6 17 1 6 1 17 6 16 4 6 2 8 4 14 6 19
OSO (35, 263) (263, 446) - 1 5 14 4 12 4 10 2 4 2 8 4 16 6 19 1 6 1 16 1 6 1 20 1 5 15 1 7 21 1 5 15 1 7 21
OSO (37, 257) (263, 249) - 1 5 12 2 2 2 10 4 10 2 4 2 6 2 6 2 6 2 6 4 17 1 6 1 17 6 16 4 8 4 16 6 18 6 16 6 19
CS (76, 528) (263, 140) - 1 5 12 4 14 4 8 2 6 2 6 2 6 2 6 2 6 2 6 2 6 2 6 2 6 2 6 2 6 2 8 4 14 4 12 5 1 19 6 16 4 10 4 14 5 1 21 7 1 15 4 10 4 14 5 1 20 1 5 14 4 10 4 15 1 7 21 1 5 14 4 10 4 16 6 19
CS (92, 724) (263, 13) - 1 5 12 4 14 4 8 2 6 2 6 4 18 6 17 1 6 1 18 1 6 1 17 6 18 4 6 2 6 2 8 4 14 4 12 5 1 19 6 16 4 8 2 6 4 17 1 6 1 17 4 6 2 8 4 16 6 20 7 1 15 6 20 6 16 6 20 6 15 1 7 20 6 16 4 8 2 6 4 17 1 6 1 17 4 6 2 8 4 16 6 19
CS (96, 812) (263, 51) - 1 5 14 4 10 4 16 6 19 1 6 1 17 6 18 6 20 6 16 6 21 1 5 16 4 8 4 18 6 17 1 6 1 19 6 16 4 8 2 6 2 4 2 10 2 2 2 10 2 4 2 6 2 8 4 16 6 19 1 6 1 17 6 18 4 8 4 16 5 1 21 6 16 6 20 6 18 6 17 1 6 1 19 6 16 4 10 4 14 5 1 19 6 18 6 19
CS (100, 812) (263, 3385) - 1 5 14 4 8 2 6 2 6 2 4 2 10 4 14 6 20 6 16 6 19 1 5 14 5 1 20 1 5 16 6 19 1 5 14 5 1 19 6 16 4 8 4 16 4 8 4 16 6 19 1 5 14 5 1 19 6 16 5 1 20 1 5 14 5 1 19 6 16 6 20 6 14 4 10 2 4 2 6 2 6 2 8 4 14 5 1 19 6 16 4 8 4 16 4 8 4 16 6 19
CS (112, 700) (263, 111905) - 1 5 10 2 4 2 6 2 6 2 6 2 4 2 8 2 4 2 6 2 6 2 6 2 4 2 8 2 4 2 6 2 6 2 6 2 4 2 10 5 1 17 6 18 6 14 4 10 4 13 1 7 19 1 5 12 2 2 2 8 2 2 2 12 5 1 19 6 14 5 1 19 7 1 13 4 10 4 13 1 7 19 1 5 14 6 19 1 5 12 2 2 2 8 2 2 2 12 5 1 19 7 1 13 4 10 4 14 6 18 6 17
OSO (31, 257) (264, 124) - 1 5 12 4 10 2 4 2 8 4 16 6 18 6 18 6 17 1 6 1 17 6 19 1 5 14 5 1 19 6 17
OSO (33, 271) (264, 176) - 1 5 12 4 14 6 20 6 16 6 19 1 6 1 15 4 8 2 6 4 17 1 6 1 17 6 18 6 17 1 6 1 18
CS (80, 636) (264, 98) - 1 5 14 4 10 4 14 4 10 4 14 5 1 19 6 18 6 18 6 16 4 8 2 6 4 18 6 16 5 1 21 6 14 4 10 4 14 4 10 2 2 2 10 2 2 2 10 2 2 2 10 2 2 2 10 4 14 4 10 4 14 6 21 1 5 16 6 18 4 6 2 8 4 16 6 18 6 18 6 19
CS (84, 628) (264, 111) - 1 5 12 4 14 5 1 19 6 19 1 5 14 4 10 2 4 2 8 4 17 1 5 12 4 14 5 1 19 6 19 1 5 14 4 12 5 1 17 4 8 2 4 2 10 4 14 5 1 19 6 19 1 5 14 4 12 5 1 17 4 8 2 4 2 10 4 14 5 1 19 6 19 1 5 14 4 10 2 4 2 8 4 17
CS (96, 772) (264, 57) - 1 5 14 5 1 19 6 18 6 16 5 1 20 1 6 1 16 1 6 1 19 6 16 4 8 2 4 2 8 2 4 2 8 2 4 2 8 2 4 2 8 4 16 6 19 1 6 1 16 1 6 1 20 1 5 16 6 18 6 19 1 5 14 5 1 19 6 18 6 17 1 6 1 19 6 15 1 7 20 6 16 6 20 7 1 15 6 19 1 6 1 17 6 18 6 19
CS (104, 828) (264, 516) - 1 5 12 4 10 2 4 2 8 4 16 6 18 6 18 6 17 1 6 1 17 6 19 1 5 14 5 1 19 6 17 1 6 1 17 6 18 6 18 6 16 4 8 2 4 2 10 4 12 5 1 17 6 19 1 5 14 5 1 19 6 16 4 8 2 4 2 8 2 4 2 8 4 16 6 18 6 18 6 18 6 16 4 8 2 4 2 8 2 4 2 8 4 16 6 19 1 5 14 5 1 19 6 17
CS (104, 828) (264, 170) - 1 5 12 4 12 4 10 4 14 5 1 20 1 5 14 5 1 20 1 5 14 4 10 4 12 4 12 5 1 19 6 14 4 10 4 12 4 10 2 4 2 4 2 10 4 12 4 10 4 14 5 1 20 1 5 14 5 1 19 6 16 6 18 6 16 6 18 6 16 6 18 6 16 6 19 1 5 14 5 1 20 1 5 14 4 10 4 12 4 10 2 4 2 4 2 10 4 12 4 10 4 14 6 19
CS (120, 1040) (264, 2002) - 1 5 12 4 14 5 1 20 1 6 1 15 4 10 4 14 5 1 20 1 5 14 4 10 4 14 4 10 4 14 4 10 4 14 4 10 4 14 5 1 20 1 5 14 4 10 4 15 1 6 1 20 1 5 14 4 12 5 1 19 6 16 5 1 21 7 1 15 6 21 1 5 16 6 20 6 16 6 19 1 6 1 17 6 18 6 19 1 5 14 5 1 19 6 18 6 17 1 6 1 19 6 16 6 20 6 16 5 1 21 6 15 1 7 21 1 5 16 6 19
CS (126, 1076) (264, 247) - 1 5 12 4 12 4 12 4 12 4 12 4 12 4 12 4 12 5 1 17 4 8 4 16 6 20 6 14 4 12 4 12 5 1 18 1 6 1 17 6 20 7 1 15 6 20 6 16 4 8 4 16 4 8 4 17 1 5 12 4 12 4 12 4 12 4 12 4 12 4 14 6 20 6 14 4 12 4 12 4 12 4 12 4 12 4 12 5 1 17 4 8 4 16 4 8 4 16 6 20 6 15 1 7 20 6 17 1 6 1 18 1 5 12 4 12 4 14 6 20 6 16 4 8 4 17
OSO (23, 169) (265, 12) - 1 5 14 4 12 4 10 4 16 6 18 4 6 2 6 2 8 4 15 1 6 1 20
OSO (27, 185) (265, 36) - 1 5 14 4 12 4 10 2 4 2 6 2 8 4 16 6 18 4 6 2 8 4 15 1 6 1 20
CS (108, 844) (265, 421) - 1 5 12 4 12 4 12 4 10 2 4 2 8 4 14 4 10 2 4 2 6 2 4 2 10 4 14 4 8 2 4 2 10 4 12 4 12 4 12 5 1 17 4 6 2 8 4 16 6 18 6 18 6 16 4 10 4 12 4 12 4 12 4 12 5 1 17 4 8 4 16 6 18 6 18 6 18 6 16 4 8 4 17 1 5 12 4 12 4 12 4 12 4 10 4 16 6 18 6 18 6 16 4 8 2 6 4 17
CS (108, 848) (265, 61) - 1 5 12 4 12 4 12 4 12 4 12 4 12 4 12 4 12 2 2 2 8 2 4 2 8 2 2 2 12 4 12 4 12 4 12 4 12 4 12 4 12 4 12 5 1 17 4 8 4 16 6 20 6 14 4 12 4 12 5 1 18 1 5 12 4 12 4 14 6 21 1 5 16 4 8 4 16 4 8 4 16 5 1 21 6 14 4 12 4 12 5 1 18 1 5 12 4 12 4 14 6 20 6 16 4 8 4 17
OSO (33, 167) (266, 212) - 1 5 12 4 10 2 4 2 6 2 4 2 10 4 10 2 2 2 10 2 2 2 10 4 10 2 4 2 6 2 6 4 17
CS (88, 604) (266, 66) - 1 5 12 4 12 4 14 4 8 2 6 2 6 2 6 2 6 2 8 4 16 6 19 1 5 12 4 14 4 10 4 16 6 18 4 6 2 8 2 4 2 8 2 4 2 8 2 6 4 18 6 16 4 10 4 14 4 12 5 1 19 6 16 4 8 2 6 2 6 2 6 2 6 2 8 4 14 4 12 4 12 5 1 17 4 8 4 17
CS (88, 656) (266, 68) - 1 5 12 4 12 4 12 4 12 4 12 5 1 18 1 6 1 17 6 17 1 6 1 18 1 5 12 4 14 6 19 1 6 1 16 1 6 1 18 1 5 12 4 12 4 12 4 12 5 1 18 1 5 12 4 12 4 12 4 12 5 1 18 1 6 1 16 1 6 1 19 6 14 4 12 5 1 18 1 6 1 17 6 17 1 6 1 18
CS (88, 716) (266, 96) - 1 5 12 2 2 2 10 4 12 5 1 17 4 6 2 8 4 14 5 1 20 1 5 14 4 8 2 6 4 17 1 5 12 4 10 2 2 2 12 5 1 19 6 16 6 18 6 18 6 15 1 7 20 6 14 4 10 4 14 6 19 1 6 1 16 1 6 1 19 6 14 4 10 4 14 6 20 7 1 15 6 18 6 18 6 16 6 19
CS (92, 728) (266, 58) - 1 5 12 2 2 2 12 5 1 20 1 5 14 4 12 4 10 4 16 6 20 7 1 15 6 20 6 16 4 8 2 4 2 10 4 12 4 14 5 1 21 7 1 15 5 1 20 1 6 1 16 1 6 1 20 1 5 15 1 7 21 1 5 14 4 12 4 10 2 4 2 8 4 16 6 20 6 15 1 7 20 6 16 4 10 4 12 4 14 5 1 20
CS (106, 836) (266, 29) - 1 5 14 4 12 4 10 2 4 2 8 4 16 4 8 4 17 1 6 1 17 4 8 4 16 4 8 4 17 1 6 1 17 4 8 4 16 4 8 4 17 1 6 1 17 4 8 4 16 4 8 2 4 2 10 4 12 4 14 5 1 20 1 6 1 15 4 10 4 14 4 10 4 16 6 18 6 20 6 14 4 12 4 12 4 12 4 14 6 20 6 18 6 16 4 10 4 14 4 10 4 15 1 6 1 20
CS (108, 780) (266, 46) - 1 5 12 4 12 2 2 2 8 2 6 4 17 1 6 1 17 4 6 2 8 4 16 6 19 1 5 12 4 14 5 1 20 1 5 14 4 10 4 14 4 10 4 14 4 10 4 14 4 10 4 14 5 1 20 1 5 14 4 12 5 1 19 6 16 4 8 2 6 4 17 1 6 1 17 4 6 2 8 2 2 2 12 4 12 5 1 18 1 6 1 17 6 19 1 6 1 16 1 6 1 19 6 17 1 6 1 18
CS (120, 804) (266, 104) - 1 5 14 5 1 19 6 18 6 18 6 17 1 6 1 19 6 16 4 8 4 18 6 16 5 1 20 1 6 1 15 4 10 4 14 4 8 2 6 2 6 2 6 2 6 2 6 2 6 2 6 2 6 2 6 2 6 2 6 2 4 2 10 2 4 2 6 2 6 2 6 2 6 2 6 2 6 2 6 2 6 2 6 2 6 2 6 2 8 4 14 4 10 4 15 1 6 1 20 1 5 16 6 18 4 8 4 16 6 19 1 6 1 17 6 18 6 18 6 19
CS (136, 1172) (266, 23) - 1 5 12 4 12 4 12 5 1 19 6 14 4 8 2 6 4 16 6 17 1 6 1 17 6 16 4 6 2 8 4 14 6 19 1 5 12 4 13 1 7 20 7 1 15 6 18 6 16 6 18 6 16 6 18 6 16 6 18 6 16 6 18 6 16 6 18 6 15 1 7 20 7 1 13 4 12 5 1 19 6 14 4 8 2 6 4 16 6 17 1 6 1 17 6 16 4 6 2 8 4 14 6 19 1 5 12 4 12 4 12 5 1 19 6 14 5 1 18 1 6 1 17 6 16 6 17 1 6 1 18 1 5 14 6 19
CS (74, 604) (267, 138) - 1 5 16 6 20 6 16 6 20 6 16 4 8 4 17 1 6 1 17 4 8 4 16 6 20 6 16 6 20 6 16 5 1 21 6 14 4 12 4 12 4 10 2 4 2 8 2 4 2 8 4 16 4 8 4 16 4 8 2 4 2 8 2 4 2 10 4 12 4 12 4 14 6 21
CS (86, 784) (267, 20) - 1 5 12 4 12 4 14 6 20 6 15 1 7 20 6 16 6 20 6 16 6 19 1 5 12 4 14 5 1 21 6 14 5 1 19 6 17 1 6 1 18 1 6 1 17 6 19 1 5 14 6 21 1 5 14 4 12 5 1 19 6 16 6 20 6 16 6 20 7 1 15 6 20 6 14 4 12 4 12 5 1 18 1 6 1 18
CS (100, 924) (267, 4304) - 1 5 12 4 10 4 14 5 1 19 6 16 6 18 6 16 6 18 6 16 6 18 6 16 6 18 6 16 6 18 6 16 6 19 1 5 14 4 10 4 12 5 1 17 6 18 6 15 1 7 20 6 14 4 8 2 6 4 16 6 17 1 6 1 17 6 16 6 19 1 5 14 5 1 19 6 16 6 17 1 6 1 17 6 16 4 6 2 8 4 14 6 20 7 1 15 6 18 6 17
CS (112, 836) (267, 147) - 1 5 12 2 2 2 8 2 4 2 8 4 16 6 16 4 8 2 4 2 8 4 16 6 16 4 8 2 4 2 8 2 2 2 12 5 1 19 6 14 4 10 2 4 2 4 2 10 4 12 4 12 4 10 2 2 2 10 4 14 6 20 6 14 5 1 19 6 16 6 18 6 18 6 16 6 18 6 18 6 16 6 19 1 5 14 6 20 6 14 4 10 2 2 2 10 4 12 4 12 4 10 2 4 2 4 2 10 4 14 6 19
CS (140, 1116) (267, 3837) - 1 5 12 4 12 4 12 4 12 4 12 5 1 17 4 8 4 16 6 20 6 14 4 12 4 10 4 16 6 19 1 5 14 5 1 20 1 6 1 15 5 1 20 1 5 14 5 1 20 1 5 14 4 12 5 1 19 6 16 4 8 2 4 2 10 4 12 4 12 4 12 4 12 4 12 4 12 4 12 4 12 4 12 4 12 4 12 4 10 2 4 2 8 4 16 6 19 1 5 12 4 14 5 1 20 1 5 14 5 1 20 1 5 15 1 6 1 20 1 5 14 5 1 19 6 16 4 10 4 12 4 14 6 20 6 16 4 8 4 17
CS (140, 1144) (267, 438) - 1 5 14 4 10 4 14 4 10 4 14 4 10 4 14 5 1 19 6 18 6 18 6 17 1 6 1 19 6 16 6 20 6 16 5 1 21 6 15 1 7 20 6 18 6 16 5 1 21 7 1 15 5 1 21 6 14 4 10 4 14 4 10 2 4 2 6 2 6 2 6 2 6 2 6 2 6 2 6 2 6 2 6 2 6 2 6 2 6 2 6 2 4 2 10 4 14 4 10 4 14 6 21 1 5 15 1 7 21 1 5 16 6 18 6 20 7 1 15 6 21 1 5 16 6 20 6 16 6 19 1 6 1 17 6 18 6 18 6 19
OSO (37, 287) (268, 227) - 1 5 12 4 12 2 2 2 10 4 12 4 12 4 12 4 12 4 12 4 12 4 12 4 12 5 1 17 6 20 6 14 4 12 5 1 18
CS (76, 564) (268, 659) - 1 5 12 4 14 4 8 2 6 2 4 2 10 4 14 6 20 6 17 1 6 1 17 6 20 6 14 4 10 2 4 2 6 2 8 4 14 4 12 5 1 19 6 16 4 8 2 4 2 10 4 12 4 12 4 12 4 12 4 12 4 12 4 12 4 12 4 10 2 4 2 8 4 16 6 19
CS (76, 564) (268, 146) - 1 5 12 4 14 4 8 2 6 2 4 2 10 4 14 6 20 6 17 1 5 12 5 1 17 6 20 6 14 4 10 2 4 2 6 2 8 4 14 4 12 5 1 19 6 16 4 8 2 4 2 10 4 12 4 12 4 12 4 12 4 12 4 12 4 12 4 10 2 4 2 8 4 16 6 19
CS (76, 684) (268, 303) - 1 5 12 4 14 6 20 6 16 4 8 2 4 2 8 2 6 4 16 4 8 4 16 4 8 4 16 4 6 2 8 2 4 2 8 4 16 6 20 6 14 4 12 5 1 19 6 16 6 20 6 16 6 20 6 16 6 20 7 1 14 1 7 20 6 16 6 20 6 16 6 20 6 16 6 19
CS (78, 628) (268, 95) - 1 5 14 6 20 6 12 2 2 2 10 4 10 4 14 4 10 4 10 4 14 4 10 4 10 2 2 2 12 6 20 6 14 5 1 19 6 16 6 16 4 8 4 15 1 6 1 19 7 1 14 1 7 20 7 1 14 1 7 20 7 1 14 1 7 19 1 6 1 15 4 8 4 16 6 16 6 19
CS (82, 640) (268, 37) - 1 5 12 4 12 4 12 4 12 4 12 4 12 4 12 4 12 4 12 4 12 4 12 4 12 5 1 17 4 8 4 16 4 6 2 8 2 4 2 8 4 16 6 20 6 15 1 7 20 6 17 1 6 1 18 1 6 1 17 6 20 7 1 15 6 20 6 16 4 8 2 4 2 8 2 6 4 16 4 8 4 17
CS (84, 588) (268, 36) - 1 5 10 2 4 2 8 4 16 6 18 4 6 2 6 2 6 4 18 6 16 4 8 2 4 2 10 5 1 17 6 18 4 6 2 6 2 6 4 18 6 16 4 8 2 4 2 10 5 1 17 6 18 4 6 2 6 2 6 4 18 6 17 1 5 10 2 4 2 8 4 16 6 18 4 6 2 6 2 6 4 18 6 17
CS (96, 752) (268, 92634) - 1 5 14 6 19 1 6 1 15 4 8 2 4 2 8 4 14 4 8 2 4 2 8 4 15 1 6 1 19 7 1 14 1 7 19 1 6 1 15 4 8 2 4 2 8 4 14 4 8 2 4 2 8 4 15 1 6 1 19 6 14 5 1 19 6 16 6 17 1 6 1 17 6 18 6 16 6 18 6 16 6 18 6 16 6 18 6 17 1 6 1 17 6 16 6 19
CS (100, 680) (268, 32) - 1 5 12 4 10 4 14 4 8 2 4 2 8 4 14 4 8 2 4 2 8 4 15 1 6 1 19 7 1 15 6 18 6 16 6 18 6 16 4 6 2 6 2 6 2 6 2 4 2 8 2 4 2 6 2 6 2 6 2 6 4 16 6 18 6 16 6 18 6 15 1 7 19 1 6 1 15 4 8 2 4 2 8 4 14 4 8 2 4 2 8 4 14 4 10 4 12 5 1 18
CS (108, 908) (268, 481) - 1 5 14 4 10 4 14 6 20 6 16 6 18 6 18 6 16 4 8 4 16 6 19 1 5 14 5 1 19 6 16 4 8 4 16 6 18 6 18 6 16 6 20 6 14 4 10 4 14 5 1 19 6 16 4 8 2 4 2 8 4 16 6 18 6 16 4 8 2 4 2 8 2 4 2 8 4 16 6 18 6 16 4 8 2 4 2 8 2 4 2 8 4 16 6 18 6 16 4 8 2 4 2 8 4 16 6 19
CS (108, 928) (268, 97) - 1 5 10 2 4 2 8 4 16 6 18 6 18 6 18 6 16 4 8 4 17 1 5 12 4 12 4 12 4 12 4 12 5 1 18 1 5 12 4 12 4 12 4 12 4 12 5 1 17 4 8 4 16 6 18 6 18 6 18 6 16 4 8 2 4 2 10 5 1 17 6 18 6 18 6 18 6 16 4 8 4 17 1 5 12 4 12 4 12 4 12 4 12 5 1 17 4 8 4 16 6 18 6 18 6 18 6 17
CS (112, 932) (268, 219) - 1 5 12 4 14 6 20 6 16 6 18 6 19 1 5 14 4 10 4 14 5 1 19 6 17 1 6 1 17 6 19 1 5 14 4 10 4 14 5 1 19 6 17 1 6 1 17 6 19 1 5 14 4 10 4 14 5 1 19 6 18 6 16 6 20 6 14 4 12 5 1 18 1 6 1 16 1 6 1 19 6 16 6 18 4 6 2 6 2 8 4 14 4 8 2 6 2 6 4 18 6 16 6 19 1 6 1 16 1 6 1 18
CS (122, 1100) (268, 61577) - 1 5 10 4 15 1 6 1 17 6 18 6 15 1 6 1 19 6 14 4 10 4 12 4 10 4 14 5 1 19 6 16 6 18 6 16 6 18 6 16 6 18 6 16 6 18 6 16 6 18 6 16 6 18 6 16 6 19 1 5 14 4 10 4 12 4 10 4 14 6 19 1 6 1 15 6 18 6 17 1 6 1 15 4 10 5 1 17 6 16 6 19 1 5 14 5 1 20 1 5 16 6 17 1 6 1 17 6 16 5 1 20 1 5 14 5 1 19 6 16 6 17
OSO (25, 193) (269, 16) - 1 5 12 4 14 4 10 4 14 4 10 2 4 2 8 4 16 6 20 6 17 1 6 1 18
OSO (51, 351) (269, 27) - 1 5 12 2 2 2 10 2 2 2 12 5 1 18 1 6 1 17 4 8 4 17 1 6 1 17 4 8 4 17 1 6 1 17 6 21 1 5 17 1 6 1 17 4 8 4 17 1 6 1 18
CS (76, 584) (269, 111) - 1 5 14 4 10 2 4 2 8 4 16 4 8 2 4 2 10 4 14 5 1 20 1 5 15 1 6 1 20 1 5 14 4 12 4 12 4 14 5 1 21 7 1 15 6 21 1 5 16 5 1 21 6 15 1 7 21 1 5 14 4 12 4 12 4 14 5 1 20 1 6 1 15 5 1 20
CS (96, 732) (269, 354) - 1 5 14 5 1 19 6 16 6 17 1 6 1 17 6 16 4 6 2 8 4 14 6 20 7 1 15 6 18 6 17 1 6 1 15 4 8 2 4 2 8 4 14 4 8 2 4 2 8 4 14 4 8 2 4 2 8 4 14 4 8 2 4 2 8 4 15 1 6 1 17 6 18 6 15 1 7 20 6 14 4 8 2 6 4 16 6 17 1 6 1 17 6 16 6 19
CS (100, 868) (269, 2406) - 1 5 16 6 18 6 19 1 6 1 17 6 17 1 6 1 19 6 17 1 6 1 19 6 15 1 7 20 6 16 6 20 6 16 4 8 4 16 6 20 6 16 6 20 7 1 15 6 19 1 6 1 17 6 19 1 6 1 17 6 17 1 6 1 19 6 18 6 16 5 1 20 1 6 1 16 1 6 1 19 6 17 1 6 1 18 1 6 1 17 6 19 1 6 1 16 1 6 1 20
CS (138, 1068) (269, 351) - 1 5 14 4 12 4 12 4 12 4 12 4 14 5 1 21 7 1 15 5 1 20 1 6 1 15 4 8 2 6 2 6 2 6 2 6 2 8 4 15 1 6 1 20 1 5 16 6 19 1 6 1 17 6 19 1 5 14 5 1 20 1 5 16 6 20 6 16 5 1 21 6 14 4 12 4 12 4 12 4 14 6 21 1 5 16 6 20 6 16 5 1 20 1 5 14 5 1 19 6 17 1 6 1 19 6 16 5 1 20 1 6 1 15 4 8 2 6 2 6 2 6 2 6 2 8 4 15 1 6 1 20 1 5 15 1 7 21
CS (156, 1260) (269, 100) - 1 5 12 2 2 2 10 2 2 2 10 2 4 2 6 2 8 4 16 6 19 1 6 1 17 6 19 1 5 14 5 1 19 6 18 6 19 1 5 14 4 10 4 16 6 20 6 16 6 21 1 5 16 5 1 21 6 16 6 20 6 16 4 10 4 14 5 1 19 6 18 6 19 1 5 14 5 1 19 6 17 1 6 1 19 6 16 4 8 2 6 2 4 2 10 2 2 2 10 2 2 2 12 5 1 19 6 16 4 10 4 14 4 10 4 16 6 19 1 5 14 5 1 20 1 5 14 4 12 4 12 4 12 4 14 5 1 20 1 5 14 5 1 19 6 16 4 10 4 14 4 10 4 16 6 19
CS (78, 512) (270, 8120) - 1 5 10 2 4 2 6 2 6 2 6 4 17 1 5 12 4 12 5 1 18 1 6 1 15 4 8 2 4 2 8 4 15 1 6 1 18 1 5 12 4 12 5 1 17 4 6 2 6 2 6 2 4 2 10 5 1 17 6 17 1 6 1 17 6 17 1 6 1 17 6 17 1 6 1 17 6 17
CS (80, 548) (270, 178) - 1 5 12 4 10 4 14 4 8 2 2 2 12 4 10 4 12 2 2 2 8 4 14 4 10 4 12 5 1 17 4 6 2 6 2 4 2 10 4 10 2 2 2 12 6 20 6 14 5 1 19 6 14 4 10 4 14 6 19 1 5 14 6 20 6 12 2 2 2 10 4 10 2 4 2 6 2 6 4 17
CS (84, 732) (270, 210) - 1 5 14 6 20 6 14 6 20 6 14 5 1 19 6 16 6 17 1 6 1 17 6 16 4 6 2 8 4 14 6 20 7 1 15 6 18 6 17 1 6 1 15 4 10 4 10 4 14 4 10 4 10 4 15 1 6 1 17 6 18 6 15 1 7 20 6 14 4 8 2 6 4 16 6 17 1 6 1 17 6 16 6 19
CS (92, 740) (270, 56) - 1 5 12 4 14 5 1 20 1 5 14 4 10 4 14 4 10 4 14 5 1 20 1 5 14 4 12 5 1 19 6 16 6 20 6 14 4 10 2 4 2 6 2 6 2 8 4 14 5 1 19 6 17 1 6 1 17 6 18 6 18 6 18 6 17 1 6 1 17 6 19 1 5 14 4 8 2 6 2 6 2 4 2 10 4 14 6 20 6 16 6 19
CS (96, 872) (270, 89) - 1 5 14 4 10 4 14 4 10 4 14 5 1 19 6 18 6 17 1 6 1 19 6 16 6 20 6 16 6 20 6 15 1 7 20 6 17 1 6 1 17 4 6 2 8 4 16 6 19 1 6 1 17 6 18 6 17 1 6 1 19 6 16 4 8 2 6 4 17 1 6 1 17 6 20 7 1 15 6 20 6 16 6 20 6 16 6 19 1 6 1 17 6 18 6 19
CS (100, 828) (270, 52) - 1 5 12 2 2 2 8 2 2 2 12 4 8 2 6 4 16 6 18 6 16 6 18 6 16 6 19 1 5 14 5 1 19 6 16 6 18 6 16 6 18 6 16 4 6 2 8 4 12 2 2 2 8 2 2 2 12 5 1 19 6 14 4 10 4 12 4 12 4 10 4 14 6 18 6 18 6 14 4 10 4 14 6 18 6 18 6 14 4 10 4 12 4 12 4 10 4 14 6 19
CS (100, 848) (270, 1) - 1 5 12 4 12 4 12 4 12 4 12 4 12 4 12 4 14 6 20 6 14 4 12 4 12 4 12 4 12 4 12 4 12 4 12 5 1 17 4 8 4 16 6 20 6 14 4 12 4 12 5 1 18 1 5 12 4 12 4 14 6 21 1 5 16 4 8 4 16 4 8 4 16 5 1 21 6 14 4 12 4 12 5 1 18 1 5 12 4 12 4 14 6 20 6 16 4 8 4 17
CS (108, 852) (270, 9) - 1 5 12 2 2 2 10 4 12 4 12 4 12 4 12 4 10 2 4 2 6 2 8 4 14 4 10 4 14 6 21 1 5 16 4 6 2 8 4 16 6 18 6 18 6 18 6 16 4 8 4 16 4 8 4 16 6 18 6 18 6 18 6 16 4 8 2 6 4 16 5 1 21 6 14 4 10 4 14 4 8 2 6 2 4 2 10 4 12 4 12 4 12 4 12 4 10 2 2 2 12 5 1 19 6 16 6 19
CS (108, 888) (270, 131) - 1 5 12 4 14 5 1 20 1 5 14 5 1 19 6 17 1 6 1 19 6 16 4 10 4 14 5 1 20 1 5 14 5 1 19 6 16 4 10 4 14 4 10 4 14 4 10 4 16 6 19 1 5 14 5 1 20 1 5 14 4 10 4 16 6 19 1 6 1 17 6 19 1 5 14 5 1 20 1 5 14 4 12 5 1 19 6 16 5 1 20 1 6 1 15 4 10 4 15 1 6 1 20 1 5 16 6 19
CS (136, 1124) (270, 350) - 1 5 14 4 10 4 14 4 10 4 14 4 10 4 14 4 10 4 14 5 1 19 6 18 6 18 6 18 6 17 1 6 1 19 6 16 6 20 6 16 4 8 4 16 4 8 4 16 5 1 21 6 16 6 19 1 6 1 17 6 18 6 18 4 6 2 6 2 6 2 6 2 6 2 6 2 6 2 6 2 6 2 6 2 6 2 6 2 6 2 6 2 6 4 18 6 18 6 17 1 6 1 19 6 16 6 21 1 5 16 4 8 4 16 4 8 4 16 6 20 6 16 6 19 1 6 1 17 6 18 6 18 6 18 6 19
CS (200, 1684) (270, 1888) - 1 5 10 4 15 1 6 1 17 6 18 6 15 1 7 20 6 14 4 8 2 6 4 16 6 17 1 6 1 17 6 16 6 19 1 5 14 5 1 19 6 16 6 17 1 6 1 17 6 16 6 19 1 5 14 6 20 6 14 6 20 6 14 6 20 6 14 5 1 19 6 16 6 17 1 6 1 17 6 16 6 19 1 5 14 5 1 19 6 16 6 17 1 6 1 17 6 16 4 6 2 8 4 14 6 20 7 1 15 6 18 6 17 1 6 1 15 4 10 5 1 17 6 16 6 19 1 5 14 6 20 7 1 14 1 7 19 1 6 1 15 4 8 4 15 1 6 1 18 1 6 1 15 4 8 4 15 1 6 1 18 1 6 1 15 4 8 4 15 1 6 1 18 1 6 1 15 4 8 4 15 1 6 1 19 7 1 14 1 7 20 6 14 5 1 19 6 16 6 17
CS (76, 684) (271, 10) - 1 5 12 4 14 6 20 6 16 4 8 2 4 2 8 2 4 2 10 4 12 4 10 2 4 2 8 2 4 2 8 4 16 6 20 6 14 4 12 5 1 19 6 16 6 20 6 16 6 20 6 16 6 20 7 1 15 6 20 6 15 1 7 20 6 16 6 20 6 16 6 20 6 16 6 19
CS (116, 936) (271, 264) - 1 5 12 4 12 4 10 4 14 4 8 2 4 2 8 2 4 2 8 4 14 4 8 2 4 2 8 2 4 2 8 4 14 4 10 4 12 4 12 5 1 18 1 6 1 17 6 16 5 1 20 1 5 14 6 20 6 14 4 10 4 14 5 1 20 1 5 14 6 20 6 15 1 7 20 6 16 6 18 6 16 6 20 7 1 15 6 20 6 14 5 1 20 1 5 14 4 10 4 14 6 20 6 14 5 1 20 1 5 16 6 17 1 6 1 18
OSO (29, 221) (272, 951) - 1 5 12 2 2 2 10 4 14 4 10 4 14 5 1 20 1 5 16 6 18 4 6 2 8 4 16 6 19
OSO (31, 207) (272, 24) - 1 5 14 4 10 2 4 2 6 2 6 2 6 2 6 2 6 2 6 4 18 6 17 1 6 1 17 6 18 6 19
OSO (37, 305) (272, 79) - 1 5 14 4 10 2 2 2 12 4 10 4 16 6 19 1 6 1 17 6 18 6 19 1 6 1 17 6 18 6 19 1 5 14 5 1 20
OSO (39, 323) (272, 64) - 1 5 14 6 20 6 14 6 20 7 1 14 1 7 19 1 6 1 15 4 8 4 15 1 6 1 18 1 6 1 15 4 8 4 16 6 16 6 19
CS (80, 540) (272, 88) - 1 5 12 4 14 4 8 2 6 2 6 2 6 2 6 2 6 2 6 2 6 2 6 2 6 2 6 2 8 4 14 4 12 5 1 19 6 16 4 8 2 6 2 4 2 10 4 14 4 10 4 14 5 1 19 6 18 6 18 6 19 1 5 14 4 10 4 14 4 10 2 4 2 6 2 8 4 16 6 19
CS (82, 684) (272, 42) - 1 5 14 4 12 4 12 4 12 4 12 4 14 5 1 19 4 6 2 6 2 8 4 16 6 20 6 16 5 1 21 7 1 15 6 21 1 5 16 4 8 4 18 6 17 1 6 1 18 1 6 1 17 6 18 4 8 4 16 5 1 21 6 15 1 7 21 1 5 16 6 20 6 16 4 8 2 6 2 6 4 19
CS (84, 700) (272, 167) - 1 5 12 4 12 4 14 6 20 6 16 6 20 6 16 6 20 6 14 4 12 4 12 5 1 18 1 6 1 17 6 20 6 14 4 10 2 2 2 12 4 10 4 14 4 12 5 1 19 6 17 1 6 1 18 1 6 1 17 6 19 1 5 12 4 14 4 10 4 12 2 2 2 10 4 14 6 20 6 17 1 6 1 18
CS (116, 936) (272, 8) - 1 5 12 4 12 2 2 2 10 4 12 4 14 6 20 6 17 1 5 12 4 12 4 12 4 12 5 1 17 6 20 6 14 4 12 4 10 2 2 2 12 4 12 5 1 18 1 5 12 4 12 4 14 6 20 6 17 1 5 12 4 12 4 12 4 12 4 12 4 12 4 12 4 12 4 12 4 12 4 12 4 12 4 12 4 12 4 12 4 12 4 12 4 12 4 12 4 12 4 12 4 12 5 1 17 6 20 6 14 4 12 4 12 5 1 18
CS (124, 1164) (272, 100) - 1 5 12 4 12 4 12 4 14 6 20 6 16 6 20 6 16 6 19 1 6 1 17 6 18 6 19 1 5 14 5 1 20 1 5 14 4 10 4 16 6 18 6 18 6 18 6 18 6 18 6 18 6 18 6 16 4 10 4 14 5 1 20 1 5 14 5 1 19 6 18 6 17 1 6 1 19 6 16 6 20 6 16 6 20 6 14 4 12 4 12 4 12 5 1 18 1 6 1 17 6 19 1 6 1 17 6 18 6 18 6 18 6 17 1 6 1 19 6 17 1 6 1 18
CS (134, 916) (272, 530) - 1 5 10 2 4 2 6 2 6 2 6 2 4 2 8 2 4 2 6 2 6 2 6 4 16 4 6 2 6 2 6 4 16 6 18 6 16 6 19 1 5 14 4 10 4 12 4 10 4 14 5 1 19 6 16 6 18 6 16 4 6 2 6 2 6 4 16 4 6 2 6 2 6 2 4 2 8 2 4 2 6 2 6 2 6 2 4 2 10 5 1 17 6 18 6 14 4 10 4 12 4 12 4 10 4 12 4 12 4 10 4 12 4 12 4 10 4 12 4 12 4 10 4 12 4 12 4 10 4 14 6 18 6 17
CS (140, 1132) (272, 6335) - 1 5 14 5 1 19 6 15 1 6 1 19 6 16 6 16 4 8 4 16 6 16 4 6 2 8 4 14 4 8 2 4 2 8 4 14 4 8 2 6 4 16 6 16 4 8 4 16 6 16 6 19 1 6 1 15 6 19 1 5 14 5 1 20 1 5 15 1 6 1 19 6 14 4 10 4 12 4 10 2 2 2 10 4 14 6 18 6 17 1 6 1 17 6 16 6 19 1 5 14 6 20 6 14 5 1 19 6 16 6 17 1 6 1 17 6 18 6 14 4 10 2 2 2 10 4 12 4 10 4 14 6 19 1 6 1 15 5 1 20
CS (140, 1244) (272, 177) - 1 5 12 4 14 6 20 6 17 1 6 1 17 6 20 6 14 4 12 4 10 2 2 2 12 4 10 4 16 6 18 6 18 6 19 1 5 14 4 10 4 14 4 10 4 14 5 1 19 6 18 6 18 6 16 4 10 4 12 2 2 2 10 4 12 4 14 6 20 6 17 1 6 1 17 6 20 6 14 4 12 5 1 19 6 16 6 20 6 16 6 20 6 16 6 19 1 6 1 17 6 18 6 18 4 6 2 6 2 6 2 6 2 6 2 6 2 6 4 18 6 18 6 17 1 6 1 19 6 16 6 20 6 16 6 20 6 16 6 19
CS (160, 1428) (272, 554) - 1 5 14 4 10 4 14 4 10 4 14 5 1 19 6 18 6 16 4 10 4 12 2 2 2 10 4 14 6 21 1 5 16 6 19 1 6 1 17 6 18 6 18 6 18 6 18 6 17 1 6 1 19 6 16 5 1 21 7 1 15 6 20 6 16 5 1 21 6 14 4 10 2 2 2 12 4 10 4 16 6 18 6 19 1 5 14 5 1 19 6 18 6 16 4 10 4 12 2 2 2 10 4 14 6 21 1 5 16 6 20 6 15 1 7 21 1 5 16 6 19 1 6 1 17 6 18 6 18 6 18 6 18 6 17 1 6 1 19 6 16 5 1 21 6 14 4 10 2 2 2 12 4 10 4 16 6 18 6 19
OSO (23, 189) (273, 243) - 1 5 12 4 14 4 10 4 14 5 1 20 1 5 14 4 12 4 10 4 16 6 19
OSO (25, 233) (273, 1) - 1 5 16 4 10 4 16 6 21 1 5 16 5 1 21 6 17 1 6 1 19 6 18 6 21
OSO (37, 291) (273, 66) - 1 5 12 4 12 4 10 2 2 2 12 6 20 6 16 6 17 1 6 1 18 1 6 1 16 1 6 1 19 6 14 4 10 4 14 6 19
OSO (49, 259) (273, 106) - 1 5 12 4 10 2 4 2 6 2 4 2 10 4 10 2 2 2 10 2 2 2 10 4 10 4 14 4 10 4 10 2 2 2 10 2 2 2 10 4 10 2 4 2 6 2 6 4 17
CS (68, 476) (273, 61) - 1 5 14 4 10 4 14 4 10 2 2 2 10 2 4 2 6 2 6 2 6 2 6 2 6 2 4 2 10 2 2 2 10 4 14 4 10 4 14 5 1 19 6 18 6 16 4 10 4 12 4 14 5 1 20 1 5 14 4 12 4 10 4 16 6 18 6 19
CS (114, 968) (273, 239) - 1 5 12 4 12 4 12 4 12 4 14 6 20 6 16 4 8 4 17 1 6 1 17 4 8 4 16 6 20 6 14 4 12 4 12 4 12 4 12 5 1 17 4 8 4 16 4 8 4 16 5 1 21 6 16 6 20 7 1 13 4 12 4 12 4 12 4 12 4 12 4 12 4 12 4 12 4 12 4 12 4 12 4 12 4 12 4 12 4 12 4 12 4 12 4 13 1 7 20 6 16 6 21 1 5 16 4 8 4 16 4 8 4 17
OSO (33, 315) (274, 3) - 1 5 14 5 1 19 6 16 6 18 6 16 4 6 2 8 4 14 6 20 6 14 5 1 19 6 16 6 18 6 16 6 19
OSO (41, 307) (274, 2) - 1 5 10 2 2 2 12 5 1 19 6 16 6 17 1 6 1 18 1 5 12 4 12 4 10 2 2 2 10 4 14 6 18 6 17 1 6 1 17 6 17
OSO (43, 327) (274, 354) - 1 5 12 4 14 4 8 2 6 2 4 2 10 4 14 6 21 1 5 16 6 20 7 1 13 4 12 4 12 4 12 4 12 4 10 2 4 2 8 4 16 6 19
CS (80, 696) (274, 65) - 1 5 14 4 10 2 4 2 8 4 16 4 8 4 17 1 6 1 17 6 20 6 16 5 1 21 6 14 4 12 4 12 4 14 6 20 6 18 6 18 6 18 6 20 6 14 4 12 4 12 4 14 6 21 1 5 16 6 20 6 17 1 6 1 17 4 8 4 16 4 8 2 4 2 10 4 14 5 1 20
CS (84, 580) (274, 224) - 1 5 10 2 4 2 6 2 6 2 6 2 4 2 10 5 1 17 6 18 6 14 4 10 2 2 2 10 4 12 4 10 4 14 5 1 19 6 16 4 6 2 6 2 6 2 6 4 16 6 18 6 16 4 6 2 6 2 6 2 6 4 16 6 19 1 5 14 4 10 4 12 4 10 2 2 2 10 4 14 6 18 6 17
CS (84, 776) (274, 25) - 1 5 14 4 10 4 16 6 20 6 16 6 21 1 5 16 5 1 21 6 14 4 12 4 14 6 21 1 5 16 5 1 21 6 16 6 20 6 16 4 10 4 14 5 1 19 6 18 4 6 2 6 2 8 4 16 6 20 6 16 6 21 1 5 16 5 1 21 6 16 6 20 6 16 4 8 2 6 2 6 4 18 6 19
CS (88, 644) (274, 1657) - 1 5 12 4 14 4 10 4 14 4 12 5 1 18 1 6 1 17 6 18 4 6 2 8 2 4 2 8 2 4 2 10 4 12 4 14 5 1 19 6 18 6 19 1 6 1 15 4 10 4 14 4 10 4 15 1 6 1 19 6 18 6 19 1 5 14 4 12 4 10 2 4 2 8 2 4 2 8 2 6 4 18 6 17 1 6 1 18
CS (102, 800) (274, 12225) - 1 5 15 1 7 21 1 5 15 1 7 21 1 5 16 6 18 6 19 1 6 1 16 1 6 1 19 6 17 1 6 1 18 1 6 1 17 6 19 1 6 1 16 1 6 1 19 6 18 6 16 5 1 21 7 1 15 5 1 21 7 1 15 5 1 20 1 6 1 16 1 6 1 19 6 16 4 8 2 6 4 17 1 6 1 17 4 6 2 8 4 16 6 19 1 6 1 16 1 6 1 20
CS (108, 756) (274, 22) - 1 5 12 4 14 4 10 4 14 4 10 2 2 2 12 4 12 4 12 4 12 4 12 2 2 2 10 4 14 4 10 4 14 4 12 5 1 18 1 6 1 17 4 6 2 8 2 4 2 10 4 12 4 14 5 1 20 1 5 14 4 10 2 4 2 8 4 16 5 1 21 6 16 6 21 1 5 16 4 8 2 4 2 10 4 14 5 1 20 1 5 14 4 12 4 10 2 4 2 8 2 6 4 17 1 6 1 18
CS (108, 796) (274, 834) - 1 5 12 4 10 2 2 2 10 4 14 6 18 6 18 7 1 13 4 10 4 12 4 12 4 10 4 14 6 19 1 5 14 6 19 1 6 1 15 4 8 4 15 1 6 1 19 6 14 5 1 19 6 14 4 10 4 12 4 12 4 10 4 13 1 7 18 6 18 6 14 4 10 2 2 2 10 4 12 5 1 17 4 6 2 6 2 4 2 10 4 12 5 1 18 1 5 12 4 10 2 4 2 6 2 6 4 17
CS (120, 868) (274, 3449) - 1 5 10 2 2 2 10 2 2 2 10 4 12 4 10 4 14 6 19 1 6 1 15 6 19 1 6 1 15 6 19 1 5 14 6 20 6 14 6 20 6 14 5 1 19 6 15 1 6 1 19 6 15 1 6 1 19 6 14 4 10 4 12 4 10 2 2 2 10 2 2 2 10 5 1 17 6 16 4 8 4 15 1 6 1 18 1 6 1 15 4 8 2 4 2 8 4 14 4 8 2 4 2 8 4 15 1 6 1 18 1 6 1 15 4 8 4 16 6 17
CS (120, 1040) (274, 60) - 1 5 14 4 10 4 14 4 10 4 14 4 10 4 14 5 1 19 6 18 6 18 6 17 1 6 1 19 6 16 6 20 6 16 6 20 6 15 1 7 20 6 17 1 6 1 17 4 6 2 8 2 2 2 12 4 12 4 10 4 16 6 19 1 5 14 5 1 20 1 5 14 5 1 19 6 16 4 10 4 12 4 12 2 2 2 8 2 6 4 17 1 6 1 17 6 20 7 1 15 6 20 6 16 6 20 6 16 6 19 1 6 1 17 6 18 6 18 6 19
CS (126, 1076) (274, 174) - 1 5 14 5 1 19 6 16 4 8 4 16 6 20 7 1 15 6 19 1 6 1 15 4 10 4 14 6 20 6 16 6 19 1 6 1 15 4 10 4 12 4 12 4 12 4 12 4 12 4 10 4 15 1 6 1 19 6 16 6 20 6 14 4 10 4 15 1 6 1 19 6 15 1 7 20 6 16 4 8 4 16 6 19 1 5 14 5 1 19 6 17 1 6 1 17 6 18 4 6 2 6 4 18 6 17 1 6 1 17 6 18 4 6 2 6 4 18 6 17 1 6 1 17 6 19
CS (128, 1032) (274, 17811) - 1 5 12 4 12 2 2 2 8 2 4 2 8 4 16 6 19 1 5 14 5 1 20 1 5 16 6 19 1 5 14 5 1 19 6 17 1 6 1 17 6 18 6 18 6 18 6 16 5 1 20 1 6 1 15 6 20 6 15 1 6 1 20 1 5 16 6 18 6 18 6 18 6 17 1 6 1 17 6 19 1 5 14 5 1 19 6 16 5 1 20 1 5 14 5 1 19 6 16 4 8 2 4 2 8 2 2 2 12 4 12 5 1 18 1 5 12 4 12 4 12 4 12 4 12 5 1 18
CS (142, 1080) (274, 6451) - 1 5 12 4 12 4 10 4 12 4 12 4 10 4 13 1 7 18 4 4 2 10 4 12 4 10 2 2 2 10 4 12 4 10 4 14 5 1 20 1 5 14 4 10 4 12 4 10 4 14 5 1 19 6 16 6 18 6 16 6 18 6 16 6 19 1 5 14 4 10 4 12 4 10 4 14 5 1 20 1 5 14 4 10 4 12 4 10 2 2 2 10 4 12 4 10 2 4 4 18 7 1 13 4 10 4 12 4 12 4 10 4 12 4 12 5 1 18 1 5 12 4 12 5 1 18 1 5 12 4 12 5 1 18 1 5 12 4 12 5 1 18
CS (88, 708) (275, 144) - 1 5 14 4 10 4 16 6 20 6 16 4 10 4 14 5 1 20 1 5 15 1 6 1 20 1 5 14 4 12 4 12 4 12 4 12 4 14 5 1 20 1 5 15 1 6 1 20 1 5 16 6 20 6 16 5 1 20 1 6 1 15 5 1 20 1 5 14 4 12 4 12 4 12 4 12 4 14 5 1 20 1 6 1 15 5 1 20
CS (124, 916) (275, 24551) - 1 5 12 4 12 4 12 4 12 4 10 2 4 2 6 2 8 4 14 4 10 4 14 5 1 20 1 5 15 1 6 1 20 1 5 16 6 19 1 6 1 15 5 1 20 1 5 14 4 10 2 4 2 6 2 4 2 10 4 14 5 1 20 1 5 15 1 6 1 19 6 16 5 1 20 1 6 1 15 5 1 20 1 5 14 4 10 4 14 4 8 2 6 2 4 2 10 4 12 4 12 4 12 4 12 5 1 17 4 8 4 16 6 18 6 18 6 18 6 16 4 8 4 17
OSO (31, 227) (276, 106) - 1 5 12 4 15 1 6 1 19 6 18 6 18 4 6 2 8 2 4 2 10 4 12 2 2 2 10 4 16 6 19
OSO (37, 319) (276, 26523) - 1 5 12 4 10 2 4 2 8 4 16 6 18 6 18 6 18 6 16 4 8 4 16 4 8 4 16 6 19 1 5 14 5 1 19 6 17
CS (72, 596) (276, 268) - 1 5 12 2 2 2 10 4 14 6 20 6 16 6 18 6 19 1 5 14 4 10 4 14 5 1 19 6 18 6 16 6 20 6 14 4 10 2 2 2 12 5 1 19 6 16 6 20 6 14 4 10 2 4 2 6 2 6 2 6 2 4 2 10 4 14 6 20 6 16 6 19
CS (78, 596) (276, 223) - 1 5 12 4 12 4 12 4 14 6 20 6 16 4 8 4 17 1 6 1 17 4 8 4 16 6 20 6 14 4 12 4 12 4 12 5 1 17 4 8 4 16 4 8 4 16 4 8 4 16 4 6 2 8 2 4 2 8 2 4 2 8 2 6 4 16 4 8 4 16 4 8 4 16 4 8 4 17
CS (78, 636) (276, 411) - 1 5 16 5 1 21 6 14 4 10 4 14 4 10 4 14 6 20 6 16 5 1 21 6 14 4 10 4 14 4 8 2 6 2 4 2 10 4 12 4 12 4 12 4 12 4 10 2 4 2 6 2 8 4 14 4 10 4 14 6 21 1 5 16 6 20 6 14 4 10 4 14 4 10 4 14 6 21
CS (80, 632) (276, 504) - 1 5 12 4 12 4 10 4 14 6 19 1 6 1 15 4 8 2 4 2 8 4 14 4 8 2 4 2 8 4 15 1 6 1 19 6 14 4 10 4 12 4 12 5 1 19 6 14 4 8 2 6 4 16 6 18 6 16 6 19 1 5 14 5 1 19 6 16 6 18 6 16 4 6 2 8 4 14 6 19
CS (92, 628) (276, 209) - 1 5 12 4 12 4 12 4 12 4 12 4 12 4 12 2 2 2 8 2 4 2 8 2 4 2 8 2 4 2 8 2 2 2 12 4 12 4 12 4 12 4 12 4 12 4 12 5 1 17 4 6 2 8 2 4 2 8 4 16 6 20 6 14 4 12 4 12 5 1 18 1 5 12 4 12 4 14 6 20 6 16 4 8 2 4 2 8 2 6 4 17
CS (100, 780) (276, 2072) - 1 5 14 4 8 2 6 2 6 4 17 1 6 1 17 6 18 6 18 6 16 4 8 2 4 2 8 2 4 2 8 4 16 6 18 6 18 6 17 1 6 1 17 4 6 2 6 2 8 4 14 5 1 19 6 16 4 8 4 16 4 6 2 8 4 15 1 6 1 19 6 16 6 20 7 1 14 1 7 20 6 16 6 19 1 6 1 15 4 8 2 6 4 16 4 8 4 16 6 19
CS (104, 840) (276, 6860) - 1 5 14 4 12 4 10 2 4 2 6 2 8 4 16 6 18 6 19 1 5 14 5 1 19 6 18 6 16 4 8 2 6 2 4 2 10 4 12 4 14 5 1 21 7 1 15 5 1 20 1 5 14 5 1 19 6 18 6 16 4 8 2 6 4 18 6 16 5 1 20 1 5 14 5 1 20 1 5 16 6 18 4 6 2 8 4 16 6 18 6 19 1 5 14 5 1 20 1 5 15 1 7 21
CS (110, 1028) (276, 13318) - 1 5 14 6 20 6 14 6 20 6 14 6 20 6 14 6 20 6 14 5 1 19 6 16 6 16 4 8 4 15 1 6 1 19 7 1 14 1 7 20 7 1 14 1 7 20 7 1 14 1 7 20 7 1 14 1 7 20 7 1 14 1 7 19 1 6 1 15 4 8 4 16 6 16 6 19 1 5 14 6 20 6 14 6 20 6 14 6 20 6 14 6 20 6 14 5 1 19 6 16 6 17 1 6 1 17 6 16 6 19
CS (144, 1048) (276, 2295) - 1 5 12 4 12 4 10 2 2 2 10 4 12 4 10 2 2 2 10 4 12 4 10 4 14 5 1 20 1 5 14 4 10 4 12 4 10 4 14 5 1 20 1 5 14 4 10 4 12 4 10 2 2 2 10 4 12 4 10 2 2 2 10 4 12 4 12 5 1 19 6 14 5 1 19 7 1 13 4 10 4 12 4 12 4 10 4 12 4 12 4 10 4 12 4 12 5 1 18 1 5 12 4 12 5 1 18 1 5 12 4 12 5 1 18 1 5 12 4 12 4 10 4 12 4 12 4 10 4 12 4 12 4 10 4 13 1 7 19 1 5 14 6 19
OSO (29, 223) (277, 54) - 1 5 12 4 14 5 1 20 1 6 1 15 4 10 4 12 2 2 2 10 4 14 6 21 1 5 16 6 19
OSO (33, 257) (277, 18497) - 1 5 14 4 8 2 6 4 16 6 19 1 5 14 4 10 4 12 4 12 4 10 4 14 6 19 1 6 1 15 5 1 20
CS (70, 500) (277, 345) - 1 5 14 4 12 4 12 4 10 2 4 2 8 2 4 2 8 4 16 4 8 2 4 2 8 2 4 2 10 4 12 4 12 4 14 5 1 21 6 14 4 10 2 4 2 8 4 16 6 20 7 1 13 4 13 1 7 20 6 16 4 8 2 4 2 10 4 14 6 21
CS (80, 752) (277, 134) - 1 5 14 5 1 19 6 18 6 18 6 16 4 10 4 12 2 2 2 10 4 14 6 21 1 5 16 6 19 1 6 1 17 6 18 6 18 6 18 6 18 6 18 6 18 6 18 6 18 6 18 6 17 1 6 1 19 6 16 5 1 21 6 14 4 10 2 2 2 12 4 10 4 16 6 18 6 18 6 19
CS (128, 880) (277, 12881) - 1 5 12 4 12 4 12 4 10 2 2 2 12 4 10 4 15 1 6 1 19 6 14 4 12 4 12 5 1 18 1 5 12 4 12 4 14 6 19 1 6 1 15 4 10 4 12 2 2 2 10 4 12 4 12 4 12 5 1 17 6 19 1 6 1 15 5 1 20 1 5 14 4 10 4 14 4 8 2 6 2 6 2 4 2 10 4 12 4 12 2 2 2 8 2 2 2 12 4 12 4 10 2 4 2 6 2 6 2 8 4 14 4 10 4 14 5 1 20 1 5 15 1 6 1 19 6 17
OSO (27, 177) (278, 1) - 1 5 14 4 8 2 4 2 8 2 4 2 6 2 6 2 6 2 6 4 16 6 18 6 16 6 19
CS (68, 452) (278, 206) - 1 5 12 4 10 2 2 2 10 4 14 6 18 6 17 1 5 12 5 1 17 6 18 6 14 4 10 2 2 2 10 4 12 5 1 17 4 6 2 6 2 4 2 10 4 10 4 14 4 8 2 4 2 8 4 14 4 10 4 10 2 4 2 6 2 6 4 17
CS (76, 524) (278, 162) - 1 5 12 2 2 2 10 4 14 5 1 20 1 5 14 4 10 2 2 2 12 5 1 19 6 16 4 8 2 6 2 4 2 10 4 14 5 1 20 1 6 1 15 4 10 4 14 5 1 20 1 5 14 4 10 4 15 1 6 1 20 1 5 14 4 10 2 4 2 6 2 8 4 16 6 19
CS (76, 524) (278, 230) - 1 5 14 4 8 2 6 4 16 6 18 6 16 6 19 1 5 14 5 1 19 6 16 6 18 6 16 4 6 2 8 4 14 5 1 19 6 16 4 6 2 6 2 6 2 6 2 4 2 8 2 4 2 8 4 14 4 8 2 4 2 8 2 4 2 6 2 6 2 6 2 6 4 16 6 19
CS (76, 708) (278, 137) - 1 5 14 4 8 2 6 4 16 6 18 6 16 6 18 6 16 4 6 2 8 4 14 5 1 19 6 16 6 18 6 16 4 6 2 8 4 14 6 20 6 14 5 1 19 6 16 6 18 6 16 6 18 6 16 6 19 1 5 14 6 20 6 14 4 8 2 6 4 16 6 18 6 16 6 19
CS (80, 628) (278, 179) - 1 5 12 2 2 2 10 4 14 6 20 6 16 6 20 6 14 4 10 2 2 2 12 5 1 19 6 16 6 20 6 14 4 10 2 4 2 6 2 6 2 8 4 14 5 1 19 6 16 4 8 4 16 4 8 4 16 6 19 1 5 14 4 8 2 6 2 6 2 4 2 10 4 14 6 20 6 16 6 19
CS (80, 644) (278, 74) - 1 5 16 4 8 4 16 5 1 21 6 14 4 10 2 2 2 12 4 10 4 15 1 6 1 19 6 16 5 1 20 1 6 1 15 6 20 6 16 4 8 4 16 4 8 4 16 4 8 4 16 6 20 6 15 1 6 1 20 1 5 16 6 19 1 6 1 15 4 10 4 12 2 2 2 10 4 14 6 21
CS (82, 628) (278, 310) - 1 5 12 4 12 4 12 4 12 4 12 4 12 4 12 4 12 4 12 4 12 4 12 4 12 4 12 4 12 4 12 4 12 4 12 4 12 5 1 17 4 6 2 8 2 4 2 8 4 16 6 20 6 14 4 12 4 12 5 1 18 1 5 12 4 12 4 14 6 20 6 16 4 8 2 4 2 8 2 6 4 17
CS (92, 828) (278, 90) - 1 5 12 4 12 4 12 4 14 6 20 6 16 4 8 2 4 2 10 4 12 4 14 6 21 1 5 16 6 20 6 16 6 20 6 16 6 20 6 16 6 20 6 16 6 20 6 16 5 1 21 6 14 4 12 4 10 2 4 2 8 4 16 6 20 6 14 4 12 4 12 4 12 5 1 17 4 8 4 16 4 8 4 16 4 8 4 16 4 8 4 17
CS (104, 728) (278, 230) - 1 5 12 2 2 2 8 2 4 2 8 2 2 2 12 5 1 19 6 14 4 12 5 1 19 6 15 1 7 20 6 14 4 10 2 2 2 10 4 14 6 19 1 5 12 2 2 2 8 2 4 2 8 4 16 6 16 4 8 2 4 2 8 4 16 6 16 4 8 2 4 2 8 2 2 2 12 5 1 19 6 14 4 10 2 2 2 10 4 14 6 20 7 1 15 6 19 1 5 12 4 14 6 19
CS (108, 772) (278, 21) - 1 5 12 4 12 2 2 2 8 2 6 4 17 1 6 1 17 4 6 2 8 4 16 6 19 1 6 1 16 1 6 1 19 6 16 4 8 2 6 4 17 1 6 1 17 4 6 2 8 2 2 2 12 4 12 5 1 18 1 6 1 17 4 6 2 8 4 16 6 18 6 19 1 6 1 15 4 10 4 14 5 1 20 1 5 14 4 10 4 15 1 6 1 19 6 18 6 16 4 8 2 6 4 17 1 6 1 18
CS (108, 820) (278, 1310) - 1 5 12 2 2 2 10 4 12 4 14 6 20 6 14 4 10 2 4 2 6 2 6 2 6 2 6 2 6 2 6 2 4 2 10 4 14 6 20 6 14 4 12 4 10 2 2 2 12 5 1 19 6 16 6 19 1 6 1 15 4 10 4 12 4 14 6 20 6 14 4 12 5 1 18 1 6 1 17 6 17 1 6 1 18 1 5 12 4 14 6 20 6 14 4 12 4 10 4 15 1 6 1 19 6 16 6 19
CS (120, 884) (278, 6979) - 1 5 12 4 12 4 10 2 2 2 10 4 12 4 12 5 1 19 6 14 4 8 2 6 4 16 6 17 1 6 1 17 6 16 4 6 2 8 4 14 6 20 7 1 15 6 18 6 17 1 6 1 15 4 8 2 4 2 8 4 14 4 8 2 4 2 8 4 14 4 8 2 4 2 8 4 14 4 8 2 4 2 8 4 15 1 6 1 17 6 18 6 15 1 7 20 6 14 4 8 2 6 4 16 6 17 1 6 1 17 6 16 4 6 2 8 4 14 6 19
CS (128, 1028) (278, 124) - 1 5 14 4 10 4 14 4 10 4 14 5 1 19 6 18 6 18 6 17 1 6 1 19 6 16 6 20 6 16 4 8 4 16 4 8 4 16 5 1 21 6 16 6 19 1 6 1 17 6 18 6 18 4 6 2 6 2 6 2 6 2 6 2 6 2 6 2 6 2 6 2 6 2 6 2 6 2 6 2 6 2 6 2 6 2 6 4 18 6 18 6 17 1 6 1 19 6 16 6 21 1 5 16 4 8 4 16 4 8 4 16 6 20 6 16 6 19 1 6 1 17 6 18 6 18 6 19
CS (128, 1028) (278, 7127) - 1 5 14 4 10 4 12 4 12 4 10 4 14 5 1 19 6 17 1 6 1 17 6 16 4 8 2 4 2 8 4 15 1 6 1 19 6 14 4 10 4 14 5 1 20 1 5 14 5 1 19 6 16 6 19 1 5 14 5 1 19 6 16 4 8 4 14 4 10 4 12 4 12 4 10 4 14 4 8 4 16 6 19 1 5 14 5 1 19 6 16 6 19 1 5 14 5 1 20 1 5 14 4 10 4 14 6 19 1 6 1 15 4 8 2 4 2 8 4 16 6 17 1 6 1 17 6 19
OSO (33, 239) (279, 239) - 1 5 17 1 6 1 17 4 8 2 4 2 10 4 12 2 2 2 10 4 16 6 18 4 8 4 17 1 6 1 17 6 21
CS (136, 972) (279, 19722) - 1 5 14 4 8 2 4 2 8 2 4 2 6 2 6 2 6 2 6 4 16 6 18 6 16 6 18 6 16 6 18 6 16 4 6 2 6 2 6 2 6 2 4 2 8 2 4 2 8 4 14 5 1 20 1 5 15 1 6 1 19 6 14 5 1 19 6 14 4 10 4 12 4 12 4 10 4 12 4 12 4 10 2 2 2 10 4 12 4 10 4 14 5 1 20 1 5 14 4 10 4 12 4 10 2 2 2 10 4 12 4 12 4 10 4 12 4 12 4 10 4 14 6 19 1 5 14 6 19 1 6 1 15 5 1 20
CS (148, 1176) (279, 2) - 1 5 14 4 12 4 12 4 12 4 14 5 1 20 1 6 1 15 4 8 2 6 2 6 2 6 2 6 2 6 2 6 2 8 4 16 6 20 6 16 6 21 1 5 16 5 1 21 6 16 6 20 6 16 4 8 2 6 2 6 2 6 2 6 2 6 2 6 2 8 4 15 1 6 1 20 1 5 14 4 12 4 12 4 12 4 14 5 1 21 7 1 15 5 1 21 7 1 15 6 21 1 5 16 5 1 21 6 16 6 20 6 17 1 6 1 17 4 8 4 17 1 6 1 17 6 20 6 16 6 21 1 5 16 5 1 21 6 15 1 7 21 1 5 15 1 7 21
CS (62, 420) (280, 547) - 1 5 12 4 10 4 14 4 8 4 16 6 17 1 6 1 17 6 16 4 8 4 14 4 10 4 12 5 1 17 4 6 2 6 2 4 2 10 4 10 4 14 4 8 2 4 2 8 4 14 4 10 4 10 2 4 2 6 2 6 4 17
CS (78, 736) (280, 273) - 1 5 14 4 10 4 16 6 20 6 16 6 21 1 5 16 5 1 21 6 14 4 12 4 14 6 21 1 5 16 5 1 21 6 16 6 20 6 16 4 10 4 14 5 1 19 6 18 6 18 4 6 2 8 4 16 6 20 6 17 1 6 1 17 6 20 6 16 4 8 2 6 4 18 6 18 6 19
CS (80, 548) (280, 387) - 1 5 12 2 2 2 10 2 4 2 6 2 6 2 8 4 16 6 20 6 16 4 8 2 6 2 6 2 4 2 10 2 2 2 12 5 1 19 6 16 4 10 4 14 4 10 2 4 2 6 2 8 4 16 5 1 21 6 16 6 21 1 5 16 4 8 2 6 2 4 2 10 4 14 4 10 4 16 6 19
CS (84, 676) (280, 232) - 1 5 14 4 8 2 4 2 8 2 4 2 6 2 6 2 6 4 16 6 18 6 16 6 19 1 5 14 4 10 4 12 4 10 4 14 5 1 19 6 16 6 18 6 16 4 6 2 6 2 6 2 4 2 8 2 4 2 8 4 14 5 1 19 6 16 6 18 6 16 6 18 6 16 6 18 6 16 6 18 6 16 6 19
CS (92, 744) (280, 186) - 1 5 12 4 12 4 12 4 12 4 12 4 10 4 15 1 6 1 19 6 15 1 7 20 6 16 4 8 4 16 6 19 1 5 14 5 1 19 6 16 4 8 4 16 6 20 7 1 15 6 19 1 6 1 15 4 10 4 12 4 12 4 12 4 12 4 12 5 1 18 1 6 1 15 4 10 4 14 5 1 20 1 5 14 4 10 4 15 1 6 1 18
CS (94, 748) (280, 59) - 1 5 12 2 2 2 10 4 10 2 2 2 12 5 1 19 6 15 1 6 1 19 6 14 4 10 4 14 6 19 1 5 14 6 20 7 1 13 4 12 5 1 18 1 6 1 16 1 6 1 17 6 18 6 16 6 18 6 17 1 6 1 16 1 6 1 18 1 5 12 4 13 1 7 20 6 14 5 1 19 6 14 4 10 4 14 6 19 1 6 1 15 6 19
CS (100, 708) (280, 83) - 1 5 12 2 2 2 10 4 14 4 10 4 14 4 10 4 14 4 10 2 2 2 12 5 1 19 6 17 1 6 1 19 6 16 4 8 2 4 2 10 4 12 2 2 2 10 4 14 5 1 20 1 6 1 15 4 10 4 14 4 10 4 14 4 10 4 14 4 10 4 15 1 6 1 20 1 5 14 4 10 2 2 2 12 4 10 2 4 2 8 4 16 6 19 1 6 1 17 6 19
CS (102, 916) (280, 21) - 1 5 12 4 14 6 20 6 16 6 18 6 18 6 18 6 17 1 5 12 5 1 17 6 19 1 5 14 4 10 4 14 6 20 6 16 6 20 6 14 4 10 4 14 5 1 19 6 17 1 5 12 5 1 17 6 18 6 18 6 18 6 16 6 20 6 14 4 12 5 1 18 1 6 1 17 6 18 6 16 4 8 2 4 2 10 4 10 2 4 2 8 4 16 6 18 6 17 1 6 1 18
CS (120, 1044) (280, 17) - 1 5 12 2 2 2 10 4 12 4 13 1 7 20 6 15 1 7 20 6 16 4 8 4 16 6 19 1 5 14 5 1 19 6 16 5 1 20 1 5 14 5 1 19 6 16 4 8 4 16 6 19 1 5 14 5 1 20 1 5 16 6 19 1 5 14 5 1 19 6 16 4 8 4 16 6 20 7 1 15 6 20 7 1 13 4 12 4 10 2 2 2 12 5 1 19 6 16 6 20 7 1 14 1 7 20 6 16 6 20 7 1 14 1 7 20 6 16 6 19
CS (122, 1196) (280, 379) - 1 5 14 5 1 19 6 18 6 18 6 18 6 20 6 16 6 20 6 18 6 18 6 18 6 19 1 5 14 5 1 19 6 18 6 18 6 20 7 1 13 4 14 6 20 6 18 6 18 6 18 4 6 2 8 4 16 4 8 4 17 1 6 1 17 6 20 6 16 5 1 21 6 14 4 12 4 12 4 14 6 21 1 5 16 6 20 6 17 1 6 1 17 4 8 4 16 4 8 2 6 4 18 6 18 6 18 6 20 6 14 4 13 1 7 20 6 18 6 18 6 19
CS (124, 932) (280, 186) - 1 5 12 4 12 4 14 6 19 1 6 1 15 4 10 4 14 6 20 6 16 6 19 1 5 12 4 14 5 1 20 1 5 14 4 10 4 14 4 10 4 14 5 1 20 1 5 14 4 12 5 1 19 6 16 6 20 6 14 4 10 4 15 1 6 1 19 6 14 4 12 4 12 5 1 18 1 6 1 16 1 6 1 19 6 14 4 12 4 10 2 4 2 6 2 6 2 6 2 6 2 6 2 6 2 6 2 4 2 10 4 12 4 14 6 19 1 6 1 16 1 6 1 18
CS (124, 956) (280, 182) - 1 5 12 4 12 4 12 4 12 4 12 4 12 4 12 4 12 4 12 4 12 4 12 4 12 4 12 5 1 17 4 6 2 8 2 2 2 12 4 12 4 10 2 4 2 8 4 16 6 19 1 6 1 15 4 10 4 14 4 10 4 14 5 1 19 6 18 6 17 1 6 1 19 6 16 6 20 6 16 6 19 1 6 1 17 6 18 6 19 1 5 14 4 10 4 14 4 10 4 15 1 6 1 19 6 16 4 8 2 4 2 10 4 12 4 12 2 2 2 8 2 6 4 17
CS (72, 528) (281, 18) - 1 5 12 4 14 4 8 2 6 2 6 2 6 2 6 4 18 4 6 2 6 2 6 2 6 2 8 4 14 4 12 5 1 19 6 16 4 10 4 14 5 1 21 7 1 15 4 10 4 14 5 1 20 1 5 14 4 10 4 15 1 7 21 1 5 14 4 10 4 16 6 19
CS (92, 876) (281, 516) - 1 5 12 4 14 6 21 1 5 16 6 19 1 6 1 17 6 18 6 18 6 18 6 18 6 18 6 17 1 6 1 19 6 16 5 1 21 6 14 4 12 5 1 19 6 16 5 1 21 6 14 4 10 4 16 6 18 6 18 6 19 1 5 14 4 10 4 14 4 10 4 14 5 1 19 6 18 6 18 6 16 4 10 4 14 6 21 1 5 16 6 19
CS (122, 1100) (281, 109) - 1 5 14 4 10 4 16 6 20 6 16 6 21 1 5 16 4 8 4 18 6 16 4 10 4 14 4 10 2 2 2 12 4 10 4 16 5 1 21 6 16 5 1 21 6 14 4 12 4 12 4 14 6 21 1 5 16 6 21 1 5 16 4 10 4 12 2 2 2 10 4 14 4 10 4 16 6 18 4 8 4 16 5 1 21 6 16 6 20 6 16 4 10 4 14 5 1 20 1 5 16 6 20 6 16 6 21 1 5 16 5 1 21 6 16 6 20 6 16 5 1 20
CS (124, 876) (281, 13) - 1 5 14 4 10 4 14 4 10 4 14 4 10 2 2 2 10 2 2 2 10 2 2 2 10 2 2 2 10 2 2 2 10 2 2 2 10 2 2 2 10 4 14 4 10 4 14 4 10 4 14 5 1 20 1 5 15 1 6 1 20 1 5 14 4 12 4 10 4 16 6 18 4 6 2 6 2 8 4 16 6 18 6 19 1 5 14 4 10 4 14 5 1 19 6 18 6 16 4 8 2 6 2 6 4 18 6 16 4 10 4 12 4 14 5 1 20 1 6 1 15 5 1 20
OSO (37, 221) (282, 42) - 1 5 14 4 8 2 6 2 6 2 6 4 18 6 16 4 8 2 4 2 8 2 4 2 8 2 4 2 8 2 4 2 8 4 16 6 19
CS (88, 680) (282, 287) - 1 5 14 4 10 2 4 2 8 4 16 6 19 1 6 1 17 6 18 6 20 7 1 15 6 20 6 16 4 10 4 12 2 2 2 10 4 14 4 8 2 6 2 6 2 6 2 8 4 14 4 10 2 2 2 12 4 10 4 16 6 20 6 15 1 7 20 6 18 6 17 1 6 1 19 6 16 4 8 2 4 2 10 4 14 5 1 20
CS (96, 736) (282, 932) - 1 5 14 5 1 19 6 16 4 8 2 4 2 8 2 4 2 8 4 16 6 19 1 5 14 5 1 19 6 16 4 8 2 4 2 8 2 4 2 8 4 16 6 19 1 5 14 5 1 20 1 5 16 6 19 1 5 14 5 1 19 6 17 1 6 1 17 6 18 4 6 2 6 2 6 4 18 6 17 1 6 1 17 6 19 1 5 14 5 1 19 6 16 5 1 20
CS (112, 880) (282, 364) - 1 5 14 4 10 4 14 4 10 4 15 1 6 1 19 6 18 6 16 4 8 2 6 4 18 6 16 5 1 21 6 14 4 10 4 16 6 18 6 18 6 18 4 6 2 6 2 6 2 6 2 6 2 6 2 6 2 6 2 6 2 6 2 6 2 6 2 6 4 18 6 18 6 18 6 16 4 10 4 14 6 21 1 5 16 6 18 4 6 2 8 4 16 6 18 6 19 1 6 1 15 4 10 4 14 4 10 4 14 5 1 20
CS (112, 884) (282, 38) - 1 5 12 4 14 4 10 4 14 4 12 5 1 18 1 6 1 17 6 19 1 6 1 15 4 10 2 4 2 6 2 8 4 16 6 20 6 16 5 1 20 1 5 14 5 1 19 6 16 4 10 4 14 4 10 4 16 6 19 1 6 1 16 1 6 1 19 6 16 4 10 4 14 4 10 4 16 6 19 1 5 14 5 1 20 1 5 16 6 20 6 16 4 8 2 6 2 4 2 10 4 15 1 6 1 19 6 17 1 6 1 18
CS (120, 928) (282, 114) - 1 5 12 2 2 2 10 4 14 5 1 21 7 1 15 4 8 2 6 4 18 6 16 4 8 2 4 2 10 4 12 4 12 4 12 4 13 1 7 20 6 16 6 20 7 1 13 4 12 4 12 4 12 4 10 2 4 2 8 4 16 6 18 4 6 2 8 4 15 1 7 21 1 5 14 4 10 2 2 2 12 5 1 19 6 16 4 8 2 4 2 10 4 12 4 12 4 14 6 20 6 16 6 20 6 14 4 12 4 12 4 10 2 4 2 8 4 16 6 19
CS (120, 1040) (282, 446) - 1 5 12 4 14 5 1 20 1 5 14 5 1 19 6 18 6 16 4 8 2 6 4 18 6 16 5 1 20 1 6 1 16 1 6 1 19 6 16 6 20 6 16 4 8 4 16 4 8 4 16 6 20 6 16 6 19 1 6 1 16 1 6 1 20 1 5 16 6 18 4 6 2 8 4 16 6 18 6 19 1 5 14 5 1 20 1 5 14 4 12 5 1 19 6 16 5 1 21 7 1 15 6 21 1 5 16 5 1 21 6 15 1 7 21 1 5 16 6 19
CS (122, 988) (282, 34) - 1 5 12 4 14 5 1 20 1 5 14 4 10 2 4 2 6 2 4 2 10 4 14 4 8 2 4 2 10 4 12 4 12 4 10 2 4 2 8 4 14 4 10 2 4 2 6 2 4 2 10 4 14 5 1 20 1 5 14 4 12 5 1 19 6 16 6 20 6 14 4 12 5 1 19 6 15 1 7 20 6 16 6 20 6 14 4 12 5 1 19 6 16 6 19 1 5 12 4 14 6 20 6 16 6 20 7 1 15 6 19 1 5 12 4 14 6 20 6 16 6 19
CS (126, 1100) (282, 100) - 1 5 12 4 14 6 20 6 16 6 18 6 18 6 18 6 17 1 6 1 17 6 18 6 18 6 17 1 6 1 17 6 18 6 18 6 17 1 6 1 17 6 18 6 18 6 18 6 16 6 20 6 14 4 12 5 1 18 1 6 1 17 6 18 6 16 4 8 2 4 2 10 4 10 2 4 2 8 4 16 6 18 6 18 6 16 4 8 2 6 4 16 4 6 2 8 4 16 6 18 6 18 6 16 4 8 2 4 2 10 4 10 2 4 2 8 4 16 6 18 6 17 1 6 1 18
CS (128, 876) (282, 1) - 1 5 12 4 12 4 10 4 14 5 1 20 1 5 14 4 10 4 12 4 10 4 14 6 19 1 6 1 15 6 19 1 5 14 5 1 19 6 15 1 6 1 19 6 14 4 10 4 12 4 10 4 14 5 1 20 1 5 14 4 10 4 12 4 12 5 1 19 6 14 4 8 2 4 2 8 2 4 2 6 2 6 2 6 4 16 4 6 2 6 2 6 4 16 4 6 2 6 2 6 4 16 4 6 2 6 2 6 4 16 4 6 2 6 2 6 2 4 2 8 2 4 2 8 4 14 6 19
OSO (29, 215) (283, 20) - 1 5 12 4 12 4 12 4 10 4 12 4 12 4 10 2 2 2 10 4 12 4 12 4 10 4 14 6 19
OSO (29, 263) (283, 68) - 1 5 12 4 12 4 12 4 12 4 14 6 20 6 16 5 1 21 7 1 15 6 20 6 16 4 8 4 17
OSO (31, 243) (283, 18) - 1 5 12 2 2 2 10 4 12 5 1 18 1 5 12 4 12 4 10 4 14 4 8 4 16 6 18 6 16 6 19
CS (104, 708) (283, 83) - 1 5 12 4 12 4 12 4 10 2 4 2 8 4 16 6 18 6 19 1 5 14 4 10 2 2 2 10 2 2 2 10 2 2 2 10 4 14 5 1 19 6 18 6 16 4 8 2 4 2 10 4 12 4 12 4 12 5 1 17 6 19 1 6 1 15 5 1 20 1 5 14 4 10 2 2 2 10 2 2 2 10 2 2 2 10 2 2 2 10 4 14 5 1 20 1 5 15 1 6 1 19 6 17
OSO (35, 323) (284, 8) - 1 5 12 4 14 6 18 6 17 1 6 1 17 6 17 1 6 1 17 6 18 6 15 1 7 20 7 1 15 6 18 6 16 6 19
CS (82, 636) (284, 578) - 1 5 12 4 14 4 10 4 16 6 18 4 8 4 16 4 8 4 17 1 6 1 17 4 8 4 16 4 8 4 18 6 16 4 10 4 14 4 12 5 1 19 6 16 4 10 4 14 4 10 4 14 4 12 4 10 2 4 2 8 2 4 2 8 2 4 2 10 4 12 4 14 4 10 4 14 4 10 4 16 6 19
CS (100, 916) (284, 4) - 1 5 12 4 14 6 20 6 16 6 18 6 18 6 18 6 17 1 5 12 5 1 17 6 19 1 5 14 4 10 4 14 6 20 6 16 4 6 2 8 4 16 6 18 6 18 6 16 4 8 2 6 4 16 6 20 6 14 4 10 4 14 5 1 19 6 17 1 5 12 5 1 17 6 18 6 18 6 18 6 16 6 20 6 14 4 12 5 1 18 1 6 1 17 6 17 1 6 1 18
CS (108, 892) (284, 4472) - 1 5 12 2 2 2 10 4 12 4 12 4 12 4 12 4 10 4 15 1 6 1 19 6 16 6 19 1 5 14 6 20 6 16 4 8 4 16 6 19 1 5 14 5 1 19 6 16 4 8 2 4 2 8 4 16 6 19 1 5 14 5 1 19 6 16 4 8 4 16 6 20 6 14 5 1 19 6 16 6 19 1 6 1 15 4 10 4 12 4 12 4 12 4 12 4 10 2 2 2 12 5 1 19 6 16 6 19
CS (108, 980) (284, 2643) - 1 5 12 4 14 6 21 1 5 16 6 19 1 6 1 17 6 18 6 18 6 18 6 19 1 5 14 4 10 4 14 4 10 4 15 1 6 1 19 6 17 1 6 1 19 6 16 6 19 1 6 1 17 6 19 1 6 1 15 4 10 4 14 4 10 4 14 5 1 19 6 18 6 18 6 18 6 17 1 6 1 19 6 16 5 1 21 6 14 4 12 5 1 19 6 16 6 21 1 5 16 5 1 21 6 16 6 19
CS (112, 1052) (284, 7) - 1 5 12 4 14 6 20 6 17 1 6 1 17 4 8 4 16 6 20 6 16 6 19 1 5 12 4 14 6 21 1 5 16 6 20 7 1 15 6 20 6 15 1 7 20 6 16 5 1 21 6 14 4 12 5 1 19 6 16 6 20 6 16 4 8 4 17 1 6 1 17 6 20 6 14 4 12 5 1 19 6 16 6 20 6 16 4 8 4 16 4 8 4 16 4 8 4 16 4 8 4 16 4 8 4 16 6 20 6 16 6 19
CS (132, 892) (284, 3010) - 1 5 12 4 10 4 14 4 8 4 16 6 17 1 6 1 17 6 18 6 15 1 7 20 6 14 4 8 2 4 2 8 2 4 2 6 2 6 2 6 2 4 2 8 2 4 2 8 4 14 6 20 7 1 15 6 18 6 17 1 6 1 17 6 16 4 8 4 14 4 10 4 12 5 1 17 4 6 2 6 2 4 2 10 4 10 2 4 2 6 2 6 4 17 1 5 12 4 10 4 14 5 1 20 1 5 14 4 10 4 12 5 1 17 4 6 2 6 2 4 2 10 4 10 2 4 2 6 2 6 4 17
CS (136, 1076) (284, 2416) - 1 6 1 15 4 10 4 12 4 13 1 7 20 6 15 1 7 20 6 16 4 8 4 16 6 20 7 1 15 6 20 6 14 4 10 2 4 2 6 2 6 2 6 2 6 2 6 2 6 2 4 2 10 4 14 6 20 6 15 1 7 20 6 16 4 8 4 16 6 20 7 1 15 6 20 6 14 4 10 2 4 2 6 2 6 2 6 2 6 2 6 2 6 2 4 2 10 4 14 6 20 6 15 1 7 20 6 16 4 8 4 16 6 20 7 1 15 6 20 7 1 13 4 12 4 10 4 15 1 6 1 19 6 16 6 19
OSO (31, 307) (285, 1) - 1 5 14 4 8 4 16 6 18 6 16 6 18 6 16 6 19 1 5 14 5 1 19 6 16 6 18 6 16 6 19
CS (72, 540) (285, 138) - 1 5 14 5 1 19 6 18 6 16 4 8 2 6 4 18 6 16 5 1 21 6 14 4 10 4 14 4 10 2 2 2 10 2 4 2 6 2 6 2 6 2 4 2 10 2 2 2 10 4 14 4 10 4 14 6 21 1 5 16 6 18 4 6 2 8 4 16 6 18 6 19
CS (96, 716) (285, 6) - 1 5 12 4 10 2 4 2 6 2 6 2 6 4 17 1 6 1 17 6 18 6 16 6 19 1 5 14 6 20 6 14 4 10 4 14 6 19 1 6 1 16 1 6 1 19 6 14 4 10 4 14 6 20 6 14 5 1 19 6 16 6 18 6 17 1 6 1 17 4 6 2 6 2 6 2 4 2 10 4 12 5 1 17 4 6 2 6 2 6 2 6 2 6 4 17
CS (98, 728) (285, 108) - 1 5 12 2 2 2 8 2 4 2 8 2 2 2 12 5 1 19 6 14 4 12 5 1 19 6 15 1 7 20 6 14 4 10 2 2 2 10 4 14 6 19 1 5 12 4 14 6 18 4 6 2 4 2 10 4 12 4 12 4 10 2 4 2 6 4 18 6 14 4 12 5 1 19 6 14 4 10 2 2 2 10 4 14 6 20 7 1 15 6 19 1 5 12 4 14 6 19
CS (114, 1080) (285, 34) - 1 5 14 4 12 4 12 4 12 4 14 5 1 21 7 1 15 5 1 21 7 1 15 6 21 1 5 16 6 21 1 5 16 4 8 2 6 4 18 6 18 6 18 6 20 7 1 13 4 14 6 20 6 18 6 18 6 18 6 20 7 1 13 4 13 1 7 20 6 18 6 18 6 18 6 20 6 14 4 13 1 7 20 6 18 6 18 6 18 4 6 2 8 4 16 5 1 21 6 16 5 1 21 6 15 1 7 21 1 5 15 1 7 21
CS (62, 524) (286, 42) - 1 5 12 4 13 1 7 19 1 6 1 15 4 10 4 12 4 10 4 15 1 6 1 19 7 1 13 4 12 5 1 19 6 14 4 12 5 1 19 6 16 6 18 6 17 1 6 1 17 6 18 6 16 6 19 1 5 12 4 14 6 19
CS (88, 612) (286, 47193) - 1 5 12 2 2 2 8 2 4 2 8 4 14 4 8 2 4 2 8 2 2 2 12 5 1 19 6 16 6 16 4 8 2 4 2 6 2 8 4 12 4 12 4 12 5 1 19 6 14 4 10 4 12 4 12 4 10 4 12 4 12 4 10 4 14 6 19 1 5 12 4 12 4 12 4 8 2 6 2 4 2 8 4 16 6 16 6 19
CS (88, 620) (286, 9672) - 1 5 12 4 10 4 15 1 6 1 19 6 14 4 10 4 14 6 19 1 5 12 4 12 4 10 2 4 2 6 2 6 4 17 1 6 1 17 6 17 1 6 1 17 4 6 2 6 2 4 2 10 4 12 4 12 5 1 19 6 14 4 10 4 14 6 19 1 6 1 15 4 10 4 12 5 1 17 4 6 2 6 2 6 2 6 4 17
CS (88, 700) (286, 401) - 1 5 12 4 12 4 14 6 20 6 16 6 20 6 16 6 20 6 14 4 12 4 12 5 1 18 1 6 1 17 4 6 2 8 4 16 6 18 4 6 2 6 2 8 4 14 4 12 5 1 19 6 17 1 6 1 18 1 6 1 17 6 19 1 5 12 4 14 4 8 2 6 2 6 4 18 6 16 4 8 2 6 4 17 1 6 1 18
CS (90, 664) (286, 48) - 1 5 12 4 14 4 10 4 14 4 10 2 2 2 12 4 10 2 4 2 8 4 16 4 8 2 4 2 10 4 12 2 2 2 10 4 14 4 10 4 14 4 12 5 1 19 6 16 5 1 20 1 5 14 4 10 2 4 2 8 4 16 6 20 6 17 1 6 1 17 6 20 6 16 4 8 2 4 2 10 4 14 5 1 20 1 5 16 6 19
CS (108, 988) (286, 385) - 1 5 12 4 12 4 14 6 20 6 16 6 20 6 16 6 19 1 6 1 17 6 18 6 19 1 5 14 4 10 4 14 5 1 19 6 18 6 17 1 6 1 19 6 16 6 20 6 16 6 20 6 14 4 12 4 12 5 1 19 6 16 6 20 6 16 6 19 1 6 1 17 6 18 6 18 4 6 2 6 2 6 2 6 2 6 2 6 2 6 4 18 6 18 6 17 1 6 1 19 6 16 6 20 6 16 6 19
CS (116, 848) (286, 543) - 1 5 14 4 10 2 4 2 6 2 6 2 8 4 14 4 10 4 15 1 6 1 20 1 5 16 6 18 6 19 1 6 1 15 4 10 4 14 4 10 4 14 5 1 20 1 5 14 4 10 4 14 4 10 4 15 1 6 1 19 6 18 6 16 5 1 20 1 6 1 15 4 10 4 14 4 8 2 6 2 6 2 4 2 10 4 14 5 1 20 1 5 14 5 1 20 1 5 15 1 6 1 20 1 6 1 15 5 1 20 1 5 14 5 1 20
CS (116, 944) (286, 57) - 1 5 12 4 14 5 1 20 1 5 14 4 10 4 14 4 10 4 14 4 10 4 14 5 1 20 1 5 14 4 12 5 1 19 6 16 4 8 2 4 2 10 4 12 4 12 4 12 4 12 4 14 6 20 6 15 1 7 20 6 16 4 8 4 17 1 6 1 17 6 19 1 6 1 16 1 6 1 19 6 17 1 6 1 17 4 8 4 16 6 20 7 1 15 6 20 6 14 4 12 4 12 4 12 4 12 4 10 2 4 2 8 4 16 6 19
CS (116, 984) (286, 66) - 1 5 12 4 14 5 1 20 1 5 14 4 12 5 1 19 6 16 5 1 20 1 6 1 15 4 10 4 14 4 10 4 14 4 10 4 15 1 6 1 20 1 5 16 6 19 1 5 12 4 14 5 1 20 1 5 14 4 12 5 1 19 6 16 5 1 20 1 6 1 15 4 10 4 14 5 1 19 6 18 6 18 6 18 6 19 1 5 14 5 1 19 6 18 6 18 6 18 6 19 1 5 14 4 10 4 15 1 6 1 20 1 5 16 6 19
CS (124, 1084) (286, 117) - 1 5 12 4 14 5 1 20 1 5 14 5 1 19 6 17 1 6 1 19 6 16 6 19 1 6 1 17 6 19 1 5 14 5 1 20 1 5 14 4 12 5 1 19 6 16 5 1 20 1 6 1 16 1 6 1 19 6 16 4 8 4 17 1 6 1 17 6 20 6 14 4 12 5 1 19 6 16 6 20 6 16 6 20 6 16 6 20 6 16 6 19 1 5 12 4 14 6 20 6 17 1 6 1 17 4 8 4 16 6 19 1 6 1 16 1 6 1 20 1 5 16 6 19
CS (132, 1100) (286, 6588) - 1 5 10 2 4 2 8 4 16 6 18 6 18 6 16 4 8 2 4 2 10 5 1 17 6 18 6 18 6 17 1 6 1 17 6 18 6 18 6 18 6 16 6 20 6 14 4 12 5 1 18 1 6 1 17 6 18 6 16 4 8 2 4 2 8 2 4 2 8 2 4 2 8 4 16 6 18 6 18 6 16 4 8 2 4 2 8 2 4 2 8 2 4 2 8 4 16 6 18 6 17 1 6 1 18 1 5 12 4 14 6 20 6 16 6 18 6 18 6 18 6 17 1 6 1 17 6 18 6 18 6 17
CS (136, 1096) (286, 84) - 1 5 12 4 12 4 12 4 12 5 1 17 4 8 4 16 6 18 6 18 6 16 4 8 4 17 1 5 12 4 12 4 12 4 12 5 1 17 4 8 4 16 6 18 6 18 6 16 4 8 4 17 1 5 12 4 12 4 12 4 12 5 1 18 1 5 12 4 14 6 19 1 6 1 16 1 6 1 18 1 5 12 4 14 6 20 7 1 13 4 12 5 1 18 1 5 12 4 12 4 12 4 12 5 1 18 1 5 12 4 13 1 7 20 6 14 4 12 5 1 18 1 6 1 16 1 6 1 19 6 14 4 12 5 1 18
CS (142, 1076) (286, 4961) - 1 5 12 4 14 4 8 2 6 4 18 6 16 4 8 2 6 4 18 6 16 4 8 2 4 2 10 4 12 4 12 2 2 2 8 2 6 4 17 1 6 1 17 4 6 2 8 2 2 2 12 4 12 4 10 2 4 2 8 4 16 6 18 4 6 2 8 4 16 6 18 4 6 2 8 4 14 4 12 5 1 19 6 16 4 8 4 18 6 16 6 20 6 16 4 8 2 4 2 10 4 12 4 12 4 12 4 12 4 12 4 12 4 12 4 12 4 12 4 12 4 12 4 10 2 4 2 8 4 16 6 20 6 16 6 18 4 8 4 16 6 19
CS (160, 1344) (286, 139) - 1 5 12 4 14 4 8 2 6 2 6 2 4 2 10 4 14 4 8 2 6 2 6 4 18 6 18 6 16 4 10 4 14 5 1 20 1 5 14 4 10 4 16 6 18 6 18 4 6 2 6 2 8 4 14 4 10 2 4 2 6 2 6 2 8 4 14 4 12 5 1 19 6 16 4 10 4 12 4 14 5 1 21 7 1 15 5 1 20 1 6 1 15 4 10 4 14 5 1 19 6 18 6 18 6 18 6 18 6 18 6 18 6 18 6 18 6 18 6 18 6 18 6 18 6 18 6 18 6 18 6 19 1 5 14 4 10 4 15 1 6 1 20 1 5 15 1 7 21 1 5 14 4 12 4 10 4 16 6 19
CS (114, 860) (287, 14471) - 1 5 12 4 12 5 1 18 1 5 12 4 12 5 1 18 1 5 12 4 12 5 1 18 1 5 12 4 12 5 1 18 1 6 1 15 4 8 4 16 6 16 6 19 1 5 14 6 19 1 6 1 15 4 8 4 15 1 6 1 18 1 5 12 4 12 5 1 18 1 5 12 4 12 5 1 18 1 5 12 4 12 5 1 18 1 6 1 15 4 8 4 15 1 6 1 19 6 14 5 1 19 6 16 6 16 4 8 4 15 1 6 1 18
CS (152, 992) (287, 3191) - 1 5 12 4 12 4 12 4 12 4 14 6 20 6 16 4 8 4 17 1 6 1 17 4 8 4 16 6 20 7 1 13 4 12 4 12 4 12 4 12 4 12 4 13 1 7 20 6 16 4 8 4 17 1 6 1 17 4 8 4 16 6 20 6 14 4 12 4 12 4 12 4 12 5 1 17 4 8 4 16 4 6 2 8 2 4 2 8 2 4 2 8 2 4 2 8 2 4 2 8 2 4 2 8 2 4 2 8 2 4 2 8 2 4 2 8 2 4 2 8 2 4 2 8 2 4 2 8 2 4 2 8 2 4 2 8 2 4 2 8 2 4 2 8 2 6 4 16 4 8 4 17
CS (90, 756) (288, 38) - 1 5 16 6 20 6 16 6 20 6 14 4 12 4 12 4 12 4 12 4 14 6 20 6 16 6 20 6 16 5 1 21 6 14 4 12 4 10 2 2 2 12 4 12 4 10 2 4 2 8 4 16 6 20 7 1 13 4 12 4 12 4 12 4 13 1 7 20 6 16 4 8 2 4 2 10 4 12 4 12 2 2 2 10 4 12 4 14 6 21
CS (92, 548) (288, 4) - 1 5 12 2 2 2 8 2 4 2 6 2 6 2 6 2 6 4 16 6 18 6 16 4 6 2 6 2 6 2 6 2 4 2 8 2 2 2 12 5 1 19 6 14 4 8 2 6 4 16 4 6 2 6 2 4 2 10 4 12 5 1 17 4 6 2 6 2 6 4 17 1 5 12 4 10 2 4 2 6 2 6 4 16 4 6 2 8 4 14 6 19
CS (98, 644) (288, 6) - 1 5 16 6 20 6 17 1 6 1 17 4 6 2 8 2 4 2 8 2 6 4 17 1 6 1 17 4 6 2 8 2 4 2 8 2 6 4 17 1 6 1 17 6 20 6 16 5 1 20 1 6 1 15 4 8 2 6 2 6 2 6 2 6 2 8 4 14 4 12 4 12 4 12 4 12 4 12 4 14 4 8 2 6 2 6 2 6 2 6 2 8 4 15 1 6 1 20
CS (104, 884) (288, 505) - 1 5 12 4 12 4 12 4 12 4 10 4 16 6 18 6 18 6 18 6 17 1 6 1 17 6 18 6 18 6 18 6 16 4 10 4 12 4 12 4 12 4 12 5 1 17 4 6 2 8 4 15 1 6 1 19 6 16 6 20 6 14 4 12 5 1 18 1 5 12 4 12 4 12 4 12 4 12 4 12 5 1 18 1 5 12 4 14 6 20 6 16 6 19 1 6 1 15 4 8 2 6 4 17
CS (112, 692) (288, 24) - 1 5 12 4 10 2 4 2 6 2 6 4 17 1 6 1 16 1 6 1 18 1 5 14 6 19 1 5 12 4 12 4 12 5 1 19 6 14 5 1 18 1 6 1 16 1 6 1 17 4 6 2 6 2 4 2 10 4 12 5 1 17 4 6 2 6 2 6 2 4 2 8 2 4 2 8 4 15 1 6 1 18 1 5 12 4 12 4 12 5 1 18 1 6 1 15 4 8 2 4 2 8 2 4 2 6 2 6 2 6 4 17
CS (112, 844) (288, 59) - 1 5 10 2 4 2 8 4 14 6 19 1 6 1 15 4 8 4 15 1 6 1 19 6 14 4 8 2 4 2 10 5 1 17 6 18 6 16 6 17 1 6 1 18 1 5 12 4 12 4 12 5 1 19 6 14 4 10 4 12 4 12 5 1 18 1 6 1 15 4 8 2 4 2 8 4 15 1 6 1 18 1 5 12 4 12 4 10 4 14 6 19 1 5 12 4 12 4 12 5 1 18 1 6 1 17 6 16 6 18 6 17
CS (120, 932) (288, 5823) - 1 5 12 2 2 2 8 2 4 2 8 4 14 4 8 4 16 6 18 6 15 1 7 20 6 14 5 1 19 6 14 4 10 4 14 6 19 1 5 14 6 20 7 1 15 6 18 6 16 4 8 4 14 4 8 2 4 2 8 2 2 2 12 5 1 19 6 15 1 6 1 19 6 15 1 6 1 19 6 14 4 10 4 12 4 12 5 1 18 1 6 1 16 1 6 1 18 1 5 12 4 12 4 10 4 14 6 19 1 6 1 15 6 19 1 6 1 15 6 19
CS (132, 916) (288, 712) - 1 5 12 4 14 4 10 4 16 6 18 4 6 2 8 2 4 2 8 2 4 2 10 4 12 4 14 5 1 20 1 5 15 1 6 1 20 1 5 14 4 12 4 12 4 12 4 14 5 1 20 1 6 1 15 5 1 20 1 5 14 4 12 4 10 2 4 2 8 2 4 2 8 2 6 4 18 6 16 4 10 4 14 4 12 5 1 19 6 16 4 8 2 6 2 6 2 6 2 6 2 8 4 14 4 12 4 12 4 12 4 12 4 12 4 14 4 8 2 6 2 6 2 6 2 6 2 8 4 16 6 19
CS (134, 1060) (288, 18753) - 1 6 1 15 4 10 4 12 4 12 4 12 4 10 2 4 2 6 2 6 2 6 2 6 4 18 6 15 1 7 20 6 16 6 18 6 18 6 17 1 6 1 17 6 18 6 17 1 6 1 17 6 18 6 17 1 6 1 17 6 18 6 17 1 6 1 17 6 18 6 17 1 6 1 17 6 18 6 18 6 16 6 20 7 1 15 6 18 4 6 2 6 2 6 2 6 2 4 2 10 4 12 4 12 4 12 4 10 4 15 1 6 1 18 1 6 1 15 4 10 4 12 4 12 4 12 4 10 4 15 1 6 1 18
CS (158, 1108) (288, 116) - 1 5 12 4 12 4 14 6 20 6 16 4 8 2 4 2 8 2 6 4 16 4 8 2 4 2 8 2 4 2 10 4 12 4 12 4 12 4 12 4 12 4 12 4 12 4 12 4 10 2 4 2 8 2 4 2 8 4 16 4 6 2 8 2 4 2 8 4 16 6 20 6 14 4 12 4 12 5 1 17 4 8 4 16 4 8 4 16 4 6 2 8 2 4 2 8 4 16 4 6 2 8 2 4 2 8 4 16 6 20 6 14 4 12 4 12 5 1 18 1 5 12 4 12 4 14 6 20 6 16 4 8 2 4 2 8 2 6 4 16 4 8 2 4 2 8 2 6 4 16 4 8 4 16 4 8 4 17
CS (92, 764) (289, 5) - 1 5 16 6 18 4 6 2 6 2 6 2 6 2 4 2 10 4 14 6 20 6 15 1 6 1 20 1 5 16 6 18 6 18 6 18 6 16 6 20 6 16 6 18 6 18 6 18 6 16 5 1 20 1 6 1 15 6 20 6 14 4 10 2 4 2 6 2 6 2 6 2 6 4 18 6 16 5 1 20 1 6 1 15 6 20 6 15 1 6 1 20
CS (96, 756) (289, 11972) - 1 5 12 4 12 4 12 4 12 4 10 2 2 2 12 4 10 4 14 4 10 4 14 6 21 1 5 16 6 20 6 14 4 10 2 2 2 10 2 2 2 10 2 2 2 10 4 14 6 20 6 16 5 1 21 6 14 4 10 4 14 4 10 4 12 2 2 2 10 4 12 4 12 4 12 4 12 5 1 17 4 8 4 16 6 18 6 18 6 18 6 16 4 8 4 17
CS (108, 892) (289, 183) - 1 5 14 4 10 4 14 4 10 4 14 5 1 19 6 18 6 18 6 16 4 10 4 12 2 2 2 10 4 12 4 14 6 20 6 16 5 1 21 6 14 4 12 4 10 4 16 6 18 6 18 4 6 2 6 2 6 2 6 2 6 2 6 2 6 2 6 2 6 4 18 6 18 6 16 4 10 4 12 4 14 6 21 1 5 16 6 20 6 14 4 12 4 10 2 2 2 12 4 10 4 16 6 18 6 18 6 19
CS (112, 1020) (289, 227) - 1 5 14 4 10 4 16 6 20 6 16 5 1 21 6 14 4 12 4 12 4 14 5 1 21 7 1 15 5 1 21 6 14 4 12 4 12 4 14 6 21 1 5 15 1 7 21 1 5 14 4 12 4 12 4 14 6 21 1 5 16 6 20 6 16 4 10 4 14 5 1 19 6 18 4 6 2 8 4 16 6 20 6 16 5 1 21 6 14 4 12 4 12 4 14 6 21 1 5 16 6 20 6 16 4 8 2 6 4 18 6 19
CS (132, 988) (289, 5675) - 1 5 10 2 4 2 8 2 4 2 8 4 16 6 19 1 5 12 4 14 5 1 20 1 5 14 5 1 20 1 5 14 4 10 4 15 1 6 1 20 1 5 16 6 18 6 18 4 6 2 6 2 6 2 6 2 6 4 18 6 18 6 16 5 1 20 1 6 1 15 4 10 4 14 5 1 20 1 5 14 5 1 20 1 5 14 4 12 5 1 19 6 16 4 8 2 4 2 8 2 4 2 10 5 1 17 4 6 2 8 4 16 6 18 6 19 1 5 14 5 1 19 6 18 6 16 4 8 2 6 4 17
CS (148, 1172) (289, 104) - 1 5 12 4 14 5 1 20 1 5 14 4 10 4 14 4 10 4 14 4 10 4 14 4 10 4 14 4 10 4 14 5 1 20 1 5 14 4 12 5 1 19 6 16 5 1 21 6 14 4 10 4 16 6 18 6 18 6 19 1 5 14 4 10 4 14 4 10 4 14 4 10 4 14 4 10 4 14 4 8 2 6 2 6 2 6 2 4 2 10 4 14 5 1 20 1 5 14 4 10 2 4 2 6 2 6 2 6 2 8 4 14 4 10 4 14 4 10 4 14 4 10 4 14 4 10 4 14 5 1 19 6 18 6 18 6 16 4 10 4 14 6 21 1 5 16 6 19
OSO (41, 281) (290, 333) - 1 5 12 4 14 4 8 2 6 2 6 2 8 4 14 4 12 4 10 2 4 2 8 4 17 1 5 12 4 14 5 1 20 1 5 14 4 12 5 1 18
OSO (41, 299) (290, 232) - 1 5 12 4 12 4 12 4 12 4 10 2 4 2 6 2 8 4 14 4 8 2 6 2 6 4 17 1 6 1 17 6 18 6 18 6 16 4 8 4 17
CS (82, 556) (290, 3) - 1 5 14 4 12 4 12 2 2 2 12 4 12 4 14 4 10 4 17 1 6 1 17 4 10 4 14 4 12 4 12 2 2 2 12 4 12 4 14 5 1 19 4 6 2 8 4 18 6 18 4 8 2 4 2 10 2 4 2 6 2 8 2 6 2 4 2 10 2 4 2 8 4 18 6 18 4 8 2 6 4 19
CS (92, 732) (290, 204) - 1 5 12 4 10 4 14 4 8 4 16 6 16 4 8 4 16 6 16 6 19 1 5 12 4 12 4 12 4 8 2 6 4 16 6 18 6 16 6 18 6 16 4 6 2 8 4 12 4 12 4 12 5 1 19 6 16 6 16 4 8 4 16 6 16 4 8 4 14 4 10 4 12 5 1 17 4 6 2 6 2 6 4 16 4 6 2 6 2 6 4 17
CS (92, 756) (290, 1829) - 1 5 12 4 12 2 2 2 10 4 12 4 14 6 20 6 16 4 8 2 4 2 8 2 6 4 17 1 5 12 4 12 4 12 4 12 4 12 5 1 17 4 6 2 8 2 4 2 8 4 16 6 20 6 14 4 12 4 10 2 2 2 12 4 12 5 1 19 6 16 6 20 6 16 6 20 6 16 4 8 4 16 6 20 6 16 6 20 6 16 6 19
CS (98, 768) (290, 136) - 1 5 12 4 12 4 12 4 14 5 1 20 1 6 1 15 4 10 4 14 5 1 19 6 18 6 18 6 19 1 5 14 4 10 4 14 4 12 5 1 18 1 6 1 18 1 5 12 4 14 4 10 4 14 5 1 19 6 18 6 18 6 19 1 5 14 4 10 4 15 1 6 1 20 1 5 14 4 12 4 12 4 12 5 1 17 4 6 2 8 2 4 2 8 2 6 4 17
CS (104, 784) (290, 5) - 1 5 12 4 10 2 2 2 10 4 14 6 18 6 17 1 6 1 17 6 16 4 6 2 8 4 14 5 1 19 6 16 6 18 6 16 4 6 2 6 2 6 2 6 2 4 2 8 2 4 2 6 2 6 2 6 2 6 4 16 6 18 6 16 6 19 1 5 14 4 8 2 6 4 16 6 17 1 6 1 17 6 18 6 14 4 10 2 2 2 10 4 12 5 1 17 6 18 6 16 6 18 6 17
CS (110, 856) (290, 1301) - 1 5 12 4 12 5 1 17 4 6 2 6 2 6 4 16 6 18 6 16 6 18 6 16 6 19 1 5 14 4 10 4 12 4 10 4 14 4 8 4 15 1 6 1 18 1 6 1 15 4 8 4 15 1 6 1 18 1 6 1 15 4 8 4 14 4 10 4 12 4 10 4 14 5 1 19 6 16 6 18 6 16 6 18 6 16 4 6 2 6 2 6 4 17 1 5 12 4 12 5 1 18 1 5 12 4 12 5 1 18
CS (116, 784) (290, 8341) - 1 5 12 4 10 2 2 2 10 4 14 6 18 6 17 1 6 1 17 6 16 4 6 2 8 4 14 5 1 20 1 5 14 4 8 2 6 4 16 6 17 1 6 1 17 6 18 6 14 4 10 2 2 2 10 4 12 5 1 17 4 6 2 6 2 6 2 4 2 8 2 4 2 8 4 14 6 20 6 12 2 2 2 10 4 10 4 14 4 10 4 10 2 2 2 12 6 20 6 14 4 8 2 4 2 8 2 4 2 6 2 6 2 6 4 17
CS (120, 912) (290, 545) - 1 5 12 2 2 2 10 4 14 6 20 6 16 6 20 6 14 4 10 2 4 2 6 2 6 2 6 2 6 2 6 2 6 2 6 2 4 2 10 4 14 6 20 6 16 6 20 6 14 4 10 2 2 2 12 5 1 19 6 16 6 20 6 14 4 10 2 4 2 6 2 8 4 14 4 10 4 14 5 1 20 1 5 16 6 19 1 5 14 5 1 19 6 16 5 1 20 1 5 14 4 10 4 14 4 8 2 6 2 4 2 10 4 14 6 20 6 16 6 19
CS (126, 1128) (290, 13886) - 1 5 12 4 14 5 1 20 1 5 14 4 10 4 14 5 1 19 6 17 1 6 1 17 6 18 6 18 6 18 6 16 5 1 20 1 6 1 15 6 20 6 16 6 18 6 19 1 5 14 4 10 4 14 5 1 19 6 17 1 6 1 17 6 19 1 5 14 4 10 4 14 5 1 19 6 18 6 16 6 20 6 15 1 6 1 20 1 5 16 6 18 6 18 6 18 6 17 1 6 1 17 6 19 1 5 14 4 10 4 14 5 1 20 1 5 14 4 12 5 1 19 6 16 6 19
CS (128, 1196) (290, 139) - 1 5 12 5 1 17 4 6 2 8 4 16 6 19 1 6 1 17 6 18 6 18 6 18 6 18 6 17 1 6 1 19 6 16 5 1 21 6 14 4 10 4 16 6 18 6 19 1 5 14 5 1 19 6 18 6 17 1 6 1 19 6 16 6 20 6 16 6 20 6 16 6 19 1 6 1 17 6 18 6 19 1 5 14 5 1 19 6 18 6 16 4 10 4 14 6 21 1 5 16 6 19 1 6 1 17 6 18 6 18 6 18 6 18 6 17 1 6 1 19 6 16 4 8 2 6 4 17
CS (152, 1368) (290, 679) - 1 5 14 5 1 19 6 18 6 16 4 8 2 6 2 4 2 10 4 12 4 14 6 21 1 5 16 6 20 6 16 6 19 1 6 1 17 6 18 6 18 6 18 6 18 6 18 6 17 1 6 1 19 6 16 6 20 6 16 5 1 21 6 14 4 12 4 10 2 4 2 6 2 8 4 16 6 18 6 19 1 5 14 5 1 19 6 18 6 17 1 6 1 19 6 16 6 20 6 15 1 7 20 6 16 4 8 4 17 1 6 1 17 6 19 1 6 1 16 1 6 1 19 6 17 1 6 1 17 4 8 4 16 6 20 7 1 15 6 20 6 16 6 19 1 6 1 17 6 18 6 19
OSO (41, 303) (291, 542) - 1 5 12 2 2 2 10 4 14 5 1 20 1 6 1 15 4 10 4 12 2 2 2 10 4 14 6 21 1 5 16 6 18 4 6 2 8 4 16 6 19
OSO (41, 343) (291, 3) - 1 5 12 4 14 4 10 4 14 5 1 19 6 18 6 18 6 17 1 6 1 19 6 16 5 1 21 6 14 4 10 2 4 2 6 2 8 4 16 6 19
CS (68, 580) (291, 58) - 1 5 16 5 1 21 6 16 6 20 6 16 6 20 6 16 5 1 21 6 14 4 12 4 12 4 10 2 4 2 8 2 4 2 8 4 16 4 8 2 4 2 8 2 4 2 10 4 12 4 12 4 14 6 21 1 5 16 6 20 6 16 6 20 6 16 6 21
CS (102, 996) (291, 207) - 1 5 14 4 10 4 16 5 1 21 6 16 4 10 4 14 5 1 19 6 18 6 20 6 16 6 20 6 18 6 19 1 5 14 4 10 4 16 6 21 1 5 17 1 6 1 17 5 1 21 6 16 4 10 4 14 5 1 19 6 18 6 20 6 16 6 20 6 18 6 19 1 5 14 4 10 4 16 6 21 1 5 16 4 10 4 14 5 1 19 6 18 6 20 6 16 6 20 6 18 6 19
CS (108, 844) (291, 5757) - 1 5 10 2 4 2 6 2 6 2 6 4 16 6 18 6 16 4 6 2 6 2 6 2 4 2 10 5 1 17 6 18 6 14 4 10 2 2 2 10 4 12 4 10 4 14 6 19 1 6 1 15 5 1 20 1 5 14 5 1 19 6 16 6 18 6 16 6 18 6 16 6 18 6 16 6 19 1 5 14 5 1 20 1 5 15 1 6 1 19 6 14 4 10 4 12 4 10 2 2 2 10 4 14 6 18 6 17
CS (128, 1100) (291, 242) - 1 5 12 4 14 6 21 1 5 16 6 19 1 6 1 17 6 18 6 18 6 18 4 6 2 6 2 6 2 6 2 6 2 6 2 6 4 18 6 18 6 18 6 17 1 6 1 19 6 16 5 1 21 6 14 4 12 5 1 19 6 16 5 1 21 6 14 4 10 2 2 2 12 4 10 4 16 6 18 6 18 6 18 6 19 1 5 14 4 10 4 14 4 10 4 14 4 10 4 14 5 1 19 6 18 6 18 6 18 6 16 4 10 4 12 2 2 2 10 4 14 6 21 1 5 16 6 19
CS (154, 1284) (291, 109) - 1 5 12 4 10 2 4 2 8 4 16 6 18 6 17 1 6 1 17 4 6 2 8 4 15 1 6 1 19 6 15 1 7 20 6 16 5 1 21 6 14 5 1 19 6 16 6 19 1 6 1 15 4 10 4 12 4 12 4 12 4 12 4 10 4 15 1 6 1 19 6 16 6 19 1 5 14 6 21 1 5 16 6 20 7 1 15 6 19 1 6 1 15 4 8 2 6 4 17 1 6 1 17 6 18 6 16 4 8 2 4 2 10 4 12 5 1 17 6 19 1 5 14 5 1 19 6 16 5 1 21 7 1 15 6 20 6 15 1 7 21 1 5 16 6 19 1 5 14 5 1 19 6 17
OSO (29, 231) (292, 63) - 1 5 14 4 10 2 2 2 12 4 10 4 16 6 19 1 6 1 17 6 18 6 19 1 5 14 5 1 20
OSO (35, 291) (292, 16) - 1 5 12 4 10 4 14 4 8 4 16 6 16 4 8 4 14 4 10 4 12 4 10 4 14 6 19 1 6 1 15 6 18 6 17
OSO (37, 221) (292, 7) - 1 5 12 4 10 4 14 4 8 2 4 2 8 4 14 4 10 4 10 2 4 2 6 2 6 2 6 4 16 4 6 2 6 2 6 4 17
OSO (45, 383) (292, 191) - 1 5 16 6 20 6 14 4 12 4 10 4 15 1 6 1 19 6 16 6 20 6 14 4 12 4 10 2 2 2 12 4 10 4 14 4 10 4 14 4 10 4 14 6 21
CS (88, 628) (292, 80) - 1 5 12 4 12 4 12 4 12 4 12 4 12 4 12 4 12 2 2 2 8 2 4 2 8 2 2 2 12 4 12 4 12 4 12 4 12 4 12 4 12 4 12 5 1 17 4 6 2 8 2 4 2 8 4 16 6 20 6 14 4 12 4 12 5 1 18 1 5 12 4 12 4 14 6 20 6 16 4 8 2 4 2 8 2 6 4 17
CS (92, 692) (292, 96) - 1 5 12 2 2 2 8 2 4 2 6 2 6 2 6 2 6 4 16 6 18 6 16 6 18 6 16 6 18 6 16 4 6 2 6 2 6 2 6 2 4 2 8 2 2 2 12 5 1 19 6 14 4 10 4 12 4 12 4 10 4 14 6 18 6 18 7 1 13 4 10 4 13 1 7 18 6 18 6 14 4 10 4 12 4 12 4 10 4 14 6 19
CS (94, 788) (292, 305) - 1 5 12 4 12 4 12 4 12 4 12 4 12 4 14 6 20 6 16 4 8 4 17 1 6 1 17 4 8 4 16 6 20 6 14 4 12 4 12 4 12 4 12 4 12 4 12 5 1 17 4 6 2 8 2 4 2 8 4 16 4 8 4 16 6 20 6 16 6 20 6 16 6 20 6 16 6 20 6 16 4 8 4 16 4 8 2 4 2 8 2 6 4 17
CS (98, 832) (292, 10) - 1 5 12 2 4 2 6 2 6 2 6 2 8 4 16 6 20 6 16 6 21 1 5 16 5 1 21 6 14 4 12 4 14 6 21 1 5 16 5 1 21 6 16 6 20 6 16 4 8 2 6 2 6 2 6 2 4 2 12 5 1 19 6 18 6 18 6 18 4 6 2 8 4 16 6 20 6 17 1 6 1 17 6 20 6 16 4 8 2 6 4 18 6 18 6 18 6 19
CS (100, 844) (292, 8022) - 1 5 12 4 12 4 10 4 14 6 19 1 5 12 4 12 4 12 5 1 18 1 6 1 17 6 16 6 18 6 17 1 5 12 5 1 17 6 18 6 16 6 17 1 6 1 18 1 5 12 4 12 4 12 5 1 19 6 14 4 10 4 12 4 12 5 1 18 1 6 1 16 1 6 1 17 6 18 6 16 6 18 6 16 6 18 6 16 6 18 6 17 1 6 1 16 1 6 1 18
CS (100, 868) (292, 3) - 1 5 16 4 8 4 16 4 8 2 4 2 8 2 6 4 16 4 8 2 4 2 10 4 12 4 12 4 14 6 21 1 5 16 6 20 6 16 6 20 6 16 6 20 6 16 5 1 21 6 14 4 12 4 12 4 10 2 4 2 8 4 16 4 6 2 8 2 4 2 8 4 16 4 8 4 16 5 1 21 6 16 6 20 6 16 6 20 6 16 6 20 6 16 6 20 6 16 6 21
CS (116, 724) (292, 49993) - 1 5 12 2 2 2 10 4 12 2 2 2 8 2 4 2 8 2 4 2 8 2 4 2 8 4 15 1 6 1 19 6 17 1 5 12 4 12 4 12 5 1 17 6 19 1 6 1 15 4 8 2 4 2 8 2 4 2 8 2 4 2 8 2 2 2 12 4 10 2 2 2 12 5 1 19 6 16 6 19 1 6 1 15 4 10 4 12 2 2 2 8 2 6 4 16 4 6 2 8 2 2 2 12 4 10 4 15 1 6 1 19 6 16 6 19
CS (122, 988) (292, 192) - 1 5 10 2 4 2 8 4 14 6 19 1 6 1 15 4 8 4 15 1 6 1 19 6 14 5 1 19 6 14 4 10 4 13 1 7 19 1 5 12 4 12 4 12 5 1 19 7 1 13 4 10 4 14 6 19 1 5 14 6 19 1 6 1 15 4 8 4 15 1 6 1 19 6 14 4 8 2 4 2 10 5 1 17 6 18 6 15 1 7 20 6 14 5 1 19 6 14 4 10 4 12 4 12 4 10 4 14 6 19 1 5 14 6 20 7 1 15 6 18 6 17
CS (124, 920) (292, 225) - 1 5 14 4 10 4 14 5 1 20 1 5 15 1 6 1 20 1 5 16 6 18 4 6 2 6 2 6 2 6 2 6 2 6 2 6 4 18 6 16 5 1 20 1 6 1 15 5 1 20 1 5 14 4 10 4 14 5 1 20 1 5 15 1 6 1 20 1 5 16 6 18 4 6 2 6 2 6 2 6 2 6 2 6 2 6 4 18 6 16 5 1 20 1 6 1 15 5 1 20 1 5 14 4 10 4 14 5 1 20 1 5 16 6 18 6 18 6 18 6 16 5 1 20
CS (132, 1188) (292, 67) - 1 5 14 5 1 19 6 16 6 16 4 8 4 16 6 16 6 19 1 5 14 5 1 19 6 16 6 17 1 6 1 17 6 16 6 19 1 5 14 5 1 20 1 5 16 6 17 1 6 1 17 6 16 6 19 1 5 14 5 1 19 6 16 6 17 1 6 1 17 6 16 6 19 1 5 14 6 20 6 14 5 1 19 6 16 6 17 1 6 1 17 6 16 6 19 1 5 14 5 1 19 6 16 6 17 1 6 1 17 6 16 5 1 20 1 5 14 5 1 19 6 16 6 17 1 6 1 17 6 16 6 19
CS (154, 1220) (292, 361) - 1 7 20 6 16 4 8 2 4 2 10 4 12 4 12 4 12 4 12 2 2 2 8 2 4 2 8 2 4 2 8 2 4 2 10 4 12 4 12 4 10 2 4 2 8 2 4 2 8 2 4 2 8 2 2 2 12 4 12 4 12 4 12 4 10 2 4 2 8 4 16 6 20 7 1 15 6 20 6 16 6 20 6 16 6 20 6 14 4 12 4 12 4 12 4 12 4 10 2 4 2 8 4 16 6 20 7 1 15 6 20 6 16 6 20 6 16 6 20 6 15 1 7 20 6 16 4 8 2 4 2 10 4 12 4 12 4 12 4 12 4 14 6 20 6 16 6 20 6 16 6 20 6 15
CS (176, 1240) (292, 5320) - 1 5 12 2 2 2 8 2 2 2 12 5 1 19 6 14 5 1 18 1 6 1 16 1 6 1 18 1 5 14 6 19 1 5 12 4 12 4 12 5 1 19 6 14 4 8 2 6 4 16 6 17 1 6 1 17 6 16 4 6 2 8 4 14 6 19 1 5 12 4 12 4 10 2 2 2 10 4 12 4 10 2 2 2 10 4 12 4 10 2 2 2 10 4 12 4 10 2 2 2 10 4 12 4 10 2 2 2 10 4 12 4 10 2 2 2 10 4 12 4 12 5 1 19 6 14 4 8 2 6 4 16 6 17 1 6 1 17 6 16 4 6 2 8 4 14 6 19 1 5 12 4 12 4 12 5 1 19 6 14 5 1 18 1 6 1 16 1 6 1 18 1 5 14 6 19
OSO (41, 221) (293, 13756) - 1 5 12 4 10 4 14 4 8 2 4 2 8 4 14 4 8 2 4 2 8 2 4 2 6 2 6 2 4 2 10 4 10 2 4 2 6 2 6 4 17
CS (136, 1024) (293, 94) - 1 5 12 4 12 4 12 4 12 4 10 2 2 2 12 4 10 4 14 4 8 2 6 2 6 4 18 6 16 6 20 7 1 13 4 12 4 10 2 4 2 6 2 6 2 6 2 6 2 6 2 6 2 6 2 4 2 10 4 12 4 13 1 7 20 6 16 6 18 4 6 2 6 2 8 4 14 4 10 4 12 2 2 2 10 4 12 4 12 4 12 4 12 5 1 17 4 8 4 16 6 18 6 18 6 18 6 16 5 1 20 1 5 14 4 10 4 14 5 1 20 1 5 16 6 18 6 18 6 18 6 16 4 8 4 17
CS (68, 436) (294, 6301) - 1 5 12 4 12 4 10 2 4 2 8 4 14 4 10 2 2 2 10 4 14 4 8 2 4 2 10 4 12 4 12 5 1 17 4 6 2 8 4 14 4 10 2 2 2 10 4 14 5 1 20 1 5 14 4 10 2 2 2 10 4 14 4 8 2 6 4 17
CS (112, 1016) (294, 132) - 1 5 14 4 10 4 16 6 19 1 6 1 17 6 18 6 20 6 16 6 20 6 16 4 10 4 14 5 1 19 6 18 6 19 1 5 14 4 10 4 16 6 20 6 16 6 20 6 18 6 17 1 6 1 19 6 16 4 10 4 14 5 1 19 6 18 6 18 4 6 2 8 4 16 6 20 6 16 4 8 2 4 2 10 4 14 4 10 4 14 4 10 2 4 2 8 4 16 6 20 6 16 4 8 2 6 4 18 6 18 6 19
CS (124, 1036) (294, 1456) - 1 5 12 4 14 5 1 20 1 6 1 15 4 10 4 14 5 1 20 1 5 14 5 1 19 6 17 1 6 1 19 6 16 6 20 6 16 6 20 6 16 6 19 1 6 1 17 6 19 1 5 14 5 1 20 1 5 14 4 10 4 15 1 6 1 20 1 5 14 4 12 5 1 19 6 16 4 8 2 4 2 10 4 12 4 12 4 12 4 12 4 13 1 7 20 6 16 6 20 6 16 6 20 7 1 13 4 12 4 12 4 12 4 12 4 10 2 4 2 8 4 16 6 19
CS (148, 1276) (294, 21) - 1 5 12 4 14 6 21 1 5 16 6 20 6 14 4 12 4 10 2 4 2 6 2 8 4 16 6 19 1 5 14 5 1 20 1 5 14 5 1 19 6 16 4 8 2 6 2 4 2 10 4 12 4 14 6 20 6 16 5 1 21 6 14 4 12 5 1 19 6 16 6 20 6 16 5 1 21 6 15 1 7 21 1 5 16 6 18 4 6 2 8 4 16 6 18 6 19 1 6 1 15 4 10 4 14 5 1 20 1 5 14 4 10 4 15 1 6 1 19 6 18 6 16 4 8 2 6 4 18 6 16 5 1 21 7 1 15 6 21 1 5 16 6 20 6 16 6 19
CS (152, 1192) (294, 118) - 1 5 12 2 2 2 10 4 14 4 8 2 6 2 6 4 18 6 17 1 6 1 18 1 6 1 18 1 5 12 4 14 6 21 1 5 16 6 19 1 6 1 17 6 18 6 19 1 5 14 5 1 19 6 18 6 17 1 6 1 19 6 16 5 1 21 6 14 4 12 5 1 18 1 6 1 18 1 6 1 17 6 18 4 6 2 6 2 8 4 14 4 10 2 2 2 12 5 1 19 6 18 6 16 4 8 2 6 4 17 1 6 1 18 1 6 1 17 6 19 1 6 1 17 6 18 6 17 1 6 1 19 6 17 1 6 1 18 1 6 1 17 4 6 2 8 4 16 6 18 6 19
CS (60, 412) (295, 187) - 1 5 12 2 2 2 10 4 14 4 10 4 14 4 10 4 14 4 10 4 14 4 10 2 2 2 12 5 1 19 6 16 4 8 2 6 2 4 2 10 4 14 5 1 20 1 5 14 4 10 2 4 2 6 2 8 4 16 6 19
CS (104, 708) (295, 91) - 1 5 12 4 12 4 12 4 10 2 4 2 8 4 16 6 18 6 19 1 5 14 4 10 2 2 2 10 2 2 2 10 2 2 2 10 4 14 5 1 19 6 18 6 16 4 8 2 4 2 10 4 12 4 12 4 12 5 1 17 6 19 1 6 1 15 5 1 20 1 5 14 4 10 2 2 2 10 2 4 2 6 2 4 2 10 2 2 2 10 4 14 5 1 20 1 5 15 1 6 1 19 6 17
CS (120, 1004) (295, 114) - 1 5 12 2 2 2 10 4 14 4 10 4 14 6 21 1 5 14 4 12 4 10 2 2 2 12 4 10 4 16 6 18 6 18 6 18 6 18 6 18 6 18 6 18 6 16 4 10 4 12 2 2 2 10 4 12 4 14 5 1 21 6 14 4 10 4 14 4 10 2 2 2 12 5 1 20 1 5 15 1 7 21 1 5 14 4 12 4 10 4 16 6 18 6 19 1 5 14 5 1 19 6 18 6 16 4 10 4 12 4 14 5 1 21 7 1 15 5 1 20
CS (72, 592) (296, 843) - 1 5 12 4 13 1 7 20 7 1 13 4 12 5 1 19 6 14 4 10 4 12 4 12 4 10 4 14 5 1 19 6 16 4 6 2 8 4 14 6 20 7 1 14 1 7 20 6 14 4 8 2 6 4 16 6 19 1 5 14 4 10 4 12 4 12 4 10 4 14 6 19
CS (82, 604) (296, 172) - 1 5 12 4 14 4 10 2 2 2 12 4 10 4 16 6 20 6 17 1 6 1 17 6 20 6 16 4 10 4 12 2 2 2 10 4 14 4 12 5 1 19 6 16 4 10 4 14 4 10 2 2 2 12 4 10 2 4 2 8 4 16 4 8 2 4 2 10 4 12 2 2 2 10 4 14 4 10 4 16 6 19
CS (84, 492) (296, 104659) - 1 5 12 2 2 2 8 2 4 2 8 4 14 4 8 2 4 2 8 2 4 2 6 2 6 2 6 2 4 2 8 2 4 2 8 4 14 4 8 2 4 2 8 2 2 2 12 5 1 19 6 14 4 10 2 2 2 10 4 12 4 10 4 14 5 1 20 1 5 14 4 10 4 12 4 10 2 2 2 10 4 14 6 19
CS (92, 660) (296, 30) - 1 5 12 4 12 4 12 4 12 4 10 2 4 2 8 4 16 6 18 6 19 1 5 14 4 8 2 6 2 6 2 6 4 18 6 16 4 8 2 6 4 16 4 8 2 4 2 8 4 16 4 6 2 8 4 16 6 18 4 6 2 6 2 6 2 8 4 14 5 1 19 6 18 6 16 4 8 2 4 2 10 4 12 4 12 4 12 4 12 5 1 18
CS (98, 768) (296, 8) - 1 5 12 4 14 6 21 1 5 14 4 12 4 12 4 10 2 4 2 8 2 6 4 17 1 6 1 17 4 6 2 8 2 4 2 10 4 12 4 12 4 14 5 1 21 6 14 4 12 5 1 18 1 6 1 17 4 8 4 16 5 1 21 6 16 6 20 6 17 1 6 1 17 4 8 4 17 1 6 1 17 6 20 6 16 6 21 1 5 16 4 8 4 17 1 6 1 18
CS (108, 836) (296, 35) - 1 5 12 4 14 5 1 20 1 5 14 4 10 4 14 4 10 4 12 4 14 6 19 1 6 1 16 1 6 1 18 1 5 12 4 14 6 20 6 14 4 12 5 1 18 1 6 1 16 1 6 1 19 6 14 4 12 4 10 4 14 4 10 4 14 5 1 20 1 5 14 4 12 5 1 19 6 16 6 19 1 6 1 15 4 8 2 4 2 10 4 12 4 10 2 4 2 8 4 15 1 6 1 19 6 16 6 19
CS (110, 900) (296, 1198) - 1 5 12 4 12 5 1 17 6 19 1 5 14 5 1 20 1 5 16 6 19 1 5 14 5 1 19 6 17 1 5 12 5 1 17 6 19 1 5 14 5 1 19 6 16 5 1 20 1 5 14 5 1 19 6 17 1 5 12 4 12 5 1 17 6 19 1 6 1 15 5 1 20 1 5 14 4 10 4 14 5 1 19 6 17 1 6 1 17 6 19 1 5 14 4 10 4 14 5 1 20 1 5 15 1 6 1 19 6 17
CS (114, 856) (296, 107) - 1 5 12 2 2 2 10 4 10 4 15 1 6 1 18 1 5 12 4 12 4 10 2 2 2 10 4 12 4 12 5 1 19 6 14 4 8 2 6 4 16 6 18 6 16 6 18 6 16 4 6 2 8 4 14 6 19 1 5 12 4 12 4 10 2 2 2 10 4 12 4 12 5 1 18 1 6 1 15 4 10 4 10 2 2 2 12 5 1 19 6 16 6 17 1 6 1 17 6 17 1 6 1 17 6 17 1 6 1 17 6 16 6 19
CS (120, 964) (296, 6124) - 1 5 12 4 12 4 10 2 2 2 10 2 2 2 10 4 12 4 10 2 2 2 10 2 2 2 10 4 12 4 12 5 1 18 1 6 1 17 6 16 4 8 4 16 6 18 6 16 6 18 4 6 4 18 6 14 4 12 5 1 19 6 16 6 18 6 16 6 19 1 6 1 15 4 8 2 4 2 8 4 15 1 6 1 19 6 16 6 18 6 16 6 19 1 5 12 4 14 6 18 4 6 4 18 6 16 6 18 6 16 4 8 4 16 6 17 1 6 1 18
CS (126, 988) (296, 18053) - 1 5 10 2 4 2 8 4 14 6 19 1 6 1 15 4 8 4 15 1 6 1 19 6 14 5 1 19 6 14 4 10 4 13 1 7 19 1 5 12 2 2 2 8 2 2 2 12 5 1 19 7 1 13 4 10 4 14 6 19 1 5 14 6 19 1 6 1 15 4 8 4 15 1 6 1 19 6 14 4 8 2 4 2 10 5 1 17 6 18 6 15 1 7 20 6 14 5 1 19 6 14 4 10 4 12 4 12 4 10 4 14 6 19 1 5 14 6 20 7 1 15 6 18 6 17
CS (132, 1144) (296, 746) - 1 5 12 4 12 4 14 6 20 6 17 1 6 1 17 6 20 6 15 1 7 20 6 18 6 16 5 1 20 1 6 1 15 4 10 4 14 4 10 4 14 5 1 20 1 5 14 4 10 4 14 4 10 4 15 1 6 1 20 1 5 16 6 18 6 20 7 1 15 6 20 6 17 1 6 1 17 6 20 6 14 4 12 4 12 5 1 18 1 6 1 17 4 6 2 8 4 16 6 19 1 6 1 17 6 18 6 18 6 18 6 18 6 18 6 17 1 6 1 19 6 16 4 8 2 6 4 17 1 6 1 18
CS (134, 1116) (296, 22846) - 1 5 12 2 2 2 8 4 16 6 16 6 19 1 5 14 5 1 19 6 16 6 17 1 6 1 17 6 16 6 19 1 5 14 5 1 20 1 5 16 6 17 1 6 1 17 6 16 5 1 20 1 5 14 5 1 19 6 16 6 17 1 6 1 17 6 16 6 19 1 5 14 5 1 19 6 16 6 16 4 8 2 2 2 12 5 1 18 1 6 1 16 1 6 1 17 6 18 6 14 4 10 4 14 6 18 6 17 1 5 12 5 1 17 6 18 6 14 4 10 4 14 6 18 6 17 1 6 1 16 1 6 1 18
CS (152, 1336) (296, 94) - 1 5 12 4 14 5 1 20 1 6 1 15 4 10 4 14 5 1 20 1 5 14 4 10 4 14 4 10 4 14 4 10 4 14 5 1 19 6 18 6 18 6 17 1 6 1 19 6 16 5 1 21 6 14 4 12 5 1 19 6 16 6 20 6 16 4 8 4 16 4 8 4 16 6 20 6 16 6 19 1 5 12 4 14 6 21 1 5 16 6 19 1 6 1 17 6 18 6 18 6 19 1 5 14 4 10 4 14 4 10 4 14 4 10 4 14 5 1 20 1 5 14 4 10 4 15 1 6 1 20 1 5 14 4 12 5 1 19 6 16 6 21 1 5 16 5 1 21 6 16 6 19
CS (222, 2016) (296, 3167) - 1 5 14 5 1 19 6 16 6 17 1 6 1 17 6 16 6 19 1 5 14 5 1 19 6 16 6 17 1 6 1 17 6 16 6 19 1 5 14 5 1 20 1 5 16 6 17 1 6 1 17 6 16 6 19 1 5 14 6 20 6 14 5 1 19 6 16 6 17 1 6 1 17 6 16 6 19 1 5 14 6 20 6 14 5 1 19 6 16 6 17 1 6 1 17 6 16 5 1 20 1 5 14 5 1 19 6 16 6 17 1 6 1 17 6 16 6 19 1 5 14 5 1 19 6 16 6 17 1 6 1 17 6 16 6 19 1 5 14 5 1 20 1 5 16 6 17 1 6 1 17 6 16 6 19 1 5 14 6 20 6 14 5 1 19 6 16 6 17 1 6 1 17 6 16 6 19 1 5 14 6 20 6 14 5 1 19 6 16 6 17 1 6 1 17 6 16 6 19 1 5 14 6 20 6 14 5 1 19 6 16 6 17 1 6 1 17 6 16 5 1 20
CS (152, 1212) (297, 47603) - 1 5 12 4 12 4 12 4 12 4 10 4 15 1 6 1 18 1 5 12 4 12 4 12 4 12 5 1 17 4 8 4 15 1 6 1 19 6 16 6 18 6 18 6 18 6 16 6 19 1 6 1 15 4 8 4 17 1 5 12 4 12 4 12 4 12 5 1 18 1 6 1 15 4 10 4 12 4 12 4 12 4 12 5 1 18 1 6 1 16 1 6 1 17 4 6 2 8 4 14 4 10 4 14 6 20 6 15 1 7 21 1 5 16 6 19 1 5 14 5 1 19 6 16 5 1 21 7 1 15 6 20 6 14 4 10 4 14 4 8 2 6 4 17 1 6 1 16 1 6 1 18
OSO (33, 267) (298, 99) - 1 5 12 4 14 5 1 20 1 5 14 5 1 19 6 16 4 10 4 12 2 2 2 10 4 14 6 21 1 5 16 6 19
OSO (35, 317) (298, 5) - 1 5 14 6 19 1 6 1 15 6 19 1 5 14 6 20 7 1 15 6 18 6 16 6 18 6 16 4 6 2 8 4 14 6 19
CS (98, 860) (298, 162) - 1 5 12 2 2 2 10 4 12 4 14 6 20 6 16 6 19 1 5 12 4 14 5 1 19 6 18 6 17 1 6 1 17 6 18 6 19 1 5 14 4 12 5 1 19 6 16 6 20 6 14 4 12 4 10 2 2 2 12 5 1 18 1 6 1 17 6 18 6 16 4 10 4 14 6 20 6 16 4 8 4 16 6 20 6 14 4 10 4 16 6 18 6 17 1 6 1 18
CS (106, 732) (298, 6861) - 1 5 12 4 12 4 10 2 4 2 8 4 14 4 10 2 4 2 6 4 18 6 17 1 6 1 17 6 18 4 6 2 4 2 10 4 14 4 8 2 4 2 10 4 12 4 12 5 1 17 6 19 1 6 1 15 5 1 20 1 5 14 4 10 4 14 4 8 2 6 2 4 2 10 4 12 4 12 4 12 4 10 2 4 2 6 2 8 4 14 4 10 4 14 5 1 20 1 5 15 1 6 1 19 6 17
CS (136, 1172) (298, 4403) - 1 5 12 4 12 4 12 5 1 19 6 14 4 8 2 6 4 16 6 17 1 6 1 17 6 16 4 6 2 8 4 14 6 19 1 5 12 4 13 1 7 20 7 1 15 6 18 6 16 6 18 6 16 6 18 6 16 6 18 6 16 6 18 6 16 6 18 6 16 6 18 6 15 1 7 20 7 1 13 4 12 5 1 19 6 14 4 8 2 6 4 16 6 17 1 6 1 17 6 16 4 6 2 8 4 14 6 19 1 5 12 4 12 4 12 5 1 19 6 14 5 1 18 1 6 1 16 1 6 1 18 1 5 14 6 19
CS (132, 1160) (299, 19206) - 1 5 12 4 10 2 4 2 8 4 15 1 6 1 19 6 16 6 20 6 14 4 10 4 14 4 10 4 14 5 1 20 1 5 14 4 10 4 14 4 10 4 14 6 20 6 16 6 19 1 6 1 15 4 8 2 4 2 10 4 12 5 1 17 6 19 1 5 14 5 1 19 6 16 6 20 6 14 4 12 5 1 19 6 15 1 7 20 6 16 6 20 6 14 4 10 4 14 4 10 4 14 6 20 6 16 6 20 7 1 15 6 19 1 5 12 4 14 6 20 6 16 6 19 1 5 14 5 1 19 6 17
CS (154, 1108) (299, 323) - 1 5 12 4 12 4 12 2 2 2 8 2 4 2 10 4 12 4 12 4 12 4 12 4 12 4 12 4 10 2 4 2 8 2 2 2 12 4 12 4 12 5 1 17 4 8 4 16 4 8 4 16 6 20 6 14 4 12 4 10 2 4 2 8 4 16 6 18 4 6 2 8 4 14 4 12 5 1 19 6 16 6 20 6 16 4 8 2 4 2 8 2 4 2 8 2 4 2 8 2 4 2 8 2 4 2 8 2 4 2 8 4 16 6 20 6 16 6 19 1 5 12 4 14 4 8 2 6 4 18 6 16 4 8 2 4 2 10 4 12 4 14 6 20 6 16 4 8 4 16 4 8 4 17
CS (80, 548) (300, 122) - 1 5 12 4 12 4 10 2 4 2 8 4 16 6 19 1 5 14 5 1 19 6 16 4 8 2 4 2 10 4 12 4 12 5 1 17 6 19 1 6 1 15 5 1 20 1 5 14 4 10 2 4 2 6 2 6 2 6 2 6 2 6 2 4 2 10 4 14 5 1 20 1 5 15 1 6 1 19 6 17
CS (82, 540) (300, 168) - 1 5 12 2 2 2 10 4 14 4 8 2 6 2 4 2 10 4 14 6 21 1 5 16 4 8 4 16 5 1 21 6 14 4 10 2 4 2 6 2 8 4 14 4 10 2 2 2 12 5 1 19 6 16 4 8 2 4 2 8 2 4 2 10 4 12 4 12 4 10 2 4 2 8 2 4 2 8 4 16 6 19
CS (82, 732) (300, 199) - 1 5 14 6 20 6 14 6 20 6 14 6 20 6 14 5 1 19 6 16 6 17 1 6 1 17 6 16 4 6 2 8 4 14 6 20 7 1 15 6 18 6 17 1 6 1 15 4 10 4 10 4 15 1 6 1 17 6 18 6 15 1 7 20 6 14 4 8 2 6 4 16 6 17 1 6 1 17 6 16 6 19
CS (96, 744) (300, 1013) - 1 5 12 4 14 6 18 6 16 4 8 4 14 4 8 2 4 2 8 4 15 1 6 1 19 7 1 14 1 7 19 1 6 1 15 4 8 2 4 2 8 4 14 4 8 4 16 6 18 6 14 4 12 5 1 19 6 16 6 16 4 8 2 2 2 12 4 8 2 6 4 16 6 18 6 16 6 18 6 16 4 6 2 8 4 12 2 2 2 8 4 16 6 16 6 19
CS (100, 840) (300, 847) - 1 5 12 4 12 4 10 4 14 5 1 19 6 16 4 6 2 8 4 14 6 20 7 1 14 1 7 20 6 14 5 1 19 6 14 4 10 4 13 1 7 19 1 5 14 6 20 7 1 14 1 7 20 6 14 5 1 19 7 1 13 4 10 4 14 6 19 1 5 14 6 20 7 1 14 1 7 20 6 14 4 8 2 6 4 16 6 19 1 5 14 4 10 4 12 4 12 5 1 18
CS (112, 800) (300, 658) - 1 5 14 4 10 4 14 4 10 4 14 4 10 2 2 2 10 2 2 2 10 2 2 2 10 2 2 2 10 2 2 2 10 2 2 2 10 4 14 4 10 4 14 4 10 4 14 5 1 20 1 5 15 1 6 1 20 1 5 14 4 12 4 10 4 16 6 18 6 19 1 6 1 15 4 10 4 14 5 1 20 1 5 14 4 10 4 15 1 6 1 19 6 18 6 16 4 10 4 12 4 14 5 1 20 1 6 1 15 5 1 20
CS (120, 936) (300, 106) - 1 5 12 4 12 4 12 4 12 4 12 4 12 4 12 2 2 2 8 2 4 2 8 2 4 2 8 2 2 2 12 4 12 4 12 4 12 4 12 4 12 4 12 5 1 17 4 8 4 16 6 20 6 14 4 12 4 12 5 1 18 1 5 12 4 12 4 14 6 20 6 17 1 5 12 4 12 4 12 4 12 4 12 4 12 4 12 4 12 4 12 5 1 17 6 20 6 14 4 12 4 12 5 1 18 1 5 12 4 12 4 14 6 20 6 16 4 8 4 17
CS (128, 804) (300, 23680) - 1 5 12 2 2 2 8 2 4 2 8 4 14 4 8 2 4 2 8 2 4 2 6 2 6 2 6 2 6 4 16 4 6 2 6 2 6 2 6 2 4 2 8 2 4 2 8 4 14 4 8 2 4 2 8 2 2 2 12 5 1 18 1 6 1 17 6 16 6 18 6 18 6 14 4 10 2 2 2 10 4 12 4 12 5 1 18 1 6 1 15 4 8 2 4 2 8 4 15 1 6 1 18 1 5 12 4 12 4 10 2 2 2 10 4 14 6 18 6 18 6 16 6 17 1 6 1 18
CS (146, 992) (300, 331) - 1 5 12 4 12 4 12 4 12 4 14 6 20 6 16 4 8 4 17 1 6 1 17 4 8 4 16 6 20 7 1 13 4 12 4 12 4 12 4 12 4 13 1 7 20 6 16 4 8 4 17 1 6 1 17 4 8 4 16 6 20 6 14 4 12 4 12 4 12 4 12 5 1 17 4 8 4 16 4 8 4 16 4 6 2 8 2 4 2 8 2 4 2 8 2 4 2 8 2 4 2 8 2 4 2 8 2 4 2 8 2 4 2 8 2 4 2 8 2 4 2 8 2 4 2 8 2 4 2 8 2 4 2 8 2 6 4 16 4 8 4 16 4 8 4 17
CS (96, 660) (301, 12) - 1 5 12 4 14 6 19 1 6 1 15 4 8 2 6 4 16 4 6 2 8 4 15 1 6 1 19 6 14 4 12 5 1 18 1 6 1 17 6 16 4 8 2 4 2 8 2 4 2 8 2 2 2 12 4 10 4 14 5 1 19 6 16 4 8 4 16 6 19 1 5 14 4 10 4 12 2 2 2 8 2 4 2 8 2 4 2 8 4 16 6 17 1 6 1 18
CS (124, 1008) (301, 387) - 1 5 12 4 12 4 14 6 20 6 16 6 20 6 16 6 20 6 16 6 20 6 14 4 12 4 12 5 1 18 1 6 1 17 6 20 6 14 4 10 2 4 2 6 2 8 4 15 1 7 21 1 5 14 4 10 2 2 2 12 4 10 4 14 4 12 5 1 19 6 17 1 6 1 19 6 16 6 19 1 6 1 17 6 19 1 5 12 4 14 4 10 4 12 2 2 2 10 4 14 5 1 21 7 1 15 4 8 2 6 2 4 2 10 4 14 6 20 6 17 1 6 1 18
OSO (39, 333) (302, 27) - 1 5 16 6 20 6 16 4 8 2 4 2 8 2 6 4 17 1 6 1 18 1 6 1 17 4 8 4 16 6 20 6 16 6 20 6 16 6 21
CS (106, 764) (302, 94) - 1 5 12 4 12 2 2 2 10 4 14 5 1 20 1 6 1 15 5 1 20 1 5 14 5 1 19 6 17 1 6 1 19 6 16 5 1 21 6 14 4 12 4 10 2 4 2 8 2 2 2 12 4 12 2 2 2 8 2 4 2 10 4 12 4 14 6 21 1 5 16 6 19 1 6 1 17 6 19 1 5 14 5 1 20 1 5 15 1 6 1 20 1 5 14 4 10 2 2 2 12 4 12 5 1 18
CS (122, 1064) (302, 11306) - 1 5 12 4 14 6 20 6 16 6 19 1 6 1 17 6 18 6 18 6 18 6 17 1 6 1 19 6 16 6 19 1 6 1 17 6 18 6 18 6 18 6 17 1 6 1 19 6 16 6 20 6 14 4 12 5 1 18 1 6 1 17 4 6 2 8 4 16 6 18 6 18 4 6 2 6 4 18 6 18 6 16 4 8 2 6 4 17 1 6 1 17 4 6 2 8 4 16 6 18 6 18 4 6 2 6 4 18 6 18 6 16 4 8 2 6 4 17 1 6 1 18
CS (124, 968) (302, 47071) - 1 5 12 4 12 4 10 2 4 4 18 6 14 4 10 4 12 4 12 4 10 4 12 2 2 2 8 4 15 1 6 1 18 1 6 1 15 4 8 2 2 2 12 4 10 4 12 4 12 4 10 4 14 6 18 4 4 2 10 4 12 4 12 5 1 19 6 14 4 8 2 6 4 16 6 18 6 16 6 18 6 16 4 6 2 8 4 14 6 19 1 5 12 4 12 4 12 5 1 19 6 14 4 8 2 6 4 16 6 18 6 16 6 18 6 16 4 6 2 8 4 14 6 19
CS (128, 1012) (302, 128) - 1 5 16 4 6 2 8 2 2 2 12 4 10 4 15 1 6 1 19 6 16 6 19 1 6 1 15 4 10 4 12 4 12 4 13 1 7 20 6 16 6 19 1 6 1 15 4 10 4 12 4 14 6 19 1 6 1 16 1 6 1 19 6 14 4 12 4 10 4 15 1 6 1 19 6 16 6 20 7 1 13 4 12 4 12 4 10 4 15 1 6 1 19 6 16 6 19 1 6 1 15 4 10 4 12 2 2 2 8 2 6 4 16 5 1 21 6 14 4 10 4 14 4 10 4 14 6 21
CS (132, 1024) (302, 7132) - 1 5 12 2 2 2 10 4 12 4 12 4 12 4 12 4 10 2 2 2 12 5 1 18 1 6 1 17 6 18 6 17 1 6 1 18 1 5 12 2 2 2 10 4 12 4 12 4 12 4 12 4 10 2 2 2 12 5 1 18 1 6 1 17 6 18 6 18 6 16 5 1 20 1 5 14 4 10 4 14 5 1 19 6 17 1 6 1 17 6 19 1 5 14 4 10 4 14 5 1 19 6 17 1 6 1 17 6 19 1 5 14 4 10 4 14 5 1 20 1 5 16 6 18 6 18 6 17 1 6 1 18
CS (132, 1048) (302, 259) - 1 5 10 2 4 2 8 4 14 6 19 1 5 12 4 12 4 12 5 1 19 6 14 5 1 19 7 1 13 4 10 4 13 1 7 19 1 5 14 6 19 1 5 12 4 12 4 12 5 1 19 6 14 5 1 18 1 6 1 16 1 6 1 18 1 5 14 6 19 1 5 12 4 12 4 12 5 1 19 6 14 5 1 19 7 1 13 4 10 4 13 1 7 19 1 5 14 6 19 1 5 12 4 12 4 12 5 1 19 6 14 4 8 2 4 2 10 5 1 17 6 18 6 14 4 10 4 14 6 18 6 17
CS (134, 1000) (302, 49) - 1 5 12 2 2 2 10 4 14 4 8 2 6 4 18 6 16 4 8 4 17 1 6 1 17 6 20 6 14 4 10 2 2 2 12 5 1 19 6 16 4 8 2 4 2 10 4 12 4 12 4 12 4 12 4 10 2 4 2 8 4 16 6 19 1 5 12 2 2 2 10 4 14 6 20 6 17 1 6 1 17 4 8 4 16 6 18 4 6 2 8 4 14 4 10 2 2 2 12 5 1 19 6 18 6 16 4 8 2 4 2 10 4 12 4 12 4 12 4 12 4 12 4 10 2 4 2 8 4 16 6 18 6 19
CS (152, 1220) (302, 766) - 1 7 20 6 16 4 8 2 4 2 10 4 12 4 12 4 12 4 12 2 2 2 8 2 4 2 8 2 4 2 8 2 6 4 16 4 8 4 16 4 6 2 8 2 4 2 8 2 4 2 8 2 2 2 12 4 12 4 12 4 12 4 10 2 4 2 8 4 16 6 20 7 1 15 6 20 6 16 6 20 6 16 6 20 6 14 4 12 4 12 4 12 4 12 4 10 2 4 2 8 4 16 6 20 7 1 15 6 20 6 16 6 20 6 16 6 20 6 15 1 7 20 6 16 4 8 2 4 2 10 4 12 4 12 4 12 4 12 4 14 6 20 6 16 6 20 6 16 6 20 6 15
CS (88, 740) (303, 4238) - 1 5 14 4 10 4 14 4 10 4 14 6 20 6 16 6 19 1 5 14 5 1 20 1 5 16 6 18 6 18 6 17 1 6 1 17 4 6 2 6 2 8 4 14 4 8 2 6 2 6 4 17 1 6 1 17 6 18 6 18 6 16 5 1 20 1 5 14 5 1 19 6 16 6 20 6 14 4 10 4 14 4 10 4 14 5 1 20
CS (128, 1216) (303, 4) - 1 5 12 4 14 6 21 1 5 16 6 19 1 6 1 17 6 18 6 18 6 19 1 5 14 4 10 4 14 4 10 4 14 4 10 4 14 5 1 19 6 18 6 18 6 17 1 6 1 19 6 16 5 1 21 6 14 4 12 5 1 19 6 16 6 20 6 16 4 8 4 16 4 8 4 16 5 1 21 6 16 6 19 1 6 1 17 6 18 6 18 6 18 6 18 6 18 6 18 6 18 6 17 1 6 1 19 6 16 6 21 1 5 16 4 8 4 16 4 8 4 16 6 20 6 16 6 19
CS (158, 1408) (303, 14) - 1 5 16 6 20 6 16 6 20 6 14 4 12 4 12 4 10 2 4 2 8 4 16 6 20 7 1 15 6 20 6 16 6 20 6 16 6 20 6 16 6 20 6 15 1 7 20 6 16 4 8 2 4 2 10 4 12 4 12 4 14 6 20 6 16 6 20 6 16 5 1 21 6 15 1 7 20 6 17 1 6 1 18 1 6 1 17 6 20 7 1 15 6 20 6 16 4 8 2 4 2 10 4 12 4 12 4 12 4 12 4 12 4 12 4 12 4 12 4 12 4 12 4 12 4 12 4 10 2 4 2 8 4 16 6 20 6 15 1 7 20 6 17 1 6 1 18 1 6 1 17 6 20 7 1 15 6 21
CS (78, 660) (304, 55) - 1 5 14 4 10 4 16 4 8 4 17 1 6 1 17 4 8 4 16 4 10 4 14 5 1 19 6 18 4 6 2 8 4 16 5 1 21 6 16 5 1 21 6 15 1 7 21 1 5 14 4 12 4 14 5 1 21 7 1 15 6 21 1 5 16 6 21 1 5 16 4 8 2 6 4 18 6 19
CS (92, 756) (304, 5220) - 1 5 12 4 12 4 12 4 12 4 10 2 2 2 12 4 10 4 14 4 10 4 14 6 21 1 5 16 4 6 2 8 4 16 6 18 6 18 6 18 6 16 4 8 2 6 4 16 5 1 21 6 14 4 10 4 14 4 10 4 12 2 2 2 10 4 12 4 12 4 12 4 12 5 1 17 4 8 4 16 6 18 6 18 6 18 6 16 4 8 4 17
CS (94, 580) (304, 5345) - 1 5 12 4 10 4 14 4 8 2 2 2 12 4 10 4 12 4 12 4 10 4 12 2 2 2 8 4 14 4 10 4 12 5 1 17 4 6 2 6 2 6 4 16 4 6 2 6 2 6 2 4 2 8 2 4 2 8 4 14 5 1 19 6 16 6 19 1 5 14 4 8 2 4 2 8 2 4 2 6 2 6 2 6 4 16 4 6 2 6 2 6 4 17
CS (96, 708) (304, 61) - 1 5 12 4 14 4 10 4 14 4 10 4 14 4 10 4 14 4 12 5 1 19 6 17 1 6 1 19 6 16 4 8 2 4 2 10 4 12 2 2 2 10 4 14 5 1 20 1 6 1 15 4 10 4 14 4 10 4 14 4 10 4 14 4 10 4 15 1 6 1 20 1 5 14 4 10 2 2 2 12 4 10 2 4 2 8 4 16 6 19 1 6 1 17 6 19
CS (100, 792) (304, 17) - 1 5 12 5 1 17 6 20 6 14 4 12 4 10 4 16 6 18 6 19 1 5 14 5 1 20 1 5 14 4 10 2 4 2 6 2 8 4 14 4 10 4 15 1 6 1 19 6 17 1 6 1 18 1 6 1 17 6 19 1 6 1 15 4 10 4 14 4 8 2 6 2 4 2 10 4 14 5 1 20 1 5 14 5 1 19 6 18 6 16 4 10 4 12 4 14 6 20 6 17
CS (104, 832) (304, 206) - 1 5 12 4 14 6 20 6 14 4 12 4 10 4 15 1 6 1 19 6 15 1 7 20 6 16 5 1 21 7 1 15 6 20 6 14 4 10 2 4 2 6 2 6 2 6 2 6 2 6 2 6 2 4 2 10 4 14 6 20 6 15 1 7 21 1 5 16 6 20 7 1 15 6 19 1 6 1 15 4 10 4 12 4 14 6 20 6 14 4 12 5 1 18 1 6 1 17 6 17 1 6 1 18
CS (116, 720) (304, 169) - 1 5 12 4 10 4 14 4 8 2 4 2 8 4 14 4 8 2 4 2 8 4 15 1 6 1 18 1 6 1 15 4 8 2 4 2 8 4 14 4 8 2 4 2 8 4 14 4 10 4 12 5 1 17 4 6 2 6 2 4 2 10 4 10 2 4 2 6 2 4 2 10 4 12 4 10 4 14 6 19 1 5 12 4 12 4 12 5 1 19 6 14 4 10 4 12 4 10 2 4 2 6 2 4 2 10 4 10 2 4 2 6 2 6 4 17
CS (120, 1032) (304, 1810) - 1 5 12 4 12 4 12 4 12 4 12 5 1 17 4 8 4 16 6 20 7 1 15 6 20 6 16 6 19 1 6 1 17 6 19 1 5 14 5 1 20 1 5 14 4 10 4 15 1 6 1 20 1 5 14 4 12 5 1 19 6 16 6 21 1 5 16 5 1 21 6 16 6 19 1 5 12 4 14 5 1 20 1 6 1 15 4 10 4 14 5 1 20 1 5 14 5 1 19 6 17 1 6 1 19 6 16 6 20 6 15 1 7 20 6 16 4 8 4 17
CS (124, 892) (304, 9672) - 1 5 12 4 14 5 1 21 7 1 15 4 8 2 4 2 10 4 12 2 2 2 10 4 12 4 12 2 2 2 8 2 6 4 17 1 6 1 17 4 6 2 8 2 2 2 12 4 12 4 10 2 2 2 12 4 10 2 4 2 8 4 15 1 7 21 1 5 14 4 12 5 1 19 6 16 5 1 21 7 1 15 6 20 6 16 4 8 2 4 2 10 4 12 4 12 4 12 4 12 4 12 4 12 4 10 2 4 2 8 4 16 6 20 6 15 1 7 21 1 5 16 6 19
CS (134, 1028) (304, 20769) - 1 5 14 4 10 4 12 4 12 4 10 4 14 5 1 19 6 17 1 6 1 17 6 16 4 8 2 4 2 8 4 15 1 6 1 19 6 14 4 10 4 14 5 1 20 1 5 14 5 1 19 6 16 6 19 1 5 14 5 1 19 6 16 4 6 2 8 4 14 4 8 2 4 2 8 2 4 2 8 4 14 4 8 2 6 4 16 6 19 1 5 14 5 1 19 6 16 6 19 1 5 14 5 1 20 1 5 14 4 10 4 14 6 19 1 6 1 15 4 8 2 4 2 8 4 16 6 17 1 6 1 17 6 19
CS (188, 1584) (304, 188) - 1 5 12 2 2 2 10 4 14 4 10 4 14 5 1 20 1 6 1 15 5 1 20 1 5 14 5 1 19 6 18 6 17 1 6 1 19 6 16 6 20 6 16 4 8 4 16 4 8 4 16 4 8 4 16 4 8 4 16 6 20 6 16 6 19 1 6 1 17 6 18 6 19 1 5 14 5 1 20 1 5 15 1 6 1 20 1 5 14 4 10 4 14 4 10 2 2 2 12 5 1 19 6 17 1 6 1 19 6 16 6 20 6 16 6 20 6 16 6 19 1 6 1 17 6 18 4 6 2 6 2 8 4 14 4 12 5 1 19 6 17 1 6 1 18 1 6 1 17 6 19 1 5 12 4 14 4 8 2 6 2 6 4 18 6 17 1 6 1 19 6 16 6 20 6 16 6 20 6 16 6 19 1 6 1 17 6 19
CS (104, 692) (305, 102) - 1 5 12 4 12 4 12 2 2 2 8 4 16 4 6 2 8 4 16 6 18 6 19 1 5 14 4 10 2 4 2 6 2 6 2 6 2 6 2 4 2 10 4 14 5 1 19 6 18 6 16 4 8 2 6 4 16 4 8 2 2 2 12 4 12 4 12 5 1 17 4 8 4 16 6 18 4 6 2 6 2 6 2 6 2 6 2 6 2 6 2 6 2 6 2 6 4 18 6 16 4 8 4 17
CS (72, 500) (306, 3934) - 1 5 12 2 2 2 10 4 12 2 2 2 8 2 4 2 8 2 4 2 8 2 2 2 12 4 10 2 2 2 12 5 1 19 6 16 6 20 6 14 4 10 2 2 2 12 5 1 19 6 16 4 8 4 16 6 19 1 5 12 2 2 2 10 4 14 6 20 6 16 6 19
CS (82, 716) (306, 229) - 1 5 12 4 10 4 14 5 1 20 1 5 14 4 8 2 6 4 16 6 17 1 6 1 17 6 17 1 6 1 17 6 17 1 6 1 17 6 16 4 6 2 8 4 14 5 1 20 1 5 14 4 10 4 12 5 1 17 6 18 6 16 6 18 6 16 6 18 6 16 6 18 6 16 6 18 6 16 6 18 6 17
CS (92, 820) (306, 215) - 1 5 14 6 20 6 14 5 1 19 6 16 6 18 6 16 6 18 6 16 4 6 2 8 4 14 6 20 7 1 15 6 18 6 18 6 14 4 10 4 12 2 2 2 8 4 14 4 10 4 12 4 10 4 14 4 8 2 2 2 12 4 10 4 14 6 18 6 18 6 15 1 7 20 6 14 4 8 2 6 4 16 6 18 6 16 6 18 6 16 6 19
CS (96, 828) (306, 32742) - 1 5 12 4 10 2 4 2 8 4 16 6 18 6 18 6 17 1 6 1 17 6 19 1 5 14 5 1 19 6 17 1 6 1 17 6 18 6 18 6 16 4 8 2 4 2 10 4 12 5 1 17 6 19 1 5 14 5 1 19 6 16 4 8 4 16 4 8 4 16 6 18 6 18 6 18 6 16 4 8 4 16 4 8 4 16 6 19 1 5 14 5 1 19 6 17
CS (100, 888) (306, 154) - 1 5 14 5 1 19 6 18 6 18 6 17 1 6 1 19 6 16 4 10 4 12 4 14 6 21 1 5 16 6 19 1 6 1 17 6 18 6 19 1 6 1 15 4 10 4 14 4 10 4 14 4 10 4 14 4 10 4 14 4 10 4 15 1 6 1 19 6 18 6 17 1 6 1 19 6 16 5 1 21 6 14 4 12 4 10 4 16 6 19 1 6 1 17 6 18 6 18 6 19
CS (116, 756) (306, 191) - 1 5 14 4 8 2 6 2 6 2 6 4 18 6 16 4 8 4 16 4 8 4 16 6 19 1 5 14 5 1 19 6 16 4 8 4 16 4 8 4 16 6 18 4 6 2 6 2 6 2 8 4 14 5 1 19 6 16 4 8 2 4 2 10 4 10 2 4 2 8 2 2 2 12 4 10 2 4 2 6 2 6 2 8 4 14 4 8 2 6 2 6 2 4 2 10 4 12 2 2 2 8 2 4 2 10 4 10 2 4 2 8 4 16 6 19
CS (122, 1060) (306, 186) - 1 5 14 5 1 19 6 16 4 10 4 14 4 10 2 4 2 6 2 8 4 16 6 20 6 17 1 6 1 17 6 20 6 16 4 8 2 6 2 4 2 10 4 14 4 10 4 16 6 19 1 5 14 5 1 20 1 5 16 6 20 6 16 5 1 21 7 1 15 6 21 1 5 16 5 1 21 6 16 6 20 6 17 1 6 1 17 4 8 4 17 1 6 1 17 6 20 6 16 6 21 1 5 16 5 1 21 6 15 1 7 21 1 5 16 6 20 6 16 5 1 20
CS (132, 1028) (306, 17576) - 1 5 10 2 4 2 8 2 2 2 12 4 10 2 2 2 12 5 1 19 6 16 6 20 6 14 4 12 5 1 19 6 16 6 19 1 5 14 6 21 1 5 16 6 20 6 14 4 10 4 14 4 10 4 14 6 20 6 16 5 1 21 6 14 5 1 19 6 16 6 19 1 5 12 4 14 6 20 6 16 6 19 1 5 12 2 2 2 10 4 12 2 2 2 8 2 4 2 10 5 1 17 6 18 4 6 2 6 2 4 2 10 4 14 5 1 20 1 5 14 4 10 2 4 2 6 2 6 4 18 6 17
CS (132, 1076) (306, 145) - 1 5 12 4 12 4 14 6 19 1 6 1 16 1 6 1 18 1 5 12 4 14 6 20 6 16 4 8 4 16 6 20 6 14 4 12 5 1 18 1 6 1 16 1 6 1 19 6 14 4 12 4 12 5 1 18 1 5 12 4 14 6 20 6 16 4 8 4 16 6 20 7 1 13 4 12 4 12 4 10 2 2 2 12 4 10 4 15 1 6 1 19 6 16 6 19 1 6 1 15 4 10 4 12 2 2 2 10 4 12 4 12 4 13 1 7 20 6 16 4 8 4 16 6 20 6 14 4 12 5 1 18
CS (146, 1112) (306, 69) - 1 5 12 2 2 2 10 4 12 4 12 4 12 4 12 4 10 2 2 2 12 5 1 18 1 6 1 17 6 18 6 17 1 6 1 17 4 6 2 8 4 14 4 10 4 14 5 1 19 6 17 1 6 1 17 6 19 1 5 14 4 10 4 14 5 1 19 6 17 1 6 1 17 6 19 1 5 14 4 10 4 14 5 1 19 6 17 1 6 1 17 6 19 1 5 14 4 10 4 14 4 8 2 6 4 17 1 6 1 17 6 18 6 17 1 6 1 18 1 5 12 2 2 2 10 4 12 4 12 4 12 4 12 4 10 2 2 2 12 5 1 19 6 16 6 19
CS (152, 1180) (306, 517) - 1 5 12 4 12 4 12 4 12 4 12 2 2 2 8 2 4 2 8 2 4 2 8 2 4 2 8 2 4 2 8 2 4 2 8 2 2 2 12 4 12 4 12 4 12 4 12 5 1 17 4 8 4 16 4 8 4 16 6 20 6 16 6 19 1 5 12 4 14 6 20 6 17 1 6 1 18 1 5 12 4 12 4 14 6 20 6 16 4 8 4 17 1 5 12 4 12 4 12 4 12 4 12 4 12 4 12 5 1 17 4 8 4 16 6 20 6 14 4 12 4 12 5 1 18 1 6 1 17 6 20 6 14 4 12 5 1 19 6 16 6 20 6 16 4 8 4 16 4 8 4 17
CS (160, 1324) (306, 3615) - 1 5 12 4 12 4 12 4 12 5 1 17 4 8 4 16 6 19 1 6 1 17 6 18 6 18 6 18 6 18 6 18 6 17 1 6 1 19 6 16 5 1 21 6 14 4 10 2 2 2 12 4 10 4 15 1 6 1 20 1 5 14 4 12 5 1 19 6 16 4 8 2 4 2 10 4 12 4 12 4 12 4 12 4 12 4 12 4 12 4 12 4 12 4 12 4 10 2 4 2 8 4 16 6 19 1 5 12 4 14 5 1 20 1 6 1 15 4 10 4 12 2 2 2 10 4 14 6 21 1 5 16 6 19 1 6 1 17 6 18 6 18 6 18 6 18 6 18 6 17 1 6 1 19 6 16 4 8 4 17
CS (228, 1820) (306, 28) - 1 5 12 4 12 4 14 6 20 6 16 4 8 2 4 2 8 2 6 4 16 4 8 4 16 4 8 4 16 4 6 2 8 2 4 2 8 4 16 6 20 6 14 4 12 4 12 5 1 18 1 6 1 17 6 19 1 5 14 5 1 19 6 18 6 17 1 6 1 18 1 6 1 17 6 18 6 18 4 6 2 6 2 6 2 6 2 8 4 14 4 10 4 14 4 10 4 14 5 1 19 6 18 6 17 1 6 1 18 1 6 1 17 6 18 6 19 1 5 14 4 10 4 14 4 10 4 14 5 1 19 6 18 6 17 1 6 1 18 1 6 1 17 6 18 6 19 1 5 14 4 10 4 14 4 10 4 14 5 1 19 6 18 6 17 1 6 1 18 1 6 1 17 6 18 6 19 1 5 14 4 10 4 14 4 10 4 14 4 8 2 6 2 6 2 6 2 6 4 18 6 18 6 17 1 6 1 18 1 6 1 17 6 18 6 19 1 5 14 5 1 19 6 17 1 6 1 18
OSO (41, 319) (307, 130) - 1 5 12 4 10 2 4 2 8 4 16 6 18 6 18 6 18 6 16 4 8 2 4 2 8 2 4 2 8 4 16 6 19 1 5 14 5 1 19 6 17
CS (124, 944) (307, 645) - 1 5 12 4 12 4 12 4 12 4 12 5 1 17 4 8 4 16 6 20 6 14 4 12 4 10 2 4 2 6 2 8 4 16 6 19 1 5 14 6 21 1 5 14 4 12 5 1 19 6 16 6 20 6 16 4 8 2 4 2 8 2 4 2 8 2 4 2 8 2 4 2 8 2 4 2 8 2 4 2 8 4 16 6 20 6 16 6 19 1 5 12 4 14 5 1 21 6 14 5 1 19 6 16 4 8 2 6 2 4 2 10 4 12 4 14 6 20 6 16 4 8 4 17
CS (72, 580) (308, 22) - 1 5 14 4 10 2 2 2 12 4 12 4 12 4 12 4 14 6 21 1 5 16 6 20 6 16 4 8 2 6 2 6 4 18 4 6 2 6 2 8 4 16 6 20 6 16 5 1 21 6 14 4 12 4 12 4 12 4 12 2 2 2 10 4 14 5 1 19 6 18 6 19
CS (104, 724) (308, 83) - 1 5 12 2 2 2 10 4 12 4 12 2 2 2 8 4 16 6 19 1 6 1 15 4 8 4 17 1 5 12 4 12 4 12 4 12 5 1 17 4 8 4 15 1 6 1 19 6 16 4 8 2 2 2 12 4 12 4 10 2 2 2 12 5 1 19 6 16 6 19 1 6 1 15 4 8 2 6 2 4 2 10 4 12 4 12 4 10 2 4 2 6 2 8 4 15 1 6 1 19 6 16 6 19
CS (108, 840) (308, 1) - 1 5 14 4 10 4 12 2 2 2 8 2 6 4 16 6 19 1 5 14 5 1 19 6 16 6 20 6 14 5 1 19 6 14 4 12 4 10 4 14 4 10 4 12 2 2 2 8 2 4 2 8 2 2 2 12 4 10 4 14 4 10 4 12 4 14 6 19 1 5 14 6 20 6 16 6 19 1 5 14 5 1 19 6 16 4 6 2 8 2 2 2 12 4 10 4 14 5 1 19 6 16 4 8 4 16 6 19
CS (116, 816) (308, 105) - 1 5 10 2 4 2 8 2 4 2 8 4 16 6 19 1 5 14 4 8 2 6 2 6 2 6 4 18 6 16 4 8 2 4 2 8 2 6 4 16 5 1 21 6 14 4 10 4 14 4 10 4 14 4 10 4 14 6 21 1 5 16 4 6 2 8 2 4 2 8 4 16 6 18 4 6 2 6 2 6 2 8 4 14 5 1 19 6 16 4 8 2 4 2 8 2 4 2 10 5 1 17 6 19 1 5 14 4 10 4 14 5 1 19 6 17
CS (116, 904) (308, 660) - 1 5 12 4 10 2 4 2 8 2 4 2 8 4 16 4 6 2 8 4 16 6 19 1 6 1 17 6 18 6 17 1 6 1 19 6 16 4 8 2 6 4 16 4 8 2 4 2 8 2 4 2 10 4 12 5 1 17 6 20 6 14 4 12 4 10 2 2 2 12 4 10 4 16 6 18 6 18 6 19 1 5 14 4 10 4 14 4 10 4 14 5 1 19 6 18 6 18 6 16 4 10 4 12 2 2 2 10 4 12 4 14 6 20 6 17
OSO (37, 299) (309, 3) - 1 5 14 4 10 4 16 6 20 6 16 6 20 6 16 4 8 2 6 2 4 2 10 4 14 4 10 4 14 4 10 4 15 1 6 1 20
OSO (41, 305) (309, 66) - 1 5 12 4 14 5 1 20 1 6 1 15 4 10 4 14 4 10 4 14 4 10 4 15 1 6 1 20 1 5 14 4 10 2 4 2 8 4 16 6 19
CS (92, 744) (310, 869) - 1 5 12 4 14 6 18 6 16 4 8 4 14 4 8 2 4 2 8 4 15 1 6 1 19 7 1 14 1 7 19 1 6 1 15 4 8 2 4 2 8 4 14 4 8 4 16 6 18 6 14 4 12 5 1 19 6 16 6 16 4 8 4 16 6 16 4 8 4 14 4 10 4 12 4 10 4 14 4 8 4 16 6 16 4 8 4 16 6 16 6 19
CS (108, 752) (310, 226) - 1 5 12 4 10 2 2 2 10 2 2 2 10 4 12 4 12 5 1 19 7 1 13 4 10 2 2 2 10 4 13 1 7 19 1 5 12 4 12 4 10 2 2 2 10 2 2 2 10 4 12 5 1 17 4 6 2 6 2 6 2 6 4 16 4 6 2 8 4 14 6 20 6 14 5 1 19 6 16 6 18 6 16 6 19 1 5 14 6 20 6 14 4 8 2 6 4 16 4 6 2 6 2 6 2 6 4 17
CS (116, 996) (310, 93) - 1 5 14 6 19 1 6 1 15 4 8 4 16 6 16 4 8 4 16 6 16 6 19 1 6 1 15 6 19 1 5 14 6 20 6 14 6 20 6 14 5 1 19 6 15 1 6 1 19 6 16 6 16 4 8 4 16 6 16 4 8 4 15 1 6 1 19 6 14 5 1 19 6 15 1 6 1 19 6 15 1 6 1 19 6 14 4 10 4 12 4 12 4 10 4 12 4 12 4 10 4 14 6 19 1 6 1 15 6 19 1 6 1 15 6 19
CS (120, 884) (310, 45) - 1 5 14 4 10 4 14 4 10 2 2 2 10 2 2 2 10 2 2 2 10 2 2 2 10 2 2 2 10 4 14 4 10 4 14 5 1 20 1 5 14 4 10 4 15 1 6 1 20 1 5 15 1 7 21 1 5 14 4 12 4 10 4 16 6 18 6 19 1 6 1 15 4 10 4 14 5 1 20 1 5 14 4 10 4 15 1 6 1 19 6 18 6 16 4 10 4 12 4 14 5 1 21 7 1 15 5 1 20 1 6 1 15 4 10 4 14 5 1 20
CS (120, 980) (310, 181) - 1 5 12 4 14 5 1 20 1 5 14 5 1 19 6 18 6 16 4 10 4 12 4 14 6 20 6 17 1 6 1 17 6 20 6 14 4 12 4 10 4 16 6 18 6 19 1 5 14 5 1 20 1 5 14 4 12 5 1 19 6 16 5 1 20 1 6 1 16 1 6 1 19 6 16 4 8 2 4 2 10 4 12 4 12 4 12 4 12 4 12 4 12 4 12 4 12 4 10 2 4 2 8 4 16 6 19 1 6 1 16 1 6 1 20 1 5 16 6 19
CS (124, 1036) (310, 112) - 1 5 12 4 12 4 12 4 14 6 20 6 16 6 20 6 16 6 20 6 16 6 20 6 15 1 7 20 6 16 4 8 2 4 2 10 4 12 4 12 4 12 2 2 2 8 2 4 2 10 4 12 4 12 4 12 4 12 4 12 4 12 4 12 4 12 4 12 4 12 4 12 4 10 2 4 2 8 2 2 2 12 4 12 4 12 4 10 2 4 2 8 4 16 6 20 7 1 15 6 20 6 16 6 20 6 16 6 20 6 16 6 20 6 14 4 12 4 12 4 12 5 1 18
CS (180, 1284) (310, 67) - 1 5 12 4 14 5 1 20 1 5 14 4 10 4 14 4 10 2 4 2 6 2 6 2 6 2 6 2 6 2 6 2 8 4 14 4 10 4 14 5 1 19 6 18 6 16 4 10 4 12 4 14 5 1 20 1 5 14 4 10 4 14 4 10 4 14 4 10 2 2 2 10 2 2 2 10 2 2 2 10 4 14 4 10 4 14 4 10 4 14 5 1 20 1 5 14 4 12 4 10 4 16 6 18 6 19 1 5 14 4 10 4 14 4 8 2 6 2 6 2 6 2 6 2 6 2 6 2 4 2 10 4 14 4 10 4 14 5 1 20 1 5 14 4 12 5 1 19 6 16 5 1 20 1 6 1 15 4 10 4 14 5 1 20 1 5 14 4 10 4 15 1 6 1 20 1 5 16 6 19
CS (192, 1740) (310, 7402) - 1 5 12 4 14 5 1 20 1 6 1 15 4 10 4 14 5 1 20 1 5 14 5 1 19 6 17 1 6 1 19 6 16 6 20 6 16 6 19 1 6 1 17 6 18 6 19 1 5 14 5 1 19 6 18 6 17 1 6 1 19 6 16 6 20 6 16 6 19 1 6 1 17 6 19 1 5 14 5 1 20 1 5 14 4 10 4 15 1 6 1 20 1 5 14 4 12 5 1 19 6 16 6 21 1 5 16 4 8 4 16 6 20 6 16 6 19 1 5 12 4 14 6 20 6 17 1 6 1 17 4 8 4 16 6 19 1 6 1 17 6 18 6 18 6 18 6 18 6 18 6 17 1 6 1 19 6 16 4 8 4 17 1 6 1 17 6 20 6 14 4 12 5 1 19 6 16 6 20 6 16 4 8 4 16 5 1 21 6 16 6 19
CS (200, 1580) (310, 8591) - 1 5 12 4 14 5 1 20 1 6 1 15 4 10 4 14 5 1 20 1 5 14 5 1 19 6 18 6 16 4 8 2 6 4 18 6 16 5 1 21 7 1 15 5 1 21 7 1 15 5 1 21 6 14 4 10 4 14 4 10 2 4 2 6 2 6 2 6 2 6 2 6 2 6 2 6 2 6 2 6 2 6 2 6 2 6 2 6 2 4 2 10 4 14 4 10 4 14 6 21 1 5 15 1 7 21 1 5 15 1 7 21 1 5 16 6 18 4 6 2 8 4 16 6 18 6 19 1 5 14 5 1 20 1 5 14 4 10 4 15 1 6 1 20 1 5 14 4 12 5 1 19 6 16 5 1 21 6 14 4 10 4 16 6 18 6 18 6 19 1 5 14 4 10 4 14 4 10 4 14 5 1 19 6 18 6 18 6 16 4 10 4 14 6 21 1 5 16 6 19
CS (96, 824) (311, 171) - 1 5 12 4 12 4 12 2 2 2 10 4 12 4 14 6 21 1 5 15 1 7 21 1 5 16 6 19 1 6 1 17 6 18 6 20 7 1 15 6 21 1 5 16 6 20 6 16 5 1 21 6 15 1 7 20 6 18 6 17 1 6 1 19 6 16 5 1 21 7 1 15 5 1 21 6 14 4 12 4 10 2 2 2 12 4 12 4 12 5 1 17 4 8 4 17
CS (94, 620) (312, 95) - 1 5 12 4 12 4 10 2 4 2 8 4 14 4 10 2 4 2 6 4 18 6 17 1 6 1 17 6 18 4 6 2 4 2 10 4 14 4 8 2 4 2 10 4 12 4 12 5 1 17 4 6 2 8 4 14 4 10 4 14 4 10 4 12 2 2 2 8 2 6 4 16 4 6 2 8 2 2 2 12 4 10 4 14 4 10 4 14 4 8 2 6 4 17
CS (112, 864) (312, 512) - 1 5 12 4 13 1 7 20 7 1 14 1 7 20 7 1 13 4 12 5 1 19 6 14 4 8 2 6 4 16 6 18 6 14 4 10 4 14 6 19 1 5 14 6 20 6 12 2 2 2 10 4 10 4 14 4 8 2 4 2 8 4 14 4 8 2 4 2 8 4 14 4 8 2 4 2 8 4 14 4 10 4 10 2 2 2 12 6 20 6 14 5 1 19 6 14 4 10 4 14 6 18 6 16 4 6 2 8 4 14 6 19
CS (112, 992) (312, 76) - 1 5 12 4 12 4 12 4 12 4 14 6 20 6 16 4 8 4 17 1 6 1 17 4 8 4 16 6 20 7 1 13 4 12 4 12 4 12 4 13 1 7 20 6 16 4 8 4 17 1 6 1 17 4 8 4 16 6 20 6 14 4 12 4 12 4 12 4 12 5 1 17 4 8 4 16 4 8 4 16 4 8 4 16 6 20 6 16 6 20 6 16 6 20 6 16 6 20 6 16 4 8 4 16 4 8 4 16 4 8 4 17
CS (124, 1000) (312, 243) - 1 5 12 2 2 2 12 5 1 18 1 6 1 17 6 20 6 16 4 10 4 14 5 1 19 6 18 6 18 4 6 2 8 2 4 2 8 2 6 4 18 6 18 6 19 1 5 14 4 10 4 16 6 20 6 17 1 6 1 18 1 5 12 2 2 2 12 5 1 19 6 18 6 18 6 20 6 16 5 1 20 1 6 1 15 4 10 4 14 4 10 2 4 2 8 4 16 4 8 2 4 2 10 4 14 4 10 4 15 1 6 1 20 1 5 16 6 20 6 18 6 18 6 19
CS (128, 792) (312, 4) - 1 5 12 4 10 2 4 2 6 2 4 2 10 4 12 5 1 17 4 6 2 6 2 6 2 4 2 8 2 4 2 8 4 14 5 1 19 6 16 6 18 6 16 6 19 1 5 14 4 8 2 4 2 8 2 4 2 6 2 6 2 6 2 4 2 8 2 4 2 8 4 14 5 1 19 6 16 6 18 6 16 6 19 1 5 14 4 8 2 4 2 8 2 4 2 6 2 6 2 6 4 17 1 5 12 4 10 2 4 2 6 2 4 2 10 4 12 5 1 17 4 6 2 6 2 6 4 17
CS (132, 1136) (312, 297) - 1 5 14 4 10 2 2 2 12 4 12 4 12 2 2 2 10 4 14 5 1 19 6 18 6 20 6 16 6 20 6 18 6 19 1 5 14 4 10 2 2 2 12 4 12 4 14 6 21 1 5 15 1 7 21 1 5 14 4 12 4 12 4 14 5 1 21 7 1 15 5 1 21 6 14 4 12 4 14 6 21 1 5 15 1 7 21 1 5 14 4 12 4 12 4 14 5 1 21 7 1 15 5 1 21 6 14 4 12 4 12 2 2 2 10 4 14 5 1 19 6 18 6 20 6 16 6 20 6 18 6 19
OSO (47, 281) (313, 52) - 1 5 12 4 10 2 2 2 10 2 2 2 10 4 12 4 10 4 14 4 8 2 4 2 8 4 15 1 6 1 18 1 6 1 16 1 6 1 17 4 6 2 6 2 6 4 17
CS (72, 548) (313, 511) - 1 5 12 4 12 4 10 4 12 4 12 4 10 4 14 6 19 1 5 14 6 20 6 12 2 2 2 10 4 10 4 14 4 8 2 4 2 8 4 14 4 10 4 10 2 2 2 12 6 20 6 14 5 1 19 6 14 4 10 4 12 4 12 4 10 4 12 4 12 5 1 18
CS (154, 1364) (313, 195) - 1 5 12 4 12 4 12 4 12 4 12 4 12 4 12 4 12 4 12 5 1 17 4 8 4 16 6 20 6 16 6 19 1 5 12 4 14 6 20 6 17 1 6 1 18 1 5 12 4 12 4 12 4 14 6 20 6 16 6 20 6 16 6 20 6 15 1 7 20 6 16 4 8 2 4 2 10 4 12 4 12 4 12 4 12 4 12 4 12 4 12 4 12 4 12 4 12 4 10 2 4 2 8 4 16 6 20 7 1 15 6 20 6 16 6 20 6 16 6 20 6 14 4 12 4 12 4 12 5 1 18 1 6 1 17 6 20 6 14 4 12 5 1 19 6 16 6 20 6 16 4 8 4 17
CS (90, 608) (314, 33) - 1 5 12 2 2 2 8 2 4 2 8 4 14 4 8 2 4 2 8 4 15 1 6 1 18 1 5 12 4 12 5 1 18 1 5 12 4 12 5 1 18 1 6 1 15 4 8 2 4 2 8 4 14 4 8 2 4 2 8 2 2 2 12 5 1 19 6 16 6 17 1 6 1 17 6 17 1 6 1 17 6 17 1 6 1 17 6 16 6 19
CS (96, 780) (314, 26336) - 1 5 14 4 8 2 6 2 6 4 17 1 6 1 17 6 18 6 18 6 16 4 8 4 16 4 8 4 16 6 18 6 18 6 17 1 6 1 17 4 6 2 6 2 8 4 14 5 1 19 6 16 4 8 4 16 4 6 2 8 4 15 1 6 1 19 6 16 6 20 7 1 14 1 7 20 6 16 6 19 1 6 1 15 4 8 2 6 4 16 4 8 4 16 6 19
CS (104, 732) (314, 219) - 1 5 12 4 10 4 14 4 8 2 2 2 12 4 10 4 12 4 12 4 10 4 14 6 19 1 5 12 4 12 4 12 5 1 19 6 14 4 10 4 12 4 12 4 10 4 12 2 2 2 8 4 14 4 10 4 12 5 1 17 4 6 2 6 2 6 4 16 4 6 2 6 2 6 2 6 4 16 6 18 6 16 6 18 6 16 4 6 2 6 2 6 2 6 4 16 4 6 2 6 2 6 4 17
CS (108, 864) (314, 262) - 1 5 12 4 12 4 12 4 12 4 12 4 10 4 15 1 6 1 19 6 16 6 19 1 6 1 15 4 10 4 12 4 12 4 12 4 12 4 12 5 1 18 1 5 12 4 12 4 13 1 7 20 6 16 6 19 1 6 1 15 4 10 4 12 4 12 4 12 4 12 4 12 5 1 18 1 5 12 4 12 4 12 4 12 4 12 4 10 4 15 1 6 1 19 6 16 6 20 7 1 13 4 12 4 12 5 1 18
CS (116, 892) (314, 45) - 1 5 12 4 14 4 10 4 14 4 10 2 4 2 6 2 8 4 16 5 1 21 6 16 5 1 21 6 15 1 7 21 1 5 15 1 6 1 20 1 5 14 4 10 2 4 2 8 4 16 4 8 2 4 2 10 4 14 5 1 20 1 6 1 15 5 1 21 7 1 15 6 21 1 5 16 6 21 1 5 16 4 8 2 6 2 4 2 10 4 14 4 10 4 14 4 12 5 1 18 1 6 1 17 6 20 6 16 6 20 6 17 1 6 1 18
CS (116, 952) (314, 87) - 1 5 14 4 10 2 2 2 12 4 10 4 16 6 18 6 19 1 5 14 5 1 19 6 18 6 16 4 10 4 12 2 2 2 10 4 14 5 1 20 1 5 14 4 10 4 16 6 18 6 19 1 5 14 4 10 4 14 4 10 4 14 4 10 4 14 4 10 4 14 4 10 4 14 4 10 4 14 4 10 4 14 4 10 4 14 4 10 4 14 4 10 4 14 4 10 4 14 4 10 4 14 5 1 19 6 18 6 16 4 10 4 14 5 1 20
CS (118, 796) (314, 97) - 1 5 12 4 10 4 14 4 8 2 4 2 8 4 14 4 10 4 10 2 4 2 6 2 6 2 6 4 16 6 19 1 5 14 4 10 4 12 4 10 4 14 4 8 4 16 6 16 4 8 4 16 6 16 4 8 4 14 4 10 4 12 4 10 4 14 5 1 19 6 16 4 6 2 6 2 6 2 4 2 10 4 10 4 14 4 8 2 4 2 8 4 14 4 10 4 12 5 1 17 4 6 2 6 2 4 2 10 4 10 2 4 2 6 2 6 4 17
CS (128, 1084) (314, 7) - 1 5 12 4 12 4 12 4 12 4 12 4 10 4 16 6 18 6 17 1 6 1 18 1 5 12 4 14 6 20 6 16 6 18 4 6 2 8 4 14 4 10 4 14 4 8 2 6 4 18 6 16 6 20 6 14 4 12 5 1 18 1 6 1 17 6 18 6 16 4 10 4 12 4 12 4 12 4 12 4 12 5 1 17 4 8 4 16 6 18 6 19 1 5 14 4 10 4 14 4 10 4 14 5 1 20 1 5 14 4 10 4 14 4 10 4 14 5 1 19 6 18 6 16 4 8 4 17
CS (144, 1120) (314, 19) - 1 5 14 4 12 4 12 4 12 4 14 4 8 2 6 2 8 4 15 1 6 1 20 1 5 16 6 20 6 18 6 18 6 18 4 8 4 16 4 8 2 6 2 6 4 18 4 6 2 6 2 8 4 16 4 8 4 18 6 18 6 18 6 20 6 16 5 1 20 1 6 1 15 4 8 2 6 2 8 4 14 4 12 4 12 4 12 4 14 5 1 20 1 5 15 1 6 1 20 1 5 15 1 6 1 20 1 5 14 4 12 4 12 4 14 5 1 20 1 5 14 4 12 4 12 4 14 5 1 20 1 6 1 15 5 1 20 1 6 1 15 5 1 20
CS (150, 1188) (314, 6842) - 1 5 12 4 10 4 14 5 1 20 1 5 15 1 6 1 18 1 6 1 15 4 8 4 16 6 16 6 19 1 5 14 5 1 19 6 16 6 17 1 6 1 17 6 16 6 19 1 5 14 5 1 19 6 16 6 16 4 8 4 15 1 6 1 18 1 6 1 15 5 1 20 1 5 14 4 10 4 12 5 1 17 6 18 6 15 1 6 1 19 6 14 4 10 4 12 4 10 4 14 5 1 20 1 5 15 1 6 1 18 1 6 1 15 4 8 4 15 1 6 1 18 1 6 1 15 5 1 20 1 5 14 4 10 4 12 4 10 4 14 6 19 1 6 1 15 6 18 6 17
CS (156, 1332) (314, 2650) - 1 5 14 5 1 19 6 16 6 16 4 8 4 16 6 16 6 19 1 5 14 5 1 19 6 16 6 16 4 8 4 16 6 16 6 19 1 5 14 5 1 19 6 16 6 17 1 6 1 17 6 16 4 6 2 8 4 14 6 20 7 1 15 6 18 6 17 1 6 1 16 1 6 1 17 6 18 6 14 4 10 4 12 4 12 4 10 4 12 4 12 4 10 4 12 4 12 4 10 4 12 4 12 4 10 4 12 4 12 4 10 4 12 4 12 4 10 4 14 6 18 6 17 1 6 1 16 1 6 1 17 6 18 6 15 1 7 20 6 14 4 8 2 6 4 16 6 17 1 6 1 17 6 16 6 19
CS (84, 676) (315, 502) - 1 5 12 2 2 2 10 2 2 2 10 2 4 2 6 2 8 4 16 6 20 6 16 6 21 1 5 16 6 20 6 18 6 16 4 10 4 16 6 18 6 20 6 16 5 1 21 6 16 6 20 6 16 4 8 2 6 2 4 2 10 2 2 2 10 2 2 2 12 5 1 19 6 16 4 10 4 14 4 10 4 16 6 19
CS (90, 788) (315, 64) - 1 5 12 4 12 2 2 2 8 2 6 4 17 1 6 1 17 6 20 6 14 4 12 5 1 19 6 16 6 20 6 16 6 20 6 16 6 20 7 1 15 6 20 6 15 1 7 20 6 16 6 20 6 16 6 20 6 16 6 19 1 5 12 4 14 6 20 6 17 1 6 1 17 4 6 2 8 2 2 2 12 4 12 5 1 18 1 6 1 18
CS (96, 892) (315, 27) - 1 5 16 5 1 21 6 16 6 19 1 6 1 17 6 18 4 6 2 6 2 8 4 16 6 18 6 20 7 1 15 6 20 6 17 1 6 1 17 4 8 4 16 6 20 6 16 6 20 6 16 6 20 6 16 6 20 6 16 4 8 4 17 1 6 1 17 6 20 6 15 1 7 20 6 18 6 16 4 8 2 6 2 6 4 18 6 17 1 6 1 19 6 16 6 21
CS (168, 1256) (315, 505) - 1 5 12 4 12 4 12 4 12 4 14 6 20 6 16 4 8 4 17 1 6 1 17 4 8 4 16 6 20 6 14 4 12 4 12 4 12 5 1 17 4 8 4 16 4 8 4 16 4 8 4 16 4 8 4 16 4 8 4 16 4 8 4 16 4 8 4 17 1 5 12 4 12 4 12 4 14 6 20 6 16 4 8 4 17 1 6 1 17 4 8 4 16 6 20 6 14 4 12 4 12 4 12 4 12 5 1 17 4 8 4 16 4 8 4 16 4 8 4 16 4 6 2 8 2 4 2 8 2 4 2 8 2 4 2 8 2 4 2 8 2 4 2 8 2 4 2 8 2 4 2 8 2 6 4 16 4 8 4 16 4 8 4 16 4 8 4 17
OSO (27, 205) (316, 213) - 1 5 12 2 2 2 10 4 12 4 12 4 12 4 12 4 10 4 15 1 6 1 19 6 16 6 19
CS (94, 776) (316, 7756) - 1 5 12 4 12 4 12 5 1 17 4 6 2 8 4 15 1 6 1 19 6 16 5 1 21 7 1 15 6 20 6 14 4 12 5 1 18 1 6 1 17 6 18 6 16 4 10 4 12 4 12 4 12 4 12 4 10 4 16 6 18 6 17 1 6 1 18 1 5 12 4 14 6 20 6 15 1 7 21 1 5 16 6 19 1 6 1 15 4 8 2 6 4 17
CS (104, 732) (316, 121444) - 1 5 12 4 12 4 10 4 12 4 12 4 10 4 12 4 12 4 10 4 14 6 19 1 5 14 6 20 6 12 2 2 2 8 2 4 2 8 4 14 4 8 2 4 2 8 4 14 4 8 2 4 2 8 4 14 4 8 2 4 2 8 4 14 4 8 2 4 2 8 2 2 2 12 6 20 6 14 5 1 19 6 14 4 10 4 12 4 12 4 10 4 12 4 12 4 10 4 12 4 12 5 1 18
CS (104, 860) (316, 27) - 1 5 14 4 10 2 4 2 8 2 6 4 18 6 18 6 18 4 6 2 8 2 4 2 10 4 14 5 1 20 1 5 14 4 12 4 12 4 14 5 1 19 4 6 2 8 4 16 6 20 6 18 6 18 6 20 6 16 5 1 20 1 6 1 15 4 10 4 15 1 6 1 20 1 5 16 6 20 6 18 6 18 6 20 6 16 4 8 2 6 4 19 1 5 14 4 12 4 12 4 14 5 1 20
CS (118, 892) (316, 668) - 1 5 12 4 12 4 12 4 12 4 10 2 4 2 6 2 8 4 14 4 10 4 14 5 1 20 1 5 15 1 6 1 19 6 17 1 5 12 4 12 5 1 17 6 19 1 6 1 15 5 1 20 1 5 14 4 10 4 14 4 8 2 6 2 4 2 10 4 12 4 12 4 12 4 12 5 1 17 4 8 4 16 6 18 6 18 6 18 6 16 4 8 2 4 2 8 2 4 2 8 2 4 2 8 4 16 6 18 6 18 6 18 6 16 4 8 4 17
CS (136, 1164) (316, 166) - 1 5 12 4 12 4 12 4 12 4 12 4 10 4 16 6 18 6 17 1 6 1 18 1 5 12 4 14 6 20 6 15 1 7 20 6 17 1 5 12 4 12 4 12 5 1 17 6 20 7 1 15 6 20 6 14 4 12 5 1 18 1 6 1 17 6 18 6 16 4 10 4 12 4 12 4 12 4 12 4 12 5 1 18 1 5 12 4 12 4 13 1 7 20 6 16 6 19 1 6 1 15 4 10 4 12 4 14 6 20 6 14 4 12 4 10 4 15 1 6 1 19 6 16 6 20 7 1 13 4 12 4 12 5 1 18
CS (148, 1072) (316, 228) - 1 5 12 2 2 2 10 4 12 4 12 4 12 4 10 4 15 1 6 1 18 1 6 1 15 4 10 4 12 4 12 4 12 4 12 5 1 18 1 6 1 17 6 16 4 8 2 4 2 8 2 4 2 8 4 16 6 18 6 16 4 8 2 4 2 8 2 4 2 8 4 16 6 17 1 6 1 18 1 5 12 4 12 4 12 4 12 4 10 4 15 1 6 1 18 1 6 1 15 4 10 4 12 4 12 4 12 4 10 2 2 2 12 5 1 19 6 16 6 19 1 6 1 15 5 1 20 1 5 14 4 10 4 14 5 1 20 1 5 15 1 6 1 19 6 16 6 19
OSO (37, 279) (318, 58) - 1 5 12 2 2 2 10 4 14 6 20 6 15 1 7 21 1 5 16 6 19 1 6 1 15 4 8 2 4 2 8 2 6 4 16 6 19
CS (84, 716) (318, 158) - 1 5 16 4 6 2 8 4 16 6 18 6 18 6 18 6 16 4 8 2 6 4 16 5 1 21 6 14 4 10 4 14 4 8 2 6 2 6 4 18 6 16 6 20 7 1 13 4 12 4 10 4 16 6 18 6 16 4 10 4 12 4 13 1 7 20 6 16 6 18 4 6 2 6 2 8 4 14 4 10 4 14 6 21
CS (108, 760) (318, 462) - 1 5 12 2 2 2 10 2 2 2 12 5 1 20 1 5 14 4 12 4 10 2 2 2 12 4 10 2 4 2 6 2 8 4 16 6 19 1 5 12 4 14 4 8 2 6 2 6 4 18 6 18 6 16 4 10 4 14 5 1 20 1 5 14 4 10 4 16 6 18 6 18 4 6 2 6 2 8 4 14 4 12 5 1 19 6 16 4 8 2 6 2 4 2 10 4 12 2 2 2 10 4 12 4 14 5 1 20
CS (120, 932) (318, 47) - 1 5 12 4 12 4 12 5 1 17 4 6 2 8 4 14 4 10 2 2 2 10 4 14 5 1 20 1 5 14 4 12 5 1 19 6 16 6 20 6 14 4 10 4 14 4 10 4 14 5 1 20 1 5 14 4 10 4 14 4 10 4 14 6 20 6 16 6 19 1 5 12 4 14 5 1 20 1 5 14 4 10 2 2 2 10 4 14 4 8 2 6 4 17 1 5 12 4 12 4 12 5 1 17 4 6 2 8 4 16 6 18 6 16 4 8 2 6 4 17
CS (130, 1048) (318, 153) - 1 5 14 4 10 4 14 4 10 4 14 4 10 4 14 5 1 19 6 18 6 17 1 6 1 18 1 6 1 17 6 18 6 19 1 5 14 4 10 4 14 4 10 4 14 4 10 4 14 5 1 19 6 18 6 18 6 16 4 10 4 12 2 2 2 10 4 12 4 14 5 1 20 1 6 1 15 4 8 2 4 2 10 4 14 6 20 6 17 1 6 1 17 6 20 6 14 4 10 2 4 2 8 4 15 1 6 1 20 1 5 14 4 12 4 10 2 2 2 12 4 10 4 16 6 18 6 18 6 19
CS (132, 908) (318, 4750) - 1 5 12 2 2 2 10 4 12 4 12 4 12 5 1 18 1 5 12 4 12 4 12 4 12 4 10 4 15 1 6 1 19 6 15 1 7 20 6 16 6 20 7 1 15 6 19 1 6 1 15 4 10 4 12 4 12 4 12 4 12 5 1 18 1 5 12 4 12 4 12 4 10 2 2 2 12 5 1 19 6 14 4 12 4 10 2 4 2 6 2 6 2 6 2 6 2 6 2 4 2 10 4 12 4 12 4 12 4 10 2 4 2 6 2 6 2 6 2 6 2 6 2 4 2 10 4 12 4 14 6 19
CS (106, 904) (319, 11) - 1 5 14 4 10 4 16 6 20 6 16 6 21 1 5 16 4 8 4 18 6 16 4 10 4 14 4 10 2 2 2 12 4 10 2 2 2 12 4 12 4 12 4 12 2 2 2 10 4 12 2 2 2 10 4 14 4 10 4 16 6 18 4 8 4 16 5 1 21 6 16 6 20 6 16 4 10 4 14 5 1 20 1 5 16 6 20 6 16 6 21 1 5 16 5 1 21 6 16 6 20 6 16 5 1 20
CS (112, 928) (319, 49) - 1 5 12 2 2 2 10 4 10 2 4 2 6 2 6 2 6 2 4 2 10 4 10 2 2 2 12 5 1 19 6 16 6 18 6 16 6 18 6 17 1 6 1 17 6 16 6 19 1 5 12 4 14 6 19 1 5 14 5 1 19 6 16 6 18 6 17 1 6 1 16 1 6 1 17 6 18 6 16 6 19 1 5 14 5 1 19 6 14 4 12 5 1 19 6 16 6 17 1 6 1 17 6 18 6 16 6 18 6 16 6 19
CS (142, 1180) (319, 10211) - 1 5 12 2 2 2 10 4 14 6 20 6 16 6 18 6 19 1 5 14 4 10 4 14 5 1 19 6 17 1 6 1 17 6 18 6 18 6 17 1 6 1 17 6 18 6 18 6 17 1 6 1 17 6 19 1 5 14 4 10 4 14 5 1 19 6 18 6 16 6 20 6 14 4 10 2 2 2 12 5 1 19 6 16 4 6 2 8 2 4 2 8 4 15 1 6 1 19 6 16 6 20 6 14 4 10 4 15 1 6 1 18 1 6 1 15 4 10 4 14 6 20 6 16 6 19 1 6 1 15 4 8 2 4 2 8 2 6 4 16 6 19
CS (104, 796) (320, 26) - 1 5 12 4 14 4 8 2 6 4 17 1 6 1 18 1 6 1 17 6 19 1 5 14 5 1 20 1 5 14 4 10 4 14 4 10 4 14 5 1 20 1 5 14 5 1 19 6 17 1 6 1 18 1 6 1 17 4 6 2 8 4 14 4 12 5 1 19 6 17 1 6 1 18 1 6 1 17 6 19 1 5 14 5 1 20 1 5 14 5 1 19 6 17 1 6 1 18 1 6 1 17 6 19
CS (116, 852) (320, 34641) - 1 5 12 4 12 4 10 4 14 6 18 6 17 1 6 1 17 6 16 6 19 1 5 14 4 8 2 4 2 8 4 15 1 6 1 17 4 6 2 6 4 17 1 6 1 15 4 8 2 4 2 8 4 14 5 1 19 6 16 6 17 1 6 1 17 6 18 6 14 4 10 4 12 4 12 5 1 18 1 6 1 15 4 8 2 4 2 8 4 14 5 1 20 1 5 16 6 16 5 1 20 1 5 14 4 8 2 4 2 8 4 15 1 6 1 18
CS (116, 860) (320, 3949) - 1 5 12 4 12 4 12 4 12 4 12 4 10 4 16 6 17 1 6 1 18 1 6 1 16 1 6 1 18 1 5 12 4 12 4 12 4 12 4 12 5 1 18 1 6 1 16 1 6 1 18 1 6 1 17 6 16 4 10 4 12 4 12 4 12 4 12 4 12 5 1 18 1 6 1 17 6 17 1 6 1 17 4 6 2 8 4 15 1 6 1 19 6 16 6 19 1 6 1 15 4 8 2 6 4 17 1 6 1 17 6 17 1 6 1 18
CS (120, 884) (320, 67) - 1 5 12 2 2 2 10 4 16 6 19 1 5 14 5 1 19 6 18 6 19 1 5 14 5 1 19 6 16 4 10 2 2 2 12 5 1 18 1 6 1 17 6 19 1 6 1 15 4 10 2 4 2 6 2 8 4 16 4 8 2 4 2 10 4 14 5 1 19 6 18 6 19 1 6 1 15 4 10 4 15 1 6 1 19 6 18 6 19 1 5 14 4 10 2 4 2 8 4 16 4 8 2 6 2 4 2 10 4 15 1 6 1 19 6 17 1 6 1 18
CS (128, 1068) (320, 53) - 1 5 12 4 10 4 14 6 19 1 6 1 15 6 19 1 5 14 5 1 19 6 16 6 17 1 6 1 17 6 16 6 19 1 5 14 5 1 19 6 16 6 17 1 6 1 17 6 16 6 19 1 5 14 5 1 19 6 15 1 6 1 19 6 14 4 10 4 12 5 1 17 6 18 6 14 4 10 4 14 6 18 6 17 1 6 1 16 1 6 1 17 4 6 4 17 1 6 1 16 1 6 1 17 4 6 4 17 1 6 1 16 1 6 1 17 6 18 6 14 4 10 4 14 6 18 6 17
CS (130, 1056) (320, 15500) - 1 5 12 4 12 4 12 4 12 4 10 2 4 2 6 2 8 4 14 4 10 4 14 5 1 20 1 5 14 4 12 5 1 19 6 16 6 19 1 5 12 4 14 5 1 20 1 5 14 4 10 4 14 4 8 2 6 2 4 2 10 4 12 4 12 4 12 4 12 5 1 17 4 8 4 16 6 18 6 18 6 18 6 16 5 1 20 1 5 14 4 10 4 14 5 1 19 6 17 1 6 1 17 6 19 1 5 14 4 10 4 14 5 1 20 1 5 16 6 18 6 18 6 18 6 16 4 8 4 17
CS (152, 1140) (320, 178) - 1 5 12 4 12 4 12 2 2 2 8 2 6 4 16 4 8 2 4 2 8 2 6 4 16 4 8 4 17 1 5 12 4 12 4 12 4 12 4 12 4 12 4 12 4 12 4 12 4 12 4 12 4 12 4 12 4 12 4 12 5 1 17 4 8 4 16 4 6 2 8 2 4 2 8 4 16 4 6 2 8 2 2 2 12 4 12 4 12 5 1 18 1 6 1 17 6 20 7 1 15 6 20 6 16 4 8 4 17 1 5 12 4 12 4 12 4 12 4 12 4 12 4 12 4 12 4 12 4 12 4 12 5 1 17 4 8 4 16 6 20 6 15 1 7 20 6 17 1 6 1 18
CS (176, 1560) (320, 79) - 1 5 12 4 12 4 12 4 12 4 12 4 12 4 12 4 12 4 12 4 12 4 12 5 1 17 4 8 4 16 6 20 6 16 6 19 1 5 12 4 14 6 21 1 5 16 6 20 6 14 4 12 4 12 5 1 18 1 6 1 17 6 20 6 14 4 12 5 1 19 6 16 6 20 6 16 4 8 4 16 4 8 4 17 1 5 12 4 12 4 12 4 12 4 12 4 12 4 14 6 20 6 14 4 12 4 12 4 12 4 12 4 12 4 12 5 1 17 4 8 4 16 4 8 4 16 6 20 6 16 6 19 1 5 12 4 14 6 20 6 17 1 6 1 18 1 5 12 4 12 4 14 6 20 6 16 5 1 21 6 14 4 12 5 1 19 6 16 6 20 6 16 4 8 4 17
OSO (45, 307) (321, 24) - 1 5 14 4 10 2 2 2 10 2 2 2 10 4 12 2 2 2 8 2 4 2 8 4 16 6 18 6 17 1 6 1 17 6 19 1 5 14 4 10 4 14 5 1 20
OSO (39, 311) (322, 156) - 1 5 14 5 1 19 6 16 6 17 1 6 1 17 6 18 6 14 4 10 2 2 2 10 4 12 4 10 4 14 6 19 1 6 1 15 5 1 20
CS (78, 556) (322, 15) - 1 5 12 4 12 4 12 4 10 4 14 4 8 4 16 6 19 1 5 14 4 8 2 6 2 4 2 8 2 4 2 6 2 8 4 14 5 1 19 6 16 4 8 4 14 4 10 4 12 4 12 4 12 5 1 19 6 14 4 10 2 2 2 10 4 12 4 12 4 10 2 2 2 10 4 14 6 19
CS (94, 764) (322, 145) - 1 5 12 4 12 2 2 2 10 4 12 4 14 6 21 1 5 16 6 20 7 1 13 4 12 4 12 4 12 4 12 4 12 4 12 4 13 1 7 20 6 16 5 1 21 6 14 4 12 4 10 2 2 2 12 4 12 5 1 18 1 6 1 17 6 20 6 14 4 12 4 12 4 12 5 1 18 1 5 12 4 12 4 12 4 14 6 20 6 17 1 6 1 18
CS (96, 740) (322, 4025) - 1 5 14 4 10 2 2 2 10 2 2 2 10 4 14 6 20 6 16 6 19 1 5 14 5 1 20 1 5 16 6 18 6 18 6 17 1 6 1 17 4 6 2 6 2 8 4 14 4 8 2 6 2 6 4 17 1 6 1 17 6 18 6 18 6 16 5 1 20 1 5 14 5 1 19 6 16 6 20 6 14 4 10 2 2 2 10 2 2 2 10 4 14 5 1 20
CS (96, 812) (322, 31) - 1 5 12 4 12 4 12 5 1 19 6 14 4 8 2 6 4 16 6 18 6 16 6 19 1 5 14 4 8 2 6 4 16 6 18 6 16 6 18 6 16 6 18 6 16 4 6 2 8 4 14 5 1 19 6 16 6 18 6 16 4 6 2 8 4 14 6 19 1 5 12 4 12 4 12 5 1 19 6 14 5 1 18 1 6 1 16 1 6 1 18 1 5 14 6 19
CS (96, 828) (322, 596) - 1 5 10 2 4 2 8 4 14 5 1 19 6 16 6 19 1 5 14 4 8 2 6 4 16 6 18 6 16 4 6 2 8 4 14 5 1 19 6 16 6 19 1 5 14 4 8 2 4 2 10 5 1 17 6 18 6 16 6 18 6 16 5 1 20 1 5 14 5 1 19 6 16 6 18 6 16 6 19 1 5 14 5 1 20 1 5 16 6 18 6 16 6 18 6 17
CS (100, 624) (322, 23894) - 1 5 12 4 10 2 4 2 6 4 17 1 6 1 15 4 8 2 4 2 8 4 14 4 8 2 4 2 8 4 14 4 8 2 4 2 8 4 15 1 6 1 17 4 6 2 4 2 10 4 12 5 1 17 4 6 2 6 2 4 2 10 4 10 2 2 2 10 4 14 6 18 6 17 1 5 12 5 1 17 6 18 6 14 4 10 2 2 2 10 4 10 2 4 2 6 2 6 4 17
CS (104, 716) (322, 61) - 1 5 12 4 10 2 4 2 8 2 4 2 8 4 16 6 18 6 19 1 5 14 5 1 20 1 5 14 4 10 2 4 2 6 2 6 2 6 2 6 2 6 2 4 2 10 4 14 5 1 20 1 5 14 5 1 19 6 18 6 16 4 8 2 4 2 8 2 4 2 10 4 12 5 1 17 4 6 2 8 4 16 6 19 1 5 14 5 1 20 1 5 14 5 1 19 6 16 4 8 2 6 4 17
CS (108, 956) (322, 263) - 1 5 12 4 12 4 12 4 12 4 14 6 20 6 16 4 8 2 4 2 10 4 12 4 12 4 14 6 21 1 5 16 6 20 6 16 6 20 6 16 6 20 6 16 6 20 6 16 6 20 6 16 5 1 21 6 14 4 12 4 12 4 10 2 4 2 8 4 16 6 20 6 14 4 12 4 12 4 12 4 12 5 1 17 4 8 4 16 4 8 4 16 4 8 4 16 4 8 4 16 4 8 4 16 4 8 4 17
CS (112, 636) (322, 389) - 1 5 10 2 4 2 6 2 6 2 6 2 4 2 8 2 4 2 6 2 6 2 6 2 4 2 8 2 4 2 6 2 6 2 6 4 17 1 5 12 4 12 5 1 17 4 6 2 6 2 6 2 4 2 8 2 4 2 6 2 6 2 6 2 4 2 8 2 4 2 6 2 6 2 6 2 4 2 10 5 1 17 6 18 6 14 4 10 4 12 4 12 4 10 4 12 4 12 4 10 4 12 4 12 4 10 4 14 6 18 6 17
CS (116, 968) (322, 1) - 1 5 12 2 2 2 10 2 2 2 10 2 2 2 12 5 1 19 6 18 6 16 4 10 4 14 4 10 4 16 6 18 6 19 1 5 12 2 2 2 10 2 2 2 10 2 2 2 12 5 1 19 6 18 6 17 1 6 1 19 6 16 5 1 20 1 5 14 5 1 19 6 18 6 18 6 18 6 18 6 19 1 5 14 5 1 19 6 18 6 18 6 18 6 18 6 19 1 5 14 5 1 20 1 5 16 6 19 1 6 1 17 6 18 6 19
OSO (37, 287) (323, 15) - 1 5 12 4 14 5 1 20 1 5 14 4 10 2 2 2 12 4 10 2 4 2 8 4 16 6 20 6 16 6 20 6 17 1 6 1 18
OSO (43, 323) (323, 30) - 1 5 14 4 10 2 4 2 6 2 8 4 16 6 18 6 19 1 6 1 16 1 6 1 19 6 17 1 6 1 18 1 6 1 17 6 19 1 5 14 5 1 20
CS (86, 764) (323, 31) - 1 5 12 4 12 4 12 4 10 4 14 6 20 6 14 5 1 19 6 16 6 18 6 17 1 6 1 17 6 18 6 16 6 19 1 5 14 6 20 6 14 4 10 4 12 4 12 4 12 5 1 19 6 14 4 10 4 14 5 1 20 1 5 14 5 1 19 6 16 6 19 1 5 14 5 1 20 1 5 14 4 10 4 14 6 19
CS (100, 864) (323, 58) - 1 5 12 4 14 6 21 1 5 16 6 19 1 6 1 17 6 18 6 19 1 5 14 4 10 4 14 5 1 19 6 18 6 17 1 6 1 19 6 16 5 1 21 6 14 4 12 5 1 19 6 16 6 20 6 16 5 1 21 6 14 4 12 4 10 2 4 2 8 4 15 1 6 1 20 1 6 1 15 4 8 2 4 2 10 4 12 4 14 6 21 1 5 16 6 20 6 16 6 19
CS (104, 844) (323, 5) - 1 5 12 2 2 2 10 4 14 6 20 6 16 6 19 1 6 1 15 4 10 4 12 4 12 4 13 1 7 20 6 16 6 20 7 1 13 4 12 4 12 4 10 4 15 1 6 1 19 6 16 6 20 6 14 4 10 2 2 2 12 5 1 19 6 16 4 8 4 16 6 19 1 6 1 15 4 8 2 6 4 16 4 8 4 16 4 6 2 8 4 15 1 6 1 19 6 16 4 8 4 16 6 19
CS (108, 812) (323, 99) - 1 5 12 4 12 4 12 4 10 2 4 2 6 2 8 4 14 4 8 2 6 2 6 4 18 6 16 6 19 1 5 12 4 14 6 20 6 16 6 18 4 6 2 6 2 6 2 6 2 6 4 18 6 16 6 20 6 14 4 12 5 1 19 6 16 6 18 4 6 2 6 2 8 4 14 4 8 2 6 2 4 2 10 4 12 4 12 4 12 5 1 17 4 6 2 8 4 16 6 18 6 16 4 8 2 6 4 17
CS (116, 936) (323, 172) - 1 5 12 2 4 2 6 2 6 2 6 2 8 4 16 6 20 6 16 6 21 1 5 16 4 8 4 18 6 16 4 10 4 14 4 10 4 16 6 18 4 8 4 16 5 1 21 6 16 6 20 6 16 4 8 2 6 2 6 2 6 2 4 2 12 5 1 19 6 18 6 18 6 19 1 5 14 4 10 4 15 1 6 1 20 1 5 15 1 6 1 20 1 6 1 15 5 1 20 1 6 1 15 4 10 4 14 5 1 19 6 18 6 18 6 19
OSO (35, 323) (324, 167) - 1 5 14 4 10 4 16 6 20 6 16 6 21 1 5 16 5 1 21 6 16 6 20 6 16 4 8 2 6 2 6 4 18 6 19
OSO (41, 305) (324, 9) - 1 5 12 4 12 4 12 4 12 4 10 4 16 6 17 1 6 1 18 1 6 1 16 1 6 1 18 1 5 12 4 12 4 12 4 12 4 12 5 1 18
OSO (43, 375) (324, 1308) - 1 5 12 4 14 4 8 2 6 4 18 6 16 4 10 4 12 4 14 6 20 6 17 1 6 1 17 4 8 4 16 6 20 6 14 4 12 4 10 4 16 6 19
CS (82, 732) (324, 8409) - 1 5 12 4 14 6 20 6 16 6 18 6 19 1 5 14 4 10 4 14 5 1 19 6 17 1 6 1 17 6 19 1 5 14 4 10 4 14 5 1 19 6 18 6 16 6 20 6 14 4 12 5 1 18 1 6 1 17 6 18 6 16 4 10 4 12 4 12 4 12 4 10 4 16 6 18 6 17 1 6 1 18
CS (94, 680) (324, 139) - 1 5 12 4 14 4 8 2 6 4 18 6 16 4 8 2 6 4 17 1 6 1 17 4 6 2 8 4 16 6 18 4 6 2 8 4 14 4 12 5 1 19 6 16 5 1 21 7 1 15 6 20 6 16 4 8 2 4 2 8 2 4 2 8 2 4 2 8 2 4 2 8 2 4 2 8 2 4 2 8 4 16 6 20 6 15 1 7 21 1 5 16 6 19
CS (100, 780) (324, 181) - 1 5 12 4 14 4 8 2 6 4 18 6 16 4 8 2 4 2 10 4 12 4 12 4 12 4 13 1 7 20 6 16 6 20 6 16 6 20 7 1 13 4 12 4 12 4 12 4 10 2 4 2 8 4 16 6 18 4 6 2 8 4 14 4 12 5 1 19 6 16 4 8 2 4 2 10 4 12 4 12 4 12 4 12 4 12 4 12 4 12 4 10 2 4 2 8 4 16 6 19
CS (100, 796) (324, 65) - 1 5 12 4 12 4 10 2 4 4 18 6 14 4 10 4 12 4 12 4 10 4 14 6 19 1 5 12 4 12 4 12 5 1 19 6 14 4 10 4 12 4 12 4 10 4 14 6 18 4 4 2 10 4 12 4 12 5 1 19 6 14 4 10 4 12 4 12 4 10 4 14 6 18 4 4 2 10 4 12 4 10 2 4 4 18 6 14 4 10 4 12 4 12 4 10 4 14 6 19
CS (112, 724) (324, 226) - 1 5 12 2 2 2 10 4 12 2 2 2 8 2 4 2 10 4 10 2 4 2 8 4 16 6 18 6 19 1 5 14 4 10 2 2 2 10 2 2 2 10 4 14 5 1 19 6 18 6 16 4 8 2 4 2 10 4 10 2 4 2 8 2 2 2 12 4 10 2 2 2 12 5 1 19 6 16 6 20 6 14 4 10 2 4 2 6 2 6 2 6 2 6 2 6 2 6 2 6 2 4 2 10 4 14 6 20 6 16 6 19
CS (116, 792) (324, 276) - 1 5 12 2 2 2 10 2 2 2 10 2 2 2 10 2 2 2 10 2 2 2 12 5 1 19 6 18 6 16 4 10 4 14 5 1 20 1 5 14 4 12 4 10 4 16 6 19 1 5 12 2 2 2 10 4 14 4 10 4 14 4 8 2 6 2 6 2 6 2 6 2 6 2 6 2 6 2 8 4 14 4 10 4 14 4 10 2 2 2 12 5 1 19 6 16 4 10 4 12 4 14 5 1 20 1 5 14 4 10 4 16 6 18 6 19
CS (126, 1092) (324, 6199) - 1 5 12 4 14 6 20 6 16 6 19 1 5 14 5 1 19 6 17 1 6 1 17 6 18 6 18 6 17 1 6 1 17 6 18 6 18 6 17 1 6 1 17 6 19 1 5 14 5 1 19 6 16 6 20 6 14 4 12 5 1 18 1 6 1 17 6 18 6 16 4 8 2 6 4 16 4 8 4 16 6 19 1 5 14 5 1 19 6 16 4 8 2 4 2 8 4 16 6 19 1 5 14 5 1 19 6 16 4 8 4 16 4 6 2 8 4 16 6 18 6 17 1 6 1 18
CS (128, 960) (324, 17211) - 1 5 12 2 2 2 8 2 6 4 16 6 17 1 6 1 18 1 6 1 16 1 6 1 19 6 14 4 10 4 12 4 12 4 12 5 1 18 1 6 1 17 6 17 1 6 1 18 1 5 12 4 12 4 12 4 10 4 14 6 19 1 6 1 16 1 6 1 18 1 6 1 17 6 16 4 6 2 8 2 2 2 12 5 1 19 6 16 6 18 6 16 4 8 4 16 6 17 1 6 1 17 4 6 2 6 2 6 2 6 4 17 1 6 1 17 6 16 4 8 4 16 6 18 6 16 6 19
CS (128, 1020) (324, 50) - 1 5 12 4 12 4 12 4 12 4 10 2 4 2 6 2 8 4 14 4 8 2 6 2 4 2 10 4 12 4 12 4 12 4 12 5 1 17 4 8 4 16 6 18 6 18 6 17 1 6 1 17 6 18 4 6 2 4 2 10 4 14 5 1 20 1 5 14 4 12 5 1 19 6 16 6 20 6 14 4 10 4 14 4 10 4 14 6 20 6 16 6 19 1 5 12 4 14 5 1 20 1 5 14 4 10 2 4 2 6 4 18 6 17 1 6 1 17 6 18 6 18 6 16 4 8 4 17
CS (132, 960) (324, 7138) - 1 5 12 2 2 2 10 4 12 4 14 6 20 6 14 4 12 4 10 4 15 1 6 1 19 6 14 4 12 4 12 5 1 17 4 8 4 16 6 18 4 6 2 6 2 6 2 6 2 6 2 6 4 18 6 16 4 8 2 4 2 8 2 4 2 8 2 4 2 8 4 16 6 18 4 6 2 6 2 6 2 6 2 6 2 6 4 18 6 16 4 8 4 17 1 5 12 4 12 4 14 6 19 1 6 1 15 4 10 4 12 4 14 6 20 6 14 4 12 4 10 2 2 2 12 5 1 19 6 16 6 19
CS (172, 1420) (324, 475) - 1 5 12 4 14 4 8 2 6 2 4 2 10 4 14 4 8 2 6 2 4 2 10 4 14 4 8 2 6 2 6 4 18 6 18 6 16 4 10 4 14 5 1 20 1 5 14 4 10 4 16 6 18 6 18 4 6 2 6 2 8 4 14 4 10 2 4 2 6 2 8 4 14 4 10 2 4 2 6 2 8 4 14 4 12 5 1 19 6 16 4 8 2 6 4 18 6 16 5 1 20 1 6 1 15 4 10 4 14 5 1 19 6 18 6 18 6 18 6 18 6 18 6 18 6 18 6 18 6 18 6 18 6 18 6 18 6 18 6 18 6 18 6 18 6 18 6 19 1 5 14 4 10 4 15 1 6 1 20 1 5 16 6 18 4 6 2 8 4 16 6 19
CS (124, 1040) (325, 31) - 1 5 14 5 1 19 6 17 1 6 1 18 1 6 1 17 6 19 1 5 14 5 1 19 6 18 4 6 2 6 2 8 2 2 2 12 4 14 6 21 1 5 16 6 20 6 18 6 18 6 19 1 6 1 16 1 6 1 18 1 6 1 17 6 20 6 16 5 1 21 6 14 4 12 4 14 6 21 1 5 16 6 20 6 17 1 6 1 18 1 6 1 16 1 6 1 19 6 18 6 18 6 20 6 16 5 1 21 6 14 4 12 2 2 2 8 2 6 2 6 4 18 6 19
CS (80, 568) (326, 6) - 1 5 12 4 12 4 10 4 14 6 19 1 6 1 15 4 8 4 15 1 6 1 19 6 14 4 10 4 12 4 12 5 1 17 4 6 2 6 2 6 2 6 4 16 4 6 2 8 4 14 6 19 1 5 12 4 12 4 12 5 1 19 6 14 4 8 2 6 4 16 4 6 2 6 2 6 2 6 4 17
CS (98, 852) (326, 25) - 1 5 14 4 10 4 16 4 8 4 17 1 6 1 17 6 20 6 17 1 6 1 17 6 20 6 17 1 6 1 17 4 8 4 16 4 10 4 14 5 1 19 6 18 4 6 2 8 4 16 6 21 1 5 16 4 10 4 14 5 1 19 6 18 6 18 4 8 4 16 4 8 4 18 6 18 6 19 1 5 14 4 10 4 16 5 1 21 6 16 4 8 2 6 4 18 6 19
CS (104, 820) (326, 3901) - 1 5 12 2 2 2 10 4 12 4 12 4 12 4 12 4 10 4 16 6 18 6 17 1 6 1 18 1 5 12 4 14 6 20 6 16 6 18 4 6 2 6 2 8 4 14 4 8 2 6 2 6 4 18 6 16 6 20 6 14 4 12 5 1 18 1 6 1 17 6 18 6 16 4 10 4 12 4 12 4 12 4 12 4 10 2 2 2 12 5 1 18 1 6 1 17 6 18 6 17 1 6 1 18
CS (114, 876) (326, 69) - 1 6 1 17 4 6 2 8 2 2 2 12 4 12 4 12 4 10 2 4 2 8 4 16 6 20 6 16 6 20 7 1 13 4 12 4 12 4 12 4 12 4 12 4 12 4 12 4 12 4 12 4 12 4 12 4 12 4 12 4 12 4 12 4 12 4 12 4 12 4 12 4 12 4 12 4 12 4 12 4 12 4 12 4 13 1 7 20 6 16 6 20 6 16 4 8 2 4 2 10 4 12 4 12 4 12 2 2 2 8 2 6 4 17
CS (120, 1016) (326, 5776) - 1 5 14 4 8 2 6 4 16 6 16 4 8 4 15 1 6 1 18 1 6 1 15 4 6 2 8 4 14 4 8 2 4 2 8 4 14 4 8 2 6 4 15 1 6 1 18 1 6 1 15 4 8 4 16 6 16 4 6 2 8 4 14 5 1 19 6 16 6 18 6 16 6 18 6 16 6 18 6 16 6 18 6 15 1 7 20 7 1 14 1 7 20 7 1 14 1 7 20 7 1 15 6 18 6 16 6 18 6 16 6 18 6 16 6 18 6 16 6 19
CS (220, 1612) (326, 3680) - 1 5 12 4 12 2 2 2 8 2 4 2 8 4 16 6 19 1 5 14 4 8 2 6 2 6 2 4 2 10 4 12 4 12 4 12 4 12 5 1 18 1 6 1 16 1 6 1 18 1 6 1 16 1 6 1 18 1 6 1 16 1 6 1 18 1 6 1 16 1 6 1 18 1 5 12 4 12 4 12 4 12 4 10 2 4 2 6 2 6 2 8 4 14 5 1 19 6 16 4 8 2 4 2 8 2 2 2 12 4 12 5 1 18 1 6 1 16 1 6 1 19 6 14 4 12 4 10 4 14 4 10 4 14 5 1 19 6 18 6 16 6 20 6 14 4 12 5 1 18 1 6 1 17 6 17 1 6 1 18 1 5 12 4 14 6 20 6 14 4 12 5 1 18 1 6 1 17 6 17 1 6 1 18 1 5 12 4 14 6 20 6 16 6 18 6 19 1 5 14 4 10 4 14 4 10 4 12 4 14 6 19 1 6 1 16 1 6 1 18
OSO (41, 305) (327, 112) - 1 5 12 4 12 4 10 2 4 2 6 2 8 4 14 5 1 19 6 16 5 1 20 1 6 1 15 6 20 6 14 4 10 4 14 4 8 2 6 4 17
OSO (43, 287) (327, 29006) - 1 5 10 2 4 2 6 2 6 2 4 2 8 2 4 2 8 4 14 4 8 4 16 6 17 1 6 1 17 6 17 1 6 1 17 6 17 1 6 1 17 6 17
CS (94, 732) (327, 60) - 1 5 12 4 10 4 14 4 8 4 16 6 16 4 8 4 16 6 16 6 19 1 5 12 4 12 4 12 4 8 2 6 4 16 6 18 6 16 6 18 6 16 4 6 2 8 4 12 4 12 4 12 5 1 19 6 16 6 16 4 8 4 16 6 16 4 8 4 14 4 10 4 12 5 1 17 4 6 2 6 2 4 2 10 4 10 2 4 2 6 2 6 4 17
CS (130, 1020) (327, 10594) - 1 5 14 4 10 2 2 2 12 4 12 2 2 2 10 4 14 5 1 19 6 18 4 6 2 8 4 16 4 8 2 6 4 18 6 19 1 5 14 4 10 2 2 2 12 4 14 6 21 1 5 16 6 20 6 18 6 19 1 5 14 4 10 2 4 2 8 4 17 1 6 1 17 6 20 6 17 1 6 1 17 4 8 2 4 2 10 4 14 5 1 19 6 18 6 20 6 16 5 1 21 6 14 4 12 2 2 2 10 4 14 5 1 19 6 18 4 6 2 8 4 16 4 8 2 6 4 18 6 19
CS (136, 1136) (327, 228) - 1 5 12 4 14 4 8 2 6 4 18 6 16 4 8 2 6 4 17 1 6 1 18 1 6 1 17 6 18 6 18 6 18 6 18 6 18 6 18 6 18 6 17 1 6 1 18 1 6 1 17 4 6 2 8 4 16 6 18 4 6 2 8 4 14 4 12 5 1 19 6 17 1 6 1 17 4 8 4 16 6 20 6 14 4 12 4 10 2 2 2 12 4 10 4 16 6 18 6 19 1 5 14 5 1 19 6 18 6 16 4 10 4 12 2 2 2 10 4 12 4 14 6 20 6 16 4 8 4 17 1 6 1 17 6 19
OSO (43, 325) (328, 34) - 1 5 12 4 12 4 14 5 1 20 1 5 14 5 1 19 6 17 1 6 1 19 6 16 5 1 21 6 14 4 12 4 10 2 4 2 8 2 4 2 8 4 17
CS (80, 680) (328, 243) - 1 5 12 4 14 5 1 21 7 1 15 4 8 2 4 2 10 4 12 4 14 6 20 6 17 1 5 12 5 1 17 6 20 6 14 4 12 4 10 2 4 2 8 4 15 1 7 21 1 5 14 4 12 5 1 19 6 16 6 20 6 16 4 8 4 16 4 8 4 16 4 8 4 16 6 20 6 16 6 19
CS (92, 632) (328, 73) - 1 5 12 4 10 4 14 4 10 4 12 5 1 17 6 18 6 16 4 6 2 6 2 6 2 6 2 6 4 16 6 19 1 5 14 4 10 4 12 4 10 2 4 2 6 2 6 4 17 1 6 1 16 1 6 1 17 4 6 2 6 2 4 2 10 4 12 4 10 4 14 5 1 19 6 16 4 6 2 6 2 6 2 6 2 6 4 16 6 18 6 17
CS (92, 756) (328, 89) - 1 5 12 2 2 2 12 5 1 19 6 17 1 6 1 18 1 6 1 17 6 18 4 8 4 16 5 1 21 6 16 6 20 6 17 1 6 1 17 4 8 4 17 1 5 12 4 14 5 1 20 1 5 14 4 12 5 1 17 4 8 4 17 1 6 1 17 6 20 6 16 6 21 1 5 16 4 8 4 18 6 17 1 6 1 18 1 6 1 17 6 19
CS (92, 876) (328, 79) - 1 5 12 4 14 6 20 6 16 4 8 2 4 2 10 4 12 4 12 4 12 4 12 4 14 6 20 6 14 4 12 4 12 4 12 4 12 4 10 2 4 2 8 4 16 6 20 6 14 4 12 5 1 19 6 16 6 20 6 16 6 20 6 16 6 20 6 16 6 20 7 1 14 1 7 20 6 16 6 20 6 16 6 20 6 16 6 20 6 16 6 19
CS (104, 852) (328, 9) - 1 5 12 4 12 4 12 4 10 4 16 6 18 6 18 6 16 4 8 4 17 1 5 12 4 12 4 12 4 12 5 1 18 1 5 12 4 12 4 12 4 12 4 12 5 1 18 1 5 12 4 12 4 12 4 12 5 1 17 4 8 4 16 6 18 6 18 6 16 4 10 4 12 4 12 4 12 5 1 17 4 8 4 15 1 6 1 19 6 16 4 8 4 16 6 19 1 6 1 15 4 8 4 17
CS (112, 928) (328, 372) - 1 5 12 4 12 4 12 4 14 6 20 6 16 4 8 4 17 1 6 1 17 4 8 4 16 6 20 7 1 13 4 12 4 12 4 12 4 12 4 12 4 13 1 7 20 6 16 4 8 4 17 1 6 1 17 4 8 4 16 6 20 6 14 4 12 4 12 4 12 5 1 17 4 8 4 16 4 8 4 16 4 8 4 16 4 8 4 16 4 8 4 16 4 8 4 16 4 8 4 16 4 8 4 16 4 8 4 16 4 8 4 17
CS (96, 744) (329, 146) - 1 5 14 4 10 2 2 2 12 4 12 4 12 4 12 4 12 2 2 2 10 4 14 5 1 20 1 5 15 1 6 1 20 1 5 14 4 12 4 12 4 12 4 12 4 14 6 21 1 5 15 1 7 21 1 5 14 4 12 4 12 4 12 4 14 5 1 21 7 1 15 5 1 21 6 14 4 12 4 12 4 12 4 12 4 14 5 1 20 1 6 1 15 5 1 20
CS (98, 836) (329, 17) - 1 5 12 4 10 4 14 4 8 4 16 6 17 1 6 1 17 6 18 6 14 4 12 5 1 20 1 5 15 1 7 20 6 14 4 10 4 12 4 12 4 10 4 12 4 12 4 10 4 12 4 12 4 10 4 14 6 20 7 1 15 5 1 20 1 5 12 4 14 6 18 6 17 1 6 1 17 6 16 4 8 4 14 4 10 4 12 5 1 17 6 18 6 16 6 18 6 17
CS (104, 892) (330, 182) - 1 5 12 4 12 4 12 4 12 4 12 4 10 4 16 6 18 6 17 1 6 1 18 1 5 12 4 14 6 20 6 16 6 19 1 5 12 4 14 5 1 19 6 18 6 16 4 8 2 6 4 16 4 6 2 8 4 16 6 18 6 19 1 5 14 4 12 5 1 19 6 16 6 20 6 14 4 12 5 1 18 1 6 1 17 6 18 6 16 4 10 4 12 4 12 4 12 4 12 4 12 5 1 18
CS (106, 824) (330, 53106) - 1 5 12 2 2 2 10 4 12 4 12 4 12 4 12 4 10 2 2 2 12 5 1 18 1 6 1 17 6 18 6 18 6 16 5 1 20 1 5 14 4 10 4 14 5 1 19 6 17 1 6 1 17 6 19 1 5 14 4 10 4 14 5 1 20 1 5 16 6 18 6 18 6 17 1 6 1 18 1 5 12 2 2 2 10 4 12 4 12 4 12 4 12 4 10 2 2 2 12 5 1 19 6 16 6 19
CS (136, 1116) (330, 45) - 1 5 12 2 2 2 10 4 14 5 1 20 1 5 14 4 10 2 2 2 12 5 1 19 6 16 4 10 4 12 4 14 5 1 20 1 5 14 5 1 19 6 18 6 18 6 17 1 6 1 19 6 16 4 8 4 18 6 16 5 1 20 1 6 1 15 4 10 4 14 4 10 4 14 4 10 4 14 4 10 4 14 4 10 4 14 4 10 4 14 4 10 4 15 1 6 1 20 1 5 16 6 18 4 8 4 16 6 19 1 6 1 17 6 18 6 18 6 19 1 5 14 5 1 20 1 5 14 4 12 4 10 4 16 6 19
CS (156, 1240) (330, 176) - 1 5 12 4 12 4 12 4 12 4 12 5 1 18 1 6 1 16 1 6 1 19 6 14 4 12 4 10 2 4 2 6 2 6 2 8 4 14 5 1 19 6 17 1 6 1 17 6 18 6 18 6 18 6 16 5 1 20 1 5 14 5 1 19 6 16 4 8 4 16 6 20 7 1 15 6 19 1 6 1 16 1 6 1 18 1 6 1 16 1 6 1 19 6 15 1 7 20 6 16 4 8 4 16 6 19 1 5 14 5 1 20 1 5 16 6 18 6 18 6 18 6 17 1 6 1 17 6 19 1 5 14 4 8 2 6 2 6 2 4 2 10 4 12 4 14 6 19 1 6 1 16 1 6 1 18
CS (168, 1496) (330, 3533) - 1 5 12 2 2 2 10 4 14 5 1 20 1 5 14 5 1 19 6 17 1 6 1 19 6 16 6 20 6 16 6 20 6 16 6 20 6 16 6 19 1 6 1 17 6 19 1 5 14 5 1 20 1 5 14 4 10 2 2 2 12 5 1 19 6 16 4 8 2 6 4 18 6 16 5 1 21 6 14 4 10 4 16 6 18 6 18 6 19 1 5 14 5 1 19 6 18 6 17 1 6 1 19 6 16 6 21 1 5 16 4 8 4 16 4 8 4 16 4 8 4 16 5 1 21 6 16 6 19 1 6 1 17 6 18 6 19 1 5 14 5 1 19 6 18 6 18 6 16 4 10 4 14 6 21 1 5 16 6 18 4 6 2 8 4 16 6 19
OSO (27, 197) (331, 9) - 1 5 12 4 12 4 14 5 1 20 1 5 14 4 12 4 10 2 4 2 8 4 16 4 8 4 17
OSO (37, 291) (331, 34) - 1 5 12 4 12 2 2 2 10 4 14 6 21 1 5 14 4 12 5 1 19 6 16 5 1 21 6 14 4 12 5 1 18 1 6 1 18
CS (96, 728) (331, 18) - 1 5 12 4 12 4 12 5 1 17 6 19 1 6 1 15 5 1 20 1 5 14 4 10 4 14 4 10 4 14 6 21 1 5 16 4 6 2 8 2 4 2 8 4 15 1 6 1 19 6 16 4 8 4 16 6 19 1 6 1 15 4 8 2 4 2 8 2 6 4 16 5 1 21 6 14 4 10 4 14 4 10 4 14 5 1 20 1 5 15 1 6 1 19 6 17
CS (128, 1116) (331, 6644) - 1 5 14 5 1 19 6 16 6 16 4 8 4 15 1 6 1 18 1 6 1 15 4 8 4 15 1 6 1 18 1 6 1 15 4 8 4 16 6 16 6 19 1 5 14 5 1 20 1 5 16 6 17 1 6 1 17 6 16 6 19 1 5 14 5 1 19 6 16 6 17 1 6 1 17 6 16 6 19 1 5 14 6 20 6 14 6 20 6 14 6 20 6 14 5 1 19 6 16 6 17 1 6 1 17 6 16 6 19 1 5 14 5 1 19 6 16 6 17 1 6 1 17 6 16 5 1 20
CS (66, 596) (332, 46) - 1 5 14 4 12 4 12 4 16 6 20 6 19 1 5 14 5 1 18 1 6 1 18 1 5 14 5 1 19 6 20 6 16 4 12 4 12 4 14 5 1 19 6 19 1 6 1 17 6 20 6 18 4 8 4 18 6 20 6 17 1 6 1 19 6 19
CS (76, 580) (332, 244) - 1 5 12 4 10 4 14 4 10 4 12 5 1 17 6 18 6 16 4 6 2 6 2 8 4 12 4 12 4 12 5 1 19 6 14 4 10 4 12 4 12 4 10 2 2 2 10 4 12 4 12 4 10 4 14 6 19 1 5 12 4 12 4 12 4 8 2 6 2 6 4 16 6 18 6 17
CS (92, 852) (332, 470) - 1 5 14 4 10 4 16 6 20 6 16 6 21 1 5 16 5 1 21 6 15 1 7 21 1 5 14 4 12 4 12 4 14 5 1 21 7 1 15 6 21 1 5 16 5 1 21 6 16 6 20 6 16 4 10 4 14 5 1 19 6 18 6 18 4 6 2 8 4 16 6 20 6 17 1 6 1 17 6 20 6 16 4 8 2 6 4 18 6 18 6 19
CS (110, 780) (332, 95) - 1 5 12 4 10 2 4 2 6 2 6 2 6 2 4 2 10 4 12 5 1 17 4 6 2 8 4 14 6 20 6 14 4 10 4 12 4 12 4 12 5 1 18 1 6 1 17 6 18 6 16 6 18 6 17 1 6 1 18 1 5 12 4 12 4 12 4 10 4 14 6 20 6 14 4 8 2 6 4 17 1 5 12 4 10 2 4 2 6 2 6 2 6 2 4 2 10 4 12 5 1 18 1 5 12 4 12 5 1 18
CS (112, 932) (332, 990) - 1 5 14 4 10 4 14 4 10 4 14 5 1 19 6 18 6 18 6 16 4 10 4 14 5 1 21 7 1 15 4 8 2 6 2 4 2 10 4 14 6 21 1 5 16 6 19 1 6 1 17 6 18 6 18 6 18 4 6 2 6 2 6 2 6 2 6 4 18 6 18 6 18 6 17 1 6 1 19 6 16 5 1 21 6 14 4 10 2 4 2 6 2 8 4 15 1 7 21 1 5 14 4 10 4 16 6 18 6 18 6 19
CS (112, 964) (332, 16939) - 1 5 14 5 1 19 6 16 6 16 4 8 4 16 6 16 6 19 1 5 14 6 20 6 12 2 2 2 10 4 10 2 2 2 12 6 20 6 14 5 1 19 6 16 6 16 4 8 4 16 6 16 6 19 1 5 14 5 1 20 1 5 16 6 17 1 6 1 17 6 16 6 19 1 5 14 5 1 20 1 5 16 6 17 1 6 1 17 6 16 5 1 20 1 5 14 5 1 19 6 16 6 17 1 6 1 17 6 16 5 1 20
CS (124, 740) (332, 41) - 1 5 12 4 14 4 8 2 6 2 6 2 6 2 6 2 6 2 6 2 6 2 6 2 6 2 6 2 8 4 15 1 6 1 20 1 5 14 4 12 4 10 2 4 2 8 2 2 2 12 4 12 4 12 2 2 2 8 2 4 2 10 4 12 4 14 5 1 20 1 6 1 15 4 8 2 6 2 6 2 6 2 6 2 6 2 6 2 6 2 6 2 6 2 6 2 8 4 14 4 12 5 1 18 1 6 1 17 4 8 4 16 6 20 6 16 4 8 4 17 1 6 1 18
CS (128, 1180) (332, 1866) - 1 5 14 5 1 19 6 16 4 8 4 16 6 19 1 5 14 5 1 20 1 5 16 6 18 6 18 6 18 6 16 4 8 4 16 4 8 4 16 6 18 6 18 6 17 1 6 1 18 1 5 14 6 20 6 16 4 8 4 16 6 18 6 18 6 18 6 16 4 8 2 4 2 8 2 4 2 8 4 16 6 18 6 18 6 18 6 16 4 8 4 16 6 20 6 14 5 1 18 1 6 1 17 6 18 6 18 6 16 4 8 4 16 4 8 4 16 6 18 6 18 6 18 6 16 5 1 20
CS (128, 1184) (332, 13) - 1 5 12 5 1 17 6 17 1 6 1 17 6 16 6 18 6 16 4 6 2 8 4 12 4 12 4 10 4 14 6 19 1 5 14 6 19 1 6 1 15 6 19 1 5 14 6 20 7 1 15 6 18 6 16 6 18 6 16 6 18 6 16 6 18 6 16 6 18 6 16 6 18 6 16 6 18 6 16 6 18 6 15 1 7 20 6 14 5 1 19 6 15 1 6 1 19 6 14 5 1 19 6 14 4 10 4 12 4 12 4 8 2 6 4 16 6 18 6 16 6 17 1 6 1 17 6 17
CS (132, 1100) (332, 95) - 1 5 12 4 12 4 14 5 1 20 1 5 14 4 12 4 12 4 12 4 12 4 14 5 1 20 1 5 15 1 6 1 20 1 5 16 6 20 6 16 4 10 4 14 5 1 19 6 18 6 19 1 5 14 4 10 4 16 6 20 6 16 5 1 20 1 6 1 15 5 1 20 1 5 14 4 12 4 12 4 12 4 12 4 14 5 1 20 1 5 14 4 12 4 12 5 1 17 6 20 6 16 4 8 2 4 2 10 4 14 5 1 19 6 18 6 19 1 5 14 4 10 2 4 2 8 4 16 6 20 6 17
CS (152, 1212) (332, 75) - 1 5 12 2 2 2 10 4 14 4 10 4 14 5 1 20 1 6 1 15 5 1 20 1 5 14 5 1 20 1 5 15 1 6 1 20 1 5 14 4 10 4 14 4 10 2 2 2 12 5 1 19 6 18 6 16 4 8 2 4 2 10 4 12 4 14 6 21 1 5 16 6 20 6 16 6 19 1 6 1 17 6 18 6 18 6 19 1 5 14 4 10 4 14 4 10 2 2 2 10 2 2 2 10 2 2 2 10 4 14 4 10 4 14 5 1 19 6 18 6 18 6 17 1 6 1 19 6 16 6 20 6 16 5 1 21 6 14 4 12 4 10 2 4 2 8 4 16 6 18 6 19
CS (174, 1388) (332, 28) - 1 5 12 2 2 2 10 4 12 4 12 4 12 4 12 4 10 2 2 2 12 5 1 18 1 6 1 17 6 18 6 18 6 16 4 8 2 6 4 16 4 6 2 8 2 4 2 8 4 14 4 12 5 1 19 6 16 5 1 21 7 1 15 6 20 6 14 4 12 4 10 4 14 4 10 4 14 5 1 19 6 18 6 16 5 1 20 1 5 14 5 1 19 6 16 4 8 2 4 2 8 4 16 6 19 1 5 14 5 1 20 1 5 16 6 18 6 19 1 5 14 4 10 4 14 4 10 4 12 4 14 6 20 6 15 1 7 21 1 5 16 6 19 1 5 12 4 14 4 8 2 4 2 8 2 6 4 16 4 6 2 8 4 16 6 18 6 18 6 17 1 6 1 18
CS (192, 1656) (332, 21715) - 1 5 12 2 2 2 10 4 14 5 1 20 1 5 14 4 10 4 14 4 10 4 14 4 10 4 14 4 10 4 14 5 1 20 1 5 14 4 10 2 2 2 12 5 1 19 6 18 6 16 4 8 2 4 2 10 4 12 4 14 6 20 6 16 5 1 21 6 14 4 12 5 1 19 6 16 6 20 6 16 5 1 21 6 15 1 7 21 1 5 16 6 19 1 5 12 2 2 2 10 4 14 6 21 1 5 16 6 19 1 6 1 17 6 18 6 18 6 18 6 18 6 18 6 17 1 6 1 19 6 16 5 1 21 6 14 4 10 2 2 2 12 5 1 19 6 16 5 1 21 7 1 15 6 21 1 5 16 6 20 6 16 6 19 1 5 12 4 14 6 21 1 5 16 6 20 6 14 4 12 4 10 2 4 2 8 4 16 6 18 6 19
OSO (41, 291) (333, 24) - 1 5 12 4 12 4 12 4 10 2 4 2 6 2 8 4 14 4 10 4 14 4 8 2 6 4 17 1 6 1 17 6 18 6 16 4 8 2 6 4 17
OSO (43, 325) (333, 163) - 1 5 16 6 20 6 16 5 1 21 6 14 4 12 4 10 2 4 2 8 2 4 2 8 2 4 2 8 2 6 4 17 1 6 1 17 6 20 6 15 1 7 21
CS (72, 540) (333, 22) - 1 5 14 5 1 19 6 18 6 16 4 8 2 6 4 18 6 16 5 1 21 6 14 4 10 4 14 4 10 2 2 2 10 2 2 2 10 2 2 2 10 2 2 2 10 2 2 2 10 4 14 4 10 4 14 6 21 1 5 16 6 18 4 6 2 8 4 16 6 18 6 19
CS (88, 716) (333, 52219) - 1 5 16 5 1 21 6 14 4 10 4 14 4 8 2 6 2 6 4 18 6 16 6 20 7 1 13 4 12 4 10 4 16 6 18 6 16 4 10 4 12 4 12 2 2 2 8 2 2 2 12 4 12 4 10 4 16 6 18 6 16 4 10 4 12 4 13 1 7 20 6 16 6 18 4 6 2 6 2 8 4 14 4 10 4 14 6 21
CS (112, 804) (333, 171) - 1 5 12 4 12 2 2 2 8 2 4 2 8 4 16 6 19 1 5 14 5 1 20 1 5 16 6 18 4 6 2 6 2 6 2 6 2 6 2 6 4 18 6 16 5 1 20 1 5 14 5 1 19 6 16 4 8 2 4 2 8 2 2 2 12 4 12 5 1 18 1 5 12 4 12 4 12 4 12 5 1 17 4 6 2 8 4 16 6 18 6 18 6 16 4 8 2 6 4 17 1 5 12 4 12 4 12 4 12 5 1 18
CS (112, 824) (333, 120) - 1 5 12 2 2 2 10 4 14 6 20 6 15 1 6 1 20 1 5 15 1 6 1 20 1 5 16 6 18 4 6 2 6 2 6 2 6 2 6 4 18 6 16 5 1 20 1 6 1 15 5 1 20 1 6 1 15 6 20 6 14 4 10 2 2 2 12 5 1 19 6 16 6 20 6 14 4 10 2 2 2 10 2 2 2 10 4 14 5 1 20 1 5 14 4 10 2 2 2 10 2 2 2 10 4 14 6 20 6 16 6 19
CS (114, 916) (333, 305) - 1 5 12 4 14 4 8 2 6 2 4 2 10 4 14 6 20 6 17 1 6 1 18 1 5 12 4 14 6 20 6 17 1 6 1 17 6 20 6 14 4 12 5 1 18 1 6 1 17 6 20 6 14 4 10 2 4 2 6 2 8 4 14 4 12 5 1 19 6 16 4 8 2 4 2 10 4 12 4 12 4 12 4 13 1 7 20 6 16 6 20 6 16 6 20 7 1 13 4 12 4 12 4 12 4 10 2 4 2 8 4 16 6 19
CS (112, 916) (334, 303) - 1 5 14 5 1 19 6 16 4 8 2 4 2 8 4 16 6 19 1 5 14 5 1 19 6 16 4 8 2 4 2 8 4 16 6 19 1 5 14 5 1 19 6 16 4 8 4 16 6 20 7 1 15 6 19 1 6 1 15 4 10 4 12 4 12 4 12 4 12 4 12 4 10 4 14 4 10 4 14 4 10 4 12 4 12 4 12 4 12 4 12 4 10 4 15 1 6 1 19 6 15 1 7 20 6 16 4 8 4 16 6 19
CS (114, 1064) (334, 302) - 1 5 12 4 14 6 20 6 16 6 19 1 6 1 17 6 18 6 18 6 18 6 17 1 6 1 19 6 16 6 19 1 6 1 17 6 18 6 18 6 18 6 17 1 6 1 19 6 16 6 20 6 14 4 12 5 1 18 1 6 1 17 4 8 4 16 6 18 6 18 6 18 6 18 6 18 6 16 4 8 2 6 4 17 1 6 1 17 4 6 2 8 4 16 6 18 6 18 6 18 6 18 6 18 6 16 4 8 4 17 1 6 1 18
CS (120, 1008) (334, 302) - 1 5 12 2 2 2 10 4 14 6 20 6 16 6 20 6 14 4 10 2 2 2 12 5 1 19 6 16 6 20 6 14 4 10 2 4 2 6 2 8 4 14 4 10 4 14 5 1 20 1 5 16 6 18 6 19 1 5 14 4 10 4 14 4 10 4 14 6 20 6 16 4 8 4 16 6 20 6 14 4 10 4 14 4 10 4 14 5 1 19 6 18 6 16 5 1 20 1 5 14 4 10 4 14 4 8 2 6 2 4 2 10 4 14 6 20 6 16 6 19
CS (130, 1100) (334, 69) - 1 5 12 4 12 4 12 4 12 4 12 4 12 4 12 4 12 5 1 17 4 8 4 16 6 20 6 15 1 7 21 1 5 16 6 19 1 5 12 4 14 5 1 21 7 1 15 4 8 2 6 4 18 6 16 5 1 21 6 14 4 10 4 14 4 12 5 1 19 6 17 1 6 1 18 1 6 1 17 6 19 1 5 12 4 14 4 10 4 14 6 21 1 5 16 6 18 4 6 2 8 4 15 1 7 21 1 5 14 4 12 5 1 19 6 16 5 1 21 7 1 15 6 20 6 16 4 8 4 17
CS (148, 992) (334, 5067) - 1 5 12 4 12 4 12 4 12 4 14 6 20 6 16 4 8 4 17 1 6 1 17 4 8 4 16 6 20 7 1 13 4 12 4 12 4 12 4 13 1 7 20 6 16 4 8 4 17 1 6 1 17 4 8 4 16 6 20 6 14 4 12 4 12 4 12 4 12 5 1 17 4 8 4 16 4 8 4 16 4 6 2 8 2 4 2 8 2 4 2 8 2 4 2 8 2 4 2 8 2 4 2 8 2 4 2 8 2 4 2 8 2 4 2 8 2 4 2 8 2 4 2 8 2 4 2 8 2 4 2 8 2 4 2 8 2 6 4 16 4 8 4 16 4 8 4 17
CS (176, 1348) (334, 93) - 1 5 12 4 10 2 4 2 8 4 16 6 18 6 18 6 16 4 8 2 4 2 8 2 4 2 8 2 4 2 8 4 16 6 18 6 17 1 6 1 18 1 5 12 4 14 6 20 6 14 4 12 4 10 4 14 4 10 4 14 5 1 20 1 5 14 4 10 2 2 2 10 2 2 2 10 4 14 5 1 20 1 5 14 4 10 4 14 4 10 4 12 4 14 6 20 6 14 4 12 5 1 18 1 6 1 17 6 18 6 16 4 8 2 4 2 8 2 4 2 8 2 4 2 8 4 16 6 18 6 18 6 16 4 8 2 4 2 10 4 12 5 1 17 6 19 1 5 14 5 1 19 6 17 1 6 1 17 6 18 6 17 1 6 1 17 6 19 1 5 14 5 1 19 6 17
OSO (35, 277) (335, 217) - 1 5 12 4 14 6 20 6 14 4 12 4 10 4 14 4 10 4 14 4 8 2 6 4 17 1 6 1 17 6 17 1 6 1 18
OSO (49, 343) (335, 103) - 1 5 14 4 10 2 4 2 8 4 16 6 20 6 17 1 6 1 18 1 6 1 17 4 8 4 16 4 8 2 4 2 10 4 12 2 2 2 10 4 14 4 10 4 15 1 6 1 20
CS (90, 824) (335, 83) - 1 5 16 6 19 1 6 1 17 6 20 6 14 4 12 4 12 4 12 4 12 4 14 6 20 6 17 1 6 1 19 6 16 5 1 21 6 14 4 12 4 12 4 12 4 12 4 12 4 12 4 12 4 14 6 21 1 5 16 6 20 6 16 6 20 6 16 5 1 21 6 14 4 12 4 12 4 12 4 12 4 12 4 12 4 12 4 14 6 21
CS (122, 1040) (335, 44) - 1 5 14 4 8 2 6 2 6 2 6 4 18 6 16 6 20 6 15 1 6 1 20 1 5 16 6 18 6 18 6 18 6 17 1 6 1 17 4 6 2 8 4 14 4 10 4 14 5 1 19 6 18 6 16 6 20 6 16 6 18 6 19 1 5 14 4 10 4 14 4 8 2 6 4 17 1 6 1 17 6 18 6 18 6 18 6 16 5 1 20 1 6 1 15 6 20 6 16 6 18 4 6 2 6 2 6 2 8 4 14 5 1 19 6 17 1 6 1 17 6 19
CS (70, 572) (336, 184) - 1 5 14 4 10 4 14 4 10 4 14 4 10 4 14 6 21 1 5 16 5 1 21 6 14 4 10 4 14 4 10 4 14 4 10 4 14 5 1 19 6 18 6 16 4 8 2 4 2 10 4 12 4 12 4 12 4 12 4 10 2 4 2 8 4 16 6 18 6 19
CS (80, 596) (336, 192) - 1 5 12 2 2 2 10 4 14 4 8 2 6 4 18 6 16 4 8 4 17 1 6 1 17 4 8 4 16 6 18 4 6 2 8 4 14 4 10 2 2 2 12 5 1 19 6 18 6 16 4 8 2 4 2 10 4 12 4 12 4 12 4 12 4 12 4 12 4 10 2 4 2 8 4 16 6 18 6 19
CS (92, 764) (336, 133) - 1 5 14 4 10 2 4 2 8 4 16 6 20 6 17 1 6 1 18 1 5 14 5 1 20 1 5 16 6 20 6 16 5 1 20 1 5 14 5 1 18 1 6 1 17 6 20 6 16 4 8 2 4 2 10 4 14 5 1 19 6 18 6 19 1 5 14 5 1 19 6 17 1 6 1 18 1 6 1 17 6 19 1 5 14 5 1 19 6 18 6 19
CS (96, 600) (336, 120) - 1 5 12 4 10 2 4 2 6 2 4 2 10 4 12 5 1 18 1 5 12 4 10 2 4 2 6 2 6 4 17 1 5 12 4 10 4 14 4 8 2 4 2 8 4 14 4 10 4 12 5 1 17 4 6 2 6 2 6 4 17 1 5 12 4 10 4 14 4 8 2 4 2 8 4 14 4 10 4 12 5 1 17 4 6 2 6 2 4 2 10 4 12 5 1 18
CS (100, 780) (336, 144) - 1 5 12 4 12 4 10 4 14 4 10 4 12 4 10 4 14 4 10 4 12 4 12 5 1 18 1 5 12 4 12 5 1 17 4 6 2 8 4 14 6 20 6 14 4 10 4 12 4 12 4 12 5 1 18 1 6 1 17 6 16 4 8 4 16 6 17 1 6 1 18 1 5 12 4 12 4 12 4 10 4 14 6 20 6 14 4 8 2 6 4 17 1 5 12 4 12 5 1 18
CS (116, 860) (336, 16655) - 1 5 12 4 12 4 12 4 14 6 20 6 16 6 19 1 6 1 17 6 18 6 19 1 5 14 5 1 19 6 18 6 17 1 6 1 19 6 16 6 20 6 14 4 12 4 12 4 12 5 1 18 1 6 1 17 4 6 2 8 4 16 6 18 4 6 2 6 2 8 4 14 4 10 2 2 2 10 2 4 2 6 2 6 2 6 2 4 2 10 2 2 2 10 4 14 4 8 2 6 2 6 4 18 6 16 4 8 2 6 4 17 1 6 1 18
CS (120, 884) (336, 4455) - 1 5 12 4 12 4 10 2 2 2 10 4 12 4 10 2 2 2 10 4 12 4 12 5 1 19 6 14 4 8 2 6 4 16 6 17 1 6 1 17 6 16 4 6 2 8 4 14 6 20 7 1 15 6 18 6 17 1 6 1 15 4 8 2 4 2 8 4 14 4 8 2 4 2 8 4 14 4 8 2 4 2 8 4 15 1 6 1 17 6 18 6 15 1 7 20 6 14 4 8 2 6 4 16 6 17 1 6 1 17 6 16 4 6 2 8 4 14 6 19
CS (148, 1112) (336, 24) - 1 5 12 2 2 2 8 2 2 2 12 5 1 18 1 6 1 16 1 6 1 17 6 18 6 14 4 10 4 14 6 18 6 17 1 6 1 15 4 10 4 10 4 15 1 6 1 17 6 18 6 14 4 10 4 14 6 18 6 17 1 6 1 16 1 6 1 18 1 5 12 2 2 2 8 2 2 2 12 5 1 19 6 14 5 1 18 1 6 1 16 1 6 1 17 6 18 6 15 1 6 1 19 6 14 4 8 2 6 4 16 6 17 1 6 1 17 6 16 4 6 2 8 4 14 6 19 1 6 1 15 6 18 6 17 1 6 1 16 1 6 1 18 1 5 14 6 19
OSO (39, 213) (338, 59) - 1 5 12 4 10 2 2 2 10 2 2 2 8 2 4 2 8 4 14 4 8 2 4 2 8 4 14 4 10 4 10 2 4 2 6 2 6 4 17
OSO (43, 213) (338, 80) - 1 5 12 4 10 2 4 2 6 2 4 2 10 4 10 2 2 2 10 2 2 2 10 4 10 2 2 2 10 2 2 2 10 4 10 2 4 2 6 2 6 4 17
OSO (43, 379) (338, 67) - 1 5 12 4 14 4 10 4 14 5 1 19 6 18 6 18 6 18 6 18 6 18 4 6 2 6 2 8 4 16 6 19 1 5 14 5 1 20 1 5 16 6 19
CS (114, 884) (338, 5484) - 1 5 12 4 12 2 2 2 8 2 6 4 17 1 6 1 17 6 20 6 14 4 12 5 1 19 6 16 6 20 6 16 4 6 2 8 2 4 2 8 2 4 2 8 4 16 6 20 7 1 15 6 20 6 16 6 20 6 15 1 7 20 6 16 4 8 2 4 2 8 2 4 2 8 2 6 4 16 6 20 6 16 6 19 1 5 12 4 14 6 20 6 17 1 6 1 17 4 6 2 8 2 2 2 12 4 12 5 1 18 1 6 1 18
CS (124, 1020) (338, 155) - 1 5 12 4 14 6 20 6 14 4 12 4 10 4 15 1 6 1 19 6 16 6 19 1 6 1 15 4 10 4 12 4 14 6 20 6 14 4 12 5 1 18 1 6 1 17 6 17 1 6 1 18 1 6 1 17 6 16 4 10 4 12 4 14 6 20 6 14 4 12 5 1 18 1 6 1 17 6 17 1 6 1 18 1 6 1 17 6 17 1 6 1 18 1 5 12 4 14 6 20 6 14 4 12 4 10 4 16 6 17 1 6 1 18 1 6 1 17 6 17 1 6 1 18
CS (124, 1036) (338, 324) - 1 5 12 4 14 6 20 6 17 1 6 1 17 6 20 6 14 4 12 5 1 18 1 6 1 17 6 18 4 6 2 6 2 8 4 15 1 6 1 19 6 18 6 16 4 10 4 12 4 14 5 1 20 1 5 14 5 1 19 6 16 4 10 4 12 4 14 6 20 6 17 1 6 1 17 6 20 6 14 4 12 4 10 4 16 6 19 1 5 14 5 1 20 1 5 14 4 12 4 10 4 16 6 18 6 19 1 6 1 15 4 8 2 6 2 6 4 18 6 17 1 6 1 18
CS (132, 1220) (338, 394) - 1 7 20 6 16 4 8 2 4 2 10 4 12 4 12 4 12 4 12 4 14 6 20 6 16 6 20 6 16 6 20 6 14 4 12 4 12 4 12 4 12 4 10 2 4 2 8 4 16 6 20 7 1 15 6 20 6 16 6 20 6 16 6 20 6 14 4 12 4 12 4 12 4 12 4 10 2 4 2 8 4 16 6 20 7 1 15 6 20 6 16 6 20 6 16 6 20 6 15 1 7 20 6 16 4 8 2 4 2 10 4 12 4 12 4 12 4 12 4 14 6 20 6 16 6 20 6 16 6 20 6 15
CS (136, 1032) (338, 20) - 1 5 14 5 1 19 6 15 1 6 1 19 6 14 4 8 2 6 4 16 6 17 1 6 1 17 6 16 6 19 1 5 14 5 1 19 6 16 6 17 1 6 1 17 6 16 4 6 2 8 4 14 6 19 1 6 1 15 6 19 1 5 14 5 1 20 1 5 16 6 16 4 8 4 15 1 6 1 18 1 6 1 15 4 8 4 15 1 6 1 18 1 6 1 15 4 6 2 8 4 14 4 8 2 6 4 15 1 6 1 18 1 6 1 15 4 8 4 15 1 6 1 18 1 6 1 15 4 8 4 16 6 16 5 1 20
CS (144, 1228) (338, 131) - 1 5 12 2 2 2 10 4 14 6 20 6 16 6 18 6 19 1 5 14 4 10 4 14 5 1 19 6 18 6 16 6 20 6 14 4 10 2 2 2 12 5 1 19 6 16 4 6 2 8 2 4 2 8 4 16 6 18 6 17 1 6 1 18 1 5 12 4 14 6 20 6 15 1 7 21 1 5 16 6 19 1 5 14 5 1 20 1 5 16 6 18 6 18 6 18 6 16 5 1 20 1 5 14 5 1 19 6 16 5 1 21 7 1 15 6 20 6 14 4 12 5 1 18 1 6 1 17 6 18 6 16 4 8 2 4 2 8 2 6 4 16 6 19
CS (172, 1400) (338, 137) - 1 5 14 4 10 2 2 2 12 4 12 4 12 2 2 2 10 4 14 4 10 4 15 1 6 1 20 1 5 14 4 12 4 12 4 14 5 1 20 1 6 1 15 4 10 4 14 4 10 2 4 2 8 4 16 4 8 2 4 2 10 4 14 4 10 4 15 1 6 1 20 1 5 14 4 12 4 12 4 14 5 1 20 1 6 1 15 4 10 4 14 4 10 2 2 2 12 4 12 4 12 2 2 2 10 4 14 5 1 19 6 18 6 20 6 16 6 21 1 5 16 5 1 21 6 16 6 21 1 5 16 5 1 21 6 16 6 21 1 5 16 5 1 21 6 16 6 21 1 5 16 5 1 21 6 16 6 21 1 5 16 5 1 21 6 16 6 20 6 18 6 19
CS (212, 1692) (338, 582) - 1 5 12 2 2 2 10 2 2 2 12 5 1 19 6 16 4 10 4 14 4 10 4 16 6 19 1 5 12 2 2 2 10 2 2 2 12 5 1 19 6 18 6 18 6 18 6 19 1 5 12 2 2 2 10 2 2 2 12 5 1 19 6 16 4 10 4 14 4 10 4 16 6 19 1 5 14 5 1 20 1 5 15 1 6 1 20 1 5 14 4 12 5 1 17 4 8 2 4 2 8 2 6 4 18 6 18 6 18 6 19 1 5 14 5 1 19 6 18 6 18 6 19 1 5 14 5 1 19 6 18 6 18 6 19 1 5 14 5 1 19 6 18 6 18 6 18 4 6 2 8 2 4 2 8 4 17 1 5 12 4 14 5 1 20 1 6 1 15 5 1 20 1 5 14 5 1 19 6 16 4 10 4 14 4 10 4 16 6 19 1 5 12 2 2 2 10 2 2 2 12 5 1 19 6 18 6 18 6 18 6 19
CS (100, 676) (339, 135) - 1 5 12 2 2 2 10 4 12 4 14 6 20 6 16 6 19 1 5 12 2 2 2 10 4 14 5 1 20 1 5 14 4 10 2 4 2 6 2 6 2 6 2 6 2 6 2 6 2 6 2 6 2 4 2 10 4 14 5 1 20 1 5 14 4 10 2 2 2 12 5 1 19 6 16 6 20 6 14 4 12 4 10 2 2 2 12 5 1 18 1 6 1 17 6 17 1 6 1 18
CS (132, 1168) (339, 832) - 1 5 12 4 14 6 20 6 17 1 6 1 17 4 8 4 16 6 19 1 6 1 17 6 18 6 18 4 6 2 6 2 6 2 6 2 6 2 6 2 6 2 6 2 6 2 6 2 6 4 18 6 18 6 17 1 6 1 19 6 16 4 8 4 17 1 6 1 17 6 20 6 14 4 12 5 1 19 6 16 6 20 6 16 6 20 6 16 6 20 6 16 6 19 1 6 1 17 6 18 6 19 1 5 14 5 1 19 6 18 6 17 1 6 1 19 6 16 6 20 6 16 6 20 6 16 6 20 6 16 6 19
CS (92, 732) (340, 76) - 1 5 12 4 12 4 12 4 12 4 12 4 12 5 1 17 6 20 6 14 4 12 4 12 5 1 18 1 6 1 17 6 18 4 6 2 6 2 8 4 14 4 12 5 1 19 6 16 4 8 4 17 1 6 1 17 4 8 4 16 6 19 1 5 12 4 14 4 8 2 6 2 6 4 18 6 17 1 6 1 18 1 5 12 4 12 4 14 6 20 6 17
CS (112, 820) (340, 35817) - 1 5 10 2 4 2 6 2 6 2 6 2 4 2 8 2 4 2 8 4 14 6 20 6 12 4 14 6 18 6 17 1 5 10 2 4 2 6 2 6 2 6 4 16 6 18 6 16 4 6 2 6 2 6 2 4 2 10 5 1 17 6 18 6 14 4 12 6 20 6 14 4 8 2 4 2 8 2 4 2 6 2 6 2 6 2 4 2 10 5 1 17 6 18 6 16 6 18 6 16 6 18 6 16 6 18 6 16 6 18 6 17
CS (112, 852) (340, 78) - 1 5 12 4 14 5 1 20 1 6 1 15 4 10 4 14 5 1 20 1 5 14 4 10 4 15 1 6 1 20 1 5 14 4 12 5 1 19 6 16 4 8 2 4 2 10 4 12 4 14 5 1 21 7 1 15 5 1 20 1 6 1 15 4 10 4 14 4 10 4 14 4 10 4 14 4 10 4 14 4 10 4 14 4 10 4 15 1 6 1 20 1 5 15 1 7 21 1 5 14 4 12 4 10 2 4 2 8 4 16 6 19
CS (136, 988) (340, 71) - 1 5 12 4 12 4 12 4 10 2 4 2 8 4 14 4 10 4 14 4 8 2 4 2 10 4 12 4 12 4 12 5 1 17 4 8 4 15 1 6 1 19 6 16 4 6 2 8 2 4 2 8 4 14 4 10 2 4 2 4 2 10 4 14 5 1 20 1 5 14 4 12 5 1 19 6 16 6 20 6 14 4 10 4 14 4 10 4 14 6 20 6 16 6 19 1 5 12 4 14 5 1 20 1 5 14 4 10 2 4 2 4 2 10 4 14 4 8 2 4 2 8 2 6 4 16 6 19 1 6 1 15 4 8 4 17
CS (138, 1076) (340, 4495) - 1 5 12 4 12 4 12 4 12 5 1 17 4 8 4 15 1 6 1 19 6 16 4 8 4 16 6 19 1 5 14 5 1 19 6 16 4 8 4 16 6 20 7 1 15 6 19 1 6 1 15 4 10 4 12 4 14 6 19 1 6 1 15 4 10 4 12 2 2 2 8 2 4 2 8 2 4 2 8 2 2 2 12 4 10 4 15 1 6 1 19 6 14 4 12 4 10 4 15 1 6 1 19 6 15 1 7 20 6 16 4 8 4 16 6 19 1 5 14 5 1 19 6 16 4 8 4 16 6 19 1 6 1 15 4 8 4 17
CS (148, 1104) (340, 1981) - 1 5 12 4 14 5 1 20 1 5 14 5 1 20 1 5 14 4 12 5 1 19 6 16 4 8 2 4 2 8 2 6 4 17 1 6 1 17 4 6 2 8 4 16 6 19 1 6 1 16 1 6 1 20 1 5 16 6 18 6 19 1 6 1 16 1 6 1 19 6 17 1 6 1 18 1 6 1 17 6 19 1 6 1 16 1 6 1 19 6 17 1 6 1 18 1 6 1 17 6 19 1 6 1 16 1 6 1 19 6 18 6 16 5 1 20 1 6 1 16 1 6 1 19 6 16 4 8 2 6 4 17 1 6 1 17 4 6 2 8 2 4 2 8 4 16 6 19
CS (102, 732) (341, 19) - 1 5 12 4 10 4 14 4 8 4 16 6 16 4 8 4 16 6 16 6 19 1 5 12 4 12 4 12 4 8 2 6 4 16 4 6 2 6 2 4 2 10 4 10 2 4 2 6 2 6 4 16 4 6 2 8 4 12 4 12 4 12 5 1 19 6 16 6 16 4 8 4 16 6 16 4 8 4 14 4 10 4 12 5 1 17 4 6 2 6 2 6 4 16 4 6 2 6 2 6 4 17
CS (172, 1284) (341, 3034) - 1 5 12 4 12 2 2 2 8 2 6 4 17 1 6 1 17 4 6 2 8 2 2 2 12 4 12 5 1 18 1 6 1 17 4 6 2 8 4 16 6 19 1 5 12 4 14 5 1 20 1 5 14 5 1 19 6 18 6 16 4 8 2 6 2 4 2 10 4 12 4 14 5 1 21 6 14 4 10 4 15 1 6 1 20 1 5 14 4 12 5 1 19 6 16 4 8 4 17 1 6 1 17 4 8 4 16 6 19 1 5 12 4 14 5 1 20 1 6 1 15 4 10 4 14 6 21 1 5 14 4 12 4 10 2 4 2 6 2 8 4 16 6 18 6 19 1 5 14 5 1 20 1 5 14 4 12 5 1 19 6 16 4 8 2 6 4 17 1 6 1 18
OSO (39, 247) (342, 191) - 1 5 12 4 10 2 4 2 6 4 17 1 6 1 16 1 6 1 17 6 18 6 14 4 10 2 2 2 10 4 10 2 4 2 6 2 6 4 17
OSO (41, 305) (342, 49) - 1 5 14 4 12 4 10 2 4 2 8 2 2 2 12 4 12 4 12 4 14 6 20 6 17 1 6 1 18 1 6 1 17 6 19 1 5 14 5 1 20
CS (102, 756) (342, 575) - 1 5 12 2 2 2 10 4 12 4 14 6 19 1 6 1 15 4 10 4 12 2 2 2 10 4 12 4 12 4 10 2 2 2 12 4 10 4 15 1 6 1 19 6 14 4 12 4 10 2 2 2 12 5 1 19 6 16 6 19 1 6 1 15 4 10 4 12 4 12 4 12 4 12 4 12 5 1 18 1 5 12 4 12 4 12 4 12 4 12 4 10 4 15 1 6 1 19 6 16 6 19
CS (124, 996) (342, 2832) - 1 5 14 4 8 2 6 2 6 4 18 6 16 6 20 6 15 1 6 1 20 1 5 16 6 18 4 6 2 6 2 6 2 6 2 6 2 6 2 6 4 18 6 16 5 1 20 1 6 1 15 6 20 6 16 6 18 4 6 2 6 2 8 4 14 5 1 19 6 16 4 8 4 16 4 8 4 16 6 18 6 19 1 5 14 4 10 4 14 4 10 4 14 5 1 20 1 5 14 4 10 4 14 4 10 4 14 5 1 19 6 18 6 16 4 8 4 16 4 8 4 16 6 19
CS (132, 932) (342, 6746) - 1 5 12 4 12 4 10 2 4 2 8 2 4 2 8 2 2 2 12 4 12 4 12 4 10 2 4 2 8 4 16 6 19 1 5 12 4 14 5 1 20 1 5 14 5 1 20 1 5 14 4 12 5 1 19 6 16 4 8 2 4 2 10 4 12 4 12 4 12 2 2 2 8 2 4 2 8 2 4 2 10 4 12 4 12 5 1 17 4 6 2 8 2 4 2 8 4 16 6 19 1 6 1 17 6 18 6 18 6 18 6 18 6 18 6 17 1 6 1 19 6 16 4 8 2 4 2 8 2 6 4 17
CS (132, 1012) (342, 254) - 1 5 12 2 2 2 10 2 2 2 12 5 1 19 6 17 1 6 1 18 1 6 1 17 6 19 1 6 1 15 4 10 2 4 2 6 2 8 4 16 6 20 6 16 5 1 20 1 6 1 15 4 10 4 14 4 10 4 16 6 19 1 6 1 16 1 6 1 19 6 18 6 18 6 18 6 19 1 6 1 16 1 6 1 19 6 16 4 10 4 14 4 10 4 15 1 6 1 20 1 5 16 6 20 6 16 4 8 2 6 2 4 2 10 4 15 1 6 1 19 6 17 1 6 1 18 1 6 1 17 6 19
CS (134, 1248) (342, 301) - 1 6 1 17 4 8 4 16 6 20 6 14 4 12 4 12 4 12 4 10 2 4 2 8 2 4 2 8 4 16 6 20 6 16 6 20 6 15 1 7 20 6 17 1 6 1 17 4 8 4 16 6 20 6 16 6 20 6 16 6 20 6 16 6 20 6 16 6 20 6 16 6 20 6 16 6 20 6 16 6 20 6 16 6 20 6 16 4 8 4 17 1 6 1 17 6 20 7 1 15 6 20 6 16 6 20 6 16 4 8 2 4 2 8 2 4 2 10 4 12 4 12 4 12 4 14 6 20 6 16 4 8 4 17
CS (140, 1136) (342, 14269) - 1 5 12 4 12 4 12 4 10 2 2 2 12 4 10 4 14 4 10 4 12 4 14 6 20 6 15 1 7 21 1 5 16 6 19 1 5 14 5 1 20 1 5 16 6 18 6 18 6 18 6 16 4 8 2 4 2 8 2 4 2 8 4 16 6 18 6 18 6 18 6 16 5 1 20 1 5 14 5 1 19 6 16 5 1 21 7 1 15 6 20 6 14 4 12 4 10 4 14 4 10 4 12 2 2 2 10 4 12 4 12 4 12 5 1 17 4 6 2 8 4 15 1 6 1 19 6 16 6 19 1 6 1 15 4 8 2 6 4 17
CS (156, 1284) (342, 108) - 1 5 12 2 2 2 10 4 14 5 1 20 1 5 14 4 10 4 14 4 10 4 14 4 10 4 14 5 1 20 1 5 14 4 10 2 2 2 12 5 1 19 6 18 6 16 4 8 2 4 2 10 4 12 4 14 6 20 6 16 6 20 6 16 5 1 21 6 16 6 19 1 5 12 4 14 5 1 20 1 6 1 15 4 10 4 14 5 1 20 1 5 14 4 10 4 14 4 10 4 14 4 10 4 14 5 1 20 1 5 14 4 10 4 15 1 6 1 20 1 5 14 4 12 5 1 19 6 16 6 21 1 5 16 6 20 6 16 6 20 6 14 4 12 4 10 2 4 2 8 4 16 6 18 6 19
CS (158, 1184) (342, 7881) - 1 5 12 2 2 2 10 4 14 4 8 2 6 2 6 4 18 6 17 1 6 1 18 1 6 1 17 6 19 1 6 1 16 1 6 1 19 6 18 6 16 5 1 20 1 6 1 16 1 6 1 19 6 16 4 8 2 4 2 10 4 12 4 12 4 12 4 12 4 12 4 12 4 12 4 12 4 12 4 12 4 10 2 4 2 8 4 16 6 19 1 6 1 16 1 6 1 20 1 5 16 6 18 6 19 1 6 1 16 1 6 1 19 6 17 1 6 1 18 1 6 1 17 6 18 4 6 2 6 2 8 4 14 4 10 2 2 2 12 5 1 19 6 17 1 6 1 19 6 16 6 19 1 6 1 17 6 19
CS (100, 900) (343, 3) - 1 5 12 2 2 2 12 5 1 19 6 18 6 18 6 18 6 20 6 16 6 20 6 16 4 10 4 14 5 1 19 6 18 6 18 4 6 2 8 4 16 6 20 6 16 4 10 4 12 2 2 2 10 2 2 2 10 2 2 2 12 4 10 4 16 6 20 6 16 4 8 2 6 4 18 6 18 6 19 1 5 14 4 10 4 16 6 20 6 16 6 20 6 18 6 18 6 18 6 19
CS (108, 792) (343, 143) - 1 5 14 4 12 4 12 4 12 4 14 5 1 19 4 6 2 6 2 8 4 16 6 21 1 5 16 4 8 2 6 2 6 2 6 2 6 2 6 2 8 4 16 5 1 21 6 16 4 8 2 6 2 6 4 19 1 5 14 4 12 4 12 4 12 4 14 5 1 20 1 5 15 1 6 1 20 1 5 14 4 12 4 12 4 14 5 1 20 1 5 14 4 12 4 12 4 14 5 1 20 1 6 1 15 5 1 20
CS (150, 1180) (343, 7321) - 1 6 1 17 6 16 4 8 4 14 4 8 4 16 6 18 6 14 4 10 2 2 2 10 4 10 2 4 2 6 2 6 2 4 2 8 2 4 2 8 4 14 6 20 7 1 15 6 18 6 16 4 6 2 6 2 6 2 6 4 16 6 18 6 16 6 18 6 16 6 18 6 16 6 18 6 16 6 18 6 16 6 18 6 16 6 18 6 16 6 18 6 16 4 6 2 6 2 6 2 6 4 16 6 18 6 15 1 7 20 6 14 4 8 2 4 2 8 2 4 2 6 2 6 2 4 2 10 4 10 2 2 2 10 4 14 6 18 6 16 4 8 4 14 4 8 4 16 6 17
OSO (37, 323) (344, 7) - 1 5 12 4 14 4 10 4 16 6 18 4 8 4 16 4 8 4 18 6 17 1 6 1 19 6 16 4 10 4 14 4 10 4 16 6 19
OSO (41, 295) (344, 7) - 1 5 14 4 10 2 4 2 6 2 6 2 8 4 14 4 10 4 14 4 10 4 14 5 1 19 6 17 1 6 1 17 6 19 1 6 1 15 5 1 20
CS (80, 628) (344, 1739) - 1 5 12 4 12 4 10 2 4 2 6 2 8 4 15 1 6 1 19 6 15 1 7 20 6 16 4 8 4 16 6 19 1 5 14 5 1 19 6 16 4 8 4 16 6 20 7 1 15 6 19 1 6 1 15 4 8 2 6 2 4 2 10 4 12 4 12 5 1 17 6 19 1 5 14 5 1 19 6 17
CS (120, 960) (344, 2297) - 1 5 14 5 1 19 6 17 1 6 1 18 1 6 1 17 6 20 7 1 15 6 20 6 16 4 8 4 16 4 8 4 16 4 8 4 16 6 20 6 15 1 7 20 6 17 1 6 1 18 1 6 1 17 6 19 1 5 14 5 1 20 1 6 1 15 4 8 2 6 4 18 6 16 5 1 20 1 6 1 16 1 6 1 19 6 17 1 6 1 18 1 6 1 17 6 19 1 6 1 16 1 6 1 20 1 5 16 6 18 4 6 2 8 4 15 1 6 1 20
CS (136, 1180) (344, 147) - 1 5 12 4 12 4 12 4 12 4 12 4 14 6 20 6 16 6 20 6 16 6 20 6 14 4 12 4 12 4 12 4 12 4 12 5 1 17 4 8 4 16 6 20 6 14 4 12 4 12 4 10 2 4 2 8 4 16 6 19 1 6 1 15 4 10 4 14 4 10 4 14 5 1 19 6 18 6 17 1 6 1 19 6 16 6 20 6 16 6 19 1 6 1 17 6 18 6 19 1 5 14 4 10 4 14 4 10 4 15 1 6 1 19 6 16 4 8 2 4 2 10 4 12 4 12 4 14 6 20 6 16 4 8 4 17
CS (140, 1064) (344, 680) - 1 5 14 4 8 2 6 2 6 2 6 2 6 2 6 2 6 2 4 2 10 4 14 4 8 2 6 2 6 4 18 6 17 1 6 1 18 1 6 1 17 6 20 7 1 15 6 20 6 16 4 8 4 16 4 8 4 16 4 8 4 16 6 20 6 15 1 7 20 6 17 1 6 1 18 1 6 1 17 6 18 4 6 2 6 2 8 4 14 4 10 2 4 2 6 2 6 2 6 2 6 2 6 2 6 2 8 4 14 5 1 19 6 18 6 17 1 6 1 19 6 16 6 20 6 16 6 20 6 16 6 19 1 6 1 17 6 18 6 19
CS (144, 1092) (344, 3689) - 1 5 14 5 1 19 6 16 6 17 1 6 1 17 4 6 4 18 7 1 13 4 10 4 13 1 7 18 4 6 4 18 7 1 13 4 10 4 13 1 7 18 4 6 4 18 7 1 13 4 10 4 13 1 7 18 4 6 4 18 7 1 13 4 10 4 13 1 7 18 4 6 4 18 7 1 13 4 10 4 13 1 7 18 4 6 4 17 1 6 1 17 6 16 6 19 1 5 14 5 1 20 1 5 16 6 16 4 8 2 2 2 12 4 8 2 6 4 16 4 6 2 6 2 6 4 16 4 6 2 8 4 12 2 2 2 8 4 16 6 16 5 1 20
CS (146, 1172) (344, 8801) - 1 5 12 2 2 2 8 4 16 6 16 6 18 6 17 1 6 1 16 1 6 1 17 6 18 6 14 4 10 4 14 6 18 6 17 1 5 12 5 1 17 6 18 6 14 4 10 4 14 6 18 6 17 1 6 1 16 1 6 1 17 6 18 6 16 6 16 4 8 2 2 2 12 5 1 18 1 6 1 16 1 6 1 17 6 18 6 14 4 10 4 12 4 12 4 10 4 12 4 12 4 10 4 12 4 12 4 10 4 12 4 12 4 10 4 12 4 12 4 10 4 12 4 12 4 10 4 12 4 12 4 10 4 14 6 18 6 17 1 6 1 16 1 6 1 18
OSO (37, 303) (345, 166018) - 1 5 12 4 10 2 4 2 8 4 16 6 18 6 18 6 16 4 8 2 6 4 16 4 8 4 16 6 19 1 5 14 5 1 19 6 17
OSO (39, 273) (345, 14) - 1 5 12 2 2 2 10 2 2 2 12 4 10 2 4 2 8 2 4 2 10 4 14 5 1 20 1 5 16 6 20 6 16 4 10 4 16 6 19
CS (124, 860) (345, 2480) - 1 5 14 4 12 4 10 2 4 2 8 2 6 4 17 1 6 1 17 6 20 6 16 5 1 20 1 6 1 15 4 8 2 6 2 6 2 6 2 6 2 6 2 8 4 15 1 6 1 20 1 5 16 6 20 6 17 1 6 1 17 4 6 2 8 2 4 2 10 4 12 4 14 5 1 20 1 5 15 1 6 1 20 1 5 16 6 20 6 16 4 8 2 6 2 6 2 4 2 10 2 4 2 6 2 6 2 8 4 16 6 20 6 16 5 1 20 1 6 1 15 5 1 20
CS (190, 1472) (345, 26) - 1 5 12 4 14 4 10 4 14 4 10 2 4 2 6 2 8 4 16 4 8 4 17 1 6 1 17 6 20 6 16 5 1 21 6 14 4 12 4 12 4 14 6 21 1 5 16 6 20 6 17 1 6 1 17 4 8 4 16 4 8 2 6 2 4 2 10 4 14 4 10 4 14 4 12 5 1 18 1 6 1 17 6 20 6 16 5 1 21 6 15 1 7 21 1 5 15 1 6 1 20 1 6 1 15 5 1 20 1 5 14 5 1 19 6 16 4 10 4 14 4 10 2 2 2 12 4 10 2 4 2 8 4 16 4 8 2 4 2 10 4 12 2 2 2 10 4 14 4 10 4 16 6 19 1 5 14 5 1 20 1 5 15 1 6 1 20 1 6 1 15 5 1 21 7 1 15 6 21 1 5 16 6 20 6 17 1 6 1 18
OSO (45, 349) (346, 29) - 1 5 12 4 14 5 1 20 1 5 15 1 6 1 19 6 16 4 8 2 4 2 8 2 4 2 8 4 16 6 20 6 14 4 10 4 15 1 6 1 19 6 16 6 19
CS (120, 876) (346, 240) - 1 5 12 2 2 2 10 2 2 2 10 2 2 2 10 2 2 2 10 2 2 2 10 2 2 2 10 2 2 2 12 5 1 20 1 5 15 1 7 21 1 5 14 4 12 4 10 4 16 6 19 1 5 12 4 14 4 8 2 6 2 6 4 18 6 18 6 16 4 10 4 14 5 1 19 6 18 6 19 1 5 14 4 10 4 16 6 18 6 18 4 6 2 6 2 8 4 14 4 12 5 1 19 6 16 4 10 4 12 4 14 5 1 21 7 1 15 5 1 20
CS (132, 1032) (346, 6277) - 1 5 12 2 2 2 10 4 12 4 14 6 19 1 6 1 16 1 6 1 18 1 5 12 4 14 6 20 6 14 4 12 5 1 18 1 6 1 16 1 6 1 19 6 14 4 12 4 10 2 2 2 12 5 1 19 6 16 6 19 1 6 1 15 4 10 4 12 4 14 6 20 7 1 13 4 12 5 1 18 1 5 12 4 12 4 12 4 12 4 12 5 1 18 1 5 12 4 12 4 12 4 12 4 12 5 1 18 1 5 12 4 13 1 7 20 6 14 4 12 4 10 4 15 1 6 1 19 6 16 6 19
CS (140, 1048) (346, 211) - 1 5 10 2 4 2 8 4 14 6 19 1 5 12 4 12 4 12 5 1 19 6 14 5 1 19 7 1 13 4 10 4 13 1 7 19 1 5 14 6 19 1 5 12 2 2 2 8 2 2 2 12 5 1 19 6 14 5 1 18 1 6 1 16 1 6 1 18 1 5 14 6 19 1 5 12 2 2 2 8 2 2 2 12 5 1 19 6 14 5 1 19 7 1 13 4 10 4 13 1 7 19 1 5 14 6 19 1 5 12 4 12 4 12 5 1 19 6 14 4 8 2 4 2 10 5 1 17 6 18 6 14 4 10 4 14 6 18 6 17
CS (144, 1216) (346, 84) - 1 5 12 4 14 4 10 4 14 4 10 4 16 6 19 1 6 1 16 1 6 1 19 6 18 6 17 1 6 1 19 6 16 4 10 4 14 5 1 19 6 18 6 18 4 6 2 8 4 16 6 20 6 16 4 8 2 6 4 18 6 18 6 18 4 6 2 8 4 16 6 20 6 16 4 8 2 6 4 18 6 18 6 19 1 5 14 4 10 4 16 6 19 1 6 1 17 6 18 6 19 1 6 1 16 1 6 1 19 6 16 4 10 4 14 4 10 4 14 4 12 5 1 18 1 6 1 17 6 19 1 6 1 16 1 6 1 19 6 17 1 6 1 18
CS (150, 1080) (346, 72) - 1 5 12 4 12 4 12 4 12 4 12 4 12 5 1 17 4 8 4 16 6 20 6 14 4 12 4 10 2 2 2 12 4 10 2 4 2 6 2 8 4 15 1 6 1 20 1 5 14 4 10 4 15 1 6 1 20 1 5 14 4 12 5 1 19 6 16 6 20 6 16 4 8 2 4 2 8 2 4 2 8 2 4 2 8 2 4 2 8 2 4 2 8 4 16 6 20 6 16 6 19 1 5 12 4 14 5 1 20 1 6 1 15 4 10 4 14 5 1 20 1 6 1 15 4 8 2 6 2 4 2 10 4 12 2 2 2 10 4 12 4 14 6 20 6 16 4 8 4 17
CS (172, 1416) (346, 12141) - 1 5 14 4 10 4 16 6 18 6 18 6 18 6 18 6 18 6 18 6 17 1 6 1 19 6 16 4 8 4 17 1 6 1 17 6 20 7 1 15 6 20 6 16 6 20 6 16 6 20 6 15 1 7 20 6 17 1 6 1 17 4 8 4 16 6 19 1 6 1 17 6 18 6 18 6 18 6 18 6 18 6 18 6 16 4 10 4 14 5 1 20 1 6 1 15 4 8 2 6 2 4 2 10 4 12 2 2 2 10 4 12 4 14 6 20 6 16 4 8 2 4 2 8 2 4 2 10 4 12 4 12 4 12 4 10 2 4 2 8 2 4 2 8 4 16 6 20 6 14 4 12 4 10 2 2 2 12 4 10 2 4 2 6 2 8 4 15 1 6 1 20
CS (176, 1240) (347, 13402) - 1 5 12 4 12 4 12 5 1 17 4 6 2 8 4 14 4 10 2 2 2 10 4 14 4 8 2 4 2 10 4 12 4 12 4 10 2 4 2 8 4 14 4 10 2 2 2 10 4 14 4 8 2 4 2 10 4 12 4 12 4 10 2 4 2 8 4 14 4 10 2 2 2 10 4 14 4 8 2 6 4 17 1 5 12 4 12 4 12 5 1 17 6 20 7 1 15 6 20 6 14 4 10 2 4 2 6 2 6 2 6 2 6 2 6 2 4 2 10 4 14 6 20 6 16 6 18 6 19 1 5 14 4 10 4 14 5 1 19 6 18 6 16 6 20 6 14 4 10 2 4 2 6 2 6 2 6 2 6 2 6 2 4 2 10 4 14 6 20 6 15 1 7 20 6 17
CS (200, 1740) (347, 5546) - 1 5 14 4 10 4 15 1 6 1 20 1 5 14 4 12 4 10 4 15 1 6 1 20 1 5 14 4 10 4 16 6 18 6 18 6 18 6 18 6 18 6 18 6 18 6 16 4 10 4 14 5 1 20 1 6 1 15 4 10 4 12 4 14 5 1 20 1 6 1 15 4 10 4 14 5 1 20 1 6 1 15 4 8 2 6 4 18 6 16 4 8 2 4 2 10 4 12 4 12 4 14 6 20 6 16 6 20 6 16 6 20 6 15 1 7 20 6 17 1 6 1 17 4 8 4 16 6 19 1 6 1 17 6 18 6 18 6 18 6 18 6 18 6 17 1 6 1 19 6 16 4 8 4 17 1 6 1 17 6 20 7 1 15 6 20 6 16 6 20 6 16 6 20 6 14 4 12 4 12 4 10 2 4 2 8 4 16 6 18 4 6 2 8 4 15 1 6 1 20
CS (96, 864) (348, 104) - 1 5 14 5 1 19 6 16 4 10 4 14 4 10 4 16 6 18 4 8 4 16 4 8 4 18 6 16 4 10 4 14 4 10 4 16 6 19 1 5 14 5 1 20 1 5 16 6 19 1 6 1 17 6 19 1 5 14 5 1 19 6 18 6 18 6 20 7 1 14 1 7 20 6 18 6 18 6 19 1 5 14 5 1 19 6 17 1 6 1 19 6 16 5 1 20
CS (96, 884) (348, 2338) - 1 5 10 2 4 2 8 4 16 6 18 6 18 6 18 6 16 6 20 6 15 1 6 1 20 1 5 16 6 18 6 18 6 18 6 17 1 6 1 17 6 18 6 18 6 17 1 6 1 17 6 18 6 18 6 18 6 16 5 1 20 1 6 1 15 6 20 6 16 6 18 6 18 6 18 6 16 4 8 2 4 2 10 5 1 17 6 18 4 6 2 6 4 18 6 17
CS (108, 1044) (348, 23064) - 1 5 14 4 8 4 16 6 18 6 16 6 18 6 16 6 18 6 16 6 18 6 16 6 19 1 5 14 6 20 6 14 5 1 19 6 16 6 18 6 16 6 18 6 16 6 18 6 16 6 18 6 16 4 8 4 14 5 1 19 6 16 6 18 6 16 6 18 6 16 4 6 2 6 2 6 2 6 4 16 6 18 6 16 6 18 6 16 4 6 2 6 2 6 2 6 4 16 6 18 6 16 6 18 6 16 6 19
CS (112, 888) (348, 25) - 1 5 12 2 2 2 10 2 2 2 12 5 1 19 6 16 4 10 4 14 4 10 4 14 4 12 4 12 5 1 17 4 8 4 16 4 8 2 6 4 18 6 18 6 18 6 19 1 5 14 5 1 19 6 18 6 18 6 18 4 6 2 8 4 16 4 8 4 17 1 5 12 4 12 4 14 4 10 4 14 4 10 4 16 6 19 1 5 12 2 2 2 10 2 2 2 12 5 1 19 6 16 4 10 4 14 4 10 4 16 6 19
CS (140, 1244) (348, 16) - 1 5 14 4 12 4 10 4 16 6 18 6 19 1 5 14 5 1 19 6 18 6 18 6 17 1 6 1 19 6 16 6 21 1 5 16 4 8 4 16 4 8 4 16 5 1 21 6 16 6 19 1 6 1 17 6 18 6 18 6 19 1 5 14 5 1 19 6 18 6 16 4 10 4 12 4 14 5 1 20 1 5 14 5 1 19 6 18 6 17 1 6 1 19 6 16 6 20 6 16 4 8 4 16 4 8 2 4 2 8 2 4 2 8 4 16 4 8 4 16 6 20 6 16 6 19 1 6 1 17 6 18 6 19 1 5 14 5 1 20
CS (168, 1368) (348, 7357) - 1 5 14 4 8 2 6 2 4 2 10 4 12 4 12 4 10 4 16 6 17 1 6 1 17 6 19 1 5 14 5 1 19 6 16 6 19 1 5 14 5 1 19 6 17 1 6 1 17 6 16 4 10 4 12 4 12 4 10 2 4 2 6 2 8 4 14 5 1 19 6 16 4 8 4 16 6 18 6 18 6 16 4 8 2 4 2 8 4 16 6 18 6 17 1 6 1 17 6 19 1 5 14 4 10 4 14 5 1 20 1 5 15 1 6 1 19 6 16 6 19 1 6 1 15 5 1 20 1 5 14 4 10 4 14 5 1 19 6 17 1 6 1 17 6 18 6 16 4 8 2 4 2 8 4 16 6 18 6 18 6 16 4 8 4 16 6 19
OSO (37, 279) (349, 99) - 1 5 12 4 12 4 12 4 12 4 12 4 12 4 10 2 4 2 8 4 16 6 19 1 6 1 16 1 6 1 19 6 16 4 8 4 17
CS (100, 708) (349, 270) - 1 5 12 4 12 2 2 2 10 4 14 4 10 4 15 1 6 1 19 6 18 6 19 1 5 14 4 10 2 2 2 12 4 12 4 12 4 12 4 12 2 2 2 10 4 14 5 1 19 6 18 6 19 1 6 1 15 4 10 4 14 4 10 2 2 2 12 4 12 5 1 17 4 8 4 17 1 6 1 17 4 6 2 8 2 4 2 8 2 6 4 17 1 6 1 17 4 8 4 17
CS (104, 840) (350, 40679) - 1 5 10 2 4 2 8 4 14 6 19 1 6 1 15 4 8 2 4 2 6 2 8 4 14 6 18 4 4 2 10 4 12 4 10 2 4 4 18 6 14 4 8 2 6 2 4 2 8 4 15 1 6 1 19 6 14 4 8 2 4 2 10 5 1 17 6 18 6 16 6 18 6 16 6 18 6 16 6 18 6 17 1 5 12 5 1 17 6 18 6 16 6 18 6 16 6 18 6 16 6 18 6 17
CS (106, 908) (350, 84) - 1 5 12 4 12 5 1 17 6 19 1 5 14 5 1 19 6 16 4 8 4 16 6 19 1 6 1 15 5 1 20 1 5 14 4 10 4 14 5 1 19 6 17 1 6 1 17 6 18 6 18 6 16 4 8 4 16 4 8 4 16 6 18 6 18 6 17 1 6 1 17 6 19 1 5 14 4 10 4 14 5 1 20 1 5 15 1 6 1 19 6 16 4 8 4 16 6 19 1 5 14 5 1 19 6 17
CS (124, 984) (350, 5421) - 1 5 12 4 12 4 14 6 20 6 16 4 8 4 16 4 8 4 16 6 20 6 14 4 12 4 12 5 1 18 1 6 1 18 1 5 12 4 14 6 21 1 5 16 6 20 6 14 4 12 4 10 2 2 2 12 4 10 2 2 2 12 4 10 4 14 4 12 5 1 19 6 17 1 6 1 18 1 6 1 17 6 19 1 5 12 4 14 4 10 4 12 2 2 2 10 4 12 2 2 2 10 4 12 4 14 6 20 6 16 5 1 21 6 14 4 12 5 1 18 1 6 1 18
CS (136, 1152) (350, 555) - 1 5 12 4 12 4 14 6 20 6 16 6 20 6 16 6 20 6 16 6 19 1 5 12 4 14 5 1 20 1 6 1 15 5 1 20 1 5 14 5 1 19 6 16 4 10 4 12 4 14 6 20 6 16 4 8 2 4 2 8 2 4 2 10 4 12 4 12 4 12 4 10 2 4 2 8 2 4 2 8 4 16 6 20 6 14 4 12 4 10 4 16 6 19 1 5 14 5 1 20 1 5 15 1 6 1 20 1 5 14 4 12 5 1 19 6 16 6 20 6 16 6 20 6 16 6 20 6 14 4 12 4 12 5 1 18
CS (140, 868) (350, 30) - 1 5 14 4 12 4 10 2 4 2 6 2 8 4 16 6 19 1 6 1 17 6 18 6 18 6 19 1 5 14 5 1 19 6 18 6 18 6 17 1 6 1 19 6 16 4 8 2 6 2 4 2 10 4 12 4 14 5 1 20 1 6 1 15 4 10 4 14 4 8 2 6 2 6 2 6 2 6 2 6 2 6 2 6 2 4 2 10 2 2 2 10 2 2 2 10 2 2 2 10 2 2 2 10 2 2 2 10 2 2 2 10 2 4 2 6 2 6 2 6 2 6 2 6 2 6 2 6 2 8 4 14 4 10 4 15 1 6 1 20
CS (152, 1248) (350, 34) - 1 5 12 4 12 4 12 4 12 4 12 4 12 4 12 4 12 4 12 4 12 4 12 5 1 17 4 8 4 16 6 20 6 14 4 12 4 10 2 4 2 6 2 8 4 16 6 19 1 5 14 5 1 20 1 5 14 4 12 4 10 4 16 6 18 6 19 1 5 14 4 10 4 14 4 10 4 14 5 1 19 6 18 6 17 1 6 1 18 1 6 1 17 6 18 6 19 1 5 14 4 10 4 14 4 10 4 14 5 1 19 6 18 6 16 4 10 4 12 4 14 5 1 20 1 5 14 5 1 19 6 16 4 8 2 6 2 4 2 10 4 12 4 14 6 20 6 16 4 8 4 17
CS (156, 1352) (350, 195) - 1 5 14 4 10 4 15 1 6 1 19 6 18 6 16 4 10 4 12 2 2 2 10 4 12 4 14 6 20 6 17 1 6 1 17 4 8 4 16 6 20 7 1 15 6 20 6 16 6 20 6 14 4 12 4 12 4 12 4 10 2 4 2 8 4 16 6 19 1 6 1 17 6 18 6 18 6 18 6 18 6 18 6 17 1 6 1 19 6 16 4 8 2 4 2 10 4 12 4 12 4 12 4 14 6 20 6 16 6 20 6 15 1 7 20 6 16 4 8 4 17 1 6 1 17 6 20 6 14 4 12 4 10 2 2 2 12 4 10 4 16 6 18 6 19 1 6 1 15 4 10 4 14 5 1 20
CS (128, 1000) (351, 95) - 1 5 12 2 2 2 10 4 14 4 8 2 6 2 6 4 18 6 17 1 6 1 19 6 16 6 20 6 16 6 20 6 16 6 19 1 6 1 17 6 18 4 6 2 6 2 8 4 14 4 10 2 2 2 12 5 1 19 6 18 6 16 4 8 2 4 2 10 4 12 2 2 2 10 4 12 4 14 6 20 6 16 4 8 4 17 1 5 12 4 12 4 12 4 12 4 12 5 1 17 4 8 4 16 6 20 6 14 4 12 4 10 2 2 2 12 4 10 2 4 2 8 4 16 6 18 6 19
CS (136, 1076) (351, 5519) - 1 6 1 17 6 16 4 10 4 12 4 13 1 7 20 6 15 1 7 20 6 16 4 8 4 16 6 20 7 1 15 6 20 6 14 4 10 2 4 2 6 2 6 2 6 2 6 2 6 2 6 2 4 2 10 4 14 6 20 6 15 1 7 20 6 16 4 8 4 16 6 20 7 1 15 6 20 6 14 4 10 2 4 2 6 2 6 2 6 2 6 2 6 2 6 2 4 2 10 4 14 6 20 6 15 1 7 20 6 16 4 8 4 16 6 20 7 1 15 6 20 7 1 13 4 12 4 10 4 16 6 17 1 6 1 18
CS (108, 1004) (352, 1) - 1 5 14 4 10 4 16 6 20 6 18 6 18 6 18 6 20 6 16 4 8 2 6 2 6 4 19 1 5 14 4 12 4 12 4 12 4 14 5 1 19 4 6 2 6 2 8 4 16 6 20 6 18 6 18 6 18 6 20 6 16 4 10 4 14 5 1 19 6 18 6 18 4 8 4 16 4 8 4 18 6 18 6 18 4 8 4 16 4 8 4 18 6 18 6 18 4 8 4 16 4 8 4 18 6 18 6 19
CS (118, 1028) (352, 700) - 1 5 10 2 4 2 6 2 6 2 6 2 6 4 16 6 18 6 16 6 18 6 17 1 5 12 5 1 18 1 5 12 4 12 5 1 18 1 5 12 5 1 17 6 18 6 16 6 18 6 16 4 6 2 6 2 6 2 6 2 4 2 10 5 1 17 6 18 6 16 6 18 6 16 6 19 1 5 14 6 20 6 14 5 1 19 6 16 6 18 6 16 6 18 6 16 6 19 1 5 14 6 20 6 14 5 1 19 6 16 6 18 6 16 6 18 6 17
CS (128, 928) (352, 32) - 1 5 12 2 2 2 10 4 14 4 10 4 14 4 10 2 2 2 12 5 1 19 6 16 4 10 4 14 5 1 20 1 5 14 4 10 2 4 2 6 2 8 4 16 6 20 6 16 6 21 1 5 16 4 8 2 4 2 10 4 12 4 14 4 8 2 6 2 4 2 10 4 14 4 10 4 14 4 10 2 4 2 6 2 8 4 14 4 12 4 10 2 4 2 8 4 16 5 1 21 6 16 6 20 6 16 4 8 2 6 2 4 2 10 4 14 5 1 20 1 5 14 4 10 4 16 6 19
CS (128, 980) (352, 13) - 1 5 12 4 10 4 14 4 8 4 16 6 16 4 8 4 15 1 6 1 18 1 5 12 4 12 4 10 4 14 6 19 1 5 14 5 1 20 1 5 15 1 6 1 19 6 14 5 1 19 6 14 4 10 4 12 4 10 2 4 2 4 2 10 4 12 4 10 4 14 6 19 1 5 14 6 19 1 6 1 15 5 1 20 1 5 14 5 1 19 6 14 4 10 4 12 4 12 5 1 18 1 6 1 15 4 8 4 16 6 16 4 8 4 14 4 10 4 12 5 1 17 4 6 2 6 4 17
CS (132, 1172) (352, 311) - 1 5 12 4 12 4 12 4 12 4 12 4 12 4 12 4 12 4 12 4 12 5 1 17 4 8 4 16 4 8 4 16 6 20 7 1 15 6 20 6 15 1 7 20 6 16 5 1 21 6 14 4 12 5 1 19 6 16 6 20 6 16 4 8 4 16 4 8 4 16 6 20 6 16 6 19 1 5 12 4 14 6 21 1 5 16 6 20 7 1 15 6 20 6 15 1 7 20 6 16 4 8 4 16 4 8 4 17 1 5 12 4 12 4 12 4 12 4 12 4 12 4 12 4 12 4 12 4 12 5 1 18
CS (140, 972) (352, 106) - 1 5 14 4 10 2 4 2 8 2 4 2 8 2 4 2 8 2 6 4 18 6 17 1 6 1 19 6 16 4 8 2 6 2 6 2 6 4 19 1 5 14 4 10 2 4 2 8 4 16 4 8 4 17 1 6 1 17 6 20 6 16 4 8 2 6 4 18 6 18 6 18 4 6 2 8 4 16 6 20 6 17 1 6 1 17 4 8 4 16 4 8 2 4 2 10 4 14 5 1 19 4 6 2 6 2 6 2 8 4 16 6 19 1 6 1 17 6 18 4 6 2 8 2 4 2 8 2 4 2 8 2 4 2 10 4 14 5 1 20
CS (152, 992) (352, 11778) - 1 5 10 2 4 2 6 2 6 2 6 2 4 2 8 2 4 2 6 2 6 2 6 2 4 2 8 2 4 2 6 2 6 2 6 2 4 2 8 2 4 2 6 2 6 2 6 2 4 2 10 5 1 17 6 17 1 6 1 17 6 16 4 6 2 8 4 14 6 19 1 5 12 4 12 4 12 5 1 19 6 14 5 1 18 1 6 1 16 1 6 1 18 1 5 14 6 19 1 5 12 4 12 4 12 5 1 19 6 14 5 1 18 1 6 1 16 1 6 1 18 1 5 14 6 19 1 5 12 4 12 4 12 5 1 19 6 14 4 8 2 6 4 16 6 17 1 6 1 17 6 17
CS (184, 1492) (352, 24866) - 1 5 14 4 10 4 14 4 10 4 14 4 10 4 14 4 10 4 14 4 8 2 6 2 6 2 6 4 18 6 17 1 6 1 19 6 16 6 20 6 16 6 20 6 15 1 7 20 6 16 4 8 2 4 2 10 4 12 4 12 4 12 4 12 4 12 4 12 4 12 4 12 4 12 4 10 2 4 2 8 4 16 6 19 1 6 1 17 6 18 6 18 6 18 6 17 1 6 1 19 6 16 4 8 2 4 2 10 4 12 4 12 4 12 4 12 4 12 4 12 4 12 4 12 4 12 4 10 2 4 2 8 4 16 6 20 7 1 15 6 20 6 16 6 20 6 16 6 19 1 6 1 17 6 18 4 6 2 6 2 6 2 8 4 14 4 10 4 14 4 10 4 14 4 10 4 14 4 10 4 14 5 1 20
CS (190, 1432) (352, 1053) - 1 5 12 2 2 2 10 4 14 4 8 2 6 2 4 2 10 4 14 5 1 21 7 1 15 4 8 2 6 4 18 6 16 5 1 21 7 1 15 5 1 21 7 1 15 5 1 21 7 1 15 5 1 20 1 6 1 15 4 10 4 14 5 1 20 1 5 14 5 1 19 6 17 1 6 1 18 1 5 12 4 12 4 12 4 12 4 12 4 12 4 12 4 12 4 12 4 12 5 1 18 1 6 1 17 6 19 1 5 14 5 1 20 1 5 14 4 10 4 15 1 6 1 20 1 5 15 1 7 21 1 5 15 1 7 21 1 5 15 1 7 21 1 5 16 6 18 4 6 2 8 4 15 1 7 21 1 5 14 4 10 2 4 2 6 2 8 4 14 4 10 2 2 2 12 5 1 19 6 17 1 6 1 18 1 6 1 17 6 19
OSO (29, 197) (353, 131) - 1 5 14 4 12 4 10 2 2 2 12 4 10 2 4 2 6 2 8 4 16 6 19 1 5 14 5 1 20
OSO (37, 279) (353, 4) - 1 5 14 4 12 4 10 2 2 2 12 4 10 2 2 2 12 4 10 4 16 6 18 6 19 1 5 14 5 1 20 1 5 15 1 7 21
CS (120, 1108) (353, 30) - 1 5 14 6 20 6 16 4 8 4 16 6 18 6 18 6 18 6 16 4 8 2 4 2 8 2 4 2 8 4 16 6 18 6 18 6 18 6 16 4 8 4 16 6 20 6 14 5 1 18 1 6 1 17 6 18 6 18 6 16 4 8 4 16 4 8 4 16 6 18 6 18 6 18 6 16 5 1 20 1 6 1 15 6 20 6 15 1 6 1 20 1 5 16 6 18 6 18 6 18 6 16 4 8 4 16 4 8 4 16 6 18 6 18 6 17 1 6 1 18
CS (104, 976) (354, 55336) - 1 5 14 4 10 4 14 6 20 6 16 6 18 6 18 6 17 1 6 1 17 6 18 6 17 1 6 1 17 6 18 6 18 6 16 6 20 6 14 4 10 4 14 5 1 19 6 17 1 6 1 17 6 18 6 16 5 1 20 1 5 14 4 10 4 14 6 20 6 16 6 19 1 5 14 5 1 19 6 16 6 20 6 14 4 10 4 14 5 1 20 1 5 16 6 18 6 17 1 6 1 17 6 19
CS (148, 1180) (354, 1447) - 1 5 12 4 12 4 12 4 12 5 1 17 4 8 4 16 6 19 1 6 1 17 6 18 6 18 4 6 2 6 2 6 2 6 2 6 2 6 2 6 2 6 2 6 2 6 2 6 4 18 6 18 6 17 1 6 1 19 6 16 4 8 4 17 1 5 12 4 12 4 12 4 12 5 1 17 4 8 4 16 6 20 7 1 15 6 20 6 16 6 19 1 6 1 17 6 19 1 6 1 15 4 10 4 14 4 10 4 14 5 1 20 1 5 14 4 10 4 14 4 10 4 15 1 6 1 19 6 17 1 6 1 19 6 16 6 20 6 15 1 7 20 6 16 4 8 4 17
CS (158, 1216) (354, 6613) - 1 5 12 2 2 2 10 4 12 4 12 4 12 4 12 4 10 2 2 2 12 5 1 19 6 15 1 7 20 6 16 6 20 7 1 13 4 12 4 12 4 10 4 14 4 10 4 14 4 8 2 6 2 4 2 10 4 12 4 12 5 1 17 6 19 1 5 14 5 1 19 6 17 1 5 12 4 12 5 1 17 6 19 1 5 14 5 1 19 6 17 1 5 12 4 12 4 10 2 4 2 6 2 8 4 14 4 10 4 14 4 10 4 12 4 12 4 13 1 7 20 6 16 6 20 7 1 15 6 19 1 5 12 2 2 2 10 4 12 4 12 4 12 4 12 4 10 2 2 2 12 5 1 19 6 16 6 19
CS (160, 1148) (354, 1848) - 1 5 14 4 10 4 14 4 10 2 2 2 10 2 2 2 10 2 2 2 10 2 2 2 10 4 14 4 10 4 14 5 1 20 1 5 14 4 10 4 14 4 10 2 2 2 10 2 2 2 10 2 2 2 10 2 2 2 10 4 14 4 10 4 14 5 1 20 1 5 14 4 10 4 15 1 6 1 20 1 5 16 6 18 6 19 1 6 1 15 4 10 4 14 4 10 4 14 5 1 20 1 5 14 4 10 4 14 4 10 4 14 4 10 4 14 4 10 4 14 4 10 4 14 5 1 20 1 5 14 4 10 4 14 4 10 4 15 1 6 1 19 6 18 6 16 5 1 20 1 6 1 15 4 10 4 14 5 1 20
CS (166, 1312) (354, 9) - 1 5 12 2 2 2 10 4 14 5 1 21 7 1 15 4 8 2 6 2 4 2 10 4 12 2 2 2 10 4 12 4 14 6 20 6 16 4 8 2 4 2 10 4 12 4 12 4 12 4 12 4 12 4 12 4 12 4 12 4 10 2 4 2 8 4 16 6 20 6 14 4 12 4 10 2 2 2 12 4 10 2 4 2 6 2 8 4 15 1 7 21 1 5 14 4 10 2 2 2 12 5 1 19 6 16 4 8 2 4 2 10 4 12 4 12 4 14 6 20 6 16 6 20 6 16 6 20 6 16 6 20 7 1 14 1 7 20 6 16 6 20 6 16 6 20 6 16 6 20 6 14 4 12 4 12 4 10 2 4 2 8 4 16 6 19
OSO (39, 283) (355, 283) - 1 5 12 4 12 4 12 4 10 2 4 2 8 4 14 4 10 4 14 4 8 2 6 4 17 1 6 1 17 6 18 6 16 4 8 2 6 4 17
CS (128, 1008) (355, 67) - 1 5 12 2 2 2 10 4 14 6 20 6 16 6 19 1 5 12 4 14 5 1 20 1 5 14 4 10 2 2 2 10 2 2 2 10 4 14 5 1 20 1 5 14 4 12 5 1 19 6 16 6 20 6 14 4 10 2 2 2 12 5 1 19 6 16 5 1 20 1 6 1 15 5 1 20 1 5 14 4 10 4 14 5 1 19 6 17 1 6 1 17 6 18 4 6 4 18 6 17 1 6 1 17 6 19 1 5 14 4 10 4 14 5 1 20 1 5 15 1 6 1 20 1 5 16 6 19
CS (164, 1396) (355, 1150) - 1 5 14 4 8 2 6 2 6 2 6 2 6 2 6 2 6 2 6 4 18 6 18 6 17 1 6 1 19 6 16 6 20 6 16 6 20 6 16 6 20 6 15 1 7 20 6 16 4 8 2 4 2 10 4 12 4 12 4 12 4 12 4 12 4 12 4 12 4 12 4 12 4 12 4 12 4 10 2 4 2 8 4 16 6 20 7 1 15 6 20 6 16 6 20 6 16 6 20 6 16 6 19 1 6 1 17 6 18 6 18 4 6 2 6 2 6 2 6 2 6 2 6 2 6 2 8 4 14 5 1 19 6 18 6 17 1 6 1 19 6 16 6 20 6 16 6 20 6 16 6 20 6 16 6 19 1 6 1 17 6 18 6 19
CS (200, 1752) (355, 2251) - 1 5 12 4 12 4 12 4 12 4 10 4 16 6 18 6 17 1 6 1 18 1 6 1 15 4 10 4 14 6 20 6 16 6 20 6 14 4 10 4 15 1 6 1 18 1 6 1 17 6 18 6 16 4 10 4 12 4 12 4 12 4 12 5 1 17 4 8 4 16 6 18 6 18 6 18 6 16 5 1 20 1 5 14 5 1 19 6 16 6 20 6 14 4 12 5 1 18 1 6 1 17 6 18 6 17 1 6 1 17 4 6 2 8 4 15 1 6 1 19 6 16 6 20 6 14 4 12 5 1 19 6 16 6 19 1 5 12 4 14 6 20 6 16 6 19 1 6 1 15 4 8 2 6 4 17 1 6 1 17 6 18 6 17 1 6 1 18 1 5 12 4 14 6 20 6 16 6 19 1 5 14 5 1 20 1 5 16 6 18 6 18 6 18 6 16 4 8 4 17
CS (124, 908) (356, 3061) - 1 5 12 4 12 4 12 4 12 4 14 6 20 6 16 6 20 6 16 6 20 6 15 1 7 20 6 16 4 8 2 4 2 10 4 12 4 12 4 12 4 12 2 2 2 8 2 4 2 8 2 4 2 8 2 4 2 8 2 4 2 8 2 4 2 8 2 4 2 8 2 4 2 8 2 4 2 8 2 2 2 12 4 12 4 12 4 12 4 10 2 4 2 8 4 16 6 20 7 1 15 6 20 6 16 6 20 6 16 6 20 6 14 4 12 4 12 4 12 4 12 5 1 18
CS (132, 1052) (356, 61) - 1 5 14 4 10 4 12 4 10 4 14 4 8 4 15 1 6 1 18 1 6 1 15 4 8 4 16 6 16 6 19 1 5 14 6 20 6 14 6 20 7 1 14 1 7 19 1 6 1 15 4 8 4 15 1 6 1 18 1 6 1 15 4 8 4 15 1 6 1 18 1 6 1 15 4 8 4 15 1 6 1 19 7 1 14 1 7 20 6 14 6 20 6 14 5 1 19 6 16 6 16 4 8 4 15 1 6 1 18 1 6 1 15 4 8 4 14 4 10 4 12 4 10 4 14 5 1 19 6 16 6 19
CS (134, 980) (356, 916) - 1 5 12 4 12 4 12 4 12 4 12 4 12 5 1 17 4 8 4 16 6 20 6 14 4 12 4 10 2 4 2 8 4 16 6 18 4 6 2 8 4 14 4 12 5 1 19 6 16 4 8 2 4 2 10 4 12 4 12 2 2 2 8 2 4 2 10 4 12 4 12 4 12 4 12 4 12 4 12 4 12 4 10 2 4 2 8 2 2 2 12 4 12 4 10 2 4 2 8 4 16 6 19 1 5 12 4 14 4 8 2 6 4 18 6 16 4 8 2 4 2 10 4 12 4 14 6 20 6 16 4 8 4 17
CS (148, 1072) (356, 100) - 1 5 12 2 2 2 8 2 4 2 6 2 8 4 12 4 12 4 10 4 14 6 18 6 17 1 6 1 16 1 6 1 17 4 6 4 17 1 6 1 16 1 6 1 17 4 6 4 17 1 6 1 16 1 6 1 17 6 18 6 14 4 10 4 12 4 12 4 8 2 6 2 4 2 8 2 2 2 12 5 1 19 6 14 4 10 4 12 4 10 4 14 4 8 4 15 1 6 1 18 1 6 1 15 4 8 4 16 6 16 6 19 1 5 14 5 1 19 6 16 6 16 4 8 4 15 1 6 1 18 1 6 1 15 4 8 4 14 4 10 4 12 4 10 4 14 6 19
CS (180, 1508) (356, 95) - 1 5 12 2 2 2 10 4 14 4 10 4 14 6 21 1 5 15 1 7 21 1 5 16 6 18 4 6 2 8 4 16 6 18 6 19 1 5 14 5 1 20 1 5 14 4 12 5 1 19 6 16 5 1 20 1 6 1 16 1 6 1 19 6 16 4 8 4 17 1 6 1 17 6 20 7 1 15 6 20 6 16 6 20 6 16 6 20 6 15 1 7 20 6 17 1 6 1 17 4 8 4 16 6 19 1 6 1 16 1 6 1 20 1 5 16 6 19 1 5 12 4 14 5 1 20 1 5 14 5 1 19 6 18 6 16 4 8 2 6 4 18 6 16 5 1 21 7 1 15 5 1 21 6 14 4 10 4 14 4 10 2 2 2 12 5 1 19 6 17 1 6 1 18 1 6 1 17 6 19
OSO (35, 301) (357, 143) - 1 5 12 4 14 4 8 2 6 4 18 6 16 5 1 20 1 5 14 4 10 4 15 1 6 1 19 6 16 6 20 6 16 6 19
CS (108, 780) (357, 121) - 1 5 12 2 2 2 12 5 1 19 6 18 6 18 6 20 6 16 4 8 2 6 2 6 2 6 2 6 2 8 4 16 5 1 21 6 16 4 8 2 6 2 6 2 6 2 6 2 6 2 8 4 16 4 8 4 18 6 18 6 18 4 8 4 16 4 8 2 6 2 6 2 6 2 6 2 6 2 8 4 16 6 21 1 5 16 4 8 2 6 2 6 2 6 2 6 2 8 4 16 6 20 6 18 6 18 6 19
CS (92, 744) (358, 70) - 1 5 12 4 14 4 8 2 6 2 6 4 18 6 17 1 6 1 18 1 6 1 17 6 20 7 1 15 6 20 6 16 4 8 4 16 4 8 4 16 4 8 4 16 4 8 4 16 6 20 6 15 1 7 20 6 17 1 6 1 18 1 6 1 17 6 18 4 6 2 6 2 8 4 14 4 12 5 1 19 6 17 1 6 1 18 1 6 1 17 6 19
CS (110, 864) (358, 126) - 1 5 14 5 1 19 6 16 4 10 4 14 4 10 2 4 2 6 2 8 4 16 6 20 6 17 1 6 1 17 6 20 6 16 4 8 2 6 2 4 2 10 4 14 4 10 4 16 6 19 1 5 14 5 1 20 1 5 16 6 19 1 6 1 17 6 19 1 6 1 15 4 10 2 2 2 12 4 10 4 16 6 20 6 16 4 10 4 12 2 2 2 10 4 15 1 6 1 19 6 17 1 6 1 19 6 16 5 1 20
CS (130, 1032) (358, 138) - 1 5 12 4 12 4 12 4 12 4 12 4 12 4 12 4 12 4 12 4 12 4 12 4 12 4 12 4 12 4 12 4 12 4 12 4 12 4 12 4 12 5 1 17 4 6 2 8 2 4 2 8 4 16 6 20 6 14 4 12 4 12 5 1 18 1 5 12 4 12 4 14 6 20 6 17 1 5 12 4 12 4 12 4 12 4 12 4 12 4 12 4 12 4 12 5 1 17 6 20 6 14 4 12 4 12 5 1 18 1 5 12 4 12 4 14 6 20 6 16 4 8 2 4 2 8 2 6 4 17
CS (144, 900) (358, 53) - 1 5 12 4 10 2 4 2 6 2 4 2 10 4 12 5 1 18 1 5 12 4 10 2 4 2 6 2 4 2 10 4 12 5 1 18 1 5 12 4 10 2 4 2 6 2 6 4 17 1 5 12 4 10 4 14 4 8 2 4 2 8 4 14 4 10 4 12 5 1 17 4 6 2 6 2 6 4 17 1 5 12 4 10 4 14 4 8 2 4 2 8 4 14 4 10 4 12 5 1 17 4 6 2 6 2 6 4 17 1 5 12 4 10 4 14 4 8 2 4 2 8 4 14 4 10 4 12 5 1 17 4 6 2 6 2 4 2 10 4 12 5 1 18
CS (88, 708) (359, 87) - 1 5 14 4 10 4 16 6 18 6 18 4 6 2 6 2 8 4 15 1 6 1 20 1 5 14 4 10 4 16 6 18 6 19 1 6 1 15 4 10 4 14 4 10 4 14 4 10 4 15 1 6 1 19 6 18 6 16 4 10 4 14 5 1 20 1 6 1 15 4 8 2 6 2 6 4 18 6 18 6 16 4 10 4 14 5 1 20
CS (108, 756) (360, 13) - 1 5 14 4 8 2 6 2 6 2 4 2 10 4 12 4 14 6 20 6 14 4 12 4 10 2 4 2 6 2 6 2 8 4 14 5 1 19 6 16 4 8 4 16 4 8 4 16 6 18 4 6 2 6 2 6 2 8 4 14 5 1 19 6 16 4 8 2 4 2 8 2 4 2 8 2 4 2 8 4 16 6 19 1 5 14 4 8 2 6 2 6 2 6 4 18 6 16 4 8 4 16 4 8 4 16 6 19
CS (108, 932) (360, 283) - 1 5 14 4 10 4 15 1 6 1 19 6 18 6 16 4 10 4 12 2 2 2 10 4 12 4 14 6 21 1 5 16 6 20 6 14 4 12 4 12 4 10 4 16 6 19 1 6 1 17 6 18 6 18 6 18 6 17 1 6 1 19 6 16 4 10 4 12 4 12 4 14 6 20 6 16 5 1 21 6 14 4 12 4 10 2 2 2 12 4 10 4 16 6 18 6 19 1 6 1 15 4 10 4 14 5 1 20
CS (122, 1084) (360, 61) - 1 5 12 4 12 4 12 4 12 4 12 4 12 4 12 4 12 5 1 17 4 8 4 16 6 20 6 14 4 12 4 10 2 4 2 8 4 16 6 18 6 19 1 6 1 15 4 10 4 14 5 1 19 6 18 6 18 6 18 6 17 1 6 1 19 6 16 6 20 6 16 6 20 6 16 6 19 1 6 1 17 6 18 6 18 6 18 6 19 1 5 14 4 10 4 15 1 6 1 19 6 18 6 16 4 8 2 4 2 10 4 12 4 14 6 20 6 16 4 8 4 17
CS (118, 980) (361, 222) - 1 5 14 4 10 4 14 4 12 4 10 4 16 6 20 6 16 6 20 6 16 5 1 21 6 14 4 12 4 10 2 4 2 8 2 4 2 8 2 4 2 8 2 4 2 10 4 12 4 14 6 21 1 5 16 6 20 6 16 6 20 6 16 4 10 4 12 4 14 4 10 4 14 5 1 20 1 5 15 1 6 1 20 1 5 14 4 10 4 16 6 20 6 14 4 12 4 12 4 14 6 20 6 16 4 10 4 14 5 1 20 1 6 1 15 5 1 20
CS (194, 1528) (361, 1774) - 1 5 12 4 12 4 12 5 1 17 4 6 2 8 2 4 2 8 4 16 6 19 1 5 12 4 14 5 1 20 1 6 1 15 4 10 4 14 5 1 20 1 6 1 15 4 8 2 6 2 4 2 10 4 14 6 20 6 17 1 6 1 18 1 5 12 4 12 4 14 6 20 6 16 6 20 6 16 6 20 6 15 1 7 20 6 16 4 8 2 4 2 10 4 12 4 12 4 12 4 12 4 12 4 12 4 12 4 12 4 10 2 4 2 8 4 16 6 20 7 1 15 6 20 6 16 6 20 6 16 6 20 6 14 4 12 4 12 5 1 18 1 6 1 17 6 20 6 14 4 10 2 4 2 6 2 8 4 15 1 6 1 20 1 5 14 4 10 4 15 1 6 1 20 1 5 14 4 12 5 1 19 6 16 4 8 2 4 2 8 2 6 4 17
CS (212, 1736) (361, 247) - 1 5 12 4 12 2 2 2 8 2 6 4 17 1 6 1 17 4 6 2 8 4 16 6 20 7 1 15 6 20 6 16 6 20 6 16 6 20 6 16 6 19 1 6 1 17 6 18 6 19 1 5 14 5 1 19 6 18 6 17 1 6 1 19 6 16 6 20 6 16 6 20 6 16 6 20 6 15 1 7 20 6 16 4 8 2 6 4 17 1 6 1 17 4 6 2 8 2 2 2 12 4 12 5 1 18 1 6 1 17 4 6 2 8 4 16 6 19 1 6 1 16 1 6 1 20 1 5 16 6 18 6 19 1 6 1 16 1 6 1 19 6 17 1 6 1 18 1 6 1 17 6 19 1 6 1 17 6 18 6 17 1 6 1 19 6 17 1 6 1 18 1 6 1 17 6 19 1 6 1 16 1 6 1 19 6 18 6 16 5 1 20 1 6 1 16 1 6 1 19 6 16 4 8 2 6 4 17 1 6 1 18
CS (92, 668) (362, 56486) - 1 5 14 4 8 2 6 2 6 4 17 1 6 1 17 6 17 1 6 1 17 4 6 2 6 2 8 4 14 5 1 19 6 17 1 6 1 17 6 17 1 6 1 17 4 6 2 6 2 8 4 14 5 1 19 6 17 1 6 1 17 6 17 1 6 1 17 6 19 1 5 14 4 8 2 6 2 6 4 17 1 6 1 17 6 17 1 6 1 17 6 19
CS (106, 836) (362, 228) - 1 5 12 4 12 4 12 4 12 4 12 4 10 4 16 6 18 6 16 4 10 4 12 4 13 1 7 20 6 16 6 18 4 6 2 6 2 8 4 14 4 10 4 12 2 2 2 10 4 12 4 12 4 12 4 12 4 10 2 2 2 12 4 10 4 14 4 8 2 6 2 6 4 18 6 16 6 20 7 1 13 4 12 4 10 4 16 6 18 6 16 4 10 4 12 4 12 4 12 4 12 4 12 5 1 18
CS (124, 1092) (362, 191) - 1 5 14 4 8 2 6 4 16 6 18 6 16 6 19 1 5 14 5 1 19 6 16 6 17 1 6 1 17 6 18 6 16 6 18 6 17 1 6 1 17 6 16 6 19 1 5 14 5 1 19 6 16 6 18 6 16 4 6 2 8 4 14 5 1 19 6 16 6 18 6 17 1 6 1 16 1 6 1 17 6 18 6 16 4 6 2 8 4 14 6 20 7 1 14 1 7 20 6 14 4 8 2 6 4 16 6 18 6 17 1 6 1 16 1 6 1 17 6 18 6 16 6 19
CS (134, 1004) (362, 311) - 1 5 12 4 14 4 8 2 6 4 18 6 16 4 8 2 6 4 17 1 6 1 17 4 6 2 8 4 16 6 18 4 6 2 8 4 14 4 12 5 1 19 6 16 5 1 20 1 6 1 15 4 10 4 14 6 21 1 5 16 6 19 1 6 1 16 1 6 1 19 6 16 4 8 2 4 2 8 2 4 2 10 4 12 4 12 4 12 4 12 4 12 4 10 2 4 2 8 2 4 2 8 4 16 6 19 1 6 1 16 1 6 1 19 6 16 5 1 21 6 14 4 10 4 15 1 6 1 20 1 5 16 6 19
CS (150, 1048) (362, 2821) - 1 5 12 2 2 2 8 2 2 2 12 5 1 18 1 6 1 16 1 6 1 17 4 4 2 10 4 12 4 10 2 2 2 10 4 12 4 10 2 2 2 10 4 12 4 12 5 1 19 6 14 5 1 19 6 14 5 1 18 1 6 1 16 1 6 1 17 6 18 6 14 4 10 4 12 4 12 4 10 4 12 4 12 4 10 4 12 4 12 4 10 4 14 6 18 6 17 1 6 1 16 1 6 1 18 1 5 14 6 19 1 5 14 6 19 1 5 12 4 12 4 10 2 2 2 10 4 12 4 10 2 2 2 10 4 12 4 10 2 4 4 17 1 6 1 16 1 6 1 18
CS (176, 1396) (362, 59) - 1 5 12 4 12 4 12 4 12 4 12 4 12 4 12 4 12 5 1 17 4 8 4 16 6 20 6 16 6 18 4 6 2 8 4 16 6 19 1 5 14 5 1 20 1 6 1 15 4 8 2 6 4 18 6 16 5 1 21 7 1 15 5 1 21 7 1 15 5 1 20 1 6 1 16 1 6 1 19 6 16 4 8 2 4 2 10 4 12 4 12 4 12 4 12 4 12 4 12 4 12 4 12 4 12 4 12 4 10 2 4 2 8 4 16 6 19 1 6 1 16 1 6 1 20 1 5 15 1 7 21 1 5 15 1 7 21 1 5 16 6 18 4 6 2 8 4 15 1 6 1 20 1 5 14 5 1 19 6 16 4 8 2 6 4 18 6 16 6 20 6 16 4 8 4 17
CS (156, 1144) (363, 105679) - 1 5 12 4 12 4 10 2 2 2 10 4 12 4 10 2 2 2 10 4 12 4 10 4 14 4 8 4 15 1 6 1 18 1 6 1 15 4 8 4 14 4 10 4 12 4 10 2 2 2 10 4 12 4 10 2 2 2 10 4 12 4 12 5 1 19 6 14 5 1 19 6 14 5 1 18 1 6 1 16 1 6 1 17 6 18 6 14 4 10 4 12 4 12 4 10 4 12 4 12 5 1 18 1 5 12 4 12 5 1 18 1 5 12 4 12 5 1 18 1 5 12 4 12 4 10 4 12 4 12 4 10 4 14 6 18 6 17 1 6 1 16 1 6 1 18 1 5 14 6 19 1 5 14 6 19
CS (204, 1644) (363, 5137) - 1 5 12 4 12 2 2 2 8 2 6 4 17 1 6 1 18 1 5 12 4 14 6 20 6 16 4 8 2 4 2 8 2 4 2 8 2 6 4 16 4 8 4 16 6 20 6 16 6 19 1 6 1 17 6 18 6 18 6 19 1 5 14 4 10 4 14 4 10 4 14 4 10 4 14 5 1 19 6 18 6 18 6 17 1 6 1 19 6 16 6 20 6 16 4 8 4 16 4 6 2 8 2 4 2 8 2 4 2 8 4 16 6 20 6 14 4 12 5 1 18 1 6 1 17 4 6 2 8 2 2 2 12 4 12 5 1 18 1 6 1 18 1 5 12 4 14 6 20 6 17 1 6 1 17 4 8 4 16 6 19 1 6 1 17 6 18 6 18 6 18 6 18 6 18 6 17 1 6 1 19 6 16 4 8 4 17 1 6 1 17 6 20 6 14 4 12 5 1 18 1 6 1 18
CS (112, 756) (364, 12789) - 1 5 14 4 8 2 6 2 6 4 18 6 16 6 20 6 14 4 10 2 4 2 6 2 6 2 6 2 6 2 6 2 4 2 10 4 14 6 20 6 16 6 18 4 6 2 6 2 8 4 14 5 1 19 6 16 4 8 2 4 2 8 2 2 2 12 4 12 4 10 4 14 4 10 2 2 2 10 4 14 5 1 20 1 5 14 4 10 2 2 2 10 4 14 4 10 4 12 4 12 2 2 2 8 2 4 2 8 4 16 6 19
CS (112, 816) (364, 139) - 1 5 12 4 14 5 1 20 1 5 14 5 1 19 6 17 1 6 1 19 6 16 4 10 4 14 5 1 20 1 6 1 15 4 8 2 6 2 6 2 6 2 6 2 6 2 6 2 6 2 6 2 6 2 8 4 15 1 6 1 20 1 5 14 4 10 4 16 6 19 1 6 1 17 6 19 1 5 14 5 1 20 1 5 14 4 12 5 1 19 6 16 5 1 20 1 6 1 15 4 10 4 15 1 6 1 20 1 5 16 6 19
CS (112, 864) (364, 4408) - 1 5 12 4 12 4 12 4 12 5 1 17 4 8 4 16 6 18 6 18 6 16 4 8 2 4 2 8 2 4 2 8 4 16 6 19 1 5 14 4 8 2 6 2 6 4 18 6 16 6 19 1 6 1 15 4 10 4 12 4 12 4 12 4 12 4 10 4 15 1 6 1 19 6 16 6 18 4 6 2 6 2 8 4 14 5 1 19 6 16 4 8 2 4 2 8 2 4 2 8 4 16 6 18 6 18 6 16 4 8 4 17
CS (140, 1188) (364, 93) - 1 5 12 4 14 6 20 6 14 4 12 4 10 4 15 1 6 1 19 6 16 6 19 1 6 1 15 4 10 4 12 4 13 1 7 20 6 14 4 12 4 10 4 15 1 6 1 19 6 16 6 20 7 1 14 1 7 20 6 16 6 20 7 1 14 1 7 20 6 16 6 19 1 6 1 15 4 10 4 12 4 14 6 20 7 1 13 4 12 4 10 4 15 1 6 1 19 6 16 6 19 1 6 1 15 4 10 4 12 4 14 6 20 6 14 4 12 5 1 18 1 6 1 17 6 17 1 6 1 18 1 6 1 17 6 17 1 6 1 18
CS (146, 1012) (364, 14773) - 1 5 10 2 4 2 6 2 6 2 6 2 4 2 8 2 4 2 8 4 14 5 1 20 1 5 14 4 10 4 12 4 12 4 10 4 12 4 12 4 10 4 12 4 12 4 10 4 14 5 1 20 1 5 14 4 8 2 4 2 8 2 4 2 6 2 6 2 6 2 4 2 10 5 1 17 6 18 6 14 4 10 2 2 2 10 4 12 4 10 4 14 5 1 20 1 5 14 4 10 4 12 4 10 4 14 5 1 19 6 16 6 19 1 5 14 4 10 4 12 4 10 4 14 5 1 20 1 5 14 4 10 4 12 4 10 2 2 2 10 4 14 6 18 6 17
CS (168, 1464) (364, 18205) - 1 5 12 4 14 6 20 6 14 4 12 4 10 4 14 4 10 4 14 5 1 19 6 18 6 16 5 1 20 1 5 14 5 1 19 6 16 4 6 2 8 2 4 2 8 4 16 6 18 6 17 1 6 1 18 1 5 12 4 14 6 20 6 16 6 18 6 18 6 18 6 17 1 6 1 17 6 18 6 18 6 17 1 6 1 17 6 18 6 18 6 18 6 16 6 20 6 14 4 12 5 1 18 1 6 1 17 6 18 6 16 4 8 2 4 2 8 2 6 4 16 6 19 1 5 14 5 1 20 1 5 16 6 18 6 19 1 5 14 4 10 4 14 4 10 4 12 4 14 6 20 6 14 4 12 5 1 18 1 6 1 17 6 17 1 6 1 18
CS (172, 1368) (364, 248) - 1 5 12 4 14 6 21 1 5 16 6 19 1 6 1 17 6 18 6 18 6 18 6 18 6 18 6 18 6 18 6 18 6 16 4 10 4 14 5 1 20 1 6 1 15 4 8 2 6 4 18 6 16 4 8 2 4 2 10 4 12 4 12 2 2 2 8 2 6 4 16 4 8 2 4 2 8 2 4 2 10 4 12 4 12 4 10 2 4 2 8 2 4 2 8 4 16 4 6 2 8 2 2 2 12 4 12 4 10 2 4 2 8 4 16 6 18 4 6 2 8 4 15 1 6 1 20 1 5 14 4 10 4 16 6 18 6 18 6 18 6 18 6 18 6 18 6 18 6 18 6 17 1 6 1 19 6 16 5 1 21 6 14 4 12 5 1 18 1 6 1 18
OSO (37, 305) (365, 731) - 1 5 10 2 4 2 8 4 16 6 18 6 18 6 18 6 16 4 8 2 4 2 8 2 4 2 8 4 16 6 18 6 18 6 18 6 17
OSO (41, 329) (365, 62) - 1 5 12 4 12 4 12 4 12 4 10 2 4 2 6 2 8 4 14 4 10 4 14 5 1 20 1 5 16 6 18 6 18 6 18 6 16 4 8 4 17
CS (152, 1404) (365, 79) - 1 5 14 5 1 19 6 15 1 6 1 19 6 14 4 10 4 12 4 10 4 14 6 19 1 6 1 15 6 19 1 5 14 5 1 19 6 15 1 7 20 6 14 4 10 4 12 4 10 4 14 6 19 1 6 1 15 6 19 1 5 14 5 1 19 6 16 6 16 4 8 4 16 6 16 6 19 1 5 14 6 20 6 14 6 20 6 14 6 20 6 14 6 20 6 14 6 20 6 14 6 20 6 14 6 20 6 14 5 1 19 6 16 6 16 4 8 4 16 6 16 6 19 1 5 14 5 1 19 6 15 1 6 1 19 6 14 4 10 4 12 4 10 4 14 6 20 7 1 15 6 19
CS (84, 652) (366, 847) - 1 5 12 2 2 2 10 4 14 4 10 4 14 5 1 20 1 5 14 4 10 4 14 4 10 2 2 2 12 5 1 19 6 18 6 16 4 8 2 6 4 18 6 16 5 1 20 1 6 1 15 4 10 4 14 5 1 20 1 5 14 4 10 4 15 1 6 1 20 1 5 16 6 18 4 6 2 8 4 16 6 18 6 19
CS (132, 1112) (366, 144) - 1 5 14 5 1 19 6 18 6 17 1 6 1 19 6 16 4 8 2 4 2 10 4 12 4 12 2 2 2 10 4 12 4 12 4 14 6 21 1 5 16 6 20 6 16 6 20 6 16 6 19 1 6 1 17 6 19 1 6 1 15 4 10 4 14 4 10 4 14 4 10 4 14 4 10 4 15 1 6 1 19 6 17 1 6 1 19 6 16 6 20 6 16 6 20 6 16 5 1 21 6 14 4 12 4 12 4 10 2 2 2 12 4 12 4 10 2 4 2 8 4 16 6 19 1 6 1 17 6 18 6 19
CS (140, 1168) (366, 16) - 1 5 12 4 12 4 12 2 2 2 8 2 4 2 8 2 4 2 8 2 2 2 12 4 12 4 12 5 1 18 1 6 1 18 1 5 12 4 14 6 20 6 16 6 20 6 16 6 19 1 5 12 4 14 6 20 6 16 4 8 4 16 6 20 6 16 6 18 4 6 2 8 4 14 4 12 5 1 19 6 17 1 6 1 18 1 6 1 17 6 19 1 5 12 4 14 4 8 2 6 4 18 6 16 6 20 6 16 4 8 4 16 6 20 6 14 4 12 5 1 19 6 16 6 20 6 16 6 20 6 14 4 12 5 1 18 1 6 1 18
CS (140, 1248) (366, 35) - 1 5 12 4 14 6 21 1 5 16 6 19 1 6 1 17 6 18 6 18 6 18 4 6 2 6 2 6 4 18 6 18 6 18 6 17 1 6 1 19 6 16 5 1 21 6 14 4 12 5 1 19 6 16 6 21 1 5 16 4 8 4 16 6 20 6 16 6 19 1 6 1 17 6 18 6 18 6 18 6 19 1 5 14 4 10 4 14 4 10 2 2 2 10 2 2 2 10 2 2 2 10 4 14 4 10 4 14 5 1 19 6 18 6 18 6 18 6 17 1 6 1 19 6 16 6 20 6 16 4 8 4 16 5 1 21 6 16 6 19
CS (180, 1456) (366, 8110) - 1 5 12 4 12 4 10 2 4 2 8 4 15 1 6 1 19 6 16 4 8 4 16 6 20 7 1 15 6 20 7 1 13 4 12 4 10 4 16 6 18 6 16 4 10 4 12 4 13 1 7 20 6 15 1 7 20 6 16 4 8 4 16 6 19 1 6 1 15 4 8 2 4 2 10 4 12 4 12 5 1 17 6 19 1 6 1 15 4 8 2 4 2 10 4 12 4 10 2 4 2 8 4 16 6 18 6 18 6 16 4 10 4 12 4 12 4 12 4 12 5 1 17 4 8 4 16 6 18 6 18 6 18 6 16 4 8 4 17 1 5 12 4 12 4 12 4 12 4 10 4 16 6 18 6 18 6 16 4 8 2 4 2 10 4 12 4 10 2 4 2 8 4 15 1 6 1 19 6 17
CS (148, 1176) (367, 1944) - 1 5 12 4 12 4 14 5 1 20 1 5 14 4 12 4 12 5 1 17 4 6 2 10 4 12 4 12 4 14 4 8 2 6 2 6 2 6 2 8 4 15 1 6 1 20 1 5 16 6 20 6 16 5 1 21 7 1 15 6 21 1 5 16 5 1 21 6 16 6 20 6 17 1 6 1 18 1 5 12 4 14 4 10 4 14 4 12 5 1 18 1 6 1 17 6 20 6 16 6 21 1 5 16 5 1 21 6 15 1 7 21 1 5 16 6 20 6 16 5 1 20 1 6 1 15 4 8 2 6 2 6 2 6 2 8 4 14 4 12 4 12 4 10 2 6 4 17
OSO (37, 287) (368, 125) - 1 5 12 2 2 2 8 4 16 6 16 6 19 1 5 14 5 1 19 6 16 6 17 1 6 1 17 6 17 1 6 1 16 1 6 1 18
CS (100, 708) (368, 18887) - 1 5 12 2 2 2 10 4 10 2 4 2 6 2 6 2 6 4 16 4 6 2 6 2 6 2 6 4 16 4 6 2 6 2 6 2 6 4 16 4 6 2 6 2 6 2 4 2 10 4 10 2 2 2 12 5 1 19 6 16 6 18 6 16 6 18 6 16 4 6 2 8 4 14 5 1 19 6 16 6 19 1 5 14 4 8 2 6 4 16 6 18 6 16 6 18 6 16 6 19
CS (108, 844) (368, 387) - 1 5 12 4 14 4 8 2 6 4 18 6 16 4 8 2 4 2 10 4 12 4 12 4 12 4 12 4 13 1 7 20 6 16 6 20 6 16 6 20 7 1 13 4 12 4 12 4 12 4 12 4 10 2 4 2 8 4 16 6 18 4 6 2 8 4 14 4 12 5 1 19 6 16 4 8 2 4 2 10 4 12 4 12 4 12 4 12 4 12 4 12 4 12 4 12 4 12 4 10 2 4 2 8 4 16 6 19
CS (108, 896) (368, 25584) - 1 5 12 2 2 2 8 2 4 2 8 4 14 4 8 4 16 6 18 6 15 1 7 20 6 14 5 1 19 6 14 4 10 4 14 6 19 1 5 14 6 20 7 1 15 6 18 6 16 4 8 4 14 4 8 2 4 2 8 2 2 2 12 5 1 19 6 14 4 10 4 14 6 18 6 18 6 14 4 10 4 13 1 7 18 4 6 4 18 7 1 13 4 10 4 14 6 18 6 18 6 14 4 10 4 14 6 19
CS (110, 748) (368, 86735) - 1 5 12 2 2 2 10 4 12 4 12 4 12 4 12 4 10 2 2 2 12 5 1 19 6 16 6 19 1 6 1 15 4 8 2 6 2 4 2 8 2 6 4 16 6 20 7 1 15 6 19 1 6 1 15 4 10 4 12 2 2 2 8 2 4 2 8 2 4 2 8 2 2 2 12 4 10 4 15 1 6 1 19 6 15 1 7 20 6 16 4 6 2 8 2 4 2 6 2 8 4 15 1 6 1 19 6 16 6 19
CS (110, 992) (368, 4) - 1 5 12 4 12 4 12 4 12 4 14 6 20 6 16 4 8 4 17 1 6 1 17 4 8 4 16 6 20 7 1 13 4 12 4 12 4 12 4 12 4 13 1 7 20 6 16 4 8 4 17 1 6 1 17 4 8 4 16 6 20 6 14 4 12 4 12 4 12 4 12 5 1 17 4 8 4 16 4 8 4 16 6 20 6 16 6 20 6 16 6 20 6 16 6 20 6 16 6 20 6 16 4 8 4 16 4 8 4 17
CS (116, 820) (368, 97) - 1 5 12 2 2 2 10 4 12 4 12 4 12 4 10 2 4 2 8 4 14 4 10 2 2 2 10 4 14 4 8 2 4 2 10 4 12 4 12 4 12 4 10 2 2 2 12 5 1 18 1 6 1 17 6 18 6 16 4 10 4 12 4 12 4 12 4 12 4 10 2 2 2 12 5 1 18 1 6 1 17 6 18 6 17 1 6 1 18 1 5 12 2 2 2 10 4 12 4 12 4 12 4 12 4 10 4 16 6 18 6 17 1 6 1 18
CS (130, 968) (368, 226) - 1 5 12 4 14 5 1 21 7 1 15 4 8 2 4 2 10 4 12 2 2 2 10 4 12 4 14 6 20 6 16 4 8 2 6 4 17 1 6 1 17 4 6 2 8 4 16 6 20 6 14 4 12 4 10 2 2 2 12 4 10 2 4 2 8 4 15 1 7 21 1 5 14 4 12 5 1 19 6 16 6 20 6 16 4 8 2 4 2 8 2 4 2 10 4 12 4 12 4 12 4 12 4 12 4 12 4 12 4 12 4 12 4 10 2 4 2 8 2 4 2 8 4 16 6 20 6 16 6 19
CS (132, 972) (368, 276) - 1 5 12 4 12 4 12 5 1 17 6 19 1 5 14 5 1 19 6 16 4 8 2 4 2 8 2 4 2 8 4 16 6 19 1 6 1 15 5 1 20 1 5 14 4 12 5 1 19 6 16 6 19 1 6 1 15 4 8 2 6 2 4 2 10 4 12 4 12 4 12 4 12 4 12 4 10 2 4 2 6 2 8 4 15 1 6 1 19 6 16 6 19 1 5 12 4 14 5 1 20 1 5 15 1 6 1 19 6 16 4 8 2 4 2 8 2 4 2 8 4 16 6 19 1 5 14 5 1 19 6 17
CS (136, 1064) (368, 58) - 1 5 12 2 2 2 10 2 2 2 10 2 4 2 6 2 8 4 16 6 20 6 16 6 21 1 5 16 6 20 6 18 6 16 4 10 2 2 2 12 5 1 19 6 17 1 6 1 18 1 6 1 17 6 19 1 5 12 2 2 2 10 4 16 6 18 6 20 6 16 5 1 21 6 16 6 20 6 16 4 8 2 6 2 4 2 10 2 2 2 10 2 2 2 12 5 1 19 6 16 4 10 4 14 4 10 4 15 1 6 1 20 1 5 16 6 20 6 16 5 1 20 1 6 1 15 4 10 4 14 4 10 4 16 6 19
CS (184, 1488) (368, 64) - 1 5 12 4 12 4 12 4 12 4 12 4 12 4 12 5 1 17 4 8 4 16 6 20 6 14 4 12 4 12 5 1 18 1 6 1 17 4 6 2 8 4 16 6 19 1 6 1 16 1 6 1 20 1 5 16 6 18 4 6 2 8 4 16 6 18 6 19 1 5 14 5 1 20 1 5 14 4 12 5 1 19 6 17 1 6 1 18 1 5 12 4 12 4 12 4 12 4 14 6 20 6 14 4 12 4 12 4 12 4 12 5 1 18 1 6 1 17 6 19 1 5 12 4 14 5 1 20 1 5 14 5 1 19 6 18 6 16 4 8 2 6 4 18 6 16 5 1 20 1 6 1 16 1 6 1 19 6 16 4 8 2 6 4 17 1 6 1 18 1 5 12 4 12 4 14 6 20 6 16 4 8 4 17
OSO (41, 243) (369, 2027) - 1 5 12 4 12 4 10 2 4 2 6 2 6 2 4 2 10 4 12 4 10 2 4 2 6 2 6 2 6 4 17 1 6 1 17 6 17 1 6 1 18
CS (96, 756) (369, 283) - 1 5 12 4 12 4 12 4 12 4 10 2 2 2 12 4 10 4 14 4 10 4 14 6 21 1 5 16 5 1 21 6 14 4 10 4 14 4 10 4 12 2 2 2 10 4 12 4 12 4 12 4 12 5 1 17 4 8 4 16 6 18 6 18 6 18 6 16 4 8 2 4 2 8 2 4 2 8 2 4 2 8 4 16 6 18 6 18 6 18 6 16 4 8 4 17
CS (132, 1128) (369, 606) - 1 5 12 2 2 2 10 4 12 4 14 6 20 6 14 4 12 5 1 18 1 6 1 17 6 18 6 16 4 10 4 12 4 12 4 12 4 12 4 10 4 16 6 18 6 17 1 6 1 18 1 5 12 4 14 6 20 6 14 4 12 4 10 2 2 2 12 5 1 19 6 16 6 20 6 14 4 12 5 1 18 1 6 1 17 6 18 6 18 6 16 4 8 4 17 1 5 12 4 12 4 12 4 12 5 1 17 4 8 4 16 6 18 6 18 6 17 1 6 1 18 1 5 12 4 14 6 20 6 16 6 19
CS (148, 1220) (369, 36134) - 1 5 12 4 12 2 2 2 8 2 4 2 8 4 16 6 19 1 5 14 5 1 20 1 5 16 6 19 1 5 14 5 1 19 6 17 1 6 1 17 6 18 6 18 6 18 6 16 5 1 20 1 5 14 5 1 19 6 16 5 1 21 7 1 15 6 20 6 15 1 7 21 1 5 16 6 19 1 5 14 5 1 20 1 5 16 6 18 6 18 6 18 6 17 1 6 1 17 6 19 1 5 14 5 1 19 6 16 5 1 20 1 5 14 5 1 19 6 16 4 8 2 4 2 8 2 2 2 12 4 12 5 1 18 1 5 12 4 12 4 12 4 12 4 12 5 1 18
CS (160, 1256) (369, 12520) - 1 5 14 4 10 4 14 4 10 2 2 2 10 2 4 2 6 2 6 2 6 2 6 2 6 2 6 2 6 2 4 2 10 2 2 2 10 4 14 4 10 4 14 5 1 20 1 5 14 5 1 19 6 18 6 16 4 8 2 6 4 18 6 16 5 1 21 6 14 4 10 4 15 1 6 1 20 1 5 14 4 10 4 16 6 18 6 18 6 18 6 19 1 5 14 4 10 4 14 4 10 4 14 4 10 4 14 4 10 4 14 5 1 19 6 18 6 18 6 18 6 16 4 10 4 14 5 1 20 1 6 1 15 4 10 4 14 6 21 1 5 16 6 18 4 6 2 8 4 16 6 18 6 19 1 5 14 5 1 20
CS (192, 1560) (369, 1012) - 1 5 12 4 14 6 20 6 16 6 19 1 6 1 15 4 10 4 12 4 12 4 13 1 7 20 6 16 6 20 7 1 13 4 12 4 12 4 10 4 15 1 6 1 19 6 16 6 20 6 14 4 12 5 1 18 1 6 1 17 6 18 6 17 1 6 1 18 1 5 12 4 14 6 20 6 16 6 19 1 6 1 15 4 10 4 12 4 12 4 13 1 7 20 6 16 6 20 7 1 13 4 12 4 12 4 10 4 15 1 6 1 19 6 16 6 20 6 14 4 12 5 1 18 1 6 1 17 6 18 6 18 6 16 4 8 2 4 2 8 2 4 2 8 2 4 2 8 2 4 2 8 4 16 6 18 6 18 6 18 6 16 4 8 2 4 2 8 2 4 2 8 2 4 2 8 2 4 2 8 4 16 6 18 6 18 6 17 1 6 1 18
CS (80, 576) (370, 50) - 1 5 12 2 2 2 10 4 10 2 4 2 6 2 8 4 14 6 20 7 1 14 1 7 20 6 14 4 8 2 6 2 4 2 10 4 10 2 2 2 12 5 1 19 6 16 6 18 6 16 5 1 20 1 5 12 2 2 2 10 4 12 4 10 2 2 2 12 5 1 20 1 5 16 6 18 6 16 6 19
CS (100, 756) (370, 932) - 1 5 12 2 2 2 10 4 14 6 20 6 16 6 19 1 6 1 15 4 8 2 6 4 17 1 5 12 4 12 4 12 5 1 17 4 6 2 8 4 15 1 6 1 19 6 16 6 20 6 14 4 10 2 2 2 12 5 1 19 6 16 4 8 4 16 6 19 1 6 1 15 4 8 2 4 2 10 4 12 4 10 2 4 2 8 4 15 1 6 1 19 6 16 4 8 4 16 6 19
CS (108, 820) (370, 177) - 1 5 12 4 12 4 10 2 4 2 8 4 16 6 18 6 18 6 17 1 6 1 17 6 19 1 5 14 5 1 19 6 17 1 6 1 17 6 18 6 18 6 16 4 8 2 4 2 10 4 12 4 12 5 1 17 4 6 2 8 4 15 1 6 1 19 6 16 6 20 6 14 4 10 2 4 2 6 2 6 2 6 2 6 2 6 2 4 2 10 4 14 6 20 6 16 6 19 1 6 1 15 4 8 2 6 4 17
CS (122, 864) (370, 31922) - 1 5 12 4 12 4 12 4 12 5 1 17 4 8 4 16 6 18 6 18 6 16 4 8 2 4 2 8 2 4 2 8 4 16 6 19 1 5 14 4 8 2 6 2 6 4 18 6 16 6 19 1 6 1 15 4 8 2 6 2 4 2 8 2 4 2 8 2 4 2 8 2 4 2 6 2 8 4 15 1 6 1 19 6 16 6 18 4 6 2 6 2 8 4 14 5 1 19 6 16 4 8 2 4 2 8 2 4 2 8 4 16 6 18 6 18 6 16 4 8 4 17
CS (192, 1372) (370, 8571) - 1 5 10 2 4 2 6 2 6 2 6 2 4 2 8 2 4 2 6 2 6 2 6 4 16 4 6 2 6 2 6 4 16 4 6 2 6 2 6 4 16 6 18 6 16 6 18 6 16 6 18 6 16 6 18 6 16 6 18 6 16 6 18 6 16 4 6 2 6 2 6 4 16 4 6 2 6 2 6 4 16 4 6 2 6 2 6 2 4 2 8 2 4 2 6 2 6 2 6 2 4 2 10 5 1 17 6 18 6 14 4 10 4 12 4 12 4 10 4 12 4 12 4 10 4 12 4 12 4 10 4 12 4 12 4 10 4 12 4 12 4 10 4 12 4 12 5 1 18 1 5 12 4 12 4 10 4 12 4 12 4 10 4 12 4 12 4 10 4 12 4 12 4 10 4 12 4 12 4 10 4 12 4 12 4 10 4 14 6 18 6 17
CS (92, 640) (372, 202) - 1 5 12 4 13 1 7 20 7 1 14 1 7 20 7 1 13 4 12 5 1 19 6 14 4 8 2 6 4 16 6 18 6 15 1 7 20 6 14 4 8 2 4 2 8 2 4 2 6 2 6 2 6 2 4 2 8 2 4 2 6 2 6 2 6 2 4 2 8 2 4 2 8 4 14 6 20 7 1 15 6 18 6 16 4 6 2 8 4 14 6 19
CS (120, 880) (372, 17995) - 1 6 1 15 4 8 2 4 2 10 4 12 4 10 2 4 2 8 4 15 1 6 1 19 6 16 4 8 4 16 6 20 7 1 15 6 20 6 14 4 10 2 4 2 6 2 6 2 6 2 6 2 6 2 6 2 4 2 10 4 14 6 20 6 15 1 7 20 6 16 4 8 4 16 6 20 7 1 15 6 20 6 14 4 10 2 4 2 6 2 6 2 6 2 6 2 6 2 6 2 4 2 10 4 14 6 20 6 15 1 7 20 6 16 4 8 4 16 6 19
CS (124, 988) (372, 77) - 1 5 12 4 14 4 10 2 2 2 12 4 10 4 16 5 1 21 6 16 5 1 21 6 14 4 12 4 12 4 14 5 1 21 7 1 15 6 21 1 5 16 5 1 21 6 15 1 7 21 1 5 14 4 12 4 12 4 14 6 21 1 5 16 6 21 1 5 16 4 10 4 12 2 2 2 10 4 14 4 12 5 1 19 6 16 4 10 4 14 4 10 4 14 4 12 4 10 2 4 2 8 2 4 2 8 2 4 2 10 4 12 4 14 4 10 4 14 4 10 4 16 6 19
CS (160, 1272) (372, 166) - 1 5 12 2 2 2 10 4 12 2 2 2 8 2 6 4 16 6 20 6 14 4 10 4 14 4 10 4 14 5 1 19 6 18 6 16 4 8 2 4 2 8 2 4 2 8 4 16 6 19 1 5 14 5 1 19 6 16 4 8 2 4 2 8 2 4 2 8 4 16 6 18 6 19 1 5 14 4 10 4 14 4 10 4 14 6 20 6 16 4 6 2 8 2 2 2 12 4 10 2 2 2 12 5 1 19 6 16 5 1 21 6 14 5 1 19 6 16 6 20 6 14 4 12 5 1 18 1 6 1 17 6 18 6 17 1 6 1 18 1 5 12 4 14 6 20 6 16 6 19 1 5 14 6 21 1 5 16 6 19
CS (180, 1564) (372, 2450) - 1 5 14 5 1 19 6 18 6 17 1 6 1 19 6 16 6 20 6 16 5 1 21 6 15 1 7 20 6 17 1 6 1 18 1 6 1 17 6 19 1 6 1 16 1 6 1 19 6 18 6 16 5 1 20 1 6 1 16 1 6 1 19 6 16 4 8 2 6 4 17 1 6 1 17 4 8 4 16 6 19 1 6 1 17 6 18 6 18 6 18 6 18 6 18 6 18 6 18 6 17 1 6 1 19 6 16 4 8 4 17 1 6 1 17 4 6 2 8 4 16 6 19 1 6 1 16 1 6 1 20 1 5 16 6 18 6 19 1 6 1 16 1 6 1 19 6 17 1 6 1 18 1 6 1 17 6 20 7 1 15 6 21 1 5 16 6 20 6 16 6 19 1 6 1 17 6 18 6 19
CS (124, 920) (374, 1764) - 1 5 12 2 2 2 10 4 15 1 6 1 19 6 18 6 18 6 18 6 19 1 6 1 15 4 10 2 2 2 12 5 1 18 1 6 1 17 4 8 4 16 4 8 4 17 1 6 1 18 1 5 12 2 2 2 10 4 15 1 6 1 19 6 18 6 18 6 18 6 19 1 6 1 15 4 10 2 2 2 12 5 1 19 6 16 4 10 4 14 4 10 4 14 4 12 4 10 2 4 2 8 2 4 2 8 2 4 2 10 4 12 4 14 4 10 4 14 4 10 4 16 6 19
CS (136, 1160) (374, 1) - 1 5 12 2 2 2 8 4 16 6 16 6 19 1 5 14 5 1 19 6 16 6 16 4 8 4 16 6 16 6 19 1 5 14 6 20 7 1 14 1 7 20 7 1 14 1 7 20 7 1 14 1 7 20 6 14 5 1 19 6 16 6 16 4 8 4 16 6 16 6 19 1 5 14 5 1 19 6 16 6 16 4 8 2 2 2 12 5 1 18 1 6 1 16 1 6 1 17 6 18 6 14 4 10 4 14 6 18 6 17 1 5 12 5 1 17 6 18 6 14 4 10 4 14 6 18 6 17 1 6 1 16 1 6 1 18
CS (140, 1032) (374, 11924) - 1 5 12 2 2 2 10 4 12 4 14 6 19 1 6 1 16 1 6 1 18 1 5 12 4 12 2 2 2 8 2 4 2 8 2 2 2 12 4 12 5 1 18 1 6 1 16 1 6 1 19 6 14 4 12 4 10 2 2 2 12 5 1 19 6 16 6 19 1 6 1 15 4 10 4 12 4 14 6 20 7 1 13 4 12 5 1 18 1 5 12 4 12 4 12 4 12 4 12 5 1 18 1 5 12 4 12 4 12 4 12 4 12 5 1 18 1 5 12 4 13 1 7 20 6 14 4 12 4 10 4 15 1 6 1 19 6 16 6 19
CS (152, 1108) (374, 129) - 1 5 12 2 2 2 10 4 14 6 20 6 15 1 7 21 1 5 16 6 19 1 6 1 15 4 8 2 4 2 10 4 12 4 10 2 4 2 8 4 15 1 6 1 19 6 16 5 1 21 7 1 15 6 20 6 14 4 10 2 2 2 12 5 1 19 6 16 6 20 6 14 4 10 2 2 2 10 2 2 2 10 2 2 2 10 4 14 6 20 6 16 6 19 1 5 12 4 14 4 8 2 4 2 8 2 4 2 8 2 4 2 8 2 4 2 8 4 14 4 12 5 1 19 6 16 6 20 6 14 4 10 2 2 2 10 2 2 2 10 2 2 2 10 4 14 6 20 6 16 6 19
CS (160, 1248) (374, 8337) - 1 5 12 4 14 6 20 6 16 6 18 6 18 6 18 6 17 1 6 1 17 6 18 6 18 6 18 6 16 6 20 6 14 4 12 5 1 19 6 14 4 12 4 10 2 4 2 6 2 6 2 6 2 6 2 6 2 6 2 4 2 10 4 12 4 14 6 19 1 5 12 4 14 6 20 6 16 6 18 6 19 1 5 14 4 10 4 14 4 8 2 6 2 4 2 10 4 12 4 12 4 10 2 4 2 6 2 8 4 14 4 10 4 14 5 1 19 6 18 6 16 6 20 6 14 4 12 5 1 19 6 14 4 12 4 10 2 4 2 6 2 6 2 6 2 6 2 6 2 6 2 4 2 10 4 12 4 14 6 19
CS (172, 1304) (374, 3384) - 1 5 12 2 2 2 10 4 14 4 10 4 14 5 1 20 1 5 14 4 10 4 14 4 10 2 2 2 12 5 1 19 6 18 6 16 4 10 4 12 4 14 5 1 20 1 6 1 15 4 10 4 14 5 1 20 1 5 14 4 10 4 14 4 10 2 2 2 12 5 1 19 6 18 6 16 4 10 4 12 2 2 2 10 4 12 4 14 5 1 20 1 6 1 15 4 10 4 14 5 1 20 1 5 14 4 10 4 15 1 6 1 20 1 5 14 4 12 4 10 2 2 2 12 4 10 4 16 6 18 6 19 1 5 12 2 2 2 10 4 14 4 10 4 14 5 1 20 1 5 14 4 10 4 15 1 6 1 20 1 5 14 4 12 4 10 4 16 6 18 6 19
CS (172, 1452) (374, 721) - 1 5 14 4 10 4 14 4 10 4 14 4 10 4 14 4 10 4 14 4 10 4 14 5 1 20 1 5 14 5 1 19 6 16 4 10 4 12 4 12 2 2 2 8 2 6 4 17 1 6 1 17 6 20 7 1 15 6 20 6 16 6 20 6 16 6 19 1 6 1 17 6 18 6 18 6 19 1 5 14 4 10 4 14 4 10 4 14 4 10 4 14 4 10 4 14 5 1 20 1 5 14 4 10 4 14 4 10 4 14 4 10 4 14 4 10 4 14 5 1 19 6 18 6 18 6 17 1 6 1 19 6 16 6 20 6 16 6 20 6 15 1 7 20 6 17 1 6 1 17 4 6 2 8 2 2 2 12 4 12 4 10 4 16 6 19 1 5 14 5 1 20
CS (176, 1172) (374, 39497) - 1 5 12 4 12 2 2 2 8 2 2 2 12 4 10 2 4 2 6 2 6 2 6 2 4 2 10 4 12 4 13 1 7 20 6 16 6 18 4 6 2 6 2 6 4 18 6 16 6 20 7 1 13 4 12 4 10 2 4 2 6 2 6 2 6 2 4 2 10 4 12 4 13 1 7 20 6 16 6 18 4 6 2 6 2 6 4 18 6 16 6 20 7 1 13 4 12 4 10 2 4 2 6 2 6 2 6 2 4 2 10 4 12 4 13 1 7 20 6 16 6 18 4 6 2 6 2 6 4 18 6 16 6 20 7 1 13 4 12 4 10 2 4 2 6 2 6 2 6 2 4 2 10 4 12 2 2 2 8 2 2 2 12 4 12 5 1 18 1 6 1 16 1 6 1 18
OSO (39, 279) (376, 16) - 1 5 12 2 2 2 8 2 4 2 8 4 14 4 8 4 16 6 17 1 6 1 17 6 16 4 6 2 8 4 14 6 19 1 6 1 15 6 19
CS (92, 580) (376, 53) - 1 5 10 2 4 2 6 2 6 2 6 2 4 2 10 5 1 17 6 18 6 14 4 10 2 2 2 10 4 12 4 10 4 14 5 1 19 6 16 4 6 2 6 2 6 2 4 2 10 4 10 2 2 2 10 2 2 2 10 4 10 2 4 2 6 2 6 2 6 4 16 6 19 1 5 14 4 10 4 12 4 10 2 2 2 10 4 14 6 18 6 17
CS (136, 1036) (376, 72) - 1 5 12 4 14 5 1 20 1 5 14 4 10 4 14 4 10 4 14 5 1 20 1 5 14 4 12 5 1 19 6 16 6 20 6 14 4 10 2 4 2 6 2 6 2 6 2 6 2 6 2 6 2 6 4 18 6 16 5 1 20 1 5 14 5 1 19 6 16 4 8 4 16 4 6 2 8 4 16 6 18 6 18 6 18 6 16 4 8 2 6 4 16 4 8 4 16 6 19 1 5 14 5 1 20 1 5 16 6 18 4 6 2 6 2 6 2 6 2 6 2 6 2 6 2 4 2 10 4 14 6 20 6 16 6 19
CS (136, 1088) (376, 167) - 1 5 14 4 10 4 16 6 19 1 6 1 17 6 18 4 6 2 8 4 16 4 8 4 17 1 6 1 17 6 20 6 16 5 1 21 6 14 4 12 4 12 4 14 6 21 1 5 16 6 20 6 17 1 6 1 17 4 8 4 16 4 8 2 6 4 18 6 17 1 6 1 19 6 16 4 10 4 14 5 1 19 6 18 4 6 2 6 2 8 4 16 6 19 1 6 1 17 6 18 4 6 2 8 2 2 2 12 4 12 2 2 2 8 2 6 4 18 6 17 1 6 1 19 6 16 4 8 2 6 2 6 4 18 6 19
CS (144, 1128) (376, 2573) - 1 5 14 4 10 4 14 4 8 2 6 2 6 2 6 2 6 2 4 2 10 4 14 4 8 2 6 2 6 4 18 6 17 1 6 1 18 1 6 1 17 6 20 7 1 15 6 20 6 16 4 8 4 16 4 8 4 16 4 8 4 16 6 20 6 15 1 7 20 6 17 1 6 1 18 1 6 1 17 6 18 4 6 2 6 2 8 4 14 4 10 2 4 2 6 2 6 2 6 2 6 2 8 4 14 4 10 4 14 5 1 19 6 18 6 17 1 6 1 19 6 16 6 20 6 16 4 8 4 16 6 20 6 16 6 19 1 6 1 17 6 18 6 19
CS (188, 1516) (376, 13) - 1 5 12 4 12 2 2 2 10 4 12 4 12 4 14 6 20 6 16 6 20 6 16 6 20 6 14 4 12 4 12 4 10 2 2 2 12 4 12 5 1 18 1 6 1 18 1 5 12 4 14 6 21 1 5 16 6 20 6 14 4 12 4 10 2 4 2 8 4 16 6 18 4 6 2 8 4 14 4 12 5 1 19 6 16 4 8 2 6 4 17 1 6 1 18 1 5 12 4 14 6 20 6 16 4 8 4 17 1 5 12 4 12 4 12 4 12 4 12 5 1 17 4 8 4 16 6 20 6 14 4 12 5 1 18 1 6 1 17 4 6 2 8 4 16 6 19 1 5 12 4 14 4 8 2 6 4 18 6 16 4 8 2 4 2 10 4 12 4 14 6 20 6 16 5 1 21 6 14 4 12 5 1 18 1 6 1 18
OSO (45, 361) (377, 8) - 1 5 12 4 12 4 12 2 2 2 10 4 12 4 14 6 21 1 5 16 6 19 1 5 12 4 14 6 21 1 5 14 4 12 4 12 4 12 5 1 17 4 8 4 17
CS (80, 700) (378, 543) - 1 5 12 4 10 2 2 2 10 4 14 6 18 6 16 4 6 2 8 4 14 6 19 1 5 12 4 12 4 12 5 1 19 6 14 4 8 2 6 4 16 6 18 6 14 4 10 2 2 2 10 4 12 5 1 17 6 18 6 16 6 18 6 16 6 18 6 16 6 18 6 16 6 18 6 16 6 18 6 17
CS (96, 868) (378, 87) - 1 5 12 4 12 4 12 4 12 4 12 4 12 4 12 4 12 4 12 4 12 4 12 5 1 17 6 20 6 14 4 12 4 10 4 16 6 18 6 19 1 5 14 5 1 19 6 16 5 1 20 1 6 1 15 6 20 6 16 6 20 6 16 6 20 6 15 1 6 1 20 1 5 16 6 19 1 5 14 5 1 19 6 18 6 16 4 10 4 12 4 14 6 20 6 17
CS (124, 1004) (378, 353) - 1 5 12 4 12 4 14 6 20 6 16 6 20 6 16 6 19 1 6 1 17 6 19 1 5 14 5 1 20 1 5 14 4 10 2 4 2 6 2 6 2 8 4 14 4 10 4 14 4 10 4 14 4 10 4 14 4 8 2 6 2 6 2 4 2 10 4 14 5 1 20 1 5 14 5 1 19 6 17 1 6 1 19 6 16 6 20 6 16 6 20 6 14 4 12 4 12 5 1 18 1 6 1 17 6 19 1 6 1 17 6 18 6 17 1 6 1 19 6 17 1 6 1 18
CS (136, 1068) (378, 7100) - 1 5 12 4 12 4 12 4 14 6 20 6 16 6 20 6 16 6 19 1 6 1 17 6 19 1 5 14 5 1 20 1 5 14 4 10 4 14 4 10 2 4 2 6 2 6 2 6 2 6 2 6 2 6 2 6 2 6 2 6 2 6 2 6 2 4 2 10 4 14 4 10 4 14 5 1 20 1 5 14 5 1 19 6 17 1 6 1 19 6 16 6 20 6 16 6 20 6 14 4 12 4 12 4 12 5 1 18 1 6 1 17 6 19 1 6 1 17 6 18 6 18 6 18 6 17 1 6 1 19 6 17 1 6 1 18
CS (148, 1064) (378, 72) - 1 5 12 2 2 2 10 2 2 2 10 4 14 4 10 4 14 5 1 20 1 5 14 4 10 4 14 4 10 2 2 2 10 2 2 2 12 5 1 20 1 5 15 1 7 21 1 5 14 4 12 4 10 4 16 6 18 6 19 1 5 12 2 2 2 10 2 2 2 10 4 14 4 10 4 14 5 1 20 1 5 14 4 10 4 14 4 10 4 14 4 10 2 2 2 10 4 14 4 10 4 14 4 10 4 14 5 1 20 1 5 14 4 10 4 14 4 10 2 2 2 10 2 2 2 12 5 1 19 6 18 6 16 4 10 4 12 4 14 5 1 21 7 1 15 5 1 20
OSO (49, 389) (379, 1) - 1 5 12 4 14 4 10 4 15 1 6 1 19 6 18 6 19 1 5 14 5 1 19 6 17 1 6 1 18 1 6 1 17 6 19 1 6 1 16 1 6 1 19 6 17 1 6 1 18
CS (96, 732) (380, 94) - 1 5 12 5 1 17 6 18 6 14 4 10 2 2 2 10 4 10 2 4 2 6 2 6 2 4 2 8 2 4 2 8 4 14 5 1 19 6 16 6 18 6 16 6 18 6 16 6 18 6 16 6 18 6 16 6 18 6 16 6 18 6 16 6 19 1 5 14 4 8 2 4 2 8 2 4 2 6 2 6 2 4 2 10 4 10 2 2 2 10 4 14 6 18 6 17
CS (106, 820) (380, 5201) - 1 5 12 2 2 2 10 4 12 4 12 4 12 4 12 4 10 2 2 2 12 5 1 19 6 16 6 19 1 6 1 15 4 8 2 6 2 4 2 8 2 6 4 16 6 20 6 14 5 1 18 1 6 1 17 6 18 6 18 6 16 4 8 4 16 4 8 4 16 6 18 6 18 6 17 1 6 1 18 1 5 14 6 20 6 16 4 6 2 8 2 4 2 6 2 8 4 15 1 6 1 19 6 16 6 19
CS (114, 916) (380, 45335) - 1 5 12 2 2 2 8 2 4 2 6 2 6 2 6 2 6 4 16 6 18 6 16 6 18 6 16 6 18 6 17 1 5 12 5 1 17 6 18 6 16 6 18 6 16 6 18 6 16 4 6 2 6 2 6 2 6 2 4 2 8 2 2 2 12 5 1 19 6 14 4 10 4 12 4 12 4 10 4 14 6 18 6 18 6 14 4 10 4 12 4 12 4 10 4 14 6 18 6 18 6 14 4 10 4 12 4 12 4 10 4 14 6 19
CS (120, 992) (380, 83) - 1 5 12 4 12 4 12 4 12 4 12 4 12 4 12 4 12 4 12 4 12 5 1 17 4 8 4 16 6 20 6 14 4 12 5 1 18 1 5 12 4 12 4 12 4 12 4 14 6 20 6 15 1 7 20 6 16 4 8 2 4 2 10 4 12 4 12 4 12 4 12 4 12 4 12 4 12 4 12 4 10 2 4 2 8 4 16 6 20 7 1 15 6 20 6 14 4 12 4 12 4 12 4 12 5 1 18 1 5 12 4 14 6 20 6 16 4 8 4 17
CS (164, 1272) (380, 7655) - 1 5 12 4 12 4 12 4 12 4 12 4 12 4 12 4 12 4 12 4 12 4 10 2 4 2 8 4 16 6 19 1 5 12 4 14 5 1 20 1 6 1 15 4 10 4 14 5 1 20 1 6 1 15 4 8 2 6 2 6 4 18 6 16 4 8 2 4 2 10 4 12 4 14 6 20 6 16 6 20 6 16 6 20 6 16 6 20 6 14 4 12 4 10 2 4 2 8 4 16 6 18 4 6 2 6 2 8 4 15 1 6 1 20 1 5 14 4 10 4 15 1 6 1 20 1 5 14 4 12 5 1 19 6 16 4 8 2 4 2 10 4 12 4 12 4 12 4 12 4 12 4 12 4 12 4 12 4 12 4 12 5 1 18
CS (202, 1600) (380, 25626) - 1 5 12 2 2 2 10 4 14 4 10 4 14 5 1 20 1 6 1 15 4 8 2 6 4 18 6 16 4 8 2 4 2 10 4 12 4 14 6 20 6 16 4 8 4 17 1 5 12 4 12 4 12 4 12 4 12 4 12 5 1 17 4 8 4 16 6 20 6 14 4 12 4 10 2 4 2 8 4 16 6 18 4 6 2 8 4 15 1 6 1 20 1 5 14 4 10 4 14 4 10 2 2 2 12 5 1 19 6 18 6 16 4 10 4 12 4 14 5 1 21 7 1 15 5 1 20 1 6 1 16 1 6 1 19 6 16 4 8 2 4 2 10 4 12 4 12 4 14 6 20 6 16 6 20 6 16 6 20 6 14 4 12 4 12 4 10 2 4 2 8 4 16 6 19 1 6 1 16 1 6 1 20 1 5 15 1 7 21 1 5 14 4 12 4 10 4 16 6 18 6 19
CS (92, 644) (381, 93) - 1 5 14 4 12 4 10 2 4 2 8 2 4 2 8 2 4 2 10 4 12 4 14 6 21 1 5 14 4 12 4 12 4 12 4 12 4 12 4 14 5 1 21 6 14 4 12 4 10 2 4 2 8 2 4 2 8 2 4 2 10 4 12 4 14 5 1 21 6 14 4 10 2 4 2 8 4 16 4 8 4 16 4 8 2 4 2 10 4 14 6 21
CS (124, 1084) (381, 3418) - 1 5 12 4 14 5 1 20 1 6 1 15 4 10 4 14 5 1 20 1 5 14 4 10 4 14 4 10 4 14 4 10 4 14 5 1 19 6 18 6 18 6 17 1 6 1 19 6 16 6 20 6 16 4 8 4 16 6 20 6 16 6 19 1 6 1 17 6 18 6 18 6 19 1 5 14 4 10 4 14 4 10 4 14 4 10 4 14 5 1 20 1 5 14 4 10 4 15 1 6 1 20 1 5 14 4 12 5 1 19 6 16 6 21 1 5 16 5 1 21 6 16 6 19
CS (156, 1184) (381, 517) - 1 5 12 4 12 4 12 5 1 19 6 14 4 8 2 6 4 16 6 17 1 6 1 17 6 16 4 6 2 8 4 14 6 19 1 6 1 15 6 19 1 5 14 5 1 20 1 5 16 6 16 4 8 4 15 1 6 1 18 1 6 1 15 4 8 4 15 1 6 1 18 1 6 1 15 4 8 4 14 4 10 4 12 4 10 4 14 4 8 4 15 1 6 1 18 1 6 1 15 4 8 4 15 1 6 1 18 1 6 1 15 4 8 4 16 6 16 5 1 20 1 5 14 5 1 19 6 15 1 6 1 19 6 14 4 8 2 6 4 16 6 17 1 6 1 17 6 16 4 6 2 8 4 14 6 19
OSO (49, 281) (382, 7) - 1 5 12 4 10 2 2 2 10 2 2 2 10 4 10 2 4 2 6 2 6 2 4 2 10 4 10 4 14 4 8 2 4 2 8 4 15 1 6 1 18 1 5 12 4 12 5 1 18
CS (96, 808) (382, 423) - 1 5 12 4 12 4 12 4 12 4 12 4 12 4 12 5 1 17 4 8 4 16 6 20 6 14 4 12 4 10 2 4 2 8 4 15 1 7 21 1 5 14 4 12 5 1 19 6 16 6 20 6 16 4 8 4 16 4 8 4 16 6 20 6 16 6 19 1 5 12 4 14 5 1 21 7 1 15 4 8 2 4 2 10 4 12 4 14 6 20 6 16 4 8 4 17
CS (80, 732) (383, 49) - 1 5 14 6 20 6 14 6 20 6 14 6 20 6 14 6 20 6 14 5 1 19 6 16 6 17 1 6 1 17 6 16 4 6 2 8 4 14 6 20 7 1 15 6 18 6 17 1 6 1 16 1 6 1 17 6 18 6 15 1 7 20 6 14 4 8 2 6 4 16 6 17 1 6 1 17 6 16 6 19
OSO (41, 361) (384, 51) - 1 5 12 4 14 4 10 4 14 4 10 4 14 4 10 4 16 6 18 6 20 6 14 4 12 4 12 4 12 4 12 4 14 6 20 6 17 1 6 1 18
CS (136, 1000) (384, 165) - 1 5 14 4 10 2 2 2 10 2 2 2 10 4 14 4 10 4 14 6 20 6 16 4 8 2 4 2 8 2 4 2 8 4 16 6 20 6 14 4 10 4 14 4 10 2 2 2 10 2 2 2 10 4 14 5 1 19 6 18 6 16 4 8 2 4 2 10 4 12 4 12 4 12 4 10 2 4 2 8 4 16 6 18 6 19 1 5 14 4 10 4 15 1 6 1 18 1 6 1 15 4 10 4 14 5 1 19 6 18 6 16 4 8 2 4 2 10 4 12 4 12 4 12 4 10 2 4 2 8 4 16 6 18 6 19
CS (146, 1140) (384, 29) - 1 5 12 4 12 4 12 4 12 4 12 4 10 2 4 2 6 2 8 4 14 4 10 4 14 5 1 19 6 18 6 16 6 20 6 16 6 19 1 5 14 5 1 20 1 5 15 1 6 1 20 1 5 16 6 18 4 6 2 6 2 6 2 8 4 14 5 1 19 6 17 1 6 1 17 6 19 1 5 14 4 8 2 6 2 6 2 6 4 18 6 16 5 1 20 1 6 1 15 5 1 20 1 5 14 5 1 19 6 16 6 20 6 16 6 18 6 19 1 5 14 4 10 4 14 4 8 2 6 2 4 2 10 4 12 4 12 4 12 4 12 4 12 5 1 18
OSO (47, 299) (385, 47) - 1 5 12 4 12 4 10 4 14 5 1 20 1 5 14 4 8 2 4 2 8 2 4 2 6 2 6 2 6 4 17 1 5 12 4 12 5 1 18 1 6 1 16 1 6 1 18
CS (116, 796) (385, 152) - 1 5 12 2 2 2 8 2 2 2 12 5 1 19 6 14 5 1 19 7 1 13 4 10 4 13 1 7 19 1 5 12 2 2 2 8 2 2 2 12 5 1 19 6 14 5 1 19 7 1 13 4 10 4 13 1 7 19 1 5 12 2 2 2 8 2 2 2 12 5 1 19 7 1 13 4 10 4 13 1 7 19 1 5 14 6 19 1 5 12 2 2 2 8 2 2 2 12 5 1 19 7 1 13 4 10 4 13 1 7 19 1 5 14 6 19
CS (86, 664) (386, 6) - 1 5 12 4 12 4 12 4 10 4 14 4 8 4 16 6 19 1 5 14 4 10 4 12 4 12 4 10 4 14 5 1 19 6 16 4 8 4 14 4 10 4 12 4 12 4 12 5 1 19 6 14 4 10 2 2 2 10 4 13 1 7 19 1 5 12 4 12 4 12 5 1 19 7 1 13 4 10 2 2 2 10 4 14 6 19
CS (118, 748) (386, 23) - 1 5 12 2 2 2 10 4 14 4 10 2 2 2 12 4 10 2 2 2 12 4 12 4 12 4 12 2 2 2 10 4 12 2 2 2 10 4 14 4 10 2 2 2 12 5 1 18 1 6 1 17 4 6 2 8 2 4 2 8 2 4 2 10 4 12 4 14 5 1 20 1 5 14 4 12 4 12 5 1 17 4 8 4 17 1 5 12 4 12 4 14 5 1 20 1 5 14 4 12 4 10 2 4 2 8 2 4 2 8 2 6 4 17 1 6 1 18
CS (132, 1016) (386, 173) - 1 5 12 4 12 2 2 2 10 4 12 4 12 2 2 2 10 4 12 4 12 4 14 6 21 1 5 16 4 8 4 16 4 8 4 16 4 8 4 16 4 8 4 16 4 8 4 16 4 8 4 16 4 8 4 16 5 1 21 6 14 4 12 4 12 4 10 2 2 2 12 4 12 4 10 2 2 2 12 4 12 5 1 18 1 5 12 4 12 4 14 6 21 1 5 16 4 8 4 16 4 8 4 16 4 8 4 16 4 8 4 16 4 8 4 16 4 8 4 16 5 1 21 6 14 4 12 4 12 5 1 18
CS (136, 1076) (386, 34) - 1 5 12 4 12 4 12 4 10 2 2 2 12 4 10 4 14 4 10 4 12 2 2 2 10 4 12 4 12 4 12 5 1 17 4 8 4 15 1 6 1 19 6 16 4 8 4 16 6 19 1 5 14 5 1 19 6 16 4 8 4 16 6 20 7 1 15 6 19 1 6 1 16 1 6 1 17 4 6 2 8 4 16 6 18 6 16 4 8 2 6 4 17 1 6 1 16 1 6 1 19 6 15 1 7 20 6 16 4 8 4 16 6 19 1 5 14 5 1 19 6 16 4 8 4 16 6 19 1 6 1 15 4 8 4 17
CS (172, 1032) (386, 305) - 1 5 12 4 12 4 12 2 2 2 8 2 6 4 17 1 6 1 17 4 8 4 16 6 20 6 14 4 12 4 12 4 12 4 12 5 1 17 4 8 4 16 4 8 4 16 4 6 2 8 2 4 2 8 2 4 2 8 2 4 2 8 2 4 2 8 2 4 2 8 2 4 2 8 2 4 2 8 2 4 2 8 2 4 2 8 2 4 2 8 2 4 2 8 2 4 2 8 2 4 2 8 2 4 2 8 2 4 2 8 2 4 2 8 2 4 2 8 2 4 2 8 2 6 4 16 4 8 4 16 4 8 4 17 1 5 12 4 12 4 12 4 12 4 14 6 20 6 16 4 8 4 17 1 6 1 17 4 6 2 8 2 2 2 12 4 12 4 12 5 1 18
OSO (35, 253) (388, 53) - 1 5 14 4 12 4 10 2 2 2 12 4 10 2 4 2 8 4 16 6 18 4 6 2 8 4 16 6 19 1 5 14 5 1 20
CS (86, 636) (388, 474) - 1 5 12 4 14 4 10 4 16 6 18 4 8 4 16 4 8 4 17 1 6 1 17 4 8 4 16 4 8 4 18 6 16 4 10 4 14 4 12 5 1 19 6 16 4 8 2 6 2 6 2 6 2 6 2 8 4 14 4 12 4 12 4 12 4 12 4 12 4 14 4 8 2 6 2 6 2 6 2 6 2 8 4 16 6 19
CS (94, 628) (388, 1080) - 1 5 12 2 2 2 10 4 12 2 2 2 8 2 6 4 16 4 6 2 8 2 2 2 12 4 10 2 2 2 12 5 1 19 6 16 6 20 6 14 4 10 2 4 2 6 2 6 2 8 4 14 5 1 19 6 16 4 8 2 4 2 10 4 10 2 4 2 8 4 16 6 19 1 5 14 4 8 2 6 2 6 2 4 2 10 4 14 6 20 6 16 6 19
CS (104, 916) (388, 51) - 1 5 12 4 14 6 20 6 16 6 18 6 18 6 18 6 17 1 5 12 5 1 17 6 19 1 5 14 4 10 4 14 6 20 6 16 6 20 6 14 4 10 4 14 5 1 19 6 17 1 5 12 5 1 17 6 18 6 18 6 18 6 16 6 20 6 14 4 12 5 1 18 1 6 1 17 6 18 6 16 4 8 2 4 2 8 2 4 2 8 2 4 2 8 4 16 6 18 6 17 1 6 1 18
CS (110, 780) (388, 257) - 1 5 12 4 12 4 10 4 14 6 19 1 5 14 5 1 19 6 16 6 17 1 6 1 17 6 16 6 19 1 5 14 5 1 19 6 14 4 10 4 12 4 12 5 1 18 1 5 12 4 12 5 1 17 4 6 2 6 2 4 2 10 4 10 4 14 4 8 2 4 2 8 4 14 4 8 2 4 2 8 4 14 4 8 2 4 2 8 4 14 4 10 4 10 2 4 2 6 2 6 4 17 1 5 12 4 12 5 1 18
CS (116, 896) (388, 228) - 1 5 12 2 2 2 10 4 14 6 20 6 16 6 19 1 6 1 15 4 8 2 4 2 10 4 12 4 12 4 12 5 1 17 4 6 2 8 4 16 6 18 6 18 6 16 4 8 2 4 2 10 4 12 4 10 2 4 2 8 4 16 6 18 6 18 6 16 4 8 2 6 4 17 1 5 12 4 12 4 12 4 10 2 4 2 8 4 15 1 6 1 19 6 16 6 20 6 14 4 10 2 2 2 12 5 1 19 6 16 4 8 4 16 6 19
CS (136, 1144) (388, 20) - 1 5 12 4 14 6 20 6 16 6 18 6 19 1 5 14 5 1 19 6 16 6 20 6 15 1 6 1 20 1 5 15 1 7 21 1 5 16 6 18 4 6 2 6 2 6 2 6 2 6 2 6 2 6 4 18 6 16 5 1 21 7 1 15 5 1 20 1 6 1 15 6 20 6 16 6 19 1 5 14 5 1 19 6 18 6 16 6 20 6 14 4 12 5 1 18 1 6 1 17 6 18 6 16 4 8 2 6 4 17 1 6 1 17 6 18 6 17 1 6 1 17 4 6 2 8 4 16 6 18 6 17 1 6 1 18
CS (168, 1204) (388, 49) - 1 5 12 4 12 4 12 4 12 2 2 2 8 2 4 2 8 2 4 2 10 4 12 4 12 4 12 4 12 4 12 4 12 4 12 5 1 17 4 8 4 16 6 20 6 14 4 12 4 12 5 1 18 1 6 1 17 6 20 7 1 15 6 20 6 16 4 8 4 16 4 8 2 4 2 8 2 4 2 8 2 4 2 8 2 4 2 8 2 4 2 8 2 4 2 8 4 16 4 8 4 16 6 20 6 15 1 7 20 6 17 1 6 1 18 1 5 12 4 12 4 14 6 20 6 16 4 8 4 17 1 5 12 4 12 4 12 4 12 4 12 4 12 4 12 4 10 2 4 2 8 2 4 2 8 2 2 2 12 4 12 4 12 4 12 5 1 18
OSO (39, 281) (389, 45) - 1 5 12 4 10 2 4 2 6 2 4 2 10 4 12 4 10 4 14 6 20 7 1 15 6 19 1 5 14 6 19 1 6 1 16 1 6 1 18
CS (110, 1064) (389, 295) - 1 5 12 4 14 6 20 6 16 4 8 4 17 1 6 1 17 6 20 7 1 15 6 20 6 16 6 20 6 16 6 20 6 16 6 19 1 5 12 4 14 6 21 1 5 16 6 20 7 1 15 6 20 6 15 1 7 20 6 16 5 1 21 6 14 4 12 5 1 19 6 16 6 20 6 16 6 20 6 16 6 20 6 15 1 7 20 6 17 1 6 1 17 4 8 4 16 6 20 6 14 4 12 5 1 18 1 6 1 18
CS (130, 964) (389, 6134) - 1 5 12 4 14 5 1 20 1 5 15 1 6 1 20 1 5 14 4 12 4 12 4 14 5 1 20 1 6 1 15 5 1 20 1 5 14 4 12 5 1 17 4 8 2 4 2 10 4 14 5 1 19 6 18 4 6 2 8 4 16 4 8 2 6 4 18 6 19 1 5 14 4 10 2 4 2 8 4 17 1 6 1 17 6 20 6 17 1 6 1 17 4 8 2 4 2 10 4 14 5 1 19 6 18 4 6 2 8 4 16 4 8 2 6 4 18 6 19 1 5 14 4 10 2 4 2 8 4 17
CS (132, 1040) (389, 37) - 1 5 12 4 12 4 10 4 14 6 19 1 5 12 4 13 1 7 19 1 6 1 15 6 19 1 6 1 15 6 18 6 16 6 19 1 5 14 4 8 2 6 4 16 6 16 4 8 4 14 4 8 2 6 4 16 6 16 4 6 2 8 4 14 4 8 4 16 6 16 4 6 2 8 4 14 5 1 19 6 16 6 18 6 15 1 6 1 19 6 15 1 6 1 19 7 1 13 4 12 5 1 19 6 14 4 10 4 12 4 12 5 1 18 1 6 1 16 1 6 1 17 6 17 1 6 1 16 1 6 1 18
CS (84, 656) (390, 128) - 1 5 10 2 4 2 6 2 6 2 6 4 16 4 6 2 6 2 6 2 4 2 10 5 1 17 6 18 6 15 1 7 20 6 14 5 1 19 6 16 6 18 6 15 1 7 19 1 6 1 16 1 6 1 18 1 6 1 16 1 6 1 19 7 1 15 6 18 6 16 6 19 1 5 14 6 20 7 1 15 6 18 6 17
CS (104, 756) (390, 241) - 1 5 12 2 2 2 10 4 14 6 20 6 16 6 19 1 6 1 15 4 8 2 6 4 17 1 5 12 4 12 4 12 5 1 17 4 6 2 8 4 15 1 6 1 19 6 16 6 20 6 14 4 10 2 2 2 12 5 1 19 6 16 4 8 4 16 6 19 1 6 1 15 4 8 2 4 2 8 2 4 2 8 2 4 2 8 2 4 2 8 4 15 1 6 1 19 6 16 4 8 4 16 6 19
CS (104, 876) (390, 172) - 1 5 12 4 14 5 1 20 1 5 14 4 10 2 2 2 10 2 2 2 10 4 14 6 20 6 16 6 19 1 5 14 5 1 20 1 5 16 6 18 6 18 6 18 6 16 5 1 20 1 5 14 5 1 19 6 16 6 20 6 14 4 10 2 2 2 10 2 2 2 10 4 14 5 1 20 1 5 14 4 12 5 1 19 6 16 6 20 6 14 4 10 4 14 4 10 4 14 6 20 6 16 6 19
CS (106, 740) (390, 82) - 1 5 16 6 18 6 19 1 6 1 16 1 6 1 19 6 16 4 8 2 6 4 17 1 6 1 17 4 6 2 8 4 16 6 19 1 6 1 16 1 6 1 19 6 18 6 16 5 1 20 1 6 1 16 1 6 1 19 6 16 4 8 2 4 2 8 2 6 4 16 4 8 2 4 2 8 2 4 2 8 2 4 2 8 4 16 4 6 2 8 2 4 2 8 4 16 6 19 1 6 1 16 1 6 1 20
CS (116, 892) (390, 81) - 1 5 12 4 12 4 12 4 12 4 10 2 4 2 6 2 8 4 14 4 10 4 14 5 1 20 1 5 15 1 6 1 19 6 17 1 5 12 4 12 5 1 17 6 19 1 6 1 15 5 1 20 1 5 14 4 10 4 14 4 8 2 6 2 4 2 10 4 12 4 12 4 12 4 12 5 1 17 4 8 4 16 6 18 6 18 6 18 6 16 4 8 2 4 2 10 4 10 2 4 2 8 4 16 6 18 6 18 6 18 6 16 4 8 4 17
CS (116, 996) (390, 36) - 1 5 12 4 10 4 14 4 10 4 12 5 1 17 6 18 6 16 4 6 2 8 4 14 6 20 6 14 5 1 19 6 16 6 17 1 6 1 17 6 18 6 16 6 18 6 17 1 6 1 17 6 16 6 19 1 5 14 6 20 6 14 4 8 2 6 4 16 6 18 6 17 1 5 12 4 10 4 14 4 10 4 12 5 1 17 6 18 6 16 6 19 1 5 14 4 8 2 4 2 8 2 4 2 8 4 14 5 1 19 6 16 6 18 6 17
CS (118, 884) (390, 517) - 1 5 12 4 12 4 12 4 12 4 12 4 12 4 12 4 12 4 12 4 10 2 4 2 8 4 16 6 19 1 5 12 4 14 4 8 2 6 4 18 6 16 4 8 2 4 2 10 4 12 4 12 4 12 4 12 4 12 4 12 4 12 4 12 4 12 4 12 4 10 2 4 2 8 4 16 6 18 4 6 2 8 4 14 4 12 5 1 19 6 16 4 8 2 4 2 10 4 12 4 12 4 12 4 12 4 12 4 12 4 12 4 12 4 12 5 1 18
CS (120, 932) (390, 7178) - 1 5 12 4 12 4 12 5 1 19 6 14 4 8 2 6 4 16 6 18 6 14 4 10 4 14 6 19 1 5 14 6 20 6 12 2 2 2 10 4 10 4 14 4 8 2 4 2 8 4 14 4 8 2 4 2 8 4 14 4 10 4 10 2 2 2 12 6 20 6 14 5 1 19 6 14 4 10 4 14 6 18 6 16 4 6 2 8 4 14 6 19 1 5 12 4 12 4 12 5 1 19 6 14 5 1 18 1 6 1 16 1 6 1 18 1 5 14 6 19
CS (158, 1148) (390, 707) - 1 5 12 4 12 2 2 2 8 2 6 4 17 1 6 1 17 4 6 2 8 2 2 2 12 4 12 5 1 18 1 6 1 17 4 6 2 8 4 16 6 19 1 5 12 4 14 5 1 20 1 5 14 5 1 19 6 18 6 16 4 10 4 12 4 14 5 1 20 1 6 1 16 1 6 1 19 6 16 4 8 2 4 2 8 2 6 4 17 1 5 12 4 12 4 12 5 1 17 4 6 2 8 2 4 2 8 4 16 6 19 1 6 1 16 1 6 1 20 1 5 14 4 12 4 10 4 16 6 18 6 19 1 5 14 5 1 20 1 5 14 4 12 5 1 19 6 16 4 8 2 6 4 17 1 6 1 18
CS (96, 780) (391, 43) - 1 5 12 4 14 6 20 6 16 6 19 1 6 1 15 4 10 4 12 4 12 4 13 1 7 20 6 16 6 20 7 1 13 4 12 4 12 4 10 4 15 1 6 1 19 6 16 6 20 6 14 4 12 5 1 18 1 6 1 17 6 18 6 18 6 16 4 8 2 4 2 8 2 4 2 8 2 4 2 8 2 4 2 8 4 16 6 18 6 18 6 17 1 6 1 18
CS (116, 836) (391, 17) - 1 5 12 4 12 4 14 4 8 2 6 2 6 2 6 2 6 2 8 4 14 4 12 4 10 2 4 2 8 2 4 2 8 2 4 2 10 4 12 4 14 4 8 2 6 2 6 2 6 2 6 2 8 4 14 4 12 4 12 5 1 17 4 8 4 16 4 8 2 6 4 18 6 18 6 18 6 18 4 6 2 8 4 16 5 1 21 6 16 6 21 1 5 16 4 8 2 6 4 18 6 18 6 18 6 18 4 6 2 8 4 16 4 8 4 17
CS (132, 1172) (391, 40) - 1 5 14 4 10 4 16 6 18 6 18 6 18 6 18 6 18 6 18 6 18 6 16 4 10 4 14 5 1 20 1 5 14 5 1 19 6 18 6 16 4 8 2 6 4 18 6 16 4 8 2 4 2 10 4 12 4 14 6 20 6 16 5 1 21 6 14 4 12 4 10 4 16 6 19 1 5 14 5 1 20 1 5 14 5 1 19 6 16 4 10 4 12 4 14 6 21 1 5 16 6 20 6 14 4 12 4 10 2 4 2 8 4 16 6 18 4 6 2 8 4 16 6 18 6 19 1 5 14 5 1 20
CS (164, 1192) (391, 123) - 1 5 14 4 10 4 14 4 10 2 4 2 6 2 6 2 6 2 6 2 6 2 6 2 6 2 6 2 6 2 6 2 6 2 6 2 6 2 6 2 6 2 4 2 10 4 14 4 10 4 14 5 1 20 1 5 14 5 1 19 6 18 6 16 4 8 2 6 2 4 2 10 4 12 4 14 5 1 21 6 14 4 10 4 15 1 6 1 20 1 5 14 4 10 4 16 6 18 6 18 6 19 1 5 14 4 10 4 14 4 10 4 14 5 1 19 6 18 6 18 6 16 4 10 4 14 5 1 20 1 6 1 15 4 10 4 14 6 21 1 5 14 4 12 4 10 2 4 2 6 2 8 4 16 6 18 6 19 1 5 14 5 1 20
CS (88, 700) (392, 93) - 1 5 12 2 2 2 10 4 14 4 8 2 6 2 6 4 18 6 17 1 6 1 17 6 19 1 5 14 5 1 19 6 17 1 6 1 17 6 18 4 6 2 6 2 8 4 14 4 10 2 2 2 12 5 1 19 6 16 4 8 4 17 1 6 1 17 6 18 6 18 6 18 6 18 6 18 6 17 1 6 1 17 4 8 4 16 6 19
CS (114, 860) (392, 26473) - 1 5 12 4 12 5 1 17 6 19 1 5 14 5 1 19 6 16 4 8 4 16 4 6 2 8 4 14 4 10 2 2 2 10 4 14 5 1 19 6 18 6 16 4 8 4 16 6 19 1 6 1 15 4 8 2 4 2 8 2 4 2 8 2 4 2 8 4 15 1 6 1 19 6 16 4 8 4 16 6 18 6 19 1 5 14 4 10 2 2 2 10 4 14 4 8 2 6 4 16 4 8 4 16 6 19 1 5 14 5 1 19 6 17
CS (116, 884) (392, 137) - 1 5 12 4 12 4 10 2 2 2 10 4 12 4 10 2 2 2 10 4 12 4 10 2 2 2 10 4 12 4 12 5 1 19 6 14 4 8 2 6 4 16 6 17 1 6 1 17 6 16 4 6 2 8 4 14 6 20 7 1 15 6 18 6 17 1 6 1 15 4 10 4 10 4 14 4 10 4 10 4 15 1 6 1 17 6 18 6 15 1 7 20 6 14 4 8 2 6 4 16 6 17 1 6 1 17 6 16 4 6 2 8 4 14 6 19
CS (124, 1168) (392, 4098) - 1 5 12 4 14 6 20 6 17 1 6 1 17 4 8 4 16 6 19 1 6 1 17 6 18 6 18 6 18 4 6 2 6 2 6 2 6 2 6 4 18 6 18 6 18 6 17 1 6 1 19 6 16 4 8 4 17 1 6 1 17 6 20 6 14 4 12 5 1 19 6 16 6 20 6 16 6 20 6 16 6 20 6 16 6 19 1 6 1 17 6 18 6 19 1 5 14 5 1 19 6 18 6 17 1 6 1 19 6 16 6 20 6 16 6 20 6 16 6 20 6 16 6 19
CS (132, 1016) (392, 32) - 1 5 12 4 14 4 8 2 6 4 17 1 6 1 18 1 6 1 17 6 19 1 5 14 5 1 20 1 5 14 4 10 4 14 4 10 4 14 5 1 20 1 5 14 4 10 4 14 4 10 4 14 5 1 20 1 5 14 5 1 19 6 17 1 6 1 18 1 6 1 17 4 6 2 8 4 14 4 12 5 1 19 6 17 1 6 1 18 1 6 1 17 6 19 1 5 14 5 1 20 1 5 14 4 10 4 14 4 10 4 14 5 1 20 1 5 14 5 1 19 6 17 1 6 1 18 1 6 1 17 6 19
CS (168, 1348) (392, 7950) - 1 5 12 5 1 17 6 18 6 14 4 10 2 2 2 10 4 10 2 2 2 12 6 20 6 14 5 1 19 6 16 6 16 4 8 4 15 1 6 1 18 1 6 1 15 4 8 4 14 4 10 4 12 4 10 4 14 5 1 20 1 5 14 4 10 4 12 4 10 4 14 5 1 19 6 16 6 18 6 16 6 19 1 5 14 4 10 4 12 4 10 4 14 5 1 20 1 5 14 4 10 4 12 4 10 4 14 4 8 4 15 1 6 1 18 1 6 1 15 4 8 4 16 6 16 6 19 1 5 14 6 20 6 12 2 2 2 10 4 10 2 2 2 10 4 14 6 18 6 17 1 5 12 5 1 17 6 18 6 14 4 10 4 14 6 18 6 17
CS (172, 1380) (392, 166) - 1 5 12 2 2 2 10 4 14 6 20 6 16 6 20 7 1 14 1 7 20 6 16 5 1 21 6 14 5 1 19 6 16 6 19 1 6 1 16 1 6 1 18 1 5 12 4 12 2 2 2 8 2 4 2 8 2 4 2 8 4 16 6 19 1 5 14 5 1 19 6 16 4 8 4 16 4 8 4 16 6 19 1 5 14 5 1 19 6 16 4 8 2 4 2 8 2 4 2 8 2 2 2 12 4 12 5 1 18 1 6 1 16 1 6 1 19 6 16 6 19 1 5 14 6 21 1 5 16 6 20 7 1 14 1 7 20 6 16 6 20 6 14 4 10 2 2 2 12 5 1 19 6 16 5 1 21 7 1 15 6 20 6 15 1 7 21 1 5 16 6 19
CS (200, 1396) (393, 1) - 1 5 12 2 2 2 10 4 14 6 21 1 5 16 6 19 1 5 12 4 14 5 1 20 1 6 1 15 4 10 4 14 5 1 20 1 6 1 15 4 8 2 6 2 4 2 10 4 12 2 2 2 10 4 12 4 12 2 2 2 8 2 4 2 10 4 12 4 12 4 12 4 12 4 12 4 10 2 4 2 8 2 2 2 12 4 12 4 10 2 2 2 12 4 10 2 4 2 6 2 8 4 15 1 6 1 20 1 5 14 4 10 4 15 1 6 1 20 1 5 14 4 12 5 1 19 6 16 5 1 21 6 14 4 10 2 2 2 12 5 1 19 6 16 4 8 2 4 2 10 4 12 4 12 4 12 4 12 4 12 4 12 4 12 4 12 4 12 5 1 18 1 5 12 4 12 4 12 4 12 4 12 4 12 4 12 4 12 4 12 4 10 2 4 2 8 4 16 6 19
CS (94, 628) (394, 2101) - 1 5 12 4 12 5 1 17 4 6 2 8 2 4 2 8 4 16 6 18 4 6 2 8 4 14 4 12 5 1 19 6 16 4 10 4 12 4 12 4 12 2 2 2 8 2 4 2 8 2 4 2 8 2 4 2 8 2 2 2 12 4 12 4 12 4 10 4 16 6 19 1 5 12 4 14 4 8 2 6 4 18 6 16 4 8 2 4 2 8 2 6 4 17
CS (136, 824) (394, 623) - 1 5 12 4 10 2 4 2 6 2 6 4 17 1 6 1 16 1 6 1 17 4 6 2 6 2 4 2 10 4 12 4 10 4 14 5 1 19 6 16 4 6 2 6 2 6 2 6 2 4 2 10 4 10 4 15 1 6 1 17 4 6 2 6 2 6 4 17 1 6 1 15 4 10 4 10 2 4 2 6 2 6 2 6 2 6 4 16 6 19 1 5 14 4 10 4 12 4 10 2 4 2 6 2 6 4 17 1 6 1 16 1 6 1 17 4 6 2 6 2 4 2 10 4 12 5 1 17 4 6 2 6 2 6 4 17
CS (140, 1068) (394, 265) - 1 5 12 4 12 4 12 4 14 6 20 6 16 6 20 6 16 6 19 1 6 1 17 6 19 1 5 14 5 1 20 1 5 14 4 10 4 14 4 10 2 4 2 6 2 6 2 6 2 6 2 6 2 6 2 6 2 6 2 6 2 6 2 6 2 6 2 6 2 6 2 4 2 10 4 14 4 10 4 14 5 1 20 1 5 14 5 1 19 6 17 1 6 1 19 6 16 6 20 6 16 6 20 6 14 4 12 4 12 4 12 5 1 18 1 6 1 17 6 19 1 6 1 17 6 18 6 18 6 17 1 6 1 19 6 17 1 6 1 18
CS (142, 1108) (394, 40) - 1 5 12 4 12 2 2 2 10 4 12 4 12 4 14 6 20 6 16 6 20 6 15 1 7 20 6 16 4 8 2 4 2 8 2 4 2 10 4 12 4 12 4 12 4 10 2 4 2 8 2 4 2 8 4 16 6 20 7 1 15 6 20 6 16 6 20 6 14 4 12 4 12 4 10 2 2 2 12 4 12 5 1 18 1 6 1 17 4 8 4 16 6 18 4 6 2 8 4 14 4 12 5 1 19 6 16 4 8 4 17 1 6 1 17 4 8 4 16 6 19 1 5 12 4 14 4 8 2 6 4 18 6 16 4 8 4 17 1 6 1 18
CS (192, 1416) (394, 623) - 1 5 12 2 2 2 8 2 2 2 12 5 1 19 6 14 5 1 19 7 1 13 4 10 4 12 4 12 4 10 4 13 1 7 19 1 5 14 6 19 1 5 12 2 2 2 8 2 2 2 12 5 1 19 6 14 5 1 19 7 1 13 4 10 4 13 1 7 19 1 5 12 2 2 2 8 2 2 2 12 5 1 19 7 1 13 4 10 4 13 1 7 19 1 5 14 6 19 1 5 12 2 2 2 8 4 16 6 16 6 19 1 5 14 5 1 19 6 16 6 17 1 6 1 17 6 16 6 19 1 5 14 5 1 19 6 16 6 16 4 8 2 2 2 12 5 1 19 6 14 5 1 19 7 1 13 4 10 4 13 1 7 19 1 5 12 2 2 2 8 2 2 2 12 5 1 19 7 1 13 4 10 4 13 1 7 19 1 5 14 6 19
CS (120, 860) (395, 61) - 1 5 14 4 12 4 10 2 4 2 8 2 6 4 17 1 6 1 17 6 20 6 16 5 1 20 1 6 1 15 4 8 2 6 2 6 2 6 2 6 2 6 2 8 4 15 1 6 1 20 1 5 16 6 20 6 17 1 6 1 17 4 6 2 8 2 4 2 10 4 12 4 14 5 1 20 1 5 15 1 6 1 20 1 5 16 6 20 6 16 4 8 2 6 2 6 4 18 4 6 2 6 2 8 4 16 6 20 6 16 5 1 20 1 6 1 15 5 1 20
CS (124, 892) (395, 129) - 1 5 12 4 12 4 10 2 4 2 8 4 14 4 10 2 4 2 6 2 4 2 10 4 14 4 8 2 4 2 10 4 12 4 12 5 1 17 6 19 1 6 1 15 5 1 20 1 5 14 4 10 4 14 4 8 2 6 2 4 2 10 4 12 4 12 4 12 4 12 5 1 17 4 8 4 16 6 18 6 18 6 18 6 16 4 8 4 17 1 5 12 4 12 4 12 4 12 4 10 2 4 2 6 2 8 4 14 4 10 4 14 5 1 20 1 5 15 1 6 1 19 6 17
CS (162, 1296) (395, 76) - 1 5 14 5 1 19 6 16 6 17 1 6 1 17 6 16 4 6 2 8 4 14 6 19 1 6 1 15 6 19 1 5 14 6 20 6 14 6 20 7 1 14 1 7 19 1 6 1 15 4 8 4 15 1 6 1 18 1 6 1 15 4 8 4 15 1 6 1 18 1 6 1 15 4 8 4 15 1 6 1 18 1 6 1 15 4 8 4 15 1 6 1 18 1 6 1 15 4 8 4 15 1 6 1 19 7 1 14 1 7 20 6 14 6 20 6 14 5 1 19 6 15 1 6 1 19 6 14 4 8 2 6 4 16 6 17 1 6 1 17 6 16 6 19 1 5 14 5 1 19 6 16 6 17 1 6 1 17 6 16 6 19
CS (186, 1396) (395, 14317) - 1 5 12 2 2 2 10 4 14 6 21 1 5 16 6 19 1 5 12 4 14 5 1 20 1 6 1 15 4 10 4 14 5 1 20 1 6 1 15 4 8 2 6 2 4 2 10 4 12 2 2 2 10 4 12 4 14 6 20 6 16 4 8 4 17 1 5 12 4 12 4 12 4 12 4 12 4 12 5 1 17 4 8 4 16 6 20 6 14 4 12 4 10 2 2 2 12 4 10 2 4 2 6 2 8 4 15 1 6 1 20 1 5 14 4 10 4 15 1 6 1 20 1 5 14 4 12 5 1 19 6 16 5 1 21 6 14 4 10 2 2 2 12 5 1 19 6 16 4 8 2 4 2 10 4 12 4 12 4 12 4 12 4 14 6 20 6 14 4 12 4 12 4 12 4 12 4 10 2 4 2 8 4 16 6 19
CS (92, 620) (396, 123) - 1 5 12 4 12 4 10 2 4 2 8 4 14 4 10 4 14 4 8 2 4 2 10 4 12 4 12 5 1 17 4 6 2 8 4 14 4 10 4 14 4 8 2 4 2 10 4 12 4 12 5 1 17 4 6 2 8 4 14 4 10 4 14 4 8 2 6 4 17 1 5 12 4 12 4 10 2 4 2 8 4 14 4 10 4 14 4 8 2 6 4 17
CS (128, 888) (396, 189) - 1 5 14 4 10 2 4 2 8 2 4 2 8 2 4 2 10 4 14 5 1 19 6 19 1 5 14 4 12 4 12 4 12 4 14 5 1 20 1 5 15 1 6 1 20 1 5 14 4 12 2 2 2 8 2 6 2 4 2 10 4 14 4 10 2 4 2 8 4 16 5 1 21 6 16 6 21 1 5 16 4 8 2 4 2 10 4 14 4 10 2 4 2 6 2 8 2 2 2 12 4 14 5 1 20 1 6 1 15 5 1 20 1 5 14 4 12 4 12 4 12 4 14 5 1 19 6 19
CS (132, 976) (396, 20317) - 1 5 12 4 12 4 10 2 2 2 10 4 12 4 10 4 14 6 19 1 5 12 4 13 1 7 19 1 6 1 15 4 8 4 15 1 6 1 18 1 5 12 4 12 5 1 18 1 6 1 15 4 8 4 15 1 6 1 19 7 1 13 4 12 5 1 19 6 14 4 10 4 12 4 10 2 2 2 10 4 12 4 12 5 1 18 1 6 1 16 1 6 1 17 6 18 6 14 4 10 4 12 4 12 4 10 4 12 4 12 4 10 4 12 4 12 4 10 4 14 6 18 6 17 1 6 1 16 1 6 1 18
CS (136, 1000) (396, 16896) - 1 5 14 4 10 2 4 2 6 2 4 2 10 4 14 5 1 19 6 18 6 16 4 8 2 4 2 8 2 4 2 8 4 16 6 19 1 5 14 5 1 19 6 16 5 1 20 1 5 14 5 1 19 6 16 4 8 2 4 2 8 4 16 6 19 1 5 14 5 1 19 6 16 4 8 2 4 2 8 4 16 6 19 1 5 14 5 1 20 1 5 16 6 19 1 5 14 5 1 19 6 16 4 8 2 4 2 8 2 4 2 8 4 16 6 18 6 19 1 5 14 4 10 2 4 2 6 2 4 2 10 4 14 5 1 20
CS (156, 1244) (396, 197) - 1 5 12 4 12 4 12 4 12 4 12 4 12 4 12 4 12 4 12 4 12 5 1 17 4 8 4 16 4 8 4 16 6 20 6 14 4 12 4 10 4 16 6 19 1 5 14 5 1 20 1 6 1 15 5 1 20 1 5 14 5 1 20 1 5 14 4 12 5 1 19 6 16 4 8 2 4 2 10 4 12 4 12 4 12 4 12 4 12 4 12 4 12 4 12 4 12 4 12 4 10 2 4 2 8 4 16 6 19 1 5 12 4 14 5 1 20 1 5 14 5 1 20 1 5 15 1 6 1 20 1 5 14 5 1 19 6 16 4 10 4 12 4 14 6 20 6 16 4 8 4 16 4 8 4 17
CS (100, 876) (398, 31) - 1 5 12 4 12 2 2 2 10 4 12 4 12 4 14 6 20 6 16 4 8 4 16 4 8 2 4 2 8 2 4 2 8 2 4 2 8 4 16 4 8 4 16 6 20 6 14 4 12 4 12 4 10 2 2 2 12 4 12 5 1 19 6 16 6 20 6 16 6 20 6 16 6 20 6 16 6 20 7 1 14 1 7 20 6 16 6 20 6 16 6 20 6 16 6 20 6 16 6 19
CS (124, 932) (398, 144) - 1 5 14 4 12 4 10 2 4 2 8 2 6 4 17 1 6 1 17 6 20 6 16 5 1 20 1 5 14 5 1 19 6 16 4 10 4 14 4 10 4 16 6 19 1 5 14 5 1 20 1 5 16 6 20 6 17 1 6 1 17 4 6 2 8 2 4 2 10 4 12 4 14 5 1 20 1 5 15 1 6 1 20 1 5 16 6 20 6 16 4 8 2 6 2 4 2 10 2 2 2 10 2 4 2 6 2 8 4 16 6 20 6 16 5 1 20 1 6 1 15 5 1 20
CS (162, 1100) (398, 278) - 1 5 10 2 4 2 6 2 6 2 6 2 4 2 8 2 4 2 6 2 6 2 6 4 16 4 6 2 6 2 6 4 16 4 6 2 6 2 6 4 16 6 18 6 16 6 19 1 5 14 4 10 4 12 4 10 4 14 5 1 19 6 16 6 18 6 16 4 6 2 6 2 6 4 16 4 6 2 6 2 6 4 16 4 6 2 6 2 6 2 4 2 8 2 4 2 6 2 6 2 6 2 4 2 10 5 1 17 6 18 6 14 4 10 4 12 4 12 4 10 4 12 4 12 4 10 4 12 4 12 4 10 4 12 4 12 4 10 4 12 4 12 4 10 4 12 4 12 4 10 4 12 4 12 4 10 4 14 6 18 6 17
CS (164, 1320) (398, 83) - 1 5 10 2 4 2 6 2 6 2 6 2 4 2 10 5 1 17 6 17 1 6 1 17 6 17 1 6 1 17 6 16 4 8 4 16 6 16 4 8 2 4 2 6 2 8 4 14 6 20 6 14 5 1 19 6 16 6 18 6 16 6 18 6 17 1 6 1 17 6 16 4 8 4 15 1 6 1 19 7 1 13 4 12 5 1 19 6 14 4 10 4 14 6 19 1 5 12 4 13 1 7 19 1 6 1 15 4 8 4 16 6 17 1 6 1 17 6 18 6 16 6 18 6 16 6 19 1 5 14 6 20 6 14 4 8 2 6 2 4 2 8 4 16 6 16 4 8 4 16 6 17 1 6 1 17 6 17 1 6 1 17 6 17
CS (164, 1368) (398, 10016) - 1 5 12 4 12 4 12 4 10 4 16 6 18 6 18 6 18 6 16 5 1 20 1 5 14 5 1 19 6 16 6 20 6 14 4 12 5 1 18 1 6 1 17 6 18 6 17 1 6 1 17 6 19 1 5 14 5 1 19 6 17 1 6 1 17 6 18 6 17 1 6 1 18 1 5 12 4 14 6 20 6 16 6 19 1 5 14 5 1 20 1 5 16 6 18 6 18 6 18 6 16 4 10 4 12 4 12 4 12 5 1 17 4 6 2 8 4 15 1 6 1 19 6 16 6 20 6 14 4 10 2 4 2 6 2 6 2 6 2 6 2 6 2 4 2 10 4 14 6 20 6 16 6 19 1 6 1 15 4 8 2 6 4 17
CS (126, 1008) (399, 241) - 1 5 12 4 12 4 14 6 20 6 16 4 8 4 16 4 8 4 16 4 8 4 16 6 20 6 14 4 12 4 12 5 1 18 1 6 1 17 4 6 2 8 4 16 6 18 4 6 2 8 4 14 4 12 5 1 19 6 16 4 8 2 6 4 17 1 6 1 18 1 5 12 4 14 6 20 6 17 1 6 1 17 6 20 6 14 4 12 5 1 18 1 6 1 17 4 6 2 8 4 16 6 19 1 5 12 4 14 4 8 2 6 4 18 6 16 4 8 2 6 4 17 1 6 1 18
CS (110, 912) (400, 3380) - 1 5 12 2 2 2 10 4 14 5 1 20 1 5 15 1 6 1 19 6 16 4 8 4 16 6 20 7 1 14 1 7 20 6 16 4 8 4 16 6 19 1 6 1 15 5 1 20 1 5 14 4 10 2 2 2 12 5 1 19 6 16 4 8 4 16 6 20 6 14 4 10 4 14 4 10 4 14 5 1 19 6 17 1 6 1 17 6 19 1 5 14 4 10 4 14 4 10 4 14 6 20 6 16 4 8 4 16 6 19
CS (112, 708) (400, 106) - 1 5 12 4 12 2 2 2 8 2 4 2 8 2 4 2 8 4 16 6 18 6 19 1 5 14 4 10 2 2 2 10 2 2 2 10 4 14 5 1 20 1 5 14 4 10 2 4 2 6 2 6 2 4 2 10 4 14 5 1 20 1 5 14 4 10 2 2 2 10 2 2 2 10 4 14 5 1 19 6 18 6 16 4 8 2 4 2 8 2 4 2 8 2 2 2 12 4 12 5 1 18 1 6 1 17 6 17 1 6 1 18
CS (116, 864) (400, 19267) - 1 5 12 4 12 4 10 2 2 2 10 4 12 4 10 4 14 5 1 20 1 5 14 4 10 4 12 4 10 4 14 5 1 20 1 5 14 4 10 4 12 4 10 2 2 2 10 4 12 4 12 5 1 19 6 14 5 1 19 7 1 13 4 10 4 12 4 12 4 10 4 12 4 12 5 1 18 1 5 12 4 12 5 1 18 1 5 12 4 12 5 1 18 1 5 12 4 12 4 10 4 12 4 12 4 10 4 13 1 7 19 1 5 14 6 19
CS (152, 1140) (400, 182) - 1 5 14 4 10 2 4 2 8 4 16 4 8 2 6 2 4 2 10 4 15 1 6 1 19 6 17 1 6 1 18 1 6 1 17 6 19 1 6 1 15 4 10 2 4 2 6 2 8 4 16 4 8 2 4 2 10 4 14 5 1 19 6 18 6 19 1 6 1 15 4 10 2 2 2 12 4 10 2 4 2 8 4 17 1 6 1 17 6 20 6 16 4 10 4 14 5 1 19 6 18 6 18 4 8 4 16 4 8 4 18 6 18 6 19 1 5 14 4 10 4 16 6 20 6 17 1 6 1 17 4 8 2 4 2 10 4 12 2 2 2 10 4 15 1 6 1 19 6 18 6 19
CS (192, 1424) (400, 209) - 1 5 12 4 12 2 2 2 8 2 4 2 8 2 4 2 8 4 16 6 18 6 19 1 5 14 4 10 4 14 4 10 4 14 6 20 6 16 4 8 4 16 6 19 1 6 1 15 4 8 2 4 2 10 4 12 4 12 4 10 2 4 2 8 4 15 1 6 1 19 6 16 4 8 4 16 6 20 6 14 4 10 4 14 4 10 4 14 5 1 19 6 18 6 16 4 8 2 4 2 8 2 4 2 8 2 2 2 12 4 12 5 1 18 1 5 12 4 12 4 12 4 12 4 12 5 1 18 1 5 12 4 12 4 14 6 19 1 6 1 16 1 6 1 18 1 5 12 4 12 4 12 4 12 4 12 4 12 5 1 18 1 6 1 16 1 6 1 19 6 14 4 12 4 12 5 1 18 1 5 12 4 12 4 12 4 12 4 12 5 1 18
CS (208, 1616) (400, 761) - 1 5 12 2 2 2 10 2 2 2 12 5 1 19 6 16 4 10 4 14 4 10 2 4 2 6 2 8 4 16 6 20 6 17 1 6 1 17 6 20 6 16 4 8 2 6 2 4 2 10 4 14 4 10 4 16 6 19 1 5 14 5 1 20 1 5 16 6 19 1 6 1 17 6 19 1 6 1 15 4 10 2 2 2 12 4 10 4 16 6 20 6 16 4 10 4 12 2 2 2 10 4 15 1 6 1 19 6 18 6 18 6 18 6 19 1 6 1 15 4 10 2 2 2 12 4 10 4 16 6 20 6 16 4 10 4 12 2 2 2 10 4 15 1 6 1 19 6 17 1 6 1 19 6 16 5 1 20 1 5 14 5 1 19 6 16 4 10 4 14 4 10 2 4 2 6 2 8 4 16 6 20 6 17 1 6 1 17 6 20 6 16 4 8 2 6 2 4 2 10 4 14 4 10 4 16 6 19
OSO (39, 281) (402, 2) - 1 5 12 2 2 2 8 2 4 2 6 2 8 4 12 4 12 4 10 4 14 6 19 1 5 14 6 19 1 5 12 4 12 4 10 4 14 6 19
CS (104, 800) (402, 51) - 1 5 16 6 20 6 17 1 6 1 17 4 8 4 17 1 6 1 17 6 20 6 16 5 1 20 1 6 1 15 4 10 4 15 1 6 1 20 1 5 16 6 20 6 17 1 6 1 17 4 8 4 17 1 6 1 17 6 20 6 16 5 1 21 6 14 4 12 4 12 2 2 2 8 2 6 2 4 2 10 4 14 4 10 4 14 4 10 2 4 2 6 2 8 2 2 2 12 4 12 4 14 6 21
CS (116, 988) (402, 6) - 1 5 12 4 10 2 4 2 8 4 16 6 18 6 18 6 18 6 17 1 6 1 17 6 19 1 5 14 4 8 2 6 2 6 2 6 4 18 6 16 6 20 6 16 6 18 6 19 1 5 14 4 10 4 14 5 1 19 6 18 6 16 6 20 6 16 6 18 4 6 2 6 2 6 2 8 4 14 5 1 19 6 17 1 6 1 17 6 18 6 18 6 18 6 16 4 8 2 4 2 10 4 12 5 1 17 6 19 1 5 14 5 1 19 6 17
CS (142, 1052) (402, 12) - 1 5 10 4 14 4 10 4 10 4 14 4 10 4 10 4 14 4 10 4 10 4 14 4 10 5 1 17 6 16 6 19 1 5 14 4 8 2 4 2 8 4 14 4 10 4 10 2 4 2 6 2 6 4 17 1 5 12 4 12 5 1 18 1 5 12 4 12 4 10 4 12 4 12 4 10 4 14 6 18 6 17 1 5 12 5 1 17 6 18 6 14 4 10 4 12 4 12 4 10 4 12 4 12 5 1 18 1 5 12 4 12 5 1 17 4 6 2 6 2 4 2 10 4 10 4 14 4 8 2 4 2 8 4 14 5 1 19 6 16 6 17
CS (216, 1700) (402, 58) - 1 5 12 4 14 6 20 6 17 1 6 1 17 4 8 4 16 6 20 6 14 4 12 4 12 4 10 2 4 2 8 4 16 6 18 4 6 2 8 4 16 6 18 4 6 2 8 4 15 1 6 1 20 1 5 14 4 10 4 14 4 10 2 4 2 6 2 6 2 6 2 6 2 8 4 14 4 10 4 14 4 10 4 14 4 10 4 14 4 10 4 14 4 8 2 6 2 6 2 6 2 6 2 4 2 10 4 14 4 10 4 14 5 1 20 1 6 1 15 4 8 2 6 4 18 6 16 4 8 2 6 4 18 6 16 4 8 2 4 2 10 4 12 4 12 4 14 6 20 6 16 4 8 4 17 1 6 1 17 6 20 6 14 4 12 5 1 18 1 6 1 17 4 8 4 16 6 19 1 6 1 17 6 18 6 18 6 18 6 18 6 18 6 18 6 18 6 18 6 18 6 17 1 6 1 19 6 16 4 8 4 17 1 6 1 18
OSO (45, 327) (403, 285) - 1 5 12 4 12 4 12 4 10 4 14 4 10 4 14 5 1 20 1 5 14 4 10 2 2 2 10 4 14 5 1 20 1 5 14 4 10 4 14 4 8 2 6 4 17
CS (116, 992) (403, 289) - 1 5 14 4 10 4 14 4 10 4 14 5 1 19 6 18 6 18 6 16 4 10 4 14 5 1 20 1 6 1 15 4 8 2 6 2 6 4 18 6 16 4 10 4 12 4 14 6 21 1 5 16 6 19 1 6 1 17 6 18 6 19 1 5 14 5 1 19 6 18 6 17 1 6 1 19 6 16 5 1 21 6 14 4 12 4 10 4 16 6 18 4 6 2 6 2 8 4 15 1 6 1 20 1 5 14 4 10 4 16 6 18 6 18 6 19
CS (110, 776) (404, 83) - 1 5 12 4 12 4 13 1 7 20 7 1 13 4 12 4 12 5 1 18 1 6 1 17 4 6 2 8 4 15 1 7 21 1 5 14 4 10 2 4 2 6 2 6 2 6 2 8 4 14 5 1 19 6 18 6 16 4 8 2 6 4 17 1 6 1 17 4 6 2 8 4 16 6 18 6 19 1 5 14 4 8 2 6 2 6 2 6 2 4 2 10 4 14 5 1 21 7 1 15 4 8 2 6 4 17 1 6 1 18
CS (152, 1172) (404, 13427) - 1 5 12 2 2 2 8 4 16 6 16 6 18 6 17 1 6 1 16 1 6 1 17 6 18 6 14 4 10 4 14 6 18 6 17 1 5 12 5 1 17 6 18 6 14 4 10 4 14 6 18 6 17 1 6 1 16 1 6 1 17 6 18 6 16 6 16 4 8 2 2 2 12 5 1 18 1 6 1 16 1 6 1 17 6 18 6 14 4 10 4 12 4 12 4 10 4 12 4 12 4 10 4 12 4 12 4 8 2 6 2 4 2 8 2 4 2 6 2 8 4 12 4 12 4 10 4 12 4 12 4 10 4 12 4 12 4 10 4 14 6 18 6 17 1 6 1 16 1 6 1 18
CS (154, 1204) (404, 126) - 1 5 12 4 12 4 12 4 12 4 12 4 12 4 12 5 1 17 4 8 4 16 6 20 6 14 4 12 4 10 2 4 2 6 2 8 4 16 6 18 6 19 1 5 14 5 1 20 1 5 14 4 12 5 1 19 6 16 5 1 20 1 6 1 16 1 6 1 19 6 16 4 8 2 4 2 10 4 12 4 12 4 12 4 12 4 12 4 12 4 12 4 12 4 10 2 4 2 8 4 16 6 19 1 6 1 16 1 6 1 20 1 5 16 6 19 1 5 12 4 14 5 1 20 1 5 14 5 1 19 6 18 6 16 4 8 2 6 2 4 2 10 4 12 4 14 6 20 6 16 4 8 4 17
CS (122, 936) (405, 81) - 1 5 12 4 10 4 14 4 8 2 4 2 8 4 14 4 8 2 6 4 16 6 16 4 8 4 15 1 6 1 19 6 14 5 1 19 6 14 4 10 4 14 6 18 6 18 6 14 4 10 4 12 4 12 4 10 4 14 6 18 6 18 6 14 4 10 4 14 6 19 1 5 14 6 19 1 6 1 15 4 8 4 16 6 16 4 6 2 8 4 14 4 8 2 4 2 8 4 14 4 10 4 12 5 1 17 4 6 2 6 2 6 4 16 4 6 2 6 2 6 4 17
CS (122, 868) (406, 133) - 1 5 12 5 1 17 6 18 4 6 2 6 2 6 2 6 2 4 2 10 4 14 5 1 20 1 5 15 1 6 1 19 6 16 4 8 4 16 5 1 21 6 14 4 10 4 14 4 10 4 14 4 8 2 6 2 4 2 10 4 12 4 12 4 12 4 12 4 10 2 4 2 6 2 8 4 14 4 10 4 14 4 10 4 14 6 21 1 5 16 4 8 4 16 6 19 1 6 1 15 5 1 20 1 5 14 4 10 2 4 2 6 2 6 2 6 2 6 4 18 6 17
CS (124, 908) (406, 4103) - 1 5 14 4 10 4 14 4 10 4 14 4 10 4 14 4 10 4 14 5 1 20 1 5 14 4 10 4 14 4 10 4 14 4 10 4 14 4 10 4 14 5 1 20 1 5 14 4 10 4 15 1 6 1 20 1 5 14 4 12 4 10 4 16 6 18 6 18 4 6 2 6 2 6 2 6 2 6 2 6 2 8 4 14 4 8 2 6 2 6 2 6 2 6 2 6 2 6 4 18 6 18 6 16 4 10 4 12 4 14 5 1 20 1 6 1 15 4 10 4 14 5 1 20
CS (152, 1160) (406, 162) - 1 5 14 4 10 4 15 1 6 1 20 1 5 14 4 12 4 10 2 4 2 8 4 16 4 8 4 16 4 8 2 4 2 10 4 12 4 14 5 1 20 1 6 1 15 4 10 4 14 5 1 20 1 5 14 4 12 4 10 2 4 2 8 4 16 4 8 4 16 4 8 2 4 2 10 4 12 4 14 6 21 1 5 16 6 19 1 6 1 17 6 18 4 6 2 8 4 16 6 20 6 16 6 20 6 16 4 8 2 6 4 18 6 17 1 6 1 19 6 16 5 1 21 6 14 4 12 4 10 2 4 2 8 4 16 4 8 4 16 4 8 2 4 2 10 4 12 4 14 5 1 20
CS (156, 1416) (406, 689) - 1 5 14 4 10 4 16 6 18 6 18 6 18 6 18 6 18 6 18 6 17 1 6 1 19 6 16 4 8 4 17 1 6 1 17 6 20 7 1 15 6 20 6 16 6 20 6 16 6 20 6 15 1 7 20 6 17 1 6 1 17 4 8 4 16 6 19 1 6 1 17 6 18 6 18 6 18 6 18 6 18 6 18 6 16 4 10 4 14 5 1 20 1 6 1 15 4 8 2 6 2 6 4 18 6 16 4 8 2 4 2 10 4 12 4 14 6 20 6 16 6 20 6 16 6 20 6 16 6 20 6 14 4 12 4 10 2 4 2 8 4 16 6 18 4 6 2 6 2 8 4 15 1 6 1 20
CS (148, 1272) (407, 521) - 1 5 12 4 14 6 20 6 16 6 19 1 6 1 15 4 10 4 12 4 12 4 13 1 7 20 6 16 6 20 7 1 13 4 12 4 12 4 10 4 15 1 6 1 19 6 16 6 20 6 14 4 12 5 1 19 6 15 1 7 20 6 16 5 1 21 6 14 5 1 19 6 16 6 20 7 1 13 4 12 4 10 2 4 2 6 2 6 2 8 4 14 4 10 4 14 6 20 6 16 4 8 4 16 6 20 6 14 4 10 4 14 4 8 2 6 2 6 2 4 2 10 4 12 4 13 1 7 20 6 16 6 19 1 5 14 6 21 1 5 16 6 20 7 1 15 6 19
CS (92, 836) (408, 453) - 1 5 16 6 20 6 14 4 12 4 12 4 14 6 20 6 16 5 1 21 6 14 4 12 4 10 2 4 2 8 4 16 6 20 6 16 6 20 6 16 5 1 21 6 14 4 12 4 12 4 12 4 12 4 12 4 12 4 12 4 12 4 12 4 12 4 14 6 21 1 5 16 6 20 6 16 6 20 6 16 4 8 2 4 2 10 4 12 4 14 6 21
CS (126, 1116) (408, 2364) - 1 5 12 4 14 5 1 20 1 5 14 5 1 19 6 18 6 16 4 10 4 12 4 14 6 20 6 17 1 6 1 17 6 20 6 14 4 12 4 10 4 16 6 18 6 19 1 5 14 5 1 20 1 5 14 4 12 5 1 19 6 16 5 1 21 6 14 4 10 4 15 1 6 1 20 1 5 14 4 12 5 1 19 6 16 6 20 6 16 4 8 4 16 4 8 4 16 6 20 6 16 6 19 1 5 12 4 14 5 1 20 1 6 1 15 4 10 4 14 6 21 1 5 16 6 19
CS (146, 1272) (408, 130) - 1 5 12 4 14 4 10 4 14 4 10 2 4 2 8 4 16 6 20 6 16 5 1 21 6 14 4 12 4 12 4 12 4 14 6 21 1 5 16 6 20 6 16 4 8 2 4 2 10 4 14 4 10 4 14 4 12 5 1 18 1 6 1 17 6 20 6 16 5 1 21 6 14 4 12 4 12 4 14 6 21 1 5 16 6 20 6 16 4 10 4 14 5 1 20 1 5 14 4 12 4 12 4 12 4 12 4 14 5 1 20 1 5 14 4 10 4 16 6 20 6 16 5 1 21 6 14 4 12 4 12 4 14 6 21 1 5 16 6 20 6 17 1 6 1 18
CS (156, 1204) (408, 49) - 1 5 12 4 12 4 10 4 14 6 18 6 17 1 6 1 17 6 16 6 18 6 16 4 6 2 8 4 12 2 2 2 8 4 15 1 6 1 18 1 5 12 4 12 4 10 4 14 6 18 6 18 6 14 4 10 4 12 4 12 5 1 18 1 6 1 15 4 8 2 2 2 12 4 8 2 6 4 16 6 18 6 16 6 17 1 6 1 17 6 18 6 14 4 10 4 12 4 12 5 1 18 1 6 1 15 4 8 2 2 2 12 4 8 2 6 4 16 6 18 6 16 6 17 1 6 1 17 6 17 1 6 1 17 6 16 6 18 6 16 4 6 2 8 4 12 2 2 2 8 4 15 1 6 1 18
CS (176, 1408) (408, 171) - 1 5 12 4 14 6 21 1 5 16 6 19 1 6 1 17 6 18 6 19 1 5 14 4 10 4 14 5 1 19 6 18 6 17 1 6 1 19 6 16 5 1 21 6 14 4 12 5 1 19 6 16 6 20 6 16 4 8 2 4 2 8 2 4 2 8 2 6 4 16 4 8 4 16 4 8 4 16 5 1 21 6 16 6 19 1 6 1 17 6 18 6 18 4 6 2 6 2 6 2 6 2 8 4 14 4 10 4 14 4 10 4 14 4 10 4 14 4 10 4 14 4 8 2 6 2 6 2 6 2 6 4 18 6 18 6 17 1 6 1 19 6 16 6 21 1 5 16 4 8 4 16 4 8 4 16 4 6 2 8 2 4 2 8 2 4 2 8 4 16 6 20 6 16 6 19
CS (190, 1568) (408, 46971) - 1 5 12 2 2 2 10 4 12 4 13 1 7 20 6 16 6 18 4 6 2 8 4 14 4 10 4 14 5 1 19 6 18 6 16 6 20 6 16 6 18 6 19 1 5 14 4 10 4 14 4 8 2 6 4 18 6 16 6 20 7 1 13 4 12 4 10 2 2 2 12 5 1 19 6 16 6 19 1 5 12 4 14 6 20 6 16 6 19 1 6 1 15 4 8 2 4 2 10 4 12 4 12 4 12 5 1 17 4 6 2 8 4 16 6 18 6 18 6 16 4 8 2 6 4 17 1 5 12 4 12 4 12 4 12 5 1 17 4 6 2 8 4 16 6 18 6 18 6 16 4 8 2 6 4 17 1 5 12 4 12 4 12 4 10 2 4 2 8 4 15 1 6 1 19 6 16 6 20 6 14 4 12 5 1 19 6 16 6 19
CS (142, 1148) (409, 32092) - 1 5 12 4 12 4 10 4 14 4 8 4 15 1 6 1 19 6 14 4 10 4 12 4 12 4 10 4 12 4 12 4 10 4 12 4 12 4 10 4 14 6 19 1 6 1 15 4 8 4 14 4 10 4 12 4 12 5 1 19 6 14 4 10 4 12 4 12 5 1 19 6 14 5 1 19 6 14 4 10 4 12 4 12 4 10 4 12 4 12 4 10 4 14 6 19 1 5 12 4 12 4 12 5 1 19 6 14 4 10 4 12 4 12 4 10 4 12 4 12 4 10 4 14 6 19 1 5 14 6 19 1 5 12 4 12 4 10 4 14 6 19
CS (144, 1036) (409, 465) - 1 5 16 5 1 21 6 16 6 20 6 16 4 8 2 6 2 6 2 4 2 10 2 2 2 10 2 4 2 6 2 6 2 8 4 16 6 20 6 16 5 1 21 6 14 4 12 4 12 4 12 2 2 2 10 4 12 4 14 4 10 4 14 4 10 2 4 2 6 2 8 4 16 6 20 6 16 4 8 2 6 2 4 2 10 4 14 4 10 4 14 4 12 4 10 2 2 2 12 4 12 4 12 4 14 6 21 1 5 16 6 20 6 16 4 8 2 6 2 6 2 4 2 10 2 2 2 10 2 4 2 6 2 6 2 8 4 16 6 20 6 16 6 21
CS (168, 1508) (409, 3511) - 1 5 12 4 14 6 21 1 5 16 6 19 1 6 1 17 6 18 6 18 6 19 1 5 14 4 10 4 14 4 10 4 14 5 1 19 6 18 6 18 6 16 4 10 4 14 6 21 1 5 16 6 18 4 6 2 8 4 16 6 18 6 19 1 6 1 16 1 6 1 19 6 17 1 6 1 18 1 6 1 17 6 19 1 6 1 16 1 6 1 19 6 18 6 16 4 8 2 6 4 18 6 16 5 1 21 6 14 4 10 4 16 6 18 6 18 6 19 1 5 14 4 10 4 14 4 10 4 14 5 1 19 6 18 6 18 6 17 1 6 1 19 6 16 5 1 21 6 14 4 12 5 1 19 6 16 6 21 1 5 16 5 1 21 6 16 6 19
CS (146, 1180) (410, 141) - 1 5 14 4 10 2 2 2 12 4 12 4 12 2 2 2 10 4 14 4 10 4 15 1 6 1 20 1 5 14 4 12 4 12 4 14 5 1 20 1 6 1 15 4 10 4 14 4 10 2 2 2 12 4 12 4 12 2 2 2 10 4 14 5 1 19 6 18 6 20 6 16 6 20 6 18 6 19 1 5 14 4 10 2 2 2 12 4 12 4 12 2 2 2 10 4 14 5 1 19 6 18 6 20 6 16 6 20 6 18 6 19 1 5 14 4 10 2 2 2 12 4 12 4 12 2 2 2 10 4 14 5 1 19 6 18 6 20 6 16 6 20 6 18 6 19
CS (152, 1212) (410, 38) - 1 5 12 4 12 4 12 4 10 2 4 2 8 2 4 2 8 4 16 6 20 6 14 4 12 4 10 2 2 2 12 4 10 2 2 2 12 4 10 4 15 1 6 1 20 1 5 14 4 10 4 16 6 18 6 18 6 18 6 18 6 18 6 18 6 18 6 16 4 10 4 14 5 1 20 1 6 1 15 4 10 4 12 2 2 2 10 4 12 2 2 2 10 4 12 4 14 6 20 6 16 4 8 2 4 2 8 2 4 2 10 4 12 4 12 4 12 5 1 17 4 8 4 16 6 19 1 6 1 17 6 18 6 18 6 18 6 18 6 18 6 17 1 6 1 19 6 16 4 8 4 17
CS (172, 1348) (410, 49) - 1 5 14 4 12 4 10 2 4 2 8 4 16 4 8 4 16 4 8 2 4 2 10 4 12 4 14 5 1 21 7 1 15 5 1 20 1 5 14 5 1 19 6 18 6 17 1 6 1 19 6 16 4 10 4 12 2 2 2 10 4 14 4 10 4 14 4 10 4 15 1 6 1 20 1 5 16 6 19 1 6 1 17 6 18 6 19 1 6 1 16 1 6 1 19 6 17 1 6 1 18 1 6 1 17 6 19 1 6 1 16 1 6 1 19 6 18 6 17 1 6 1 19 6 16 5 1 20 1 6 1 15 4 10 4 14 4 10 4 14 4 10 2 2 2 12 4 10 4 16 6 19 1 6 1 17 6 18 6 19 1 5 14 5 1 20 1 5 15 1 7 21
CS (200, 1472) (410, 4614) - 1 5 12 4 12 4 10 2 2 2 10 4 12 4 10 2 2 2 10 4 12 4 10 4 14 5 1 20 1 5 14 4 10 4 12 4 10 4 14 5 1 20 1 5 14 4 10 4 12 4 10 4 14 5 1 20 1 5 14 4 10 4 12 4 10 4 14 5 1 20 1 5 14 4 10 4 12 4 10 2 2 2 10 4 12 4 10 2 2 2 10 4 12 4 12 5 1 19 6 14 5 1 19 7 1 13 4 10 4 12 4 12 4 10 4 12 4 12 4 10 4 12 4 12 4 10 4 12 4 12 5 1 18 1 5 12 4 12 5 1 18 1 5 12 4 12 5 1 18 1 5 12 4 12 5 1 18 1 5 12 4 12 5 1 18 1 5 12 4 12 4 10 4 12 4 12 4 10 4 12 4 12 4 10 4 12 4 12 4 10 4 13 1 7 19 1 5 14 6 19
CS (88, 780) (411, 66) - 1 5 16 4 8 2 4 2 10 4 14 4 10 4 14 4 12 4 10 2 4 2 8 2 4 2 10 4 12 4 14 4 10 4 14 4 10 2 4 2 8 4 16 5 1 21 6 16 6 20 6 18 6 18 6 18 6 20 6 16 5 1 21 6 14 4 12 4 14 6 21 1 5 16 6 20 6 18 6 18 6 18 6 20 6 16 6 21
CS (96, 892) (411, 244) - 1 5 12 4 12 4 12 4 12 4 14 6 20 6 16 4 8 2 4 2 10 4 12 4 14 6 21 1 5 16 6 20 6 16 6 20 6 16 6 20 6 16 6 20 6 16 5 1 21 6 14 4 12 4 10 2 4 2 8 4 16 6 20 6 14 4 12 4 12 4 12 4 12 5 1 17 4 8 4 16 6 20 6 16 6 20 6 16 6 20 6 16 4 8 4 17
CS (124, 1120) (411, 59) - 1 5 14 5 1 20 1 5 15 1 6 1 19 6 16 6 18 6 18 6 15 1 7 20 6 14 4 10 4 14 6 19 1 6 1 16 1 6 1 19 6 14 4 10 4 14 6 20 6 14 5 1 19 6 16 6 18 6 17 1 6 1 17 6 18 6 17 1 6 1 17 6 18 6 16 6 19 1 5 14 6 20 6 14 4 10 4 14 6 19 1 6 1 16 1 6 1 19 6 14 4 10 4 14 6 20 7 1 15 6 18 6 18 6 16 6 19 1 6 1 15 5 1 20
CS (232, 1652) (411, 2123) - 1 5 12 2 2 2 8 2 2 2 12 5 1 18 1 6 1 16 1 6 1 18 1 5 14 6 19 1 5 12 4 12 4 12 5 1 19 6 14 5 1 18 1 6 1 16 1 6 1 18 1 5 14 6 19 1 5 12 4 12 4 12 5 1 19 6 14 5 1 18 1 6 1 16 1 6 1 18 1 5 12 2 2 2 8 2 2 2 12 5 1 19 6 14 5 1 18 1 6 1 16 1 6 1 18 1 5 14 6 19 1 5 12 4 12 4 12 5 1 19 6 14 5 1 18 1 6 1 16 1 6 1 18 1 5 14 6 19 1 5 12 2 2 2 8 2 2 2 12 5 1 19 6 14 5 1 19 7 1 13 4 10 4 13 1 7 19 1 5 14 6 19 1 5 12 2 2 2 8 2 2 2 12 5 1 19 6 14 5 1 18 1 6 1 16 1 6 1 18 1 5 14 6 19 1 5 12 4 12 4 12 5 1 19 6 14 5 1 18 1 6 1 16 1 6 1 18 1 5 14 6 19
CS (118, 1044) (412, 1) - 1 5 16 6 20 6 18 6 18 4 6 2 8 2 4 2 8 2 6 4 18 6 18 6 20 6 16 6 21 1 5 16 6 20 6 18 6 18 4 6 2 8 2 4 2 10 4 12 4 14 4 10 4 16 6 20 6 16 4 10 4 14 4 12 4 10 2 4 2 8 2 6 4 18 6 18 6 20 6 16 5 1 21 6 16 6 20 6 18 6 18 4 6 2 8 2 4 2 8 2 6 4 18 6 18 6 20 6 16 5 1 21 6 14 4 14 6 21
CS (168, 1536) (412, 1274) - 1 5 14 4 8 2 6 4 16 6 18 6 16 6 19 1 5 14 5 1 19 6 16 6 18 6 16 6 19 1 5 14 5 1 19 6 16 6 18 6 16 4 6 2 8 4 14 5 1 19 6 16 6 18 6 17 1 6 1 17 6 16 6 19 1 5 14 5 1 20 1 5 16 6 17 1 6 1 17 6 18 6 15 1 7 20 6 14 4 10 4 12 4 12 4 10 4 14 6 20 6 14 5 1 19 6 16 6 18 6 16 6 19 1 5 14 6 20 6 14 4 10 4 12 4 12 4 10 4 14 6 20 7 1 15 6 18 6 17 1 6 1 17 6 16 5 1 20 1 5 14 5 1 19 6 16 6 17 1 6 1 17 6 18 6 16 6 19
CS (100, 892) (413, 1309) - 1 5 12 4 12 4 12 4 14 6 20 6 16 4 8 2 4 2 10 4 12 4 12 4 14 6 21 1 5 16 6 20 6 16 6 20 6 16 6 20 6 16 6 20 6 16 6 20 6 16 5 1 21 6 14 4 12 4 12 4 10 2 4 2 8 4 16 6 20 6 14 4 12 4 12 4 12 5 1 17 4 8 4 16 4 8 4 16 4 8 4 16 4 8 4 16 4 8 4 17
CS (116, 964) (414, 2) - 1 5 12 4 12 4 14 6 20 6 14 4 12 4 12 4 10 4 16 6 18 6 19 1 5 14 4 10 4 14 5 1 20 1 5 14 4 10 4 14 4 10 4 14 5 1 20 1 5 14 4 10 4 14 5 1 19 6 18 6 16 4 10 4 12 4 12 4 14 6 20 6 14 4 12 4 12 5 1 18 1 6 1 17 4 6 2 8 4 16 6 18 6 18 4 6 2 6 2 6 4 18 6 18 6 16 4 8 2 6 4 17 1 6 1 18
CS (126, 1084) (414, 125) - 1 5 14 4 10 4 16 6 18 4 6 2 8 4 16 6 20 6 16 5 1 21 6 14 4 12 4 12 4 12 4 12 4 14 6 21 1 5 16 6 20 6 16 4 8 2 6 4 18 6 16 4 10 4 14 5 1 19 6 18 6 19 1 5 14 4 10 4 16 6 19 1 5 14 5 1 20 1 5 14 4 12 4 10 2 4 2 8 4 16 6 20 6 16 4 8 2 4 2 10 4 12 4 14 5 1 20 1 5 14 5 1 19 6 16 4 10 4 14 5 1 19 6 18 6 19
CS (132, 1028) (414, 65006) - 1 5 12 2 2 2 8 4 16 6 16 6 19 1 5 14 5 1 19 6 15 1 6 1 19 6 14 4 8 2 6 4 16 6 17 1 6 1 17 6 16 4 6 2 8 4 14 6 19 1 6 1 15 6 19 1 5 14 5 1 19 6 16 6 16 4 8 2 2 2 12 5 1 18 1 6 1 16 1 6 1 17 6 18 6 14 4 10 4 12 4 12 4 10 4 12 4 12 4 10 4 12 4 12 4 10 4 12 4 12 4 10 4 12 4 12 4 10 4 14 6 18 6 17 1 6 1 16 1 6 1 18
CS (136, 1128) (414, 292) - 1 5 14 4 8 2 6 2 6 2 4 2 10 4 12 4 14 6 19 1 6 1 16 1 6 1 18 1 6 1 16 1 6 1 19 6 14 4 12 4 10 2 4 2 6 2 6 2 8 4 14 5 1 19 6 17 1 6 1 17 6 18 6 18 6 18 6 16 4 8 4 16 4 8 4 16 6 18 6 19 1 5 14 4 10 4 14 4 10 4 14 6 20 6 16 6 20 6 14 4 10 4 14 4 10 4 14 5 1 19 6 18 6 16 4 8 4 16 4 8 4 16 6 18 6 18 6 18 6 17 1 6 1 17 6 19
CS (144, 1184) (414, 55) - 1 5 12 4 12 4 12 4 12 4 12 4 12 4 12 5 1 17 6 19 1 6 1 15 4 8 2 4 2 10 4 12 2 2 2 10 4 12 4 12 4 14 6 20 6 16 5 1 21 6 14 4 10 4 14 4 12 5 1 19 6 16 5 1 20 1 5 14 5 1 19 6 16 6 20 6 16 4 8 4 16 4 8 4 16 6 20 6 16 6 19 1 5 14 5 1 20 1 5 16 6 19 1 5 12 4 14 4 10 4 14 6 21 1 5 16 6 20 6 14 4 12 4 12 4 10 2 2 2 12 4 10 2 4 2 8 4 15 1 6 1 19 6 17
CS (176, 1368) (414, 640) - 1 5 12 4 14 6 21 1 5 16 6 19 1 6 1 17 6 18 6 18 6 18 6 18 6 18 6 18 6 18 6 18 6 16 4 10 4 14 5 1 20 1 6 1 15 4 8 2 6 4 18 6 16 4 8 2 4 2 10 4 12 4 12 2 2 2 8 2 6 4 16 4 8 2 4 2 8 2 4 2 8 2 4 2 10 4 10 2 4 2 8 2 4 2 8 2 4 2 8 4 16 4 6 2 8 2 2 2 12 4 12 4 10 2 4 2 8 4 16 6 18 4 6 2 8 4 15 1 6 1 20 1 5 14 4 10 4 16 6 18 6 18 6 18 6 18 6 18 6 18 6 18 6 18 6 17 1 6 1 19 6 16 5 1 21 6 14 4 12 5 1 18 1 6 1 18
CS (204, 1468) (414, 50) - 1 5 12 4 12 4 10 2 2 2 10 4 12 4 10 2 2 2 10 4 12 4 10 2 2 2 10 4 12 4 10 2 2 2 10 4 12 4 10 2 2 2 10 4 12 4 12 5 1 19 6 14 4 8 2 4 2 8 2 4 2 8 4 14 6 19 1 5 12 4 12 4 12 5 1 19 6 14 5 1 19 7 1 13 4 10 4 12 4 12 4 10 4 13 1 7 19 1 5 14 6 19 1 5 12 4 12 4 12 5 1 19 6 14 5 1 18 1 6 1 16 1 6 1 17 4 6 4 17 1 6 1 16 1 6 1 18 1 5 14 6 19 1 5 12 4 12 4 12 5 1 19 6 14 5 1 19 7 1 13 4 10 4 12 4 12 4 10 4 13 1 7 19 1 5 14 6 19 1 5 12 4 12 4 12 5 1 19 6 14 4 8 2 4 2 8 2 4 2 8 4 14 6 19
CS (116, 836) (415, 33) - 1 5 14 4 10 4 15 1 6 1 19 6 18 6 16 4 8 2 6 4 18 6 16 5 1 21 7 1 15 5 1 21 6 14 4 10 4 14 4 10 2 4 2 6 2 6 2 6 2 6 2 6 2 6 2 8 4 14 4 8 2 6 2 6 2 6 2 6 2 6 2 6 2 4 2 10 4 14 4 10 4 14 6 21 1 5 15 1 7 21 1 5 16 6 18 4 6 2 8 4 16 6 18 6 19 1 6 1 15 4 10 4 14 5 1 20
CS (116, 884) (415, 68) - 1 5 12 2 2 2 8 2 4 2 8 4 14 4 8 4 16 6 17 1 6 1 17 6 16 6 19 1 5 14 5 1 19 6 16 6 17 1 6 1 17 6 16 4 8 4 14 4 8 2 4 2 8 2 2 2 12 5 1 19 6 15 1 6 1 19 6 14 4 8 2 6 4 16 6 17 1 6 1 17 6 16 5 1 20 1 5 14 5 1 20 1 5 16 6 17 1 6 1 17 6 16 4 6 2 8 4 14 6 19 1 6 1 15 6 19
CS (120, 916) (415, 133) - 1 5 12 4 14 4 10 4 16 6 18 4 8 4 16 4 8 4 18 6 16 4 10 4 14 4 12 5 1 19 6 16 4 8 2 6 2 6 2 6 2 6 2 8 4 14 4 12 4 12 4 12 4 12 4 14 5 1 20 1 6 1 15 5 1 20 1 5 14 4 10 4 16 6 20 6 16 4 10 4 14 5 1 20 1 5 15 1 6 1 20 1 5 14 4 12 4 12 4 12 4 12 4 14 4 8 2 6 2 6 2 6 2 6 2 8 4 16 6 19
CS (128, 820) (415, 139) - 1 5 12 2 2 2 10 4 12 2 2 2 8 2 4 2 8 2 4 2 8 2 2 2 12 4 10 2 4 2 6 2 6 2 6 2 6 2 6 2 6 2 4 2 10 4 12 2 2 2 8 2 4 2 8 2 4 2 8 2 2 2 12 4 10 2 2 2 12 5 1 19 6 16 6 19 1 6 1 15 4 10 4 12 4 14 6 20 6 14 4 12 5 1 18 1 6 1 17 6 17 1 6 1 18 1 5 12 4 14 6 20 6 14 4 12 4 10 4 15 1 6 1 19 6 16 6 19
CS (100, 700) (416, 210) - 1 5 12 4 14 4 8 2 6 2 6 2 6 2 4 2 10 4 14 4 10 4 14 4 10 4 14 4 10 4 14 4 10 4 14 4 10 2 4 2 6 2 6 2 6 2 8 4 14 4 12 5 1 19 6 16 4 8 2 6 4 18 6 16 4 10 4 12 2 2 2 10 4 14 5 1 20 1 5 14 4 10 2 2 2 12 4 10 4 16 6 18 4 6 2 8 4 16 6 19
CS (120, 804) (416, 77) - 1 5 14 5 1 19 6 18 6 18 6 17 1 6 1 19 6 16 4 8 4 18 6 16 5 1 20 1 6 1 15 4 10 4 14 4 8 2 6 2 6 2 6 2 6 2 6 2 6 2 6 2 6 2 4 2 10 2 2 2 10 2 2 2 10 2 2 2 10 2 4 2 6 2 6 2 6 2 6 2 6 2 6 2 6 2 6 2 8 4 14 4 10 4 15 1 6 1 20 1 5 16 6 18 4 8 4 16 6 19 1 6 1 17 6 18 6 18 6 19
CS (148, 1180) (416, 82) - 1 5 12 4 12 4 12 4 12 4 12 4 12 4 12 4 12 5 1 17 4 8 4 16 6 20 6 16 6 18 4 6 2 8 4 16 6 19 1 5 14 5 1 20 1 6 1 15 5 1 20 1 5 14 5 1 20 1 5 14 4 12 5 1 19 6 16 4 8 2 4 2 10 4 12 4 12 4 12 4 12 4 12 4 12 4 12 4 12 4 12 4 12 4 10 2 4 2 8 4 16 6 19 1 5 12 4 14 5 1 20 1 5 14 5 1 20 1 5 15 1 6 1 20 1 5 14 5 1 19 6 16 4 8 2 6 4 18 6 16 6 20 6 16 4 8 4 17
CS (154, 1284) (416, 226) - 1 5 12 4 12 4 12 4 12 5 1 17 4 8 4 16 6 19 1 6 1 17 6 18 6 18 6 18 6 18 6 18 6 18 6 16 4 10 4 14 5 1 20 1 5 14 5 1 19 6 18 6 16 4 8 2 6 2 4 2 10 4 12 4 14 6 20 6 16 4 8 2 4 2 8 2 4 2 10 4 12 4 12 4 12 4 10 2 4 2 8 2 4 2 8 4 16 6 20 6 14 4 12 4 10 2 4 2 6 2 8 4 16 6 18 6 19 1 5 14 5 1 20 1 5 14 4 10 4 16 6 18 6 18 6 18 6 18 6 18 6 18 6 17 1 6 1 19 6 16 4 8 4 17
CS (156, 1196) (416, 433) - 1 5 12 4 14 4 8 2 6 2 4 2 10 4 14 4 8 2 6 2 6 4 18 6 18 6 16 4 10 4 14 5 1 20 1 5 14 4 10 4 16 6 18 6 18 4 6 2 6 2 8 4 14 4 10 2 4 2 6 2 8 4 14 4 12 5 1 19 6 16 4 8 2 6 2 4 2 10 4 12 2 2 2 10 4 12 4 14 5 1 20 1 6 1 15 4 10 4 14 5 1 19 6 18 6 18 6 18 6 18 6 18 6 18 6 18 6 18 6 18 6 19 1 5 14 4 10 4 15 1 6 1 20 1 5 14 4 12 4 10 2 2 2 12 4 10 2 4 2 6 2 8 4 16 6 19
CS (208, 1432) (416, 36) - 1 5 12 4 12 4 10 2 2 2 10 4 12 4 10 2 2 2 10 4 12 4 10 2 2 2 10 4 12 4 12 5 1 19 6 14 4 8 2 4 2 8 2 4 2 8 4 14 6 19 1 5 12 4 12 4 12 5 1 19 6 14 4 8 2 4 2 8 2 4 2 8 4 14 6 19 1 5 12 4 12 4 10 2 2 2 10 4 12 4 10 2 2 2 10 4 12 4 10 2 2 2 10 4 12 4 12 5 1 19 6 14 4 8 2 4 2 8 2 4 2 8 4 14 6 19 1 5 12 4 12 4 12 5 1 19 6 14 5 1 18 1 6 1 16 1 6 1 18 1 5 14 6 19 1 5 12 4 12 4 12 5 1 19 6 14 5 1 18 1 6 1 16 1 6 1 18 1 5 14 6 19 1 5 12 4 12 4 12 5 1 19 6 14 4 8 2 4 2 8 2 4 2 8 4 14 6 19
CS (116, 1068) (417, 93) - 1 5 12 4 12 4 12 4 14 6 20 6 16 6 20 6 16 6 19 1 6 1 17 6 19 1 5 14 5 1 20 1 5 14 4 10 4 16 6 18 6 18 6 18 6 18 6 18 6 18 6 16 4 10 4 14 5 1 20 1 5 14 5 1 19 6 17 1 6 1 19 6 16 6 20 6 16 6 20 6 14 4 12 4 12 4 12 5 1 18 1 6 1 17 6 19 1 6 1 17 6 18 6 18 6 17 1 6 1 19 6 17 1 6 1 18
CS (116, 932) (418, 62898) - 1 5 14 4 10 4 14 4 8 2 6 4 17 1 6 1 17 6 18 6 17 1 6 1 17 6 19 1 5 14 5 1 19 6 17 1 6 1 17 6 18 6 17 1 6 1 17 4 6 2 8 4 14 4 10 4 14 5 1 19 6 17 1 6 1 17 6 19 1 5 14 5 1 19 6 16 6 20 6 14 4 10 2 2 2 10 2 2 2 10 2 2 2 10 4 14 6 20 6 16 6 19 1 5 14 5 1 19 6 17 1 6 1 17 6 19
CS (136, 1036) (418, 486) - 1 5 14 4 10 4 14 4 10 4 14 4 10 4 14 4 10 4 14 4 10 4 14 5 1 20 1 5 14 4 10 4 14 4 10 4 14 4 10 4 14 4 10 4 14 4 10 4 14 5 1 20 1 5 14 4 10 4 15 1 6 1 20 1 5 14 4 12 4 10 4 16 6 18 6 18 4 6 2 6 2 6 2 6 2 8 4 14 4 10 4 14 4 10 4 14 4 10 4 14 4 8 2 6 2 6 2 6 2 6 4 18 6 18 6 16 4 10 4 12 4 14 5 1 20 1 6 1 15 4 10 4 14 5 1 20
CS (144, 1036) (418, 45) - 1 5 14 4 10 4 14 4 10 2 2 2 10 2 4 2 6 2 6 2 6 2 6 2 6 2 6 2 6 2 6 2 6 2 4 2 10 2 2 2 10 4 14 4 10 4 14 5 1 20 1 6 1 15 4 8 2 6 4 18 6 16 4 8 2 4 2 10 4 12 4 12 4 14 6 20 6 16 5 1 21 6 14 4 12 4 10 4 16 6 19 1 5 14 5 1 20 1 5 14 5 1 19 6 16 4 10 4 12 4 14 6 21 1 5 16 6 20 6 14 4 12 4 12 4 10 2 4 2 8 4 16 6 18 4 6 2 8 4 15 1 6 1 20
CS (144, 1248) (418, 5) - 1 5 12 4 12 4 14 6 20 6 16 5 1 21 7 1 15 6 20 6 16 6 20 6 16 5 1 21 6 14 4 12 4 10 2 4 2 6 2 8 4 16 6 18 4 6 2 8 4 14 4 12 5 1 19 6 16 5 1 21 7 1 15 6 21 1 5 16 4 8 4 16 4 8 4 16 5 1 21 6 15 1 7 21 1 5 16 6 19 1 5 12 4 14 4 8 2 6 4 18 6 16 4 8 2 6 2 4 2 10 4 12 4 14 6 21 1 5 16 6 20 6 16 6 20 6 15 1 7 21 1 5 16 6 20 6 14 4 12 4 12 5 1 18
CS (152, 1112) (418, 171) - 1 5 12 4 12 4 14 6 20 6 16 4 8 2 4 2 8 2 4 2 8 2 4 2 8 2 4 2 8 2 4 2 8 2 4 2 8 4 16 6 20 6 14 4 12 4 12 5 1 18 1 6 1 18 1 5 12 4 14 6 21 1 5 16 6 20 6 14 4 12 4 10 2 4 2 6 2 8 4 16 6 18 4 6 2 6 2 8 4 14 4 12 5 1 19 6 17 1 6 1 18 1 6 1 17 6 19 1 5 12 4 14 4 8 2 6 2 6 4 18 6 16 4 8 2 6 2 4 2 10 4 12 4 14 6 20 6 16 5 1 21 6 14 4 12 5 1 18 1 6 1 18
CS (176, 1420) (418, 183) - 1 5 12 2 2 2 10 4 14 5 1 20 1 5 14 4 10 4 14 4 10 4 14 4 10 4 14 4 10 4 14 4 10 4 14 4 10 4 14 5 1 20 1 5 14 4 10 2 2 2 12 5 1 19 6 16 4 10 4 12 4 14 6 20 6 17 1 6 1 17 4 8 4 16 6 20 6 14 4 12 4 12 4 10 2 2 2 12 4 12 5 1 18 1 6 1 17 4 6 2 8 4 16 6 19 1 6 1 17 6 18 6 18 6 18 6 18 6 18 6 17 1 6 1 19 6 16 4 8 2 6 4 17 1 6 1 18 1 5 12 4 12 2 2 2 10 4 12 4 12 4 14 6 20 6 16 4 8 4 17 1 6 1 17 6 20 6 14 4 12 4 10 4 16 6 19
CS (206, 1604) (418, 2066) - 1 5 12 4 12 4 12 4 12 4 12 4 12 4 12 4 12 4 12 4 12 4 12 4 12 4 12 4 12 5 1 17 4 8 4 16 4 8 4 16 6 20 6 14 4 12 4 12 4 10 2 4 2 8 4 16 6 19 1 5 12 4 14 5 1 20 1 5 14 5 1 20 1 5 15 1 6 1 20 1 6 1 15 5 1 20 1 5 14 5 1 20 1 5 14 4 12 5 1 19 6 16 5 1 20 1 6 1 16 1 6 1 19 6 17 1 6 1 18 1 6 1 17 6 19 1 6 1 16 1 6 1 20 1 5 16 6 19 1 5 12 4 14 5 1 20 1 5 14 5 1 20 1 5 15 1 6 1 20 1 6 1 15 5 1 20 1 5 14 5 1 20 1 5 14 4 12 5 1 19 6 16 4 8 2 4 2 10 4 12 4 12 4 14 6 20 6 16 4 8 4 16 4 8 4 17
CS (110, 936) (420, 8) - 1 5 12 4 14 6 20 6 16 6 19 1 5 14 5 1 20 1 5 15 1 6 1 20 1 5 16 6 19 1 5 14 5 1 19 6 17 1 6 1 17 6 19 1 5 14 5 1 19 6 16 5 1 20 1 6 1 15 5 1 20 1 5 14 5 1 19 6 16 6 20 6 14 4 12 5 1 18 1 6 1 17 6 18 6 16 4 10 4 12 4 12 4 12 4 12 4 12 4 10 4 16 6 18 6 17 1 6 1 18
CS (124, 964) (420, 53710) - 1 5 12 2 2 2 10 4 12 4 12 4 12 4 12 4 10 2 4 2 6 2 8 4 14 4 10 4 14 6 21 1 5 16 6 20 6 14 4 10 4 14 4 10 4 14 5 1 20 1 5 15 1 6 1 19 6 16 4 8 4 16 6 19 1 6 1 15 5 1 20 1 5 14 4 10 4 14 4 10 4 14 6 20 6 16 5 1 21 6 14 4 10 4 14 4 8 2 6 2 4 2 10 4 12 4 12 4 12 4 12 4 10 2 2 2 12 5 1 19 6 16 6 19
CS (172, 1336) (420, 54) - 1 5 12 2 2 2 10 2 2 2 10 2 4 2 6 2 8 4 16 6 20 6 16 5 1 21 7 1 15 6 21 1 5 16 5 1 21 6 15 1 7 21 1 5 16 6 20 6 16 4 8 2 6 2 4 2 10 2 2 2 10 2 2 2 12 5 1 19 6 16 4 10 4 14 4 10 4 16 6 19 1 6 1 16 1 6 1 19 6 17 1 6 1 19 6 16 5 1 20 1 6 1 15 4 10 4 14 4 10 4 15 1 6 1 20 1 5 16 6 20 6 16 5 1 20 1 6 1 15 4 10 4 14 4 10 4 15 1 6 1 20 1 5 16 6 19 1 6 1 17 6 19 1 6 1 16 1 6 1 19 6 16 4 10 4 14 4 10 4 16 6 19
CS (88, 640) (422, 70) - 1 5 12 2 2 2 10 4 14 5 1 20 1 5 14 4 10 2 2 2 12 5 1 19 6 16 4 8 2 4 2 10 4 12 4 14 5 1 21 7 1 15 5 1 20 1 6 1 15 4 10 4 14 5 1 20 1 5 14 4 10 4 15 1 6 1 20 1 5 15 1 7 21 1 5 14 4 12 4 10 2 4 2 8 4 16 6 19
CS (94, 768) (422, 95) - 1 5 12 4 12 4 12 4 14 5 1 20 1 6 1 15 4 10 4 14 5 1 19 6 18 6 18 6 19 1 5 14 4 10 4 14 4 12 5 1 18 1 6 1 18 1 5 12 4 14 4 10 4 14 5 1 19 6 18 6 18 6 19 1 5 14 4 10 4 15 1 6 1 20 1 5 14 4 12 4 12 4 12 5 1 17 4 8 4 16 4 8 4 17
CS (116, 916) (422, 5101) - 1 5 12 4 12 4 10 4 12 4 12 4 10 4 12 4 12 4 10 4 13 1 7 19 1 5 14 6 19 1 5 12 4 12 4 12 5 1 19 7 1 13 4 10 4 14 6 18 6 16 4 8 4 14 4 8 2 4 2 8 4 14 4 8 4 16 6 18 6 14 4 10 4 13 1 7 19 1 5 12 4 12 4 12 5 1 19 6 14 5 1 19 7 1 13 4 10 4 12 4 12 4 10 4 12 4 12 4 10 4 12 4 12 5 1 18
CS (124, 884) (422, 189) - 1 5 12 4 12 4 12 4 12 4 12 4 12 4 12 4 12 4 12 4 10 2 4 2 8 4 16 6 19 1 5 12 4 14 4 8 2 6 4 18 6 16 4 8 2 4 2 10 4 12 4 12 4 12 4 12 2 2 2 8 2 4 2 8 2 2 2 12 4 12 4 12 4 12 4 10 2 4 2 8 4 16 6 18 4 6 2 8 4 14 4 12 5 1 19 6 16 4 8 2 4 2 10 4 12 4 12 4 12 4 12 4 12 4 12 4 12 4 12 4 12 5 1 18
CS (132, 1024) (422, 273) - 1 5 12 2 2 2 10 4 14 6 20 6 16 6 19 1 6 1 15 4 8 2 4 2 8 2 6 4 16 6 20 7 1 15 6 19 1 6 1 15 4 10 4 12 4 12 4 12 4 12 4 12 5 1 18 1 5 12 4 12 4 12 4 12 4 12 5 1 18 1 5 12 4 12 4 12 4 12 4 12 4 10 4 15 1 6 1 19 6 15 1 7 20 6 16 4 6 2 8 2 4 2 8 4 15 1 6 1 19 6 16 6 20 6 14 4 10 2 2 2 12 5 1 19 6 16 4 8 4 16 6 19
CS (144, 1004) (422, 93) - 1 5 10 2 4 2 6 2 6 2 6 2 4 2 8 2 4 2 6 2 6 2 6 4 16 4 6 2 6 2 6 4 16 6 18 6 16 6 18 6 16 6 18 6 16 6 18 6 16 4 6 2 6 2 6 4 16 4 6 2 6 2 6 2 4 2 8 2 4 2 6 2 6 2 6 2 4 2 10 5 1 17 6 18 6 14 4 10 4 12 4 12 4 10 4 12 4 12 4 10 4 12 4 12 4 10 4 12 4 12 5 1 18 1 5 12 4 12 4 10 4 12 4 12 4 10 4 12 4 12 4 10 4 12 4 12 4 10 4 14 6 18 6 17
CS (156, 1456) (422, 25) - 1 5 14 4 10 4 16 6 20 6 16 4 8 2 6 4 18 6 18 6 19 1 5 14 4 10 4 16 6 20 6 16 6 20 6 18 6 18 6 18 6 20 6 14 4 12 4 14 6 21 1 5 16 6 20 6 17 1 6 1 17 4 8 4 17 1 6 1 17 6 20 6 16 5 1 21 6 14 4 12 4 14 6 20 6 18 6 18 6 18 6 20 6 16 6 20 6 16 4 10 4 14 5 1 19 6 18 6 18 4 6 2 8 4 16 6 20 6 16 4 10 4 14 5 1 20 1 5 15 1 7 21 1 5 14 4 12 4 10 2 4 2 10 4 12 4 14 5 1 21 7 1 15 5 1 20
OSO (35, 233) (423, 2) - 1 5 14 4 12 4 10 2 2 2 12 4 10 2 2 2 12 4 10 4 16 6 18 4 6 2 6 2 8 4 15 1 6 1 20
OSO (45, 349) (423, 52) - 1 5 14 4 10 2 4 2 8 4 17 1 6 1 17 6 20 6 16 4 10 4 14 4 10 4 15 1 6 1 20 1 5 14 4 12 4 12 4 12 4 14 5 1 20
OSO (37, 271) (424, 24) - 1 5 12 2 2 2 10 4 14 5 1 20 1 5 14 4 10 4 15 1 6 1 19 6 17 1 6 1 17 4 6 2 8 4 16 6 19
CS (112, 876) (424, 59) - 1 5 12 4 12 4 12 4 14 6 20 6 16 6 19 1 6 1 17 6 19 1 5 14 5 1 20 1 5 14 4 10 4 14 4 10 2 2 2 10 2 2 2 10 2 2 2 10 2 2 2 10 4 14 4 10 4 14 5 1 20 1 5 14 5 1 19 6 17 1 6 1 19 6 16 6 20 6 14 4 12 4 12 4 12 5 1 18 1 6 1 17 6 19 1 6 1 17 6 18 6 17 1 6 1 19 6 17 1 6 1 18
CS (116, 924) (424, 3) - 1 5 12 4 12 4 12 4 12 4 12 4 10 2 2 2 12 4 10 4 14 4 10 4 14 6 21 1 5 16 6 20 6 14 4 10 4 15 1 6 1 19 6 14 4 12 4 12 5 1 18 1 5 12 4 12 4 12 4 12 4 12 5 1 18 1 5 12 4 12 4 14 6 19 1 6 1 15 4 10 4 14 6 20 6 16 5 1 21 6 14 4 10 4 14 4 10 4 12 2 2 2 10 4 12 4 12 4 12 4 12 4 12 5 1 18
CS (140, 820) (424, 4047) - 1 5 10 2 4 2 6 2 6 2 6 2 4 2 8 2 4 2 6 2 6 2 6 2 4 2 8 2 4 2 6 2 6 2 6 4 16 4 6 2 6 2 6 4 17 1 5 12 4 12 5 1 17 4 6 2 6 2 6 4 16 4 6 2 6 2 6 2 4 2 8 2 4 2 6 2 6 2 6 2 4 2 8 2 4 2 6 2 6 2 6 2 4 2 10 5 1 17 6 18 6 14 4 10 4 12 4 12 4 10 4 12 4 12 4 10 4 12 4 12 4 10 4 12 4 12 4 10 4 12 4 12 4 10 4 14 6 18 6 17
CS (160, 1352) (424, 11) - 1 5 12 4 12 4 12 4 12 4 14 6 20 6 16 4 8 4 17 1 6 1 17 4 6 2 8 2 4 2 8 4 16 6 20 6 14 4 12 4 12 4 12 5 1 17 4 8 4 16 4 8 4 16 4 8 4 16 4 8 4 16 4 8 4 16 4 8 4 17 1 5 12 4 12 4 12 4 14 6 20 6 16 4 8 2 4 2 8 2 6 4 17 1 6 1 17 4 8 4 16 6 20 6 14 4 12 4 12 4 12 4 12 5 1 17 4 8 4 16 4 8 4 16 4 8 4 16 6 20 6 16 6 20 6 16 6 20 6 16 6 20 6 16 6 20 6 16 4 8 4 16 4 8 4 16 4 8 4 17
CS (148, 1440) (425, 140) - 1 5 16 6 20 6 14 4 12 4 10 4 16 6 18 6 18 6 18 6 18 6 17 1 6 1 19 6 16 6 20 6 16 6 20 7 1 15 6 20 6 14 4 12 4 12 4 10 2 2 2 12 4 10 4 16 6 18 6 18 6 18 6 18 6 16 4 10 4 12 2 2 2 10 4 12 4 12 4 14 6 20 6 15 1 7 20 6 16 6 20 6 16 6 19 1 6 1 17 6 18 6 18 6 18 6 18 6 16 4 10 4 12 4 14 6 20 6 16 5 1 21 6 14 4 12 4 10 4 16 6 18 6 18 6 18 6 18 6 16 4 10 4 12 4 14 6 21
CS (152, 1156) (425, 114) - 1 5 12 4 12 4 12 4 12 4 10 2 4 2 6 2 8 4 14 4 10 4 14 5 1 19 6 18 6 16 6 20 6 16 6 18 4 6 2 6 2 6 2 6 2 6 2 6 2 6 4 18 6 16 5 1 20 1 5 14 5 1 19 6 16 4 8 2 4 2 8 4 16 6 19 1 5 14 5 1 20 1 5 16 6 18 4 6 2 6 2 6 2 6 2 6 2 6 2 6 4 18 6 16 6 20 6 16 6 18 6 19 1 5 14 4 10 4 14 4 8 2 6 2 4 2 10 4 12 4 12 4 12 4 12 5 1 18 1 5 12 4 14 6 20 6 14 4 12 5 1 18
CS (204, 1752) (425, 225) - 1 5 12 2 2 2 12 5 1 19 6 17 1 6 1 19 6 16 5 1 20 1 5 14 4 10 4 16 6 20 6 16 5 1 21 6 14 4 12 4 12 4 14 6 21 1 5 16 6 20 6 17 1 6 1 18 1 5 12 4 14 4 10 4 15 1 6 1 19 6 18 6 18 6 19 1 5 14 5 1 19 6 18 6 18 6 19 1 6 1 15 4 10 4 14 4 12 5 1 18 1 6 1 17 6 20 6 16 5 1 21 6 14 4 12 4 12 4 14 6 21 1 5 16 6 20 6 16 4 10 4 14 5 1 20 1 5 16 6 19 1 6 1 17 6 19 1 5 12 2 2 2 12 5 1 19 6 18 6 18 6 19 1 5 14 4 10 4 15 1 6 1 20 1 5 15 1 6 1 20 1 6 1 15 5 1 20 1 6 1 15 4 10 4 14 5 1 19 6 18 6 18 6 19
CS (116, 832) (426, 52701) - 1 5 12 2 2 2 10 4 14 6 20 6 16 6 19 1 6 1 15 4 8 2 4 2 10 4 12 4 12 5 1 17 4 6 2 8 4 14 4 10 4 14 4 10 4 12 2 2 2 8 2 6 4 16 4 6 2 8 2 2 2 12 4 10 4 14 4 10 4 14 4 8 2 6 4 17 1 5 12 4 12 4 10 2 4 2 8 4 15 1 6 1 19 6 16 6 20 6 14 4 10 2 2 2 12 5 1 19 6 16 4 8 4 16 6 19
CS (128, 876) (426, 381) - 1 5 12 2 2 2 10 2 2 2 10 2 2 2 10 2 2 2 10 2 2 2 10 2 2 2 10 2 2 2 10 2 2 2 10 2 2 2 10 2 2 2 12 5 1 20 1 5 15 1 7 21 1 5 14 4 12 4 10 4 16 6 19 1 5 12 4 14 4 8 2 6 2 6 4 18 6 18 6 16 4 10 4 14 5 1 20 1 5 14 4 10 4 16 6 18 6 18 4 6 2 6 2 8 4 14 4 12 5 1 19 6 16 4 10 4 12 4 14 5 1 21 7 1 15 5 1 20
CS (128, 1008) (426, 16) - 1 5 12 4 13 1 7 20 6 14 6 20 6 14 6 20 6 14 6 20 6 14 6 20 7 1 13 4 12 5 1 19 6 14 5 1 18 1 6 1 16 1 6 1 17 6 16 4 8 4 14 4 8 2 4 2 8 2 2 2 12 6 20 6 14 5 1 19 6 15 1 6 1 18 1 6 1 15 4 8 4 15 1 6 1 18 1 6 1 15 6 19 1 5 14 6 20 6 12 2 2 2 8 2 4 2 8 4 14 4 8 4 16 6 17 1 6 1 16 1 6 1 18 1 5 14 6 19
CS (142, 1084) (426, 338) - 1 5 12 2 2 2 10 4 12 4 12 4 12 4 12 4 10 2 2 2 12 5 1 18 1 6 1 17 6 18 6 18 6 16 5 1 20 1 5 14 4 10 4 14 4 8 2 6 2 4 2 10 4 12 4 12 4 12 4 12 5 1 17 4 8 4 16 6 18 6 18 6 18 6 16 4 8 2 4 2 8 2 4 2 8 2 4 2 8 4 16 6 18 6 18 6 18 6 16 4 8 4 17 1 5 12 4 12 4 12 4 12 4 10 2 4 2 6 2 8 4 14 4 10 4 14 5 1 20 1 5 16 6 18 6 18 6 17 1 6 1 18
CS (180, 1288) (428, 134) - 1 5 12 2 2 2 10 2 2 2 10 2 2 2 10 2 2 2 10 2 2 2 10 2 2 2 12 5 1 20 1 5 15 1 6 1 20 1 6 1 15 4 8 2 6 4 18 6 16 4 10 4 12 2 2 2 10 4 14 6 21 1 5 15 1 7 21 1 5 16 6 18 4 6 2 8 2 2 2 12 4 12 4 10 2 4 2 8 4 16 6 19 1 6 1 17 6 18 6 18 6 19 1 5 14 5 1 19 6 18 6 18 6 17 1 6 1 19 6 16 4 8 2 4 2 10 4 12 4 12 2 2 2 8 2 6 4 18 6 16 5 1 21 7 1 15 5 1 21 6 14 4 10 2 2 2 12 4 10 4 16 6 18 4 6 2 8 4 15 1 6 1 20 1 6 1 15 5 1 20
CS (216, 1752) (428, 557) - 1 5 12 4 10 4 14 4 8 4 16 6 16 4 8 4 15 1 6 1 18 1 5 12 4 12 4 10 4 14 6 19 1 5 14 6 20 7 1 15 6 18 6 16 6 19 1 5 14 4 8 2 6 4 16 6 16 4 6 2 8 4 14 4 8 4 16 6 16 4 8 4 15 1 6 1 18 1 5 12 4 12 4 10 4 14 6 18 6 17 1 6 1 17 6 16 6 18 6 16 4 6 2 6 2 6 2 6 4 16 6 18 6 16 6 17 1 6 1 17 6 18 6 14 4 10 4 12 4 12 5 1 18 1 6 1 15 4 8 4 16 6 16 4 8 4 14 4 8 2 6 4 16 6 16 4 6 2 8 4 14 5 1 19 6 16 6 18 6 15 1 7 20 6 14 5 1 19 6 14 4 10 4 12 4 12 5 1 18 1 6 1 15 4 8 4 16 6 16 4 8 4 14 4 10 4 12 5 1 17 4 6 2 6 4 17
CS (128, 1008) (429, 3) - 1 5 12 2 2 2 10 4 14 6 20 6 16 6 19 1 5 12 4 14 5 1 20 1 5 14 4 10 2 4 2 6 2 4 2 10 4 14 5 1 20 1 5 14 4 12 5 1 19 6 16 6 20 6 14 4 10 2 2 2 12 5 1 19 6 16 5 1 20 1 6 1 15 5 1 20 1 5 14 4 10 4 14 5 1 19 6 17 1 6 1 17 6 18 4 6 4 18 6 17 1 6 1 17 6 19 1 5 14 4 10 4 14 5 1 20 1 5 15 1 6 1 20 1 5 16 6 19
CS (122, 940) (430, 37) - 1 5 12 4 12 4 10 4 14 6 19 1 5 14 5 1 19 6 16 6 17 1 6 1 17 6 16 6 19 1 5 14 4 8 2 4 2 8 4 15 1 6 1 17 6 18 6 14 4 10 2 2 2 10 4 10 2 2 2 10 4 14 6 18 6 17 1 6 1 15 4 8 2 4 2 8 4 14 5 1 19 6 16 6 17 1 6 1 17 6 16 6 19 1 5 14 5 1 19 6 14 4 10 4 12 4 12 5 1 18 1 6 1 15 4 8 4 15 1 6 1 18
CS (130, 1084) (430, 7679) - 1 5 12 2 2 2 8 4 16 6 16 6 19 1 5 14 5 1 19 6 16 6 16 4 8 4 16 6 16 6 19 1 5 14 6 20 7 1 14 1 7 20 7 1 14 1 7 20 6 14 5 1 19 6 16 6 16 4 8 4 16 6 16 6 19 1 5 14 5 1 19 6 16 6 16 4 8 2 2 2 12 5 1 18 1 6 1 16 1 6 1 17 6 18 6 14 4 10 4 12 4 12 4 10 4 12 4 12 4 10 4 12 4 12 4 10 4 14 6 18 6 17 1 6 1 16 1 6 1 18
CS (132, 900) (430, 41) - 1 5 12 4 12 2 2 2 8 2 4 2 10 4 12 4 10 2 4 2 8 4 16 6 19 1 5 14 5 1 19 6 17 1 5 12 4 12 4 10 2 4 2 8 4 16 6 19 1 5 14 5 1 19 6 16 4 8 2 4 2 8 2 4 2 8 2 4 2 8 2 4 2 8 4 16 6 19 1 5 14 5 1 19 6 16 4 8 2 4 2 10 4 12 4 12 5 1 17 6 19 1 5 14 5 1 19 6 16 4 8 2 4 2 10 4 12 4 10 2 4 2 8 2 2 2 12 4 12 5 1 18
CS (154, 1076) (430, 4278) - 1 5 12 4 12 5 1 17 6 20 6 14 4 12 4 10 2 4 2 6 2 8 4 16 6 18 6 18 4 6 2 6 2 6 2 6 2 6 2 6 2 8 4 14 5 1 19 6 18 6 16 4 10 4 12 2 2 2 10 4 12 4 14 6 20 6 16 4 8 2 4 2 8 2 4 2 8 2 4 2 8 2 4 2 8 2 4 2 8 2 4 2 8 4 16 6 20 6 14 4 12 4 10 2 2 2 12 4 10 4 16 6 18 6 19 1 5 14 4 8 2 6 2 6 2 6 2 6 2 6 2 6 4 18 6 18 6 16 4 8 2 6 2 4 2 10 4 12 4 14 6 20 6 17
CS (160, 1376) (430, 4585) - 1 5 12 4 14 5 1 20 1 6 1 15 4 10 4 14 5 1 20 1 5 14 5 1 19 6 18 6 16 4 8 2 4 2 10 4 12 4 14 6 20 6 16 6 20 6 16 6 20 6 14 4 12 4 10 2 4 2 8 4 16 6 18 6 19 1 5 14 5 1 20 1 5 14 4 10 4 15 1 6 1 20 1 5 14 4 12 5 1 19 6 16 6 20 6 16 4 8 4 16 4 6 2 8 2 4 2 8 4 16 6 20 6 14 4 12 5 1 19 6 16 6 20 6 16 6 20 6 16 6 19 1 5 12 4 14 6 20 6 16 4 8 2 4 2 8 2 6 4 16 4 8 4 16 6 20 6 16 6 19
CS (166, 1268) (430, 54) - 1 5 12 4 12 2 2 2 8 2 6 4 17 1 6 1 17 4 6 2 8 2 2 2 12 4 12 5 1 18 1 6 1 17 4 6 2 8 4 16 6 18 4 6 2 8 4 14 4 12 5 1 19 6 16 4 8 2 4 2 10 4 12 4 12 4 12 4 14 6 20 6 16 6 20 6 15 1 7 20 6 16 4 8 2 4 2 10 4 12 4 12 4 12 4 12 4 12 4 12 4 12 4 12 4 12 4 10 2 4 2 8 4 16 6 20 7 1 15 6 20 6 16 6 20 6 14 4 12 4 12 4 12 4 10 2 4 2 8 4 16 6 19 1 5 12 4 14 4 8 2 6 4 18 6 16 4 8 2 6 4 17 1 6 1 18
CS (200, 1740) (431, 79) - 1 5 12 4 14 6 20 6 16 4 8 2 4 2 10 4 12 4 12 4 12 4 12 4 12 4 12 4 12 4 12 4 12 4 12 4 10 2 4 2 8 4 16 6 20 6 14 4 12 5 1 19 6 16 6 20 6 16 6 20 6 16 6 20 6 16 6 19 1 6 1 17 6 18 6 18 6 19 1 5 14 5 1 19 6 18 6 16 4 10 4 12 4 14 5 1 20 1 6 1 16 1 6 1 19 6 16 4 8 2 4 2 10 4 12 4 12 4 12 4 12 4 12 4 12 4 12 4 12 4 12 4 12 4 12 4 12 4 10 2 4 2 8 4 16 6 19 1 6 1 16 1 6 1 20 1 5 14 4 12 4 10 4 16 6 18 6 19 1 5 14 5 1 19 6 18 6 18 6 17 1 6 1 19 6 16 6 20 6 16 6 20 6 16 6 20 6 16 6 19
CS (110, 836) (432, 1022) - 1 5 12 4 12 4 12 4 12 4 12 4 10 4 16 6 18 6 16 4 10 4 12 4 13 1 7 20 6 16 6 18 4 6 2 6 2 8 4 14 4 8 2 6 2 6 2 4 2 10 4 12 4 12 4 12 4 12 4 10 2 4 2 6 2 6 2 8 4 14 4 8 2 6 2 6 4 18 6 16 6 20 7 1 13 4 12 4 10 4 16 6 18 6 16 4 10 4 12 4 12 4 12 4 12 4 12 5 1 18
CS (132, 972) (432, 124) - 1 5 12 2 2 2 8 2 4 2 8 4 14 5 1 20 1 5 15 1 6 1 19 6 14 4 8 2 6 4 16 6 18 6 16 6 18 6 16 6 18 6 16 4 6 2 8 4 14 6 19 1 6 1 15 5 1 20 1 5 14 4 8 2 4 2 8 2 2 2 12 5 1 19 6 14 4 10 4 12 4 12 4 10 4 12 2 2 2 8 4 14 4 10 4 12 4 10 4 14 5 1 20 1 5 14 4 10 4 12 4 10 4 14 4 8 2 2 2 12 4 10 4 12 4 12 4 10 4 14 6 19
CS (148, 1248) (432, 11649) - 1 5 12 4 12 4 12 5 1 19 6 14 4 10 4 12 4 10 4 14 5 1 20 1 5 15 1 6 1 18 1 6 1 15 4 8 4 16 6 16 4 6 2 8 4 14 5 1 19 6 16 6 18 6 16 6 18 6 16 6 18 6 16 6 18 6 16 6 18 6 16 6 18 6 16 6 18 6 16 6 19 1 5 14 4 8 2 6 4 16 6 16 4 8 4 15 1 6 1 18 1 6 1 15 5 1 20 1 5 14 4 10 4 12 4 10 4 14 6 19 1 5 12 4 12 4 12 5 1 19 6 14 5 1 18 1 6 1 16 1 6 1 18 1 5 14 6 19
CS (136, 1052) (433, 17336) - 1 5 14 4 8 2 4 2 8 2 4 2 6 2 6 2 6 2 4 2 8 2 4 2 8 4 14 5 1 20 1 5 15 1 6 1 19 6 14 5 1 19 6 14 4 10 4 12 4 12 4 10 4 12 4 12 4 10 4 14 6 19 1 6 1 15 5 1 20 1 5 14 5 1 19 6 16 6 18 6 16 6 18 6 16 6 18 6 16 6 19 1 5 14 5 1 20 1 5 15 1 6 1 19 6 14 4 10 4 12 4 12 4 10 4 12 4 12 4 10 4 14 6 19 1 5 14 6 19 1 6 1 15 5 1 20
CS (104, 852) (434, 14) - 1 5 12 2 2 2 10 4 12 4 12 4 12 4 10 4 16 6 18 6 17 1 6 1 17 6 19 1 5 14 5 1 19 6 17 1 6 1 17 6 18 6 16 4 10 4 12 4 12 4 12 4 10 2 2 2 12 5 1 18 1 6 1 17 6 18 6 16 4 8 2 6 4 16 4 8 4 16 6 18 6 18 6 18 6 16 4 8 4 16 4 6 2 8 4 16 6 18 6 17 1 6 1 18
CS (114, 916) (434, 828) - 1 5 12 4 14 4 8 2 6 4 18 6 16 4 8 2 6 4 17 1 6 1 18 1 5 12 4 14 6 20 6 17 1 6 1 17 6 20 6 14 4 12 5 1 18 1 6 1 17 4 6 2 8 4 16 6 18 4 6 2 8 4 14 4 12 5 1 19 6 16 4 8 2 4 2 10 4 12 4 12 4 12 4 13 1 7 20 6 16 6 20 6 16 6 20 7 1 13 4 12 4 12 4 12 4 10 2 4 2 8 4 16 6 19
CS (116, 972) (434, 13491) - 1 5 12 4 12 4 12 4 14 6 20 6 16 6 19 1 6 1 17 6 18 6 19 1 5 14 5 1 19 6 18 6 17 1 6 1 19 6 16 6 20 6 14 4 12 4 12 4 12 5 1 18 1 6 1 17 4 6 2 8 4 16 6 18 6 19 1 6 1 15 4 10 4 14 5 1 20 1 5 14 4 10 4 14 4 10 4 14 5 1 20 1 5 14 4 10 4 15 1 6 1 19 6 18 6 16 4 8 2 6 4 17 1 6 1 18
CS (136, 1012) (434, 14098) - 1 5 12 4 12 4 12 4 12 4 12 5 1 17 4 8 4 16 6 20 6 14 4 12 4 10 2 4 2 6 2 8 4 16 6 18 4 6 2 8 4 14 4 12 5 1 19 6 16 4 8 2 6 4 18 6 16 6 20 6 16 4 8 2 4 2 8 2 4 2 8 2 4 2 8 2 4 2 8 2 4 2 8 2 4 2 8 4 16 6 20 6 16 6 18 4 6 2 8 4 16 6 19 1 5 12 4 14 4 8 2 6 4 18 6 16 4 8 2 6 2 4 2 10 4 12 4 14 6 20 6 16 4 8 4 17
CS (136, 1276) (434, 552) - 1 5 12 4 12 4 14 6 20 6 16 6 20 6 16 6 20 6 16 6 19 1 6 1 17 6 18 6 18 6 19 1 5 14 4 10 4 14 4 10 4 14 4 10 4 14 5 1 19 6 18 6 18 6 17 1 6 1 19 6 16 6 20 6 16 6 20 6 16 6 20 6 14 4 12 4 12 5 1 18 1 6 1 17 6 20 6 14 4 10 2 2 2 12 4 10 4 16 6 18 6 18 6 18 6 18 4 6 4 18 6 18 6 18 6 18 6 16 4 10 4 12 2 2 2 10 4 14 6 20 6 17 1 6 1 18
CS (144, 1196) (434, 5) - 1 5 12 4 12 4 14 6 20 6 16 6 20 6 16 6 19 1 6 1 17 6 18 6 18 6 19 1 5 14 4 10 4 14 4 10 4 14 4 10 4 14 5 1 19 6 18 6 18 6 17 1 6 1 19 6 16 6 20 6 16 6 20 6 14 4 12 4 12 5 1 18 1 6 1 17 6 19 1 6 1 15 4 10 4 14 4 10 4 14 5 1 20 1 5 14 4 10 4 14 4 10 2 2 2 10 2 2 2 10 2 2 2 10 4 14 4 10 4 14 5 1 20 1 5 14 4 10 4 14 4 10 4 15 1 6 1 19 6 17 1 6 1 18
CS (168, 1300) (434, 4639) - 1 5 12 2 2 2 10 4 14 4 8 2 6 2 6 4 18 6 17 1 6 1 19 6 16 6 20 6 16 6 19 1 6 1 17 6 19 1 5 12 2 2 2 10 4 14 5 1 20 1 5 14 4 10 4 14 4 10 4 14 4 10 4 14 4 10 4 14 5 1 20 1 5 14 4 10 2 2 2 12 5 1 19 6 17 1 6 1 19 6 16 6 20 6 16 6 19 1 6 1 17 6 18 4 6 2 6 2 8 4 14 4 10 2 2 2 12 5 1 19 6 18 6 16 4 8 2 6 4 17 1 6 1 18 1 6 1 17 6 19 1 6 1 16 1 6 1 19 6 17 1 6 1 18 1 6 1 17 4 6 2 8 4 16 6 18 6 19
CS (170, 1100) (434, 25) - 1 6 1 17 4 6 2 8 2 2 2 12 4 12 4 12 4 10 2 4 2 8 4 16 4 6 2 8 2 4 2 8 4 16 6 20 6 16 6 20 7 1 13 4 12 4 12 4 12 4 12 4 12 4 12 4 12 4 12 4 12 4 12 4 10 2 4 2 8 2 4 2 8 2 4 2 8 2 4 2 8 2 4 2 8 2 4 2 8 2 4 2 8 2 4 2 8 2 4 2 8 2 4 2 8 2 4 2 10 4 12 4 12 4 12 4 12 4 12 4 12 4 12 4 12 4 12 4 12 4 13 1 7 20 6 16 6 20 6 16 4 8 2 4 2 8 2 6 4 16 4 8 2 4 2 10 4 12 4 12 4 12 2 2 2 8 2 6 4 17
CS (100, 840) (435, 69) - 1 5 14 4 10 4 12 2 2 2 8 2 6 4 16 6 19 1 5 14 5 1 19 6 16 6 20 6 14 5 1 19 6 14 4 12 4 10 4 14 4 10 4 14 6 20 6 14 4 10 4 14 4 10 4 12 4 14 6 19 1 5 14 6 20 6 16 6 19 1 5 14 5 1 19 6 16 4 6 2 8 2 2 2 12 4 10 4 14 5 1 19 6 16 4 8 4 16 6 19
CS (156, 1520) (435, 7925) - 1 5 12 4 14 6 21 1 5 16 6 19 1 6 1 17 6 18 6 18 6 18 6 18 6 18 6 18 6 17 1 6 1 19 6 16 6 21 1 5 16 4 8 4 16 5 1 21 6 16 6 19 1 6 1 17 6 18 6 18 6 18 6 18 6 18 6 18 6 17 1 6 1 19 6 16 5 1 21 6 14 4 12 5 1 19 6 16 5 1 21 6 14 4 10 4 16 6 18 6 19 1 5 14 5 1 19 6 18 6 17 1 6 1 19 6 16 6 20 6 16 6 20 6 16 6 19 1 6 1 17 6 18 6 19 1 5 14 5 1 19 6 18 6 16 4 10 4 14 6 21 1 5 16 6 19
CS (174, 1368) (435, 467) - 1 5 12 4 14 6 21 1 5 16 6 19 1 6 1 17 6 18 6 18 6 18 6 18 6 18 6 18 6 18 6 18 6 16 4 10 4 14 5 1 20 1 6 1 15 4 8 2 6 4 18 6 16 4 8 2 4 2 10 4 12 4 12 2 2 2 8 2 6 4 16 4 8 2 4 2 8 2 4 2 8 2 6 4 16 4 6 2 8 2 4 2 8 2 4 2 8 4 16 4 6 2 8 2 2 2 12 4 12 4 10 2 4 2 8 4 16 6 18 4 6 2 8 4 15 1 6 1 20 1 5 14 4 10 4 16 6 18 6 18 6 18 6 18 6 18 6 18 6 18 6 18 6 17 1 6 1 19 6 16 5 1 21 6 14 4 12 5 1 18 1 6 1 18
CS (112, 856) (436, 1240) - 1 5 14 4 10 2 4 2 8 4 16 6 20 6 17 1 6 1 17 4 6 2 10 4 12 4 12 4 14 5 1 20 1 5 14 4 12 4 12 4 10 2 6 4 17 1 6 1 17 6 20 6 16 4 8 2 4 2 10 4 14 5 1 19 6 18 4 6 2 6 2 8 4 16 6 20 6 16 4 8 2 4 2 10 4 14 4 10 4 14 4 10 2 4 2 8 4 16 6 20 6 16 4 8 2 6 2 6 4 18 6 19
CS (124, 972) (436, 41) - 1 5 12 4 12 4 12 5 1 17 6 19 1 5 14 5 1 19 6 16 4 8 4 16 4 8 4 16 6 19 1 6 1 15 5 1 20 1 5 14 4 12 5 1 19 6 16 6 19 1 6 1 15 4 8 2 6 2 4 2 10 4 12 4 12 4 12 4 12 4 12 4 10 2 4 2 6 2 8 4 15 1 6 1 19 6 16 6 19 1 5 12 4 14 5 1 20 1 5 15 1 6 1 19 6 16 4 8 4 16 4 8 4 16 6 19 1 5 14 5 1 19 6 17
CS (130, 1008) (436, 2440) - 1 5 12 4 14 4 8 2 6 4 18 6 16 4 8 2 6 4 17 1 6 1 18 1 5 12 4 14 6 20 6 16 4 8 4 16 4 8 2 4 2 8 2 4 2 8 4 16 4 8 4 16 6 20 6 14 4 12 5 1 18 1 6 1 17 4 6 2 8 4 16 6 18 4 6 2 8 4 14 4 12 5 1 19 6 16 4 8 2 6 4 17 1 6 1 18 1 5 12 4 14 6 20 6 17 1 6 1 17 6 20 6 14 4 12 5 1 18 1 6 1 17 4 6 2 8 4 16 6 19
CS (152, 1260) (436, 2413) - 1 5 12 4 12 4 12 4 14 6 20 6 16 6 20 6 16 6 19 1 6 1 17 6 18 6 18 6 19 1 5 14 4 10 4 14 4 10 4 14 5 1 20 1 5 14 4 10 2 4 2 6 2 6 2 8 4 14 4 10 4 14 4 10 4 14 4 10 4 14 4 8 2 6 2 6 2 4 2 10 4 14 5 1 20 1 5 14 4 10 4 14 4 10 4 14 5 1 19 6 18 6 18 6 17 1 6 1 19 6 16 6 20 6 16 6 20 6 14 4 12 4 12 4 12 5 1 18 1 6 1 17 6 19 1 6 1 17 6 18 6 17 1 6 1 19 6 17 1 6 1 18
CS (184, 1572) (436, 2155) - 1 5 12 2 2 2 10 4 14 5 1 20 1 5 14 5 1 19 6 18 6 16 4 8 2 6 2 4 2 10 4 14 6 21 1 5 16 6 19 1 6 1 17 6 18 6 18 6 18 6 19 1 5 14 4 10 4 14 4 10 4 14 4 10 4 14 4 10 4 14 4 10 4 14 5 1 19 6 18 6 18 6 18 6 17 1 6 1 19 6 16 5 1 21 6 14 4 10 2 4 2 6 2 8 4 16 6 18 6 19 1 5 14 5 1 20 1 5 14 4 10 2 2 2 12 5 1 19 6 16 4 8 2 6 4 18 6 16 5 1 21 6 14 4 10 4 16 6 18 6 18 6 19 1 5 14 5 1 19 6 18 6 18 6 16 4 10 4 14 6 21 1 5 16 6 18 4 6 2 8 4 16 6 19
CS (184, 1612) (436, 3203) - 1 5 12 4 14 5 1 20 1 5 14 4 12 4 10 2 4 2 8 2 4 2 10 4 12 4 14 5 1 20 1 5 14 4 12 5 1 17 4 8 2 4 2 10 4 12 4 14 4 10 4 14 4 10 4 16 6 20 6 16 6 20 6 18 6 17 1 6 1 19 6 16 4 10 4 14 5 1 19 6 18 6 18 6 20 6 14 4 12 4 14 6 21 1 5 16 5 1 21 6 16 6 20 6 17 1 6 1 17 4 8 4 17 1 6 1 17 6 20 6 16 6 21 1 5 16 5 1 21 6 14 4 12 4 14 6 20 6 18 6 18 6 19 1 5 14 4 10 4 16 6 19 1 6 1 17 6 18 6 20 6 16 6 20 6 16 4 10 4 14 4 10 4 14 4 12 4 10 2 4 2 8 4 17
CS (136, 972) (437, 2930) - 1 5 14 4 8 2 4 2 8 2 4 2 6 2 6 2 6 2 6 4 16 6 18 6 16 6 18 6 16 6 18 6 16 4 6 2 6 2 6 2 6 2 4 2 8 2 4 2 8 4 14 5 1 20 1 5 15 1 6 1 19 6 14 5 1 19 6 14 4 10 4 12 4 12 4 10 4 12 2 2 2 8 4 14 4 10 4 12 4 10 4 14 5 1 20 1 5 14 4 10 4 12 4 10 4 14 4 8 2 2 2 12 4 10 4 12 4 12 4 10 4 14 6 19 1 5 14 6 19 1 6 1 15 5 1 20
CS (100, 784) (438, 2) - 1 5 12 2 2 2 10 4 14 5 1 21 7 1 15 4 8 2 6 4 18 6 16 4 8 4 17 1 6 1 18 1 5 12 4 14 6 20 6 17 1 6 1 17 6 20 6 14 4 12 5 1 18 1 6 1 17 4 8 4 16 6 18 4 6 2 8 4 15 1 7 21 1 5 14 4 10 2 2 2 12 5 1 19 6 16 4 8 4 17 1 6 1 17 4 8 4 16 6 19
CS (112, 872) (438, 368) - 1 5 12 4 12 4 12 4 12 4 12 4 10 4 15 1 6 1 19 6 16 6 20 7 1 13 4 12 4 12 4 10 4 14 4 10 2 2 2 10 4 14 5 1 20 1 5 15 1 6 1 19 6 16 4 8 4 16 6 19 1 6 1 15 5 1 20 1 5 14 4 10 2 2 2 10 4 14 4 10 4 12 4 12 4 13 1 7 20 6 16 6 19 1 6 1 15 4 10 4 12 4 12 4 12 4 12 4 12 5 1 18
CS (128, 1036) (438, 79) - 1 5 16 5 1 21 6 16 6 20 6 16 4 8 2 6 2 6 2 4 2 10 2 2 2 10 2 4 2 6 2 6 2 8 4 16 6 20 6 16 5 1 21 6 14 4 12 4 12 4 14 6 20 6 18 6 18 6 18 4 6 2 8 4 16 6 20 6 16 4 8 2 6 4 18 6 18 6 18 6 20 6 14 4 12 4 12 4 14 6 21 1 5 16 6 20 6 16 4 8 2 6 2 6 2 4 2 10 2 2 2 10 2 4 2 6 2 6 2 8 4 16 6 20 6 16 6 21
CS (106, 756) (440, 42) - 1 5 14 4 8 2 6 2 6 2 4 2 10 4 12 4 14 6 20 6 14 4 12 4 10 2 4 2 6 2 6 2 8 4 14 5 1 19 6 16 4 8 4 16 4 8 4 16 6 18 4 6 2 6 2 6 2 8 4 14 5 1 19 6 16 4 8 2 4 2 10 4 10 2 4 2 8 4 16 6 19 1 5 14 4 8 2 6 2 6 2 6 4 18 6 16 4 8 4 16 4 8 4 16 6 19
CS (112, 956) (440, 44) - 1 5 12 4 12 4 14 5 1 20 1 5 14 4 12 4 12 4 12 4 14 6 21 1 5 16 6 20 6 16 4 10 4 14 5 1 19 6 18 6 19 1 5 14 4 10 2 2 2 12 4 12 4 12 4 12 4 12 2 2 2 10 4 14 5 1 19 6 18 6 19 1 5 14 4 10 4 16 6 20 6 16 5 1 21 6 14 4 12 4 12 4 12 4 14 5 1 20 1 5 14 4 12 4 12 5 1 17 6 20 6 17
CS (140, 1040) (440, 77) - 1 5 12 2 2 2 8 2 4 2 8 4 14 5 1 19 6 16 6 18 6 15 1 6 1 19 6 14 4 10 4 12 4 12 5 1 18 1 6 1 16 1 6 1 17 6 17 1 6 1 16 1 6 1 18 1 5 12 4 12 4 10 4 14 6 19 1 6 1 15 6 18 6 16 6 19 1 5 14 4 8 2 4 2 8 2 2 2 12 5 1 19 6 15 1 6 1 19 7 1 13 4 10 2 2 2 10 4 12 4 10 4 14 6 18 6 18 6 14 4 10 4 12 4 10 2 2 2 10 4 13 1 7 19 1 6 1 15 6 19
CS (144, 1048) (440, 38456) - 1 5 12 4 12 4 10 2 2 2 10 4 12 4 10 4 14 5 1 20 1 5 14 4 10 4 12 4 10 4 14 5 1 20 1 5 14 4 10 4 12 4 10 2 2 2 10 4 12 4 12 5 1 19 6 14 5 1 19 7 1 13 4 10 4 12 4 12 4 10 4 12 4 12 4 10 4 12 4 12 5 1 18 1 5 12 4 12 5 1 17 4 6 2 6 2 6 4 16 4 6 2 6 2 6 4 17 1 5 12 4 12 5 1 18 1 5 12 4 12 4 10 4 12 4 12 4 10 4 12 4 12 4 10 4 13 1 7 19 1 5 14 6 19
CS (152, 1228) (440, 793) - 1 5 12 2 2 2 10 4 14 6 20 6 16 6 19 1 6 1 15 4 8 2 6 4 17 1 5 12 4 12 4 12 4 10 2 2 2 12 4 10 4 14 4 10 4 14 5 1 19 6 18 6 16 5 1 20 1 5 14 5 1 19 6 16 5 1 21 7 1 15 6 20 6 15 1 7 21 1 5 16 6 19 1 5 14 5 1 20 1 5 16 6 18 6 19 1 5 14 4 10 4 14 4 10 4 12 2 2 2 10 4 12 4 12 4 12 5 1 17 4 6 2 8 4 15 1 6 1 19 6 16 6 20 6 14 4 10 2 2 2 12 5 1 19 6 16 4 8 4 16 6 19
CS (168, 1444) (440, 85) - 1 5 12 4 12 4 14 6 20 6 16 4 8 4 16 4 8 4 16 4 8 4 16 6 20 6 14 4 12 4 12 5 1 18 1 6 1 17 6 20 6 14 4 10 2 4 2 8 4 14 4 12 5 1 19 6 16 4 8 4 17 1 6 1 18 1 5 12 4 14 6 20 6 16 4 8 4 17 1 6 1 17 6 20 6 14 4 12 5 1 19 6 16 6 20 6 16 4 8 4 16 4 8 4 16 6 20 6 16 6 19 1 5 12 4 14 6 20 6 17 1 6 1 17 4 8 4 16 6 20 6 14 4 12 5 1 18 1 6 1 17 4 8 4 16 6 19 1 5 12 4 14 4 8 2 4 2 10 4 14 6 20 6 17 1 6 1 18
CS (160, 1256) (441, 391) - 1 5 14 4 10 4 14 4 10 2 4 2 6 2 6 2 6 2 6 2 6 2 6 2 6 2 6 2 6 2 6 2 6 2 4 2 10 4 14 4 10 4 14 5 1 20 1 5 14 5 1 19 6 18 6 16 4 8 2 6 4 18 6 16 5 1 21 6 14 4 10 4 15 1 6 1 20 1 5 14 4 10 4 16 6 18 6 18 6 18 6 19 1 5 14 4 10 4 14 4 10 4 14 4 10 4 14 4 10 4 14 5 1 19 6 18 6 18 6 18 6 16 4 10 4 14 5 1 20 1 6 1 15 4 10 4 14 6 21 1 5 16 6 18 4 6 2 8 4 16 6 18 6 19 1 5 14 5 1 20
CS (116, 988) (442, 32) - 1 5 12 4 12 4 14 6 20 6 16 6 20 6 16 6 19 1 6 1 17 6 18 6 19 1 5 14 4 10 4 14 5 1 19 6 18 6 17 1 6 1 19 6 16 6 20 6 16 6 20 6 14 4 12 4 12 5 1 18 1 6 1 17 6 20 6 14 4 10 4 16 6 18 6 18 4 6 2 6 2 6 2 6 2 6 2 6 2 6 2 6 2 6 2 6 2 6 4 18 6 18 6 16 4 10 4 14 6 20 6 17 1 6 1 18
CS (120, 1000) (442, 8) - 1 5 12 4 12 4 12 4 12 4 14 6 20 6 15 1 7 20 6 16 5 1 21 6 14 4 10 2 4 2 6 2 8 4 14 4 12 5 1 19 6 16 4 8 2 4 2 10 4 12 4 12 4 14 6 20 6 16 6 20 6 16 6 20 6 14 4 12 4 12 4 10 2 4 2 8 4 16 6 19 1 5 12 4 14 4 8 2 6 2 4 2 10 4 14 6 21 1 5 16 6 20 7 1 15 6 20 6 14 4 12 4 12 4 12 4 12 5 1 18
CS (134, 1152) (442, 67) - 1 5 12 4 14 4 10 4 16 6 18 4 8 4 16 5 1 21 6 16 6 20 6 16 4 10 4 14 5 1 19 6 18 6 18 4 6 2 8 4 16 6 20 6 17 1 6 1 17 6 20 6 16 4 8 2 6 4 18 6 18 6 19 1 5 14 4 10 4 16 6 20 6 16 6 21 1 5 16 4 8 4 18 6 16 4 10 4 14 4 12 5 1 19 6 16 4 10 4 14 4 10 4 14 4 12 4 10 2 4 2 8 2 4 2 8 2 4 2 10 4 12 4 14 4 10 4 14 4 10 4 16 6 19
CS (216, 1772) (442, 1339) - 1 5 14 5 1 19 6 16 4 8 2 6 4 18 6 16 6 20 6 16 4 8 2 4 2 8 2 4 2 8 2 4 2 8 2 4 2 8 2 4 2 8 4 16 6 20 6 16 6 18 4 6 2 8 4 16 6 19 1 5 14 5 1 20 1 6 1 15 4 8 2 4 2 10 4 12 2 2 2 10 4 12 4 12 4 14 6 20 6 16 5 1 21 6 14 4 12 4 10 2 2 2 12 4 10 4 16 6 18 6 19 1 5 14 5 1 19 6 18 6 17 1 6 1 19 6 16 6 20 6 16 6 20 6 16 6 20 7 1 14 1 7 20 6 16 6 20 6 16 6 20 6 16 6 19 1 6 1 17 6 18 6 19 1 5 14 5 1 19 6 18 6 16 4 10 4 12 2 2 2 10 4 12 4 14 6 21 1 5 16 6 20 6 14 4 12 4 12 4 10 2 2 2 12 4 10 2 4 2 8 4 15 1 6 1 20
CS (134, 992) (443, 54) - 1 5 12 4 10 4 14 4 8 4 16 6 16 6 19 1 5 14 6 20 7 1 14 1 7 20 6 14 5 1 19 6 16 6 16 4 8 4 14 4 10 4 12 5 1 17 6 18 6 14 4 10 2 2 2 10 4 10 2 4 2 6 2 6 4 16 4 6 2 6 2 6 4 17 1 5 12 4 12 4 10 4 12 4 12 4 10 4 12 4 12 4 10 4 12 4 12 4 10 4 12 4 12 5 1 17 4 6 2 6 2 6 4 16 4 6 2 6 2 4 2 10 4 10 2 2 2 10 4 14 6 18 6 17
CS (120, 868) (444, 31) - 1 5 14 4 12 4 10 2 4 2 6 2 8 4 16 6 19 1 6 1 17 6 18 6 18 6 19 1 5 14 5 1 19 6 18 6 18 6 17 1 6 1 19 6 16 4 8 2 6 2 4 2 10 4 12 4 14 5 1 20 1 6 1 15 4 10 4 14 4 8 2 6 2 6 2 6 2 6 2 6 2 6 2 6 4 18 6 18 6 18 6 18 6 18 4 6 2 6 2 6 2 6 2 6 2 6 2 6 2 8 4 14 4 10 4 15 1 6 1 20
CS (134, 1028) (444, 1889) - 1 5 12 2 2 2 10 4 14 4 8 2 6 2 4 2 10 4 12 4 14 6 20 6 16 6 19 1 5 12 4 14 6 20 6 16 6 20 6 14 4 12 5 1 18 1 6 1 18 1 5 12 4 14 6 20 6 16 6 20 6 14 4 12 5 1 19 6 16 6 20 6 14 4 12 4 10 2 4 2 6 2 8 4 14 4 10 2 2 2 12 5 1 20 1 5 14 4 12 5 1 19 6 16 4 8 2 4 2 8 2 4 2 8 2 4 2 8 2 4 2 8 4 16 6 19 1 5 12 4 14 5 1 20
CS (108, 884) (446, 22787) - 1 5 12 2 2 2 8 2 4 2 8 4 14 4 8 4 16 6 17 1 6 1 17 6 18 6 14 4 10 4 13 1 7 18 6 18 6 14 4 10 4 14 6 18 6 18 7 1 13 4 10 4 14 6 18 6 17 1 6 1 17 6 16 4 8 4 14 4 8 2 4 2 8 2 2 2 12 5 1 19 6 16 6 17 1 6 1 17 6 18 6 14 4 10 4 14 6 18 6 17 1 6 1 17 6 16 6 19
CS (132, 1120) (446, 10242) - 1 5 12 4 12 4 12 4 12 5 1 17 4 8 4 16 6 20 6 14 4 10 2 4 2 6 2 6 2 8 4 14 4 10 4 14 4 10 4 14 4 8 2 6 2 6 2 4 2 10 4 14 6 20 6 16 4 8 4 17 1 5 12 4 12 4 12 4 12 5 1 17 4 8 4 16 6 20 7 1 15 6 20 6 16 6 20 6 14 4 12 4 10 4 16 6 18 6 19 1 5 14 5 1 19 6 18 6 16 4 10 4 12 4 14 6 20 6 16 6 20 6 15 1 7 20 6 16 4 8 4 17
CS (144, 808) (446, 161) - 1 5 12 2 2 2 8 2 4 2 6 2 6 2 6 2 4 2 8 2 4 2 6 2 6 2 6 2 4 2 8 2 4 2 6 2 6 2 6 2 4 2 8 2 4 2 6 2 6 2 6 2 4 2 8 2 4 2 6 2 6 2 6 2 4 2 8 2 4 2 6 2 6 2 6 2 4 2 8 2 2 2 12 5 1 19 6 14 5 1 19 7 1 13 4 10 4 12 4 12 4 10 4 12 4 12 4 10 4 12 4 12 5 1 18 1 5 12 4 12 4 10 4 12 4 12 4 10 4 12 4 12 4 10 4 13 1 7 19 1 5 14 6 19
CS (148, 1140) (446, 1984) - 1 5 14 4 10 4 14 4 10 4 15 1 6 1 19 6 18 6 16 4 10 4 12 2 2 2 10 4 12 4 14 5 1 21 7 1 15 5 1 20 1 6 1 15 4 10 4 14 4 8 2 6 2 6 2 6 4 18 6 18 6 16 4 10 4 12 4 14 5 1 20 1 5 14 5 1 20 1 5 14 4 12 4 10 4 16 6 18 6 18 4 6 2 6 2 6 2 8 4 14 4 10 4 15 1 6 1 20 1 5 15 1 7 21 1 5 14 4 12 4 10 2 2 2 12 4 10 4 16 6 18 6 19 1 6 1 15 4 10 4 14 4 10 4 14 5 1 20
CS (172, 1292) (446, 1820) - 1 5 12 4 14 4 8 2 6 4 18 6 16 4 8 2 4 2 10 4 12 4 12 4 14 6 20 6 16 6 20 6 16 6 20 6 15 1 7 20 6 16 4 8 2 4 2 10 4 12 4 12 4 12 4 12 4 12 4 12 4 12 4 12 4 12 4 10 2 4 2 8 4 16 6 20 7 1 15 6 20 6 16 6 20 6 16 6 20 6 14 4 12 4 12 4 10 2 4 2 8 4 16 6 18 4 6 2 8 4 14 4 12 5 1 19 6 16 4 8 2 4 2 10 4 12 4 12 4 12 2 2 2 8 2 4 2 8 2 4 2 8 2 4 2 8 2 4 2 8 2 4 2 8 2 2 2 12 4 12 4 12 4 10 2 4 2 8 4 16 6 19
CS (172, 1488) (447, 2726) - 1 5 14 4 10 4 16 6 18 6 18 6 18 6 18 6 18 6 18 6 17 1 6 1 19 6 16 4 8 4 17 1 6 1 17 6 20 7 1 15 6 20 6 16 6 20 6 16 6 20 6 15 1 7 20 6 17 1 6 1 17 4 8 4 16 6 19 1 6 1 17 6 18 6 18 6 18 6 18 6 18 6 18 6 16 4 10 4 14 5 1 20 1 5 14 5 1 19 6 18 6 16 4 8 2 6 2 4 2 10 4 12 4 14 6 20 6 16 4 8 2 4 2 8 2 4 2 10 4 12 4 12 4 12 4 10 2 4 2 8 2 4 2 8 4 16 6 20 6 14 4 12 4 10 2 4 2 6 2 8 4 16 6 18 6 19 1 5 14 5 1 20
CS (182, 1396) (447, 170) - 1 5 12 4 14 4 8 2 6 4 18 6 16 4 8 2 4 2 10 4 12 4 12 4 14 6 20 6 16 6 20 6 16 6 20 6 16 6 19 1 5 12 4 14 6 20 6 16 4 8 2 4 2 10 4 12 4 12 4 12 4 12 4 12 4 12 4 12 4 12 4 10 2 4 2 8 4 16 6 20 6 14 4 12 5 1 19 6 16 6 20 6 16 6 20 6 16 6 20 6 14 4 12 4 12 4 10 2 4 2 8 4 16 6 18 4 6 2 8 4 14 4 12 5 1 19 6 16 4 8 2 4 2 10 4 12 4 12 4 12 2 2 2 8 2 4 2 8 2 4 2 8 2 4 2 8 2 4 2 8 2 4 2 8 2 2 2 12 4 12 4 12 4 10 2 4 2 8 4 16 6 19
CS (136, 1200) (448, 43) - 1 5 12 4 14 6 20 6 16 6 18 6 19 1 5 14 5 1 19 6 16 5 1 21 7 1 15 6 20 6 16 6 18 6 19 1 5 14 4 10 4 14 5 1 19 6 18 6 16 6 20 6 15 1 7 21 1 5 16 6 19 1 5 14 5 1 19 6 18 6 16 6 20 6 14 4 12 5 1 18 1 6 1 17 6 18 6 16 4 10 4 12 4 12 4 12 4 12 4 10 2 2 2 12 4 10 4 14 4 10 4 12 2 2 2 10 4 12 4 12 4 12 4 12 4 10 4 16 6 18 6 17 1 6 1 18
CS (160, 1424) (448, 10270) - 1 5 12 4 12 4 12 4 12 4 12 4 12 4 12 4 12 4 12 4 12 5 1 18 1 6 1 17 6 20 6 14 4 10 4 16 6 18 6 18 6 18 6 18 6 18 6 18 6 16 4 10 4 14 6 21 1 5 16 6 19 1 6 1 17 6 18 6 18 6 18 6 17 1 6 1 19 6 16 4 8 2 4 2 8 2 4 2 10 4 12 4 12 4 10 2 4 2 8 2 4 2 8 4 16 6 19 1 6 1 17 6 18 6 18 6 18 6 17 1 6 1 19 6 16 5 1 21 6 14 4 10 4 16 6 18 6 18 6 18 6 18 6 18 6 18 6 16 4 10 4 14 6 20 6 17 1 6 1 18
CS (180, 1496) (448, 3) - 1 5 12 4 10 2 4 2 6 4 17 1 6 1 15 4 8 2 4 2 6 2 8 4 12 4 12 4 10 4 14 6 19 1 5 14 6 20 7 1 14 1 7 20 7 1 14 1 7 20 6 14 5 1 19 6 14 4 10 4 12 4 12 4 8 2 6 2 4 2 8 4 15 1 6 1 17 4 6 2 4 2 10 4 12 5 1 18 1 5 12 4 12 4 10 4 14 6 19 1 5 14 6 19 1 6 1 15 6 19 1 5 14 6 20 7 1 15 6 18 6 16 6 18 6 16 6 18 6 16 6 18 6 16 6 18 6 16 6 18 6 16 6 18 6 16 6 18 6 15 1 7 20 6 14 5 1 19 6 15 1 6 1 19 6 14 5 1 19 6 14 4 10 4 12 4 12 5 1 18
CS (172, 1256) (449, 57108) - 1 5 12 4 12 4 10 2 2 2 10 4 12 4 10 2 2 2 10 4 12 4 10 4 14 5 1 20 1 5 15 1 6 1 18 1 6 1 15 4 8 4 15 1 6 1 18 1 6 1 15 5 1 20 1 5 14 4 10 4 12 4 10 2 2 2 10 4 12 4 10 2 2 2 10 4 12 4 12 5 1 19 6 14 5 1 19 6 14 5 1 18 1 6 1 16 1 6 1 17 6 18 6 14 4 10 4 12 4 12 4 10 4 12 4 12 5 1 18 1 5 12 4 12 5 1 18 1 5 12 4 12 5 1 18 1 5 12 4 12 4 10 4 12 4 12 4 10 4 14 6 18 6 17 1 6 1 16 1 6 1 18 1 5 14 6 19 1 5 14 6 19
CS (136, 1020) (450, 24) - 1 5 12 2 2 2 10 4 14 5 1 20 1 5 14 5 1 19 6 18 6 16 4 10 4 12 4 14 5 1 21 7 1 15 5 1 20 1 6 1 16 1 6 1 19 6 16 4 8 2 4 2 8 2 6 4 17 1 5 12 4 12 4 12 5 1 17 4 6 2 8 2 4 2 8 4 16 6 19 1 6 1 16 1 6 1 20 1 5 15 1 7 21 1 5 14 4 12 4 10 4 16 6 18 6 19 1 5 14 5 1 20 1 5 14 4 10 2 2 2 12 5 1 19 6 17 1 6 1 18 1 6 1 17 6 19
CS (144, 1036) (450, 49) - 1 5 12 4 12 4 14 6 20 6 16 4 8 2 4 2 10 4 12 4 12 4 12 4 12 4 12 4 12 4 12 4 13 1 7 20 6 16 4 8 2 4 2 10 4 12 4 12 4 12 4 12 2 2 2 8 2 4 2 8 2 4 2 10 4 12 4 12 4 12 4 12 4 12 4 12 4 12 4 10 2 4 2 8 2 4 2 8 2 2 2 12 4 12 4 12 4 12 4 10 2 4 2 8 4 16 6 20 7 1 13 4 12 4 12 4 12 4 12 4 12 4 12 4 12 4 10 2 4 2 8 4 16 6 20 6 14 4 12 4 12 5 1 18
CS (162, 1352) (450, 16) - 1 5 12 2 2 2 10 4 14 4 8 2 6 2 6 4 18 6 16 4 10 4 12 4 14 6 20 6 17 1 6 1 17 4 6 2 8 4 16 6 20 7 1 15 6 20 6 16 6 20 6 16 6 20 6 15 1 7 20 6 16 4 8 2 6 4 17 1 6 1 17 6 20 6 14 4 12 4 10 4 16 6 18 4 6 2 6 2 8 4 14 4 10 2 2 2 12 5 1 19 6 17 1 6 1 19 6 16 6 20 6 14 4 12 4 12 4 12 5 1 18 1 5 12 4 12 4 12 4 12 4 12 4 12 4 12 4 12 5 1 18 1 5 12 4 12 4 12 4 14 6 20 6 16 6 19 1 6 1 17 6 19
CS (166, 1380) (450, 8) - 1 5 14 4 10 4 16 6 18 6 18 6 18 6 18 6 18 6 18 6 18 6 18 6 17 1 6 1 19 6 16 6 21 1 5 16 4 8 4 16 5 1 21 6 16 6 19 1 6 1 17 6 18 6 18 6 18 6 18 6 18 6 18 6 18 6 18 6 16 4 10 4 14 5 1 20 1 6 1 15 4 8 2 6 2 6 4 18 6 16 4 8 2 6 2 4 2 10 4 12 4 14 6 20 6 16 4 8 2 4 2 8 2 4 2 10 4 12 4 12 4 12 4 12 4 10 2 4 2 8 2 4 2 8 4 16 6 20 6 14 4 12 4 10 2 4 2 6 2 8 4 16 6 18 4 6 2 6 2 8 4 15 1 6 1 20
CS (176, 1484) (450, 7028) - 1 5 12 2 2 2 10 4 14 5 1 20 1 6 1 15 4 8 2 6 2 4 2 10 4 14 6 21 1 5 16 6 19 1 6 1 17 6 18 6 18 6 18 6 18 6 18 6 18 6 17 1 6 1 19 6 16 4 8 4 17 1 5 12 4 12 4 12 4 12 4 12 5 1 17 4 8 4 16 6 19 1 6 1 17 6 18 6 18 6 18 6 18 6 18 6 18 6 17 1 6 1 19 6 16 5 1 21 6 14 4 10 2 4 2 6 2 8 4 15 1 6 1 20 1 5 14 4 10 2 2 2 12 5 1 19 6 16 4 8 2 6 4 18 6 16 6 20 6 16 4 8 4 16 4 8 4 16 4 8 4 16 6 20 6 16 6 18 4 6 2 8 4 16 6 19
CS (188, 1632) (450, 2608) - 1 5 14 4 10 4 14 4 10 4 14 4 10 4 14 4 10 4 14 4 10 4 14 5 1 19 6 18 6 18 6 18 6 17 1 6 1 19 6 16 6 20 6 16 4 8 4 16 4 8 4 16 4 8 4 16 6 20 6 15 1 7 20 6 17 1 6 1 18 1 6 1 17 6 19 1 5 14 5 1 20 1 5 14 5 1 19 6 17 1 6 1 18 1 6 1 17 6 20 7 1 15 6 20 6 16 4 8 4 16 4 8 4 16 4 8 4 16 6 20 6 16 6 19 1 6 1 17 6 18 6 18 6 18 6 19 1 5 14 4 10 4 14 4 10 4 14 4 10 4 14 4 10 4 14 4 10 4 14 5 1 20 1 5 14 4 10 4 14 4 10 4 14 4 10 4 14 4 10 4 14 4 10 4 14 5 1 20
CS (120, 900) (451, 148) - 1 5 12 4 12 4 12 4 12 4 12 4 10 2 4 2 6 2 8 4 14 4 10 4 14 6 21 1 5 16 6 20 6 14 4 10 4 14 4 10 4 14 5 1 20 1 5 14 4 10 2 4 2 6 2 6 2 4 2 10 4 14 5 1 20 1 5 14 4 10 4 14 4 10 4 14 6 20 6 16 5 1 21 6 14 4 10 4 14 4 8 2 6 2 4 2 10 4 12 4 12 4 12 4 12 4 12 5 1 18 1 6 1 17 6 17 1 6 1 18
CS (120, 1060) (451, 342) - 1 5 12 4 12 4 12 5 1 19 6 14 4 8 2 6 4 16 6 18 6 16 6 19 1 5 14 4 8 2 6 4 16 6 17 1 6 1 17 6 18 6 14 4 10 4 14 6 19 1 5 12 4 14 6 18 6 16 6 19 1 5 14 6 20 6 14 5 1 19 6 16 6 18 6 14 4 12 5 1 19 6 14 4 10 4 14 6 18 6 17 1 6 1 17 6 16 4 6 2 8 4 14 5 1 19 6 16 6 18 6 16 4 6 2 8 4 14 6 19
CS (120, 1068) (452, 212) - 1 5 12 4 12 2 2 2 10 4 14 4 10 4 15 1 6 1 19 6 18 6 18 6 20 6 14 4 12 4 14 6 20 6 18 6 18 6 19 1 6 1 15 4 10 4 14 4 10 2 2 2 12 4 12 5 1 17 4 8 4 17 1 6 1 17 6 20 6 16 6 20 6 18 6 18 6 18 4 6 2 8 4 16 5 1 21 6 16 6 21 1 5 16 4 8 2 6 4 18 6 18 6 18 6 20 6 16 6 20 6 17 1 6 1 17 4 8 4 17
CS (140, 1092) (452, 3021) - 1 5 12 2 2 2 10 2 2 2 12 5 1 19 6 16 4 10 4 14 4 10 4 16 6 19 1 5 14 5 1 20 1 5 15 1 6 1 20 1 5 14 4 12 5 1 17 4 8 2 4 2 8 2 6 4 18 6 18 6 18 6 19 1 5 14 5 1 19 6 18 6 18 6 18 4 6 2 8 2 4 2 8 4 17 1 5 12 4 14 5 1 20 1 6 1 15 5 1 20 1 5 14 5 1 19 6 16 4 10 4 14 4 10 4 16 6 19 1 5 12 2 2 2 10 2 2 2 12 5 1 19 6 18 6 18 6 18 6 19
CS (162, 1324) (452, 3811) - 1 5 12 4 12 4 12 4 12 4 12 4 12 5 1 17 4 6 2 8 2 4 2 8 4 16 6 19 1 6 1 17 6 18 6 18 6 18 6 18 6 17 1 6 1 19 6 16 5 1 21 6 14 4 10 2 2 2 12 4 10 4 15 1 6 1 20 1 5 14 4 12 5 1 19 6 16 6 20 6 16 4 8 4 16 4 8 2 4 2 8 4 16 4 8 4 16 6 20 6 16 6 19 1 5 12 4 14 5 1 20 1 6 1 15 4 10 4 12 2 2 2 10 4 14 6 21 1 5 16 6 19 1 6 1 17 6 18 6 18 6 18 6 18 6 17 1 6 1 19 6 16 4 8 2 4 2 8 2 6 4 17
CS (120, 1064) (453, 593) - 1 5 12 2 2 2 10 4 14 6 20 6 16 6 20 6 14 4 12 5 1 19 6 16 6 19 1 5 12 4 14 6 20 6 16 6 20 6 14 4 10 2 2 2 12 5 1 19 6 16 4 8 4 16 6 20 6 14 4 10 4 14 4 10 4 14 5 1 19 6 18 6 16 4 8 4 17 1 5 12 4 12 4 12 4 12 4 12 5 1 17 4 8 4 16 6 18 6 19 1 5 14 4 10 4 14 4 10 4 14 6 20 6 16 4 8 4 16 6 19
CS (116, 940) (454, 44) - 1 5 12 4 10 2 4 2 8 4 16 6 18 6 18 6 17 1 6 1 17 6 19 1 5 14 5 1 20 1 5 16 6 18 4 6 2 6 2 6 2 6 2 6 2 6 4 18 6 16 5 1 20 1 5 14 5 1 19 6 17 1 6 1 17 6 18 6 18 6 16 4 8 2 4 2 10 4 12 5 1 17 6 19 1 5 14 5 1 19 6 17 1 6 1 17 6 18 6 18 6 17 1 6 1 17 6 19 1 5 14 5 1 19 6 17
CS (120, 836) (454, 5719) - 1 5 16 4 8 2 6 2 6 2 6 2 6 2 6 2 8 4 16 5 1 21 6 16 4 8 2 6 4 18 4 6 2 8 4 16 6 21 1 5 16 4 8 2 6 2 6 2 6 2 6 2 6 2 8 4 16 5 1 21 6 16 4 8 2 6 4 18 4 6 2 8 4 16 6 21 1 5 16 4 8 2 6 2 6 2 6 2 6 2 6 2 8 4 16 5 1 21 6 16 5 1 20 1 6 1 15 4 10 4 15 1 6 1 20 1 5 16 6 21
CS (132, 1012) (454, 124) - 1 5 12 2 2 2 10 4 14 6 20 6 16 6 19 1 6 1 15 4 10 4 12 4 12 4 12 4 12 4 12 4 10 4 15 1 6 1 19 6 16 6 20 6 14 4 10 2 2 2 12 5 1 19 6 16 4 8 4 16 6 19 1 6 1 15 4 8 2 4 2 10 4 12 4 12 4 10 2 4 2 8 4 14 4 12 5 1 19 6 16 4 8 4 16 6 19 1 5 12 4 14 4 8 2 4 2 10 4 12 4 12 4 10 2 4 2 8 4 15 1 6 1 19 6 16 4 8 4 16 6 19
CS (148, 1140) (454, 78) - 1 5 12 2 2 2 10 4 14 5 1 20 1 5 14 4 10 4 14 4 10 4 14 5 1 20 1 5 14 4 10 4 15 1 6 1 18 1 6 1 17 6 17 1 6 1 18 1 5 12 4 14 6 20 6 14 4 12 4 10 4 16 6 17 1 6 1 18 1 6 1 17 6 16 4 10 4 12 4 14 6 20 6 14 4 12 5 1 18 1 6 1 17 6 17 1 6 1 18 1 6 1 15 4 10 4 14 5 1 20 1 5 14 4 10 4 14 4 10 4 14 5 1 20 1 5 14 4 10 2 2 2 12 5 1 19 6 16 4 8 2 4 2 8 4 16 6 19
CS (148, 1196) (454, 171) - 1 5 12 2 2 2 10 4 14 5 1 19 6 18 6 18 6 18 6 18 6 16 4 10 4 14 5 1 20 1 5 14 4 12 5 1 19 6 16 6 20 6 16 4 8 2 4 2 8 2 4 2 10 4 12 4 12 4 12 4 12 4 12 4 12 4 12 4 12 4 12 4 12 4 10 2 4 2 8 2 4 2 8 4 16 6 20 6 16 6 19 1 5 12 4 14 5 1 20 1 5 14 4 10 4 16 6 18 6 18 6 18 6 18 6 19 1 5 14 4 10 2 2 2 12 5 1 19 6 16 4 8 2 6 4 17 1 6 1 17 4 6 2 8 4 16 6 19
CS (200, 1816) (454, 135) - 1 5 12 4 12 4 12 4 12 4 12 4 12 4 12 4 12 4 12 4 12 4 12 4 12 4 12 5 1 17 4 8 4 16 6 20 6 16 6 19 1 6 1 17 6 18 6 19 1 5 14 5 1 19 6 18 6 17 1 6 1 19 6 16 6 20 6 16 5 1 21 6 15 1 7 21 1 5 16 6 19 1 5 12 4 14 5 1 20 1 5 14 5 1 19 6 18 6 17 1 6 1 19 6 16 6 20 6 16 4 8 4 16 4 8 4 16 4 8 4 16 6 20 6 16 6 19 1 6 1 17 6 18 6 19 1 5 14 5 1 20 1 5 14 4 12 5 1 19 6 16 5 1 21 7 1 15 6 21 1 5 16 6 20 6 16 6 19 1 6 1 17 6 18 6 19 1 5 14 5 1 19 6 18 6 17 1 6 1 19 6 16 6 20 6 16 4 8 4 17
CS (182, 1444) (455, 195) - 1 5 12 4 12 4 12 4 12 4 12 5 1 17 4 8 4 16 6 20 6 14 4 12 5 1 18 1 6 1 17 4 6 2 8 4 16 6 19 1 5 12 4 14 5 1 20 1 5 14 5 1 19 6 18 6 16 4 8 2 6 2 4 2 10 4 12 4 14 5 1 21 6 14 4 10 4 15 1 6 1 20 1 5 14 4 12 5 1 19 6 16 4 8 4 17 1 6 1 17 4 8 4 16 6 19 1 5 12 4 14 5 1 20 1 6 1 15 4 10 4 14 6 21 1 5 14 4 12 4 10 2 4 2 6 2 8 4 16 6 18 6 19 1 5 14 5 1 20 1 5 14 4 12 5 1 19 6 16 4 8 2 6 4 17 1 6 1 18 1 5 12 4 14 6 20 6 16 4 8 4 17
CS (128, 1100) (456, 193) - 1 5 14 4 8 2 6 2 6 4 17 1 6 1 17 6 17 1 6 1 17 6 19 1 5 14 4 10 4 14 6 20 6 16 6 18 6 18 6 16 4 8 2 4 2 8 4 16 6 18 6 18 6 16 6 20 6 14 4 10 4 14 5 1 19 6 17 1 6 1 17 6 17 1 6 1 17 4 6 2 6 2 8 4 14 5 1 20 1 5 16 6 18 6 18 6 16 5 1 20 1 5 14 5 1 19 6 16 6 19 1 5 14 5 1 20 1 5 16 6 18 6 18 6 16 5 1 20
CS (144, 1228) (456, 35) - 1 5 12 4 12 4 14 6 20 6 16 4 8 4 16 4 8 4 16 6 20 6 14 4 12 4 12 5 1 18 1 6 1 17 4 6 2 8 4 16 6 18 6 19 1 6 1 15 4 10 4 14 5 1 20 1 5 14 4 10 4 14 4 10 4 14 4 10 4 14 5 1 19 6 18 6 18 6 17 1 6 1 19 6 16 6 20 6 16 6 19 1 6 1 17 6 18 6 18 6 19 1 5 14 4 10 4 14 4 10 4 14 4 10 4 14 5 1 20 1 5 14 4 10 4 15 1 6 1 19 6 18 6 16 4 8 2 6 4 17 1 6 1 18
CS (150, 1160) (456, 128) - 1 5 12 4 12 4 12 4 12 4 12 4 12 4 12 4 12 4 12 4 12 4 12 4 12 5 1 17 4 6 2 8 2 2 2 12 4 12 4 10 2 4 2 8 4 16 6 19 1 5 12 4 14 4 8 2 6 2 6 4 18 6 17 1 6 1 18 1 5 12 4 14 6 20 6 17 1 6 1 17 6 20 7 1 15 6 20 6 16 6 20 6 15 1 7 20 6 17 1 6 1 17 6 20 6 14 4 12 5 1 18 1 6 1 17 6 18 4 6 2 6 2 8 4 14 4 12 5 1 19 6 16 4 8 2 4 2 10 4 12 4 12 2 2 2 8 2 6 4 17
CS (210, 1624) (456, 96) - 1 5 12 4 12 4 12 4 12 5 1 17 4 8 4 16 6 19 1 6 1 17 6 18 6 18 4 6 2 6 2 6 2 6 2 6 2 6 2 6 2 6 2 6 2 6 2 6 2 4 2 10 4 14 4 10 4 14 5 1 20 1 5 14 5 1 19 6 17 1 6 1 19 6 16 6 20 6 16 6 20 6 14 4 12 4 12 4 12 5 1 18 1 6 1 17 6 20 7 1 15 6 20 6 16 4 8 4 16 4 8 4 16 4 8 4 16 6 20 6 15 1 7 20 6 17 1 6 1 18 1 5 12 4 12 4 12 4 14 6 20 6 16 6 20 6 16 6 19 1 6 1 17 6 19 1 5 14 5 1 20 1 5 14 4 10 4 14 4 10 2 4 2 6 2 6 2 6 2 6 2 6 2 6 2 6 2 6 2 6 2 6 2 6 4 18 6 18 6 17 1 6 1 19 6 16 4 8 4 17
CS (134, 1076) (458, 125) - 1 5 12 4 10 4 14 5 1 20 1 5 15 1 6 1 18 1 6 1 15 4 8 4 16 6 16 6 19 1 5 14 5 1 19 6 16 6 17 1 6 1 17 6 16 6 19 1 5 14 5 1 19 6 16 6 16 4 8 4 15 1 6 1 18 1 6 1 15 5 1 20 1 5 14 4 10 4 12 5 1 17 6 18 6 15 1 6 1 19 6 14 4 10 4 12 4 10 4 14 4 8 4 15 1 6 1 18 1 6 1 15 4 8 4 14 4 10 4 12 4 10 4 14 6 19 1 6 1 15 6 18 6 17
CS (176, 1060) (458, 222) - 1 5 12 4 12 4 10 2 2 2 10 4 12 4 10 4 14 5 1 20 1 5 14 4 10 4 12 4 10 4 14 6 19 1 6 1 15 6 19 1 5 14 5 1 19 6 15 1 6 1 19 6 14 4 10 4 12 4 10 4 14 5 1 20 1 5 14 4 10 4 12 4 10 2 2 2 10 4 12 4 12 5 1 19 6 14 4 8 2 4 2 8 2 4 2 6 2 6 2 6 2 4 2 8 2 4 2 6 2 6 2 6 2 4 2 8 2 4 2 6 2 6 2 6 4 16 4 6 2 6 2 6 4 16 4 6 2 6 2 6 2 4 2 8 2 4 2 6 2 6 2 6 2 4 2 8 2 4 2 6 2 6 2 6 2 4 2 8 2 4 2 8 4 14 6 19
CS (192, 1668) (458, 85) - 1 5 12 4 14 5 1 20 1 5 14 5 1 19 6 18 6 16 4 10 4 12 4 14 6 21 1 5 16 6 20 6 14 4 12 4 12 4 10 2 2 2 12 4 10 2 4 2 8 4 15 1 6 1 20 1 5 14 4 10 4 16 6 18 6 18 6 18 6 18 6 18 6 18 6 18 6 16 4 10 4 14 5 1 20 1 6 1 15 4 8 2 4 2 10 4 12 2 2 2 10 4 12 4 12 4 14 6 20 6 16 5 1 21 6 14 4 12 4 10 4 16 6 18 6 19 1 5 14 5 1 20 1 5 14 4 12 5 1 19 6 16 5 1 21 6 14 4 10 4 16 6 18 6 18 6 19 1 5 14 4 10 4 14 4 10 4 14 4 10 4 14 5 1 19 6 18 6 18 6 16 4 10 4 14 6 21 1 5 16 6 19
CS (192, 1372) (459, 463) - 1 5 14 4 10 4 14 4 10 2 2 2 10 2 4 2 6 2 6 2 6 2 6 2 6 2 6 2 6 2 6 2 6 2 6 2 6 2 6 2 6 2 6 2 6 2 6 2 6 2 6 2 4 2 10 2 2 2 10 4 14 4 10 4 14 5 1 20 1 5 15 1 6 1 20 1 5 14 4 12 4 10 2 2 2 12 4 10 2 2 2 12 4 10 4 16 6 18 6 19 1 5 14 5 1 19 6 18 6 16 4 10 4 14 6 21 1 5 16 6 19 1 6 1 17 6 18 6 18 6 18 6 18 6 17 1 6 1 19 6 16 5 1 21 6 14 4 10 4 16 6 18 6 19 1 5 14 5 1 19 6 18 6 16 4 10 4 12 2 2 2 10 4 12 2 2 2 10 4 12 4 14 5 1 20 1 6 1 15 5 1 20
CS (136, 844) (460, 426) - 1 5 14 4 10 4 14 4 10 2 2 2 10 2 4 2 6 2 6 2 6 2 6 2 6 2 6 2 6 2 6 2 6 2 6 2 6 2 6 2 6 2 6 2 6 2 6 2 6 2 4 2 10 2 2 2 10 4 14 4 10 4 14 5 1 20 1 5 15 1 6 1 20 1 5 14 4 12 4 10 2 2 2 12 4 10 2 2 2 12 4 10 4 16 6 18 6 19 1 5 14 5 1 19 6 18 6 16 4 10 4 12 2 2 2 10 4 12 2 2 2 10 4 12 4 14 5 1 20 1 6 1 15 5 1 20
CS (160, 1332) (460, 101) - 1 5 12 4 13 1 7 19 1 6 1 16 1 6 1 19 7 1 13 4 12 5 1 18 1 6 1 17 6 18 6 16 6 18 6 18 6 14 4 12 5 1 19 6 14 4 10 4 14 4 8 4 16 6 18 6 17 1 6 1 17 6 18 6 16 6 18 6 18 6 15 1 7 20 6 14 4 8 2 6 2 4 2 10 4 10 2 4 2 6 2 6 2 6 2 4 2 10 4 10 2 4 2 6 2 8 4 14 6 20 7 1 15 6 18 6 18 6 16 6 18 6 17 1 6 1 17 6 18 6 16 4 8 4 14 4 10 4 14 6 19 1 5 12 4 14 6 18 6 18 6 16 6 18 6 17 1 6 1 18
CS (200, 1444) (460, 86) - 1 5 12 4 12 4 14 4 10 4 14 4 10 4 16 6 19 1 6 1 16 1 6 1 19 6 18 6 18 6 18 6 19 1 6 1 16 1 6 1 19 6 16 4 10 4 14 4 10 4 14 4 12 4 12 5 1 17 4 8 4 17 1 6 1 17 6 20 6 16 5 1 20 1 6 1 15 4 10 4 14 4 12 5 1 18 1 6 1 17 4 6 2 8 2 4 2 8 2 4 2 10 4 12 4 14 4 8 2 6 2 6 2 6 2 8 4 15 1 6 1 20 1 5 15 1 6 1 20 1 6 1 15 5 1 20 1 6 1 15 4 8 2 6 2 6 2 6 2 8 4 14 4 12 4 10 2 4 2 8 2 4 2 8 2 6 4 17 1 6 1 18 1 5 12 4 14 4 10 4 15 1 6 1 20 1 5 16 6 20 6 17 1 6 1 17 4 8 4 17
CS (212, 1380) (461, 13) - 1 5 12 4 12 4 10 2 2 2 10 4 12 4 10 4 14 5 1 20 1 5 14 4 10 4 12 4 10 4 14 6 19 1 6 1 15 6 19 1 5 14 5 1 19 6 15 1 7 20 6 14 4 10 4 12 4 10 4 14 6 20 7 1 15 6 19 1 5 14 5 1 19 6 15 1 6 1 19 6 14 4 10 4 12 4 10 4 14 5 1 20 1 5 14 4 10 4 12 4 10 2 2 2 10 4 12 4 12 5 1 19 6 14 4 8 2 4 2 8 2 4 2 6 2 6 2 6 2 4 2 8 2 4 2 6 2 6 2 6 2 4 2 8 2 4 2 6 2 6 2 6 4 17 1 5 12 4 12 5 1 18 1 5 12 4 12 5 1 17 4 6 2 6 2 6 2 4 2 8 2 4 2 6 2 6 2 6 2 4 2 8 2 4 2 6 2 6 2 6 2 4 2 8 2 4 2 8 4 14 6 19
CS (104, 772) (462, 112) - 1 5 12 2 2 2 10 4 10 2 4 2 8 4 14 4 8 2 4 2 8 2 4 2 8 4 15 1 6 1 19 6 15 1 7 20 6 16 6 18 6 16 6 20 7 1 15 6 19 1 6 1 15 4 8 2 4 2 8 2 4 2 8 4 14 4 8 2 4 2 10 4 10 2 2 2 12 5 1 19 6 16 6 18 6 17 1 6 1 17 6 18 6 17 1 6 1 17 6 18 6 16 6 19
CS (122, 960) (462, 431) - 1 5 14 4 10 2 4 2 6 2 6 2 6 2 6 2 6 4 18 6 17 1 6 1 17 6 19 1 5 14 5 1 19 6 16 5 1 20 1 5 14 5 1 19 6 16 6 20 6 16 6 19 1 5 14 5 1 20 1 5 16 6 19 1 5 14 5 1 19 6 17 1 6 1 17 6 18 4 6 2 6 2 6 2 6 2 6 2 4 2 10 4 14 5 1 19 6 18 6 16 4 10 4 12 4 12 4 12 4 12 4 12 4 12 4 10 4 16 6 18 6 19
CS (136, 1212) (462, 2167) - 1 5 12 4 12 4 12 4 14 6 20 6 15 1 7 20 6 16 5 1 21 6 14 4 12 5 1 19 6 16 6 20 6 16 5 1 21 6 15 1 7 21 1 5 16 6 19 1 5 12 4 14 5 1 20 1 5 14 5 1 20 1 5 14 4 12 5 1 19 6 16 5 1 21 7 1 15 6 21 1 5 16 6 20 6 16 6 19 1 5 12 4 14 6 21 1 5 16 6 20 7 1 15 6 20 6 14 4 12 4 12 4 12 5 1 18 1 6 1 17 6 19 1 6 1 16 1 6 1 19 6 17 1 6 1 18
CS (140, 1136) (462, 185) - 1 5 12 4 14 6 20 6 16 6 19 1 5 14 5 1 20 1 5 15 1 6 1 20 1 5 16 6 19 1 5 14 5 1 19 6 17 1 6 1 17 6 19 1 5 14 4 10 4 14 5 1 19 6 17 1 6 1 17 6 19 1 5 14 5 1 19 6 16 5 1 20 1 6 1 15 5 1 20 1 5 14 5 1 19 6 16 6 20 6 14 4 12 5 1 18 1 6 1 17 6 18 6 17 1 6 1 17 4 6 2 8 4 14 4 10 2 2 2 10 4 14 4 8 2 6 4 17 1 6 1 17 6 18 6 17 1 6 1 18
CS (164, 1168) (463, 240) - 1 5 12 4 12 4 10 2 2 2 10 4 12 4 10 4 14 5 1 20 1 5 14 4 10 4 12 4 10 4 14 6 19 1 6 1 15 6 19 1 5 14 5 1 19 6 15 1 6 1 19 6 14 4 10 4 12 4 10 4 14 5 1 20 1 5 14 4 10 4 12 4 10 2 2 2 10 4 12 4 12 5 1 19 6 14 5 1 19 7 1 13 4 10 4 12 4 12 4 10 4 12 4 12 4 10 4 12 4 12 4 8 2 6 2 4 2 8 2 4 2 6 2 6 2 6 2 4 2 8 2 4 2 6 2 8 4 12 4 12 4 10 4 12 4 12 4 10 4 12 4 12 4 10 4 13 1 7 19 1 5 14 6 19
CS (168, 1412) (463, 696) - 1 5 12 2 2 2 10 4 14 5 1 21 7 1 15 4 8 2 6 2 4 2 10 4 14 6 20 6 17 1 6 1 17 4 8 4 16 6 19 1 6 1 17 6 18 6 18 6 18 6 18 6 18 6 17 1 6 1 19 6 16 4 8 4 17 1 6 1 17 6 20 6 14 4 10 2 4 2 6 2 8 4 15 1 7 21 1 5 14 4 10 2 2 2 12 5 1 19 6 16 4 8 2 4 2 10 4 12 4 12 4 14 6 20 6 16 6 20 6 16 6 19 1 6 1 17 6 18 6 19 1 5 14 5 1 19 6 18 6 17 1 6 1 19 6 16 6 20 6 16 6 20 6 14 4 12 4 12 4 10 2 4 2 8 4 16 6 19
CS (136, 1176) (464, 40) - 1 5 12 4 12 4 14 6 20 6 16 5 1 21 6 14 4 12 4 10 4 16 6 18 4 6 2 6 2 8 4 14 4 12 5 1 19 6 17 1 6 1 18 1 6 1 17 6 19 1 5 12 4 14 4 8 2 6 2 6 4 18 6 16 4 10 4 12 4 14 6 21 1 5 16 6 20 6 14 4 12 4 12 5 1 18 1 6 1 17 6 20 6 14 4 12 5 1 19 6 16 6 20 6 16 4 8 4 16 4 8 4 16 4 8 4 16 6 20 6 16 6 19 1 5 12 4 14 6 20 6 17 1 6 1 18
CS (144, 1000) (464, 233) - 1 5 12 2 2 2 10 4 14 5 1 21 7 1 15 4 8 2 6 2 4 2 10 4 12 4 14 6 20 6 16 4 8 2 4 2 8 2 4 2 8 2 4 2 8 2 4 2 8 2 4 2 8 4 16 6 20 6 14 4 12 4 10 2 4 2 6 2 8 4 15 1 7 21 1 5 14 4 10 2 2 2 12 5 1 19 6 16 4 8 2 4 2 10 4 12 4 12 4 12 4 12 4 12 4 12 4 12 4 12 4 12 5 1 18 1 5 12 4 12 4 12 4 12 4 12 4 12 4 12 4 12 4 12 4 10 2 4 2 8 4 16 6 19
CS (144, 1132) (464, 58) - 1 5 12 4 14 5 1 20 1 5 14 4 10 4 14 5 1 19 6 17 1 6 1 17 6 19 1 5 14 4 10 4 14 5 1 20 1 5 14 4 12 5 1 19 6 16 6 19 1 6 1 15 4 10 4 12 4 14 6 20 6 14 4 12 5 1 18 1 6 1 16 1 6 1 19 6 16 6 19 1 6 1 15 4 8 2 6 2 4 2 10 4 12 4 12 4 10 2 4 2 6 2 8 4 15 1 6 1 19 6 16 6 19 1 6 1 16 1 6 1 18 1 5 12 4 14 6 20 6 14 4 12 4 10 4 15 1 6 1 19 6 16 6 19
CS (100, 844) (465, 120) - 1 5 12 4 14 4 10 4 14 4 8 2 6 2 6 2 8 4 14 4 10 4 14 4 12 5 1 19 6 17 1 6 1 19 6 16 4 8 2 6 4 18 6 16 4 10 4 14 5 1 20 1 5 14 5 1 19 6 18 6 18 6 18 6 18 6 18 6 18 6 19 1 5 14 5 1 20 1 5 14 4 10 4 16 6 18 4 6 2 8 4 16 6 19 1 6 1 17 6 19
CS (176, 1352) (465, 2532) - 1 5 12 4 12 4 12 4 14 6 20 6 16 6 19 1 6 1 17 6 19 1 5 14 5 1 20 1 5 14 4 10 4 14 4 10 2 4 2 6 2 6 2 6 2 6 2 6 2 6 2 6 2 6 2 6 2 6 2 6 2 4 2 10 4 14 4 10 4 14 5 1 20 1 5 14 5 1 19 6 17 1 6 1 19 6 16 6 20 6 14 4 12 4 12 4 12 5 1 18 1 6 1 17 6 19 1 5 12 4 14 4 8 2 6 2 4 2 10 4 14 6 21 1 5 16 6 19 1 6 1 17 6 18 6 18 6 18 6 18 6 18 6 17 1 6 1 19 6 16 5 1 21 6 14 4 10 2 4 2 6 2 8 4 14 4 12 5 1 19 6 17 1 6 1 18
CS (112, 896) (466, 2324) - 1 5 14 4 10 4 14 4 10 4 14 4 10 4 14 4 10 4 14 5 1 20 1 5 14 4 10 4 15 1 6 1 20 1 5 15 1 7 21 1 5 14 4 12 4 10 2 2 2 12 4 10 4 16 6 18 6 18 6 19 1 5 14 4 10 4 14 4 10 4 14 5 1 19 6 18 6 18 6 16 4 10 4 12 2 2 2 10 4 12 4 14 5 1 21 7 1 15 5 1 20 1 6 1 15 4 10 4 14 5 1 20
CS (114, 896) (466, 2580) - 1 5 12 4 12 4 10 4 13 1 7 18 4 4 2 10 4 12 4 10 4 14 5 1 20 1 5 14 4 10 4 12 4 10 4 14 5 1 19 6 16 6 18 6 16 6 18 6 16 6 19 1 5 14 4 10 4 12 4 10 4 14 5 1 20 1 5 14 4 10 4 12 4 10 2 4 4 18 7 1 13 4 10 4 12 4 12 5 1 18 1 5 12 4 12 5 1 18 1 5 12 4 12 5 1 18 1 5 12 4 12 5 1 18
CS (132, 1060) (466, 12307) - 1 5 12 4 12 4 12 4 12 4 12 4 10 4 15 1 6 1 19 6 16 6 19 1 5 14 5 1 20 1 5 14 4 12 5 1 19 6 15 1 7 20 6 16 6 20 7 1 15 6 19 1 5 12 4 14 5 1 20 1 5 14 5 1 19 6 16 6 19 1 6 1 15 4 10 4 12 4 12 4 12 4 12 4 12 5 1 18 1 6 1 17 6 17 1 6 1 17 4 6 2 8 4 15 1 6 1 19 6 16 6 19 1 6 1 15 4 8 2 6 4 17 1 6 1 17 6 17 1 6 1 18
CS (164, 1356) (466, 4601) - 1 5 12 4 10 2 4 2 6 2 4 2 10 4 10 2 2 2 10 4 14 6 18 6 17 1 5 12 5 1 17 6 18 6 14 4 10 4 14 6 18 6 17 1 5 12 5 1 17 6 18 6 14 4 10 4 14 6 18 6 17 1 5 12 5 1 17 6 18 6 14 4 10 2 2 2 10 4 10 2 4 2 6 2 4 2 10 4 12 5 1 18 1 5 12 4 12 5 1 17 4 6 2 6 2 6 4 16 6 18 6 16 6 18 6 16 6 18 6 16 6 18 6 16 6 18 6 16 6 18 6 16 6 18 6 16 6 18 6 16 6 18 6 16 6 18 6 16 4 6 2 6 2 6 4 17 1 5 12 4 12 5 1 18
CS (188, 1248) (466, 3347) - 1 5 14 4 10 4 14 4 10 2 2 2 10 2 2 2 10 2 2 2 10 2 2 2 10 4 14 4 10 4 14 5 1 19 6 18 6 18 6 18 6 17 1 6 1 19 6 16 5 1 21 6 14 4 10 2 4 2 6 2 8 4 15 1 6 1 20 1 5 14 4 10 4 14 4 10 2 4 2 6 2 6 2 6 2 6 2 6 2 6 2 6 2 6 2 6 2 6 2 6 2 6 2 6 2 6 2 6 2 4 2 10 4 14 4 10 4 14 5 1 20 1 6 1 15 4 8 2 6 2 4 2 10 4 14 6 21 1 5 16 6 19 1 6 1 17 6 18 6 18 6 18 6 19 1 5 14 4 10 4 14 4 10 2 2 2 10 2 2 2 10 2 2 2 10 2 2 2 10 4 14 4 10 4 14 5 1 20
CS (192, 1588) (466, 25874) - 1 5 12 4 12 4 12 4 12 4 12 4 12 4 12 4 12 4 12 4 12 4 10 2 4 2 8 4 16 6 20 7 1 15 6 20 6 16 6 20 6 16 6 20 6 14 4 12 4 12 4 10 2 2 2 12 4 10 2 4 2 8 4 15 1 7 21 1 5 14 4 12 5 1 19 6 16 6 20 6 16 4 8 4 17 1 5 12 4 12 4 12 4 12 4 12 4 12 4 12 4 12 4 12 5 1 17 4 8 4 16 6 20 6 16 6 19 1 5 12 4 14 5 1 21 7 1 15 4 8 2 4 2 10 4 12 2 2 2 10 4 12 4 12 4 14 6 20 6 16 6 20 6 16 6 20 6 15 1 7 20 6 16 4 8 2 4 2 10 4 12 4 12 4 12 4 12 4 12 4 12 4 12 4 12 4 12 4 12 5 1 18
CS (192, 1672) (468, 90) - 1 5 12 2 2 2 10 4 14 5 1 20 1 5 14 5 1 19 6 17 1 6 1 19 6 16 6 20 6 16 6 20 6 16 6 19 1 6 1 17 6 19 1 5 14 5 1 20 1 5 14 4 10 2 2 2 12 5 1 19 6 17 1 6 1 18 1 6 1 17 6 20 7 1 15 6 20 6 16 4 8 4 17 1 6 1 17 6 19 1 6 1 17 6 18 6 18 6 18 6 17 1 6 1 19 6 17 1 6 1 18 1 5 12 4 12 4 12 4 14 6 20 6 16 6 20 6 16 6 20 6 14 4 12 4 12 4 12 5 1 18 1 6 1 17 6 19 1 6 1 17 6 18 6 18 6 18 6 17 1 6 1 19 6 17 1 6 1 17 4 8 4 16 6 20 6 15 1 7 20 6 17 1 6 1 18 1 6 1 17 6 19
CS (124, 1092) (470, 74) - 1 5 12 5 1 17 6 18 6 18 6 18 6 16 4 8 4 16 6 20 6 14 5 1 18 1 6 1 17 6 18 6 16 4 10 4 12 4 12 4 12 4 10 4 16 6 18 6 17 1 6 1 18 1 5 14 6 20 6 16 4 8 4 16 6 18 6 18 6 18 6 17 1 5 12 5 1 17 6 19 1 5 14 4 10 4 14 5 1 20 1 5 15 1 6 1 19 6 16 4 8 4 16 6 19 1 6 1 15 5 1 20 1 5 14 4 10 4 14 5 1 19 6 17
CS (126, 1052) (470, 102) - 1 5 10 2 4 2 8 4 16 6 18 6 18 6 17 1 6 1 17 4 6 2 6 2 6 2 8 4 14 5 1 19 6 17 1 6 1 17 6 18 6 18 6 17 1 6 1 17 6 18 6 18 6 17 1 6 1 17 6 19 1 5 14 4 8 2 6 2 6 2 6 4 17 1 6 1 17 6 18 6 18 6 16 4 8 2 4 2 10 5 1 17 6 18 6 18 6 18 6 16 5 1 20 1 6 1 15 6 20 6 15 1 6 1 20 1 5 16 6 18 6 18 6 18 6 17
CS (128, 1016) (470, 77) - 1 5 12 4 12 2 2 2 10 4 14 4 10 4 14 4 12 4 10 2 4 2 8 4 16 4 8 2 6 4 18 6 17 1 6 1 18 1 6 1 17 6 18 4 6 2 8 4 16 4 8 2 4 2 10 4 12 4 14 4 10 4 14 4 10 2 2 2 12 4 12 5 1 17 4 8 4 16 4 8 2 6 4 18 6 18 6 18 6 20 6 14 4 12 4 14 6 21 1 5 16 5 1 21 6 14 4 12 4 14 6 20 6 18 6 18 6 18 4 6 2 8 4 16 4 8 4 17
CS (132, 980) (470, 23) - 1 5 12 2 2 2 10 4 12 4 12 4 12 4 12 4 12 5 1 18 1 5 12 4 12 2 2 2 8 2 4 2 8 2 2 2 12 4 12 5 1 18 1 5 12 4 12 4 12 4 12 4 12 4 10 2 2 2 12 5 1 18 1 6 1 17 6 18 6 18 6 16 4 8 2 6 4 16 4 8 4 16 6 20 7 1 15 6 19 1 6 1 16 1 6 1 18 1 6 1 16 1 6 1 19 6 15 1 7 20 6 16 4 8 4 16 4 6 2 8 4 16 6 18 6 18 6 17 1 6 1 18
CS (148, 1180) (470, 151) - 1 5 12 4 12 4 12 4 12 4 12 4 12 2 2 2 8 2 4 2 8 2 4 2 8 2 4 2 8 2 2 2 12 4 12 4 12 4 12 4 12 4 12 5 1 17 4 8 4 16 4 8 4 16 6 20 6 16 6 19 1 5 12 4 14 6 20 6 17 1 6 1 18 1 5 12 4 12 4 14 6 20 6 16 4 8 4 17 1 5 12 4 12 4 12 4 12 4 12 4 12 4 12 5 1 17 4 8 4 16 6 20 6 14 4 12 4 12 5 1 18 1 6 1 17 6 20 6 14 4 12 5 1 19 6 16 6 20 6 16 4 8 4 16 4 8 4 17
CS (160, 1296) (470, 68) - 1 5 12 4 14 6 21 1 5 16 6 20 7 1 13 4 12 4 12 4 12 4 12 4 12 4 12 4 12 4 12 4 12 4 12 4 12 4 12 4 13 1 7 20 6 16 5 1 21 6 14 4 12 5 1 18 1 6 1 17 4 6 2 8 2 2 2 12 4 12 4 10 2 4 2 8 4 16 6 20 6 16 6 19 1 5 12 4 14 6 21 1 5 16 6 20 7 1 13 4 12 4 12 4 12 4 12 4 12 4 12 4 12 4 12 4 13 1 7 20 6 16 5 1 21 6 14 4 12 5 1 19 6 16 6 20 6 16 4 8 2 4 2 10 4 12 4 12 2 2 2 8 2 6 4 17 1 6 1 18
CS (172, 1352) (470, 49) - 1 5 14 4 10 4 14 4 10 2 4 2 6 2 6 2 6 2 6 2 6 2 6 2 6 2 6 2 6 2 6 2 6 2 6 2 6 2 4 2 10 4 14 4 10 4 14 5 1 20 1 6 1 15 4 8 2 6 4 18 6 16 4 8 2 4 2 10 4 12 4 12 4 14 6 20 6 16 6 20 6 16 6 20 6 15 1 7 20 6 17 1 6 1 17 4 8 4 16 6 19 1 6 1 17 6 18 6 18 6 18 6 18 6 18 6 17 1 6 1 19 6 16 4 8 4 17 1 6 1 17 6 20 7 1 15 6 20 6 16 6 20 6 16 6 20 6 14 4 12 4 12 4 10 2 4 2 8 4 16 6 18 4 6 2 8 4 15 1 6 1 20
CS (172, 1484) (470, 3697) - 1 5 12 4 12 4 14 6 20 6 16 6 20 6 16 5 1 21 6 16 6 18 4 8 4 16 6 18 4 6 2 8 4 15 1 7 21 1 5 14 4 10 2 4 2 6 2 8 4 14 4 12 5 1 19 6 17 1 6 1 18 1 6 1 17 6 19 1 5 12 4 14 4 8 2 6 2 4 2 10 4 14 5 1 21 7 1 15 4 8 2 6 4 18 6 16 4 8 4 18 6 16 6 21 1 5 16 6 20 6 16 6 20 6 14 4 12 4 12 5 1 18 1 6 1 17 6 20 6 14 4 12 5 1 19 6 16 6 20 6 16 4 8 4 16 4 8 4 16 4 8 4 16 6 20 6 16 6 19 1 5 12 4 14 6 20 6 17 1 6 1 18
CS (136, 1052) (471, 10228) - 1 5 12 4 12 4 12 4 12 4 12 5 1 17 4 8 4 16 6 20 6 14 4 12 4 10 2 2 2 12 4 10 2 4 2 8 4 15 1 7 21 1 5 14 4 12 5 1 19 6 16 5 1 21 7 1 15 6 20 6 16 4 8 2 4 2 8 2 6 4 16 4 8 4 16 4 8 4 16 4 6 2 8 2 4 2 8 4 16 6 20 6 15 1 7 21 1 5 16 6 19 1 5 12 4 14 5 1 21 7 1 15 4 8 2 4 2 10 4 12 2 2 2 10 4 12 4 14 6 20 6 16 4 8 4 17
CS (168, 1360) (471, 163) - 1 5 12 4 14 5 1 21 7 1 15 4 8 2 6 4 18 6 16 5 1 20 1 6 1 15 4 10 4 14 4 10 4 14 5 1 20 1 5 14 4 10 4 14 4 10 4 15 1 6 1 20 1 5 16 6 18 4 6 2 8 4 15 1 7 21 1 5 14 4 12 5 1 19 6 16 5 1 21 6 14 4 10 2 4 2 6 2 8 4 15 1 6 1 20 1 5 14 4 10 4 16 6 18 6 18 6 18 6 19 1 5 14 4 10 4 14 4 10 4 14 4 10 4 14 4 10 4 14 5 1 19 6 18 6 18 6 18 6 16 4 10 4 14 5 1 20 1 6 1 15 4 8 2 6 2 4 2 10 4 14 6 21 1 5 16 6 19
CS (118, 924) (472, 71) - 1 5 12 4 12 4 12 4 12 4 12 4 12 5 1 17 4 8 4 16 6 20 6 14 4 12 4 10 2 4 2 8 4 15 1 7 21 1 5 14 4 12 5 1 19 6 16 5 1 21 7 1 15 6 20 6 16 4 8 2 4 2 8 2 4 2 8 2 4 2 8 2 4 2 8 4 16 6 20 6 15 1 7 21 1 5 16 6 19 1 5 12 4 14 5 1 21 7 1 15 4 8 2 4 2 10 4 12 4 14 6 20 6 16 4 8 4 17
CS (144, 1276) (472, 7) - 1 5 12 4 12 4 12 4 12 4 12 4 12 4 12 4 12 4 12 5 1 18 1 5 12 4 12 4 12 4 12 4 12 4 13 1 7 20 6 16 6 20 6 16 6 20 6 16 6 19 1 6 1 17 6 18 6 18 6 18 6 19 1 5 14 4 10 4 14 4 10 4 15 1 6 1 19 6 17 1 6 1 18 1 6 1 17 6 19 1 6 1 15 4 10 4 14 4 10 4 14 5 1 19 6 18 6 18 6 18 6 17 1 6 1 19 6 16 6 20 6 16 6 20 6 16 6 20 7 1 13 4 12 4 12 4 12 4 12 4 12 5 1 18
CS (130, 968) (473, 230) - 1 5 12 4 12 2 2 2 10 4 12 4 12 4 14 6 20 6 17 1 5 12 4 12 4 12 4 12 4 12 4 12 4 12 4 12 4 12 4 12 5 1 17 6 20 6 14 4 12 4 12 4 10 2 2 2 12 4 12 5 1 18 1 5 12 4 12 4 12 2 2 2 8 2 6 4 17 1 5 12 4 12 4 12 4 12 4 12 4 12 4 12 4 12 4 12 4 12 4 12 4 12 4 12 4 12 4 12 4 12 4 12 5 1 17 4 6 2 8 2 2 2 12 4 12 4 12 5 1 18
CS (140, 1052) (474, 1246) - 1 5 12 4 12 2 2 2 8 2 6 4 17 1 6 1 17 4 6 2 8 2 2 2 12 4 12 5 1 18 1 6 1 17 4 6 2 8 4 16 6 19 1 5 12 4 14 5 1 20 1 5 14 5 1 19 6 18 6 16 4 10 4 12 4 14 5 1 20 1 6 1 16 1 6 1 19 6 16 4 8 4 17 1 6 1 17 4 8 4 16 6 19 1 6 1 16 1 6 1 20 1 5 14 4 12 4 10 4 16 6 18 6 19 1 5 14 5 1 20 1 5 14 4 12 5 1 19 6 16 4 8 2 6 4 17 1 6 1 18
CS (148, 1012) (474, 199) - 1 5 10 2 4 2 6 2 6 2 4 2 10 4 10 4 14 4 8 4 16 6 16 4 8 4 15 1 6 1 18 1 5 12 4 12 4 10 4 14 6 18 6 18 6 14 4 10 4 12 4 10 2 4 2 4 2 10 4 12 4 10 4 14 6 18 6 18 6 14 4 10 4 12 4 12 5 1 18 1 6 1 15 4 8 4 16 6 16 4 8 4 14 4 10 4 10 2 4 2 6 2 6 2 4 2 10 5 1 17 6 17 1 5 10 2 4 2 6 2 6 2 4 2 10 5 1 17 6 17 1 5 10 2 4 2 6 2 6 2 4 2 10 5 1 17 6 17
CS (190, 1456) (474, 75) - 1 5 12 2 2 2 10 2 2 2 10 2 2 2 12 4 10 4 16 6 20 6 16 4 8 2 6 2 4 2 10 4 14 4 10 4 16 6 19 1 5 14 5 1 20 1 5 16 6 20 6 16 5 1 21 6 14 4 12 4 12 4 12 4 14 6 21 1 5 16 6 20 6 16 5 1 20 1 5 14 5 1 19 6 16 4 10 4 14 4 10 2 4 2 6 2 8 4 16 6 20 6 16 4 10 4 12 2 2 2 10 2 2 2 10 2 2 2 12 5 1 18 1 6 1 17 4 8 4 16 4 8 4 18 6 16 4 10 4 14 4 10 2 4 2 6 2 8 4 16 6 20 6 17 1 6 1 17 6 20 6 16 4 8 2 6 2 4 2 10 4 14 4 10 4 16 6 18 4 8 4 16 4 8 4 17 1 6 1 18
CS (104, 644) (475, 54) - 1 5 12 2 2 2 10 4 10 2 4 2 6 2 6 2 6 2 4 2 10 4 10 2 4 2 6 2 6 2 6 4 17 1 5 12 4 10 2 4 2 6 2 6 2 4 2 10 4 12 5 1 17 4 6 2 6 2 6 2 4 2 10 4 10 2 4 2 6 2 6 2 6 2 4 2 10 4 10 2 2 2 12 5 1 19 6 16 6 18 6 16 6 18 6 18 6 16 6 18 6 16 6 19
CS (144, 1152) (475, 17) - 1 5 12 4 14 4 10 4 14 4 10 2 4 2 8 4 16 6 20 6 17 1 6 1 17 6 20 6 17 1 6 1 17 6 20 6 16 4 8 2 4 2 10 4 14 4 10 4 14 4 12 5 1 19 6 16 4 8 2 6 2 6 2 6 2 6 2 6 2 6 2 8 4 16 6 19 1 6 1 17 6 18 6 20 6 16 5 1 21 6 15 1 7 21 1 5 16 6 20 6 16 5 1 21 7 1 15 6 21 1 5 16 6 20 6 18 6 17 1 6 1 19 6 16 4 8 2 6 2 6 2 6 2 6 2 6 2 6 2 8 4 16 6 19
CS (164, 1160) (476, 634) - 1 5 12 4 14 5 1 20 1 5 14 5 1 20 1 5 14 4 12 5 1 19 6 16 4 8 2 4 2 10 4 12 4 12 4 12 2 2 2 8 2 4 2 8 2 4 2 8 2 6 4 16 5 1 21 6 16 6 19 1 5 12 4 14 6 21 1 5 16 6 19 1 6 1 17 6 18 6 18 4 6 2 6 2 6 2 6 2 6 2 6 2 6 2 6 2 6 2 6 2 6 2 6 2 6 4 18 6 18 6 17 1 6 1 19 6 16 5 1 21 6 14 4 12 5 1 19 6 16 6 21 1 5 16 4 6 2 8 2 4 2 8 2 4 2 8 2 2 2 12 4 12 4 12 4 10 2 4 2 8 4 16 6 19
CS (184, 1332) (476, 6147) - 1 5 12 4 12 4 14 6 20 6 16 4 8 2 4 2 8 2 4 2 8 2 4 2 8 2 4 2 8 2 4 2 8 2 4 2 8 2 2 2 12 4 12 4 12 4 10 2 4 2 8 4 16 6 19 1 5 12 4 14 4 8 2 6 4 18 6 16 4 8 2 4 2 10 4 12 4 14 6 20 6 16 6 20 6 16 6 20 6 16 6 20 6 14 4 12 4 10 2 4 2 8 4 16 6 18 4 6 2 8 4 14 4 12 5 1 19 6 16 4 8 2 4 2 10 4 12 4 12 4 12 2 2 2 8 2 4 2 8 2 4 2 8 2 4 2 8 2 4 2 8 2 4 2 8 2 4 2 8 4 16 6 20 6 14 4 12 4 12 5 1 19 6 16 6 20 6 16 6 20 6 16 6 19
CS (190, 1700) (476, 136) - 1 5 12 2 2 2 10 4 15 1 6 1 19 6 18 6 18 6 18 6 20 6 14 4 14 6 20 6 18 6 18 6 18 6 19 1 5 14 5 1 19 6 18 6 19 1 5 14 4 10 4 16 6 20 6 16 6 21 1 5 16 5 1 21 6 16 6 20 6 16 4 10 4 14 5 1 19 6 18 6 19 1 5 14 5 1 19 6 18 6 18 6 18 6 20 6 14 4 14 6 20 6 18 6 18 6 18 6 19 1 6 1 15 4 10 2 2 2 12 5 1 18 1 6 1 17 4 8 4 16 4 8 4 18 6 16 4 10 4 14 4 10 2 4 2 6 2 8 4 16 6 20 6 17 1 6 1 17 6 20 6 16 4 8 2 6 2 4 2 10 4 14 4 10 4 16 6 18 4 8 4 16 4 8 4 17 1 6 1 18
CS (144, 1124) (477, 305) - 1 5 12 2 2 2 10 4 14 6 21 1 5 16 6 19 1 5 12 4 14 5 1 21 7 1 15 4 8 2 4 2 10 4 12 4 14 6 20 6 16 4 8 4 17 1 5 12 4 12 4 12 4 12 4 12 4 12 4 12 5 1 17 4 8 4 16 6 20 6 14 4 12 4 10 2 4 2 8 4 15 1 7 21 1 5 14 4 12 5 1 19 6 16 5 1 21 6 14 4 10 2 2 2 12 5 1 19 6 16 4 8 2 4 2 10 4 12 4 12 4 12 4 12 4 12 4 12 4 12 4 12 4 12 4 10 2 4 2 8 4 16 6 19
CS (110, 908) (478, 119) - 1 5 12 4 12 5 1 17 6 19 1 5 14 5 1 19 6 16 4 8 4 16 6 19 1 6 1 15 5 1 20 1 5 14 4 10 4 14 5 1 19 6 17 1 6 1 17 6 18 6 18 6 16 4 8 2 4 2 8 2 4 2 8 4 16 6 18 6 18 6 17 1 6 1 17 6 19 1 5 14 4 10 4 14 5 1 20 1 5 15 1 6 1 19 6 16 4 8 4 16 6 19 1 5 14 5 1 19 6 17
CS (132, 1032) (478, 81228) - 1 5 12 4 12 4 12 4 10 4 12 2 2 2 8 4 16 6 16 4 8 4 16 6 16 4 8 2 2 2 12 4 10 4 12 4 12 4 12 5 1 19 6 14 4 10 4 12 4 12 4 10 2 2 2 10 4 12 4 12 4 10 4 14 6 19 1 5 12 4 12 4 12 4 10 4 14 6 19 1 5 14 6 20 7 1 14 1 7 20 6 14 5 1 19 6 14 4 10 4 12 4 12 4 12 5 1 19 6 14 4 10 4 12 4 12 4 10 2 2 2 10 4 12 4 12 4 10 4 14 6 19
CS (204, 1652) (478, 470) - 1 5 12 2 2 2 10 4 14 5 1 20 1 5 14 4 10 4 14 4 10 4 14 4 10 4 14 5 1 20 1 5 14 4 10 2 2 2 12 5 1 19 6 17 1 6 1 19 6 16 6 19 1 6 1 17 6 19 1 6 1 16 1 6 1 19 6 18 6 16 5 1 20 1 6 1 16 1 6 1 19 6 16 4 8 2 6 4 17 1 6 1 18 1 5 12 4 12 4 14 6 20 6 16 5 1 21 6 14 4 12 4 10 4 16 6 19 1 5 14 5 1 20 1 5 14 5 1 19 6 16 4 10 4 12 4 14 6 21 1 5 16 6 20 6 14 4 12 4 12 5 1 18 1 6 1 17 4 6 2 8 4 16 6 19 1 6 1 16 1 6 1 20 1 5 16 6 18 6 19 1 6 1 16 1 6 1 19 6 17 1 6 1 19 6 16 6 19 1 6 1 17 6 19
CS (136, 1180) (480, 855) - 1 5 12 4 12 4 12 4 12 4 12 4 12 4 12 5 1 17 4 8 4 16 6 20 6 14 4 12 4 12 5 1 18 1 6 1 17 6 20 6 14 4 12 5 1 19 6 16 6 20 6 16 4 8 4 16 4 8 4 17 1 5 12 4 12 4 12 4 12 4 12 4 12 4 14 6 20 6 14 4 12 4 12 4 12 4 12 4 12 4 12 5 1 17 4 8 4 16 4 8 4 16 6 20 6 16 6 19 1 5 12 4 14 6 20 6 17 1 6 1 18 1 5 12 4 12 4 14 6 20 6 16 4 8 4 17
CS (162, 1380) (480, 4668) - 1 5 14 4 10 4 16 6 18 6 18 6 18 6 18 6 18 6 18 6 18 6 17 1 6 1 19 6 16 4 8 4 17 1 6 1 17 4 8 4 16 6 19 1 6 1 17 6 18 6 18 6 18 6 18 6 18 6 18 6 18 6 16 4 10 4 14 5 1 20 1 5 14 5 1 19 6 18 6 16 4 8 2 6 4 18 6 16 4 8 2 4 2 10 4 12 4 14 6 20 6 16 4 8 4 16 4 8 2 4 2 8 2 4 2 8 2 4 2 8 2 4 2 8 4 16 4 8 4 16 6 20 6 14 4 12 4 10 2 4 2 8 4 16 6 18 4 6 2 8 4 16 6 18 6 19 1 5 14 5 1 20
CS (184, 1552) (480, 268) - 1 5 12 4 12 4 14 6 20 6 16 5 1 21 6 14 4 12 4 10 4 16 6 18 4 6 2 6 2 8 4 14 4 10 2 4 2 6 2 6 2 6 2 6 2 8 4 14 4 10 4 14 4 8 2 6 2 6 2 6 2 6 2 4 2 10 4 14 4 8 2 6 2 6 4 18 6 16 4 10 4 12 4 14 6 21 1 5 16 6 20 6 14 4 12 4 12 5 1 18 1 6 1 17 6 20 7 1 15 6 20 6 16 6 20 6 16 6 20 6 16 6 19 1 6 1 17 6 18 6 18 6 19 1 5 14 4 10 4 14 4 10 4 14 4 10 4 14 5 1 19 6 18 6 18 6 17 1 6 1 19 6 16 6 20 6 16 6 20 6 16 6 20 6 15 1 7 20 6 17 1 6 1 18
CS (166, 1196) (481, 3912) - 1 5 12 4 12 4 12 4 12 4 12 4 12 5 1 17 4 8 4 16 6 20 6 14 4 12 4 10 2 2 2 12 4 10 2 4 2 6 2 8 4 15 1 6 1 20 1 5 14 4 10 4 15 1 6 1 20 1 5 14 4 12 5 1 19 6 16 5 1 21 7 1 15 6 20 6 16 4 8 2 4 2 8 2 4 2 8 2 4 2 8 2 4 2 8 2 4 2 8 2 4 2 8 4 16 6 20 6 15 1 7 21 1 5 16 6 19 1 5 12 4 14 5 1 20 1 6 1 15 4 10 4 14 5 1 20 1 6 1 15 4 8 2 6 2 4 2 10 4 12 2 2 2 10 4 12 4 14 6 20 6 16 4 8 4 17
CS (118, 840) (482, 164) - 1 5 12 2 2 2 10 4 14 4 8 2 6 2 6 4 18 6 17 1 6 1 19 6 16 6 20 6 16 6 20 6 16 6 19 1 6 1 17 6 18 4 6 2 6 2 8 4 14 4 10 2 2 2 12 5 1 19 6 18 6 16 4 8 2 4 2 10 4 12 2 2 2 10 4 12 4 12 2 2 2 8 2 6 4 17 1 6 1 17 4 6 2 8 2 2 2 12 4 12 4 10 2 2 2 12 4 10 2 4 2 8 4 16 6 18 6 19
CS (150, 1044) (482, 113) - 1 5 12 4 12 4 12 4 12 4 12 2 2 2 8 2 4 2 10 4 12 4 12 4 12 4 14 6 20 6 16 4 8 4 17 1 6 1 17 4 8 4 16 6 20 6 14 4 12 4 12 4 12 4 10 2 4 2 8 2 2 2 12 4 12 4 12 4 12 4 12 5 1 17 4 8 4 16 4 6 2 8 2 4 2 8 2 4 2 8 2 4 2 8 4 16 4 8 4 16 4 8 4 16 4 8 4 16 4 8 4 16 4 8 4 16 4 8 4 16 4 8 4 16 4 8 4 16 4 8 2 4 2 8 2 4 2 8 2 4 2 8 2 6 4 16 4 8 4 17
CS (154, 1248) (482, 5761) - 1 5 10 2 4 2 8 4 16 6 18 6 18 6 18 6 16 4 8 4 17 1 5 12 4 12 4 12 4 12 4 12 5 1 18 1 5 12 4 12 4 12 4 12 4 12 5 1 17 4 8 4 16 6 18 6 18 6 18 6 16 4 8 2 4 2 10 5 1 17 6 18 6 18 6 18 6 16 4 8 4 16 4 8 4 16 6 18 6 19 1 5 14 4 10 2 2 2 10 4 14 4 8 2 6 2 4 2 10 4 12 4 12 4 10 2 4 2 6 2 8 4 14 4 10 2 2 2 10 4 14 5 1 19 6 18 6 16 4 8 4 16 4 8 4 16 6 18 6 18 6 18 6 17
CS (156, 1108) (482, 35432) - 1 5 14 4 8 2 6 2 6 4 18 6 16 6 19 1 6 1 15 4 10 4 12 4 12 4 12 4 12 4 10 2 4 2 6 2 6 2 6 2 6 2 6 2 6 2 6 2 4 2 10 4 12 4 12 4 12 4 12 4 10 4 15 1 6 1 19 6 16 6 18 4 6 2 6 2 8 4 14 5 1 19 6 16 4 8 4 16 4 6 2 8 4 16 6 18 6 17 1 6 1 17 4 6 2 8 4 14 4 10 2 2 2 10 4 14 5 1 20 1 5 14 4 10 2 2 2 10 4 14 4 8 2 6 4 17 1 6 1 17 6 18 6 16 4 8 2 6 4 16 4 8 4 16 6 19
OSO (55, 305) (483, 4) - 1 5 12 4 10 2 2 2 10 2 2 2 8 2 4 2 8 4 14 4 8 2 4 2 8 4 14 4 8 2 4 2 8 4 14 4 8 2 4 2 8 4 14 4 10 4 10 2 4 2 6 2 6 4 17
CS (168, 1328) (484, 3570) - 1 5 12 4 14 5 1 20 1 6 1 15 4 10 4 14 5 1 20 1 5 14 4 10 4 14 4 10 4 14 4 10 4 14 4 10 4 14 4 10 4 14 4 10 4 14 4 10 4 14 5 1 20 1 5 14 4 10 4 15 1 6 1 20 1 5 14 4 12 5 1 19 6 16 5 1 21 6 14 4 10 2 2 2 12 4 10 4 16 6 18 6 18 4 6 2 6 2 8 4 14 4 10 4 15 1 6 1 20 1 5 16 6 18 6 19 1 6 1 16 1 6 1 19 6 18 6 16 5 1 20 1 6 1 15 4 10 4 14 4 8 2 6 2 6 4 18 6 18 6 16 4 10 4 12 2 2 2 10 4 14 6 21 1 5 16 6 19
CS (212, 1604) (484, 5) - 1 5 14 4 10 4 12 4 10 4 14 4 8 4 15 1 6 1 18 1 6 1 15 4 8 4 16 6 16 6 19 1 5 14 6 20 6 12 2 2 2 10 4 10 4 14 4 8 2 4 2 8 4 14 4 8 2 4 2 8 4 14 4 8 2 4 2 8 4 14 4 8 2 4 2 8 4 14 4 8 2 4 2 8 4 14 4 8 2 4 2 8 4 14 4 10 4 10 2 2 2 12 6 20 6 14 5 1 19 6 16 6 16 4 8 4 15 1 6 1 18 1 6 1 15 4 8 4 14 4 10 4 12 4 10 4 14 5 1 20 1 5 14 4 10 4 12 4 10 4 14 5 1 20 1 5 14 4 10 4 12 4 10 4 14 5 1 19 6 16 6 18 6 16 6 18 6 16 6 18 6 16 6 19 1 5 14 4 10 4 12 4 10 4 14 5 1 20 1 5 14 4 10 4 12 4 10 4 14 5 1 20
CS (128, 1052) (485, 424) - 1 5 12 4 12 4 10 4 14 4 8 4 15 1 6 1 19 6 14 4 10 4 12 4 12 4 10 4 12 4 12 4 10 4 12 4 12 4 10 4 14 6 19 1 6 1 15 4 8 4 14 4 10 4 12 4 12 5 1 19 6 14 4 10 4 12 4 12 5 1 19 6 14 5 1 19 6 14 4 10 4 12 4 12 4 10 4 14 6 18 6 17 1 6 1 17 6 18 6 14 4 10 4 12 4 12 4 10 4 14 6 19 1 5 14 6 19 1 5 12 4 12 4 10 4 14 6 19
CS (92, 772) (486, 46) - 1 5 12 4 12 4 12 4 12 4 10 2 4 2 8 4 16 6 18 6 19 1 5 14 5 1 20 1 5 14 4 10 4 15 1 6 1 19 6 18 6 16 6 20 6 16 6 20 6 16 6 18 6 19 1 6 1 15 4 10 4 14 5 1 20 1 5 14 5 1 19 6 18 6 16 4 8 2 4 2 10 4 12 4 12 4 12 4 12 5 1 18
CS (124, 884) (486, 9666) - 1 5 12 2 2 2 10 4 12 2 2 2 8 2 4 2 8 2 4 2 8 2 2 2 12 4 10 2 2 2 12 5 1 19 6 16 6 20 6 14 4 10 4 15 1 6 1 19 6 14 4 12 4 10 2 2 2 12 5 1 19 6 16 6 19 1 6 1 15 4 10 4 12 4 12 2 2 2 8 2 2 2 12 4 12 4 10 4 15 1 6 1 19 6 16 6 19 1 5 12 2 2 2 10 4 12 4 14 6 19 1 6 1 15 4 10 4 14 6 20 6 16 6 19
CS (104, 780) (488, 70) - 1 5 12 4 12 4 10 4 14 4 8 2 4 2 8 4 16 6 17 1 6 1 18 1 5 12 4 12 4 12 4 10 4 14 6 20 6 14 4 8 2 6 4 17 1 5 12 4 12 5 1 18 1 5 12 4 12 5 1 17 4 6 2 8 4 14 6 20 6 14 4 10 4 12 4 12 4 12 5 1 18 1 6 1 17 6 16 4 8 2 4 2 8 4 14 4 10 4 12 4 12 5 1 18
CS (126, 976) (488, 24) - 1 5 12 4 12 4 12 4 12 4 12 4 12 4 12 4 12 4 12 4 10 2 4 2 8 4 16 6 20 7 1 15 6 20 6 15 1 7 20 6 16 4 8 2 4 2 10 4 12 4 12 4 12 4 12 4 12 4 12 4 12 4 12 4 12 5 1 17 4 8 4 16 6 20 7 1 14 1 7 20 6 16 4 8 2 4 2 8 2 4 2 10 4 12 4 12 4 12 4 12 4 10 2 4 2 8 2 4 2 8 4 16 6 20 7 1 14 1 7 20 6 16 4 8 4 17
CS (128, 992) (489, 236) - 1 5 12 4 12 4 12 4 12 4 12 2 2 2 8 2 4 2 8 2 2 2 12 4 12 4 12 4 12 4 12 5 1 18 1 5 12 4 14 6 20 6 16 4 8 4 17 1 5 12 4 12 4 12 4 12 4 12 4 12 4 12 4 12 4 12 4 10 2 4 2 8 4 16 6 20 7 1 15 6 20 6 15 1 7 20 6 16 4 8 2 4 2 10 4 12 4 12 4 12 4 12 4 12 4 12 4 12 4 12 4 12 5 1 17 4 8 4 16 6 20 6 14 4 12 5 1 18
CS (98, 824) (490, 191) - 1 5 16 4 8 2 4 2 10 4 14 4 10 4 14 4 12 4 10 2 4 2 8 2 6 4 17 1 6 1 17 4 6 2 8 2 4 2 10 4 12 4 14 4 10 4 14 4 10 2 4 2 8 4 16 5 1 21 6 16 6 20 6 18 6 18 6 18 6 20 6 16 5 1 21 7 1 14 1 7 21 1 5 16 6 20 6 18 6 18 6 18 6 20 6 16 6 21
CS (158, 1076) (490, 294) - 1 5 12 4 14 4 8 2 6 4 18 6 16 4 8 2 6 4 18 6 16 4 8 2 4 2 10 4 12 4 12 2 2 2 8 2 6 4 17 1 6 1 17 4 6 2 8 2 2 2 12 4 12 4 10 2 4 2 8 4 16 6 18 4 6 2 8 4 16 6 18 4 6 2 8 4 14 4 12 5 1 19 6 16 4 8 2 4 2 10 4 12 4 12 4 14 6 20 6 16 4 8 4 16 4 8 2 4 2 8 2 4 2 8 2 4 2 8 2 4 2 8 2 4 2 8 2 4 2 8 2 4 2 8 4 16 4 8 4 16 6 20 6 14 4 12 4 12 4 10 2 4 2 8 4 16 6 19
CS (168, 1412) (490, 4) - 1 5 12 4 12 4 14 6 21 1 5 16 4 8 4 16 5 1 21 6 14 4 12 4 12 5 1 18 1 6 1 17 6 18 6 19 1 5 14 5 1 19 6 18 6 16 4 8 2 6 4 18 6 16 4 8 2 6 4 18 6 16 5 1 20 1 5 14 5 1 19 6 18 6 16 4 8 2 6 4 18 6 16 4 8 2 4 2 10 4 12 4 14 6 21 1 5 16 5 1 21 6 14 4 12 4 10 2 4 2 8 4 16 6 18 4 6 2 8 4 16 6 18 6 19 1 5 14 5 1 20 1 5 16 6 18 4 6 2 8 4 16 6 18 4 6 2 8 4 16 6 18 6 19 1 5 14 5 1 19 6 18 6 17 1 6 1 18
CS (180, 1516) (490, 75) - 1 5 12 4 12 4 12 4 12 4 12 4 12 4 12 4 12 4 12 5 1 17 4 8 4 16 4 6 2 8 2 4 2 8 4 16 6 19 1 6 1 17 6 18 6 18 6 18 6 18 6 18 6 16 4 10 4 14 5 1 20 1 5 14 5 1 19 6 17 1 6 1 19 6 16 6 20 6 16 6 19 1 6 1 17 6 19 1 5 14 5 1 20 1 5 14 4 10 4 16 6 18 6 18 6 18 6 18 6 18 6 17 1 6 1 19 6 16 4 8 2 4 2 8 2 6 4 16 4 8 4 17 1 5 12 4 12 4 12 4 12 4 12 4 12 4 12 4 12 4 12 5 1 18 1 5 12 4 12 4 12 4 12 4 14 6 20 6 14 4 12 4 12 4 12 4 12 5 1 18
CS (188, 1420) (490, 278) - 1 5 12 4 14 4 8 2 6 2 4 2 10 4 14 4 8 2 6 2 4 2 10 4 14 4 8 2 6 2 6 4 18 6 18 6 16 4 10 4 14 5 1 20 1 5 14 4 10 4 16 6 18 6 18 4 6 2 6 2 8 4 14 4 10 2 4 2 6 2 8 4 14 4 10 2 4 2 6 2 8 4 14 4 12 5 1 19 6 16 4 8 2 6 4 18 6 16 4 8 2 4 2 10 4 12 2 2 2 10 4 12 4 14 5 1 20 1 6 1 15 4 10 4 14 5 1 19 6 18 6 18 6 18 6 18 6 18 6 18 6 18 6 18 6 18 6 19 1 5 14 4 10 4 15 1 6 1 20 1 5 14 4 12 4 10 2 2 2 12 4 10 2 4 2 8 4 16 6 18 4 6 2 8 4 16 6 19
CS (172, 1492) (492, 2574) - 1 5 12 4 12 4 12 4 12 4 12 4 12 4 12 4 12 4 12 4 12 4 12 4 12 4 12 5 1 17 4 8 4 16 6 20 6 16 6 19 1 6 1 17 6 18 6 19 1 5 14 5 1 19 6 18 6 17 1 6 1 19 6 16 6 20 6 16 5 1 21 6 14 4 12 4 10 2 4 2 8 4 16 6 18 6 19 1 6 1 16 1 6 1 19 6 17 1 6 1 18 1 6 1 17 6 19 1 6 1 16 1 6 1 19 6 18 6 16 4 8 2 4 2 10 4 12 4 14 6 21 1 5 16 6 20 6 16 6 19 1 6 1 17 6 18 6 19 1 5 14 5 1 19 6 18 6 17 1 6 1 19 6 16 6 20 6 16 4 8 4 17
CS (256, 1632) (492, 1047) - 1 5 12 4 12 4 10 2 2 2 10 4 12 4 10 2 2 2 10 4 12 4 10 2 2 2 10 4 12 4 10 4 14 5 1 20 1 5 14 4 10 4 12 4 10 4 14 5 1 20 1 5 14 4 10 4 12 4 10 2 2 2 10 4 12 4 10 2 2 2 10 4 12 4 10 2 2 2 10 4 12 4 12 5 1 19 6 14 4 8 2 4 2 8 2 4 2 6 2 6 2 6 2 4 2 8 2 4 2 6 2 6 2 6 4 16 4 6 2 6 2 6 4 16 4 6 2 6 2 6 4 16 4 6 2 6 2 6 4 16 6 18 6 16 6 19 1 5 14 4 10 4 12 4 10 4 14 4 8 4 15 1 6 1 18 1 6 1 15 4 8 4 15 1 6 1 18 1 6 1 15 4 8 4 14 4 10 4 12 4 10 4 14 5 1 19 6 16 6 18 6 16 4 6 2 6 2 6 4 16 4 6 2 6 2 6 4 16 4 6 2 6 2 6 4 16 4 6 2 6 2 6 2 4 2 8 2 4 2 6 2 6 2 6 2 4 2 8 2 4 2 8 4 14 6 19
CS (152, 1304) (493, 118) - 1 5 12 2 2 2 10 2 2 2 10 4 14 4 10 4 14 5 1 19 6 18 6 18 6 18 6 18 6 16 4 10 4 14 5 1 20 1 5 14 5 1 19 6 17 1 6 1 19 6 16 6 20 6 16 6 20 6 16 6 19 1 6 1 17 6 19 1 5 14 5 1 20 1 5 14 4 10 4 16 6 18 6 18 6 18 6 18 6 19 1 5 14 4 10 4 14 4 10 2 2 2 10 2 2 2 12 5 1 20 1 5 15 1 7 21 1 5 14 4 12 5 1 19 6 16 6 21 1 5 16 5 1 21 6 16 6 19 1 5 12 4 14 5 1 21 7 1 15 5 1 20
CS (122, 940) (494, 77) - 1 5 10 2 4 2 8 4 16 6 18 6 18 6 18 6 16 4 8 2 4 2 8 2 4 2 8 4 16 6 19 1 5 14 4 8 2 6 2 6 2 4 2 10 4 12 4 12 4 12 4 12 4 10 2 4 2 6 2 6 2 8 4 14 5 1 19 6 16 4 8 2 4 2 8 2 4 2 8 4 16 6 18 6 18 6 18 6 16 4 8 2 4 2 10 5 1 17 6 18 6 18 6 18 6 16 4 8 4 16 4 8 4 16 6 18 6 18 6 18 6 17
CS (176, 1560) (495, 2550) - 1 5 12 4 14 5 1 20 1 5 14 5 1 20 1 5 14 4 12 5 1 19 6 16 5 1 21 6 14 4 10 2 2 2 12 4 10 4 16 6 18 6 18 6 19 1 5 14 5 1 19 6 18 6 17 1 6 1 19 6 16 6 21 1 5 16 4 8 4 16 4 8 4 16 4 8 4 16 4 8 4 16 6 20 6 16 6 19 1 6 1 17 6 18 6 19 1 5 14 5 1 19 6 18 6 17 1 6 1 19 6 16 6 20 6 16 4 8 4 16 4 8 4 16 4 8 4 16 4 8 4 16 5 1 21 6 16 6 19 1 6 1 17 6 18 6 19 1 5 14 5 1 19 6 18 6 18 6 16 4 10 4 12 2 2 2 10 4 14 6 21 1 5 16 6 19
CS (228, 1880) (495, 7181) - 1 5 12 2 2 2 10 4 14 6 20 6 16 5 1 21 6 14 4 10 4 14 4 10 4 14 6 21 1 5 16 6 20 6 14 4 10 2 2 2 12 5 1 19 6 16 4 8 4 16 6 20 6 14 4 10 4 14 4 10 4 14 5 1 20 1 5 14 4 12 5 1 19 6 16 6 19 1 6 1 15 4 10 4 12 4 14 6 20 6 16 6 19 1 5 14 5 1 20 1 5 15 1 6 1 20 1 5 16 6 18 4 6 2 6 2 6 2 8 4 14 5 1 19 6 17 1 6 1 17 6 18 4 6 2 6 2 6 4 18 6 17 1 6 1 17 6 19 1 5 14 4 8 2 6 2 6 2 6 4 18 6 16 5 1 20 1 6 1 15 5 1 20 1 5 14 5 1 19 6 16 6 20 6 14 4 12 4 10 4 15 1 6 1 19 6 16 6 19 1 5 12 4 14 5 1 20 1 5 14 4 10 4 14 4 10 4 14 6 20 6 16 4 8 4 16 6 19
CS (140, 1196) (496, 82) - 1 5 14 4 10 4 14 5 1 19 6 17 1 6 1 17 6 18 6 18 6 16 4 8 4 16 4 8 4 16 6 18 6 18 6 17 1 6 1 17 6 19 1 5 14 4 10 4 14 5 1 20 1 5 15 1 6 1 19 6 16 4 8 4 16 6 19 1 5 14 5 1 19 6 16 4 8 2 4 2 8 4 16 6 19 1 5 14 4 10 4 14 6 20 6 16 6 20 6 14 4 10 4 14 5 1 19 6 16 4 8 2 4 2 8 4 16 6 19 1 5 14 5 1 19 6 16 4 8 4 16 6 19 1 6 1 15 5 1 20
CS (156, 1196) (496, 50) - 1 5 12 2 2 2 10 4 12 4 12 4 12 4 12 4 10 2 2 2 12 5 1 18 1 6 1 17 6 18 6 17 1 6 1 17 4 6 2 8 4 14 4 10 4 14 4 10 4 14 6 20 6 16 6 20 7 1 13 4 12 4 12 4 10 4 15 1 6 1 19 6 16 6 19 1 6 1 15 4 8 2 6 2 4 2 10 4 12 4 12 4 10 2 4 2 6 2 8 4 15 1 6 1 19 6 16 6 19 1 6 1 15 4 10 4 12 4 12 4 13 1 7 20 6 16 6 20 6 14 4 10 4 14 4 10 4 14 4 8 2 6 4 17 1 6 1 17 6 18 6 17 1 6 1 18
CS (160, 1284) (496, 51) - 1 5 12 4 12 4 12 4 12 4 10 2 4 2 6 2 8 4 14 4 10 4 14 5 1 19 6 18 6 16 4 8 4 16 6 20 6 14 4 10 4 14 4 10 4 14 5 1 20 1 5 14 4 10 4 14 4 10 4 14 5 1 20 1 5 14 4 10 4 14 4 10 4 14 5 1 20 1 5 14 4 10 4 14 4 10 4 14 6 20 6 16 4 8 4 16 6 18 6 19 1 5 14 4 10 4 14 4 8 2 6 2 4 2 10 4 12 4 12 4 12 4 12 5 1 18 1 5 12 4 12 4 12 4 12 4 12 4 10 4 16 6 18 6 16 4 10 4 12 4 12 4 12 4 12 4 12 5 1 18
CS (154, 1128) (497, 321) - 1 5 12 4 12 4 14 5 1 20 1 5 14 4 12 4 10 2 4 2 8 2 4 2 10 4 12 4 14 5 1 20 1 5 14 4 12 4 12 5 1 17 5 1 21 6 16 4 8 2 4 2 10 4 14 5 1 20 1 5 15 1 6 1 20 1 5 14 4 12 4 12 4 12 4 12 4 14 5 1 20 1 5 14 4 10 2 4 2 8 4 16 4 8 4 17 1 6 1 17 4 8 4 16 4 8 2 4 2 10 4 14 5 1 20 1 5 14 4 12 4 12 4 12 4 12 4 14 5 1 20 1 6 1 15 5 1 20 1 5 14 4 10 2 4 2 8 4 16 6 21 1 5 17
CS (110, 968) (498, 219) - 1 5 14 4 10 4 16 6 19 1 6 1 17 6 18 6 20 6 16 6 20 6 18 6 17 1 6 1 19 6 16 4 10 4 14 5 1 19 6 18 6 18 4 6 2 8 4 16 6 20 6 16 4 10 4 14 5 1 20 1 5 15 1 6 1 20 1 5 14 4 12 4 12 4 12 4 12 4 14 5 1 20 1 6 1 15 5 1 20 1 5 14 4 10 4 16 6 20 6 16 4 8 2 6 4 18 6 18 6 19
CS (136, 900) (498, 436) - 1 5 12 2 2 2 10 2 2 2 10 2 4 2 6 2 8 4 16 6 19 1 6 1 17 6 18 4 6 2 8 2 4 2 8 4 17 1 5 12 4 12 2 2 2 10 4 14 4 10 4 14 4 10 2 4 2 8 4 16 6 20 6 16 4 8 2 4 2 10 4 14 4 10 4 14 4 10 2 2 2 12 4 12 5 1 17 4 8 2 4 2 8 2 6 4 18 6 17 1 6 1 19 6 16 4 8 2 6 2 4 2 10 2 2 2 10 2 2 2 12 5 1 19 6 17 1 6 1 18 1 6 1 17 6 19
CS (160, 1200) (498, 44) - 1 5 12 2 2 2 10 4 12 5 1 17 4 6 2 6 2 6 4 17 1 5 12 4 10 2 2 2 12 5 1 19 6 16 6 18 6 16 6 19 1 5 14 4 8 2 4 2 8 2 4 2 6 2 6 2 6 2 6 4 17 1 5 12 4 12 4 10 4 14 6 20 7 1 15 6 18 6 16 4 8 4 15 1 6 1 19 6 14 5 1 19 6 14 4 10 4 14 6 19 1 5 14 6 19 1 6 1 15 4 8 4 16 6 18 6 15 1 7 20 6 14 4 10 4 12 4 12 5 1 17 4 6 2 6 2 6 2 6 2 4 2 8 2 4 2 8 4 14 5 1 19 6 16 6 18 6 16 6 19
CS (146, 1308) (499, 860) - 1 5 12 2 2 2 10 2 4 2 6 2 8 4 16 6 19 1 6 1 17 6 18 6 20 6 16 5 1 21 6 16 6 20 6 16 4 8 2 6 2 6 4 18 6 19 1 5 14 4 10 4 16 6 20 6 16 6 21 1 5 16 5 1 21 6 16 6 20 6 16 4 10 4 14 5 1 19 6 18 4 6 2 6 2 8 4 16 6 20 6 16 6 21 1 5 16 6 20 6 18 6 17 1 6 1 19 6 16 4 8 2 6 2 4 2 10 2 2 2 12 5 1 19 6 18 6 18 6 18 6 20 6 14 4 14 6 20 6 18 6 18 6 18 6 19
CS (160, 1468) (499, 493) - 1 5 14 4 10 4 14 4 10 4 14 4 10 4 14 4 10 4 14 4 10 4 14 5 1 19 6 18 6 18 6 18 6 16 4 10 4 14 5 1 20 1 5 14 5 1 19 6 17 1 6 1 19 6 16 6 20 6 16 6 20 6 16 6 19 1 6 1 17 6 19 1 5 14 5 1 20 1 5 14 4 10 4 16 6 18 6 18 6 18 6 19 1 5 14 4 10 4 14 4 10 4 14 4 10 4 14 4 10 4 14 4 10 4 14 5 1 19 6 18 6 18 6 18 6 17 1 6 1 19 6 16 6 21 1 5 16 4 8 4 16 5 1 21 6 16 6 19 1 6 1 17 6 18 6 18 6 18 6 19
CS (182, 1472) (499, 53) - 1 5 12 4 14 5 1 20 1 5 14 5 1 19 6 16 4 8 2 6 4 18 6 16 5 1 20 1 6 1 15 4 8 2 6 2 4 2 10 4 14 5 1 20 1 6 1 15 5 1 20 1 5 14 5 1 19 6 17 1 6 1 18 1 5 12 4 14 6 20 6 17 1 6 1 17 6 20 6 14 4 12 5 1 18 1 6 1 17 6 19 1 5 14 5 1 20 1 5 15 1 6 1 20 1 5 14 4 10 2 4 2 6 2 8 4 15 1 6 1 20 1 5 16 6 18 4 6 2 8 4 16 6 19 1 5 14 5 1 20 1 5 14 4 12 5 1 18 1 6 1 17 6 20 7 1 15 6 20 6 16 6 20 6 16 6 20 6 16 6 20 6 15 1 7 20 6 17 1 6 1 18
CS (116, 848) (500, 96) - 1 5 10 2 4 2 8 4 14 4 8 2 4 2 8 2 4 2 8 4 14 4 10 4 12 4 12 5 1 18 1 6 1 17 6 16 5 1 20 1 5 14 6 20 6 14 4 10 4 14 5 1 20 1 5 14 5 1 20 1 5 14 4 10 4 14 6 20 6 14 5 1 20 1 5 16 6 17 1 6 1 18 1 5 12 4 12 4 10 4 14 4 8 2 4 2 8 2 4 2 8 4 14 4 8 2 4 2 10 5 1 17 6 18 6 17
CS (172, 1404) (500, 787) - 1 5 12 2 2 2 10 4 14 5 1 21 7 1 15 4 8 2 6 2 4 2 10 4 14 6 21 1 5 16 6 19 1 6 1 17 6 18 6 18 6 19 1 5 14 4 10 4 14 4 10 4 14 4 10 4 14 5 1 19 6 18 6 18 6 17 1 6 1 19 6 16 5 1 21 6 14 4 10 2 4 2 6 2 8 4 15 1 7 21 1 5 14 4 10 2 2 2 12 5 1 19 6 16 4 8 2 4 2 10 4 12 4 14 6 20 6 16 5 1 21 6 14 4 12 4 10 4 16 6 19 1 5 14 5 1 20 1 5 14 5 1 19 6 16 4 10 4 12 4 14 6 21 1 5 16 6 20 6 14 4 12 4 10 2 4 2 8 4 16 6 19
CS (104, 880) (502, 70) - 1 5 12 4 14 5 1 20 1 5 14 5 1 19 6 18 6 18 6 16 4 10 4 14 5 1 20 1 5 14 4 10 4 16 6 18 6 18 6 19 1 5 14 5 1 20 1 5 14 4 12 5 1 19 6 16 5 1 21 6 14 4 10 2 2 2 12 4 10 4 16 6 19 1 5 14 5 1 20 1 5 14 5 1 19 6 16 4 10 4 12 2 2 2 10 4 14 6 21 1 5 16 6 19
CS (122, 964) (502, 3163) - 1 5 14 4 10 4 15 1 6 1 19 6 18 6 16 4 10 4 12 4 14 6 20 6 17 1 6 1 17 6 20 6 14 4 12 4 10 4 16 6 18 6 19 1 6 1 15 4 10 4 14 5 1 20 1 5 14 5 1 19 6 16 4 10 4 12 4 14 6 20 6 16 4 8 2 4 2 8 2 4 2 8 2 4 2 10 4 12 4 10 2 4 2 8 2 4 2 8 2 4 2 8 4 16 6 20 6 14 4 12 4 10 4 16 6 19 1 5 14 5 1 20
CS (132, 1160) (502, 1226) - 1 5 12 4 12 4 12 4 12 4 10 4 16 6 18 6 17 1 6 1 18 1 6 1 15 4 10 4 14 6 20 6 16 6 20 6 14 4 10 4 15 1 6 1 18 1 6 1 17 6 18 6 16 4 10 4 12 4 12 4 12 4 12 5 1 17 4 8 4 16 6 18 6 18 6 18 6 16 4 8 4 16 4 8 4 16 6 19 1 5 14 5 1 19 6 17 1 5 12 5 1 17 6 19 1 5 14 5 1 19 6 16 4 8 4 16 4 8 4 16 6 18 6 18 6 18 6 16 4 8 4 17
CS (136, 1180) (502, 84) - 1 5 12 4 12 4 14 6 20 6 16 6 20 6 16 6 20 6 16 6 19 1 6 1 17 6 18 6 19 1 5 14 4 10 4 14 5 1 19 6 18 6 17 1 6 1 19 6 16 6 20 6 16 6 20 6 16 6 20 6 14 4 12 4 12 5 1 18 1 6 1 17 6 20 6 14 4 10 2 2 2 12 4 10 4 16 6 18 6 18 6 18 4 6 2 6 2 6 2 6 2 6 2 6 2 6 2 6 2 6 4 18 6 18 6 18 6 16 4 10 4 12 2 2 2 10 4 14 6 20 6 17 1 6 1 18
CS (148, 1124) (502, 40) - 1 5 12 2 2 2 10 4 12 4 10 4 14 4 10 4 12 4 12 5 1 19 7 1 13 4 12 5 1 19 6 15 1 7 20 6 15 1 7 20 6 16 6 18 6 16 6 20 7 1 15 6 20 7 1 15 6 19 1 5 12 4 13 1 7 19 1 5 12 4 12 4 10 4 14 4 10 4 12 4 10 2 2 2 12 5 1 20 1 5 16 6 17 1 6 1 18 1 5 12 4 12 4 10 4 14 4 8 2 4 2 8 2 2 2 12 4 10 4 12 2 2 2 8 2 4 2 8 4 14 4 10 4 12 4 12 5 1 18 1 6 1 17 6 16 5 1 20
CS (150, 872) (502, 46070) - 1 5 12 4 12 4 10 2 2 2 10 4 12 4 10 2 2 2 10 4 12 4 10 4 14 4 8 4 15 1 6 1 18 1 6 1 15 4 8 4 14 4 10 4 12 4 10 2 2 2 10 4 12 4 10 2 2 2 10 4 12 4 12 5 1 19 6 14 4 8 2 4 2 8 2 4 2 6 2 6 2 6 2 4 2 8 2 4 2 6 2 6 2 6 4 16 4 6 2 6 2 6 4 17 1 5 12 4 12 5 1 17 4 6 2 6 2 6 4 16 4 6 2 6 2 6 2 4 2 8 2 4 2 6 2 6 2 6 2 4 2 8 2 4 2 8 4 14 6 19
CS (88, 708) (504, 217) - 1 5 14 4 10 4 15 1 6 1 19 6 18 6 16 4 8 4 17 1 6 1 17 4 8 4 16 6 18 6 19 1 6 1 15 4 10 4 14 5 1 20 1 5 14 5 1 19 6 18 6 16 4 8 2 4 2 10 4 12 4 12 4 12 4 12 4 12 4 12 4 10 2 4 2 8 4 16 6 18 6 19 1 5 14 5 1 20
CS (164, 1340) (504, 15) - 1 5 12 4 12 4 12 4 12 4 12 4 12 4 12 4 12 4 12 4 12 4 10 2 4 2 8 4 16 6 19 1 6 1 17 6 18 6 18 6 18 6 18 6 18 6 17 1 6 1 19 6 16 4 8 2 4 2 10 4 12 4 12 4 12 4 12 4 12 4 12 4 12 4 12 4 12 4 12 5 1 17 4 8 4 16 4 8 4 16 6 20 6 14 4 12 4 10 2 4 2 8 4 16 6 18 6 19 1 6 1 15 4 10 4 14 4 10 4 14 5 1 20 1 5 14 4 10 4 14 4 10 4 15 1 6 1 19 6 18 6 16 4 8 2 4 2 10 4 12 4 14 6 20 6 16 4 8 4 16 4 8 4 17
CS (200, 1740) (504, 16) - 1 5 12 4 14 6 21 1 5 16 6 19 1 6 1 17 6 18 6 19 1 5 14 4 8 2 6 2 6 2 6 2 6 2 6 2 6 2 6 2 6 4 18 6 18 6 17 1 6 1 19 6 16 6 20 6 16 6 20 6 16 6 20 6 16 6 19 1 6 1 17 6 18 6 18 4 6 2 6 2 6 2 6 2 6 2 6 2 6 2 6 2 8 4 14 5 1 19 6 18 6 17 1 6 1 19 6 16 5 1 21 6 14 4 12 5 1 19 6 16 6 20 6 16 4 8 4 16 4 8 4 16 4 8 4 16 6 20 6 16 6 19 1 5 12 4 14 6 21 1 5 16 6 20 7 1 15 6 20 6 15 1 7 20 6 16 5 1 21 6 14 4 12 5 1 19 6 16 6 20 6 16 4 8 4 16 4 8 4 16 4 8 4 16 6 20 6 16 6 19
CS (192, 1408) (505, 14280) - 1 5 14 4 10 4 14 4 10 4 14 4 10 4 14 4 8 2 6 2 6 2 6 2 4 2 10 4 14 4 8 2 6 2 4 2 10 4 14 6 21 1 5 16 6 19 1 6 1 17 6 18 6 18 6 18 6 18 6 18 6 17 1 6 1 19 6 16 5 1 21 6 14 4 10 2 4 2 6 2 8 4 14 4 10 2 4 2 6 2 6 2 6 2 8 4 14 4 10 4 14 4 10 4 14 4 10 4 14 5 1 20 1 5 14 4 10 4 15 1 6 1 20 1 5 14 4 12 4 10 4 16 6 18 6 18 4 6 2 6 2 6 2 6 2 6 2 8 4 14 4 10 4 14 4 8 2 6 2 6 2 6 2 6 2 6 4 18 6 18 6 16 4 10 4 12 4 14 5 1 20 1 6 1 15 4 10 4 14 5 1 20
CS (118, 912) (506, 160) - 1 5 14 4 10 2 2 2 10 2 2 2 10 4 14 4 10 4 12 4 14 6 20 6 16 5 1 21 6 14 4 10 4 14 4 10 4 14 5 1 19 6 17 1 6 1 17 6 19 1 5 14 4 10 4 14 4 10 4 14 6 21 1 5 16 6 20 6 14 4 12 4 10 4 14 4 10 2 2 2 10 2 2 2 10 4 14 5 1 19 6 18 6 16 4 8 2 4 2 8 2 6 4 16 4 6 2 8 2 4 2 8 4 16 6 18 6 19
CS (168, 1328) (506, 142) - 1 5 12 4 12 4 12 4 14 6 20 6 16 6 20 6 16 6 19 1 6 1 17 6 18 6 19 1 5 14 5 1 19 6 18 6 17 1 6 1 19 6 16 6 20 6 16 6 20 6 14 4 12 4 12 4 12 5 1 18 1 6 1 17 6 20 7 1 15 6 20 6 16 5 1 21 6 14 4 12 4 10 4 16 6 18 4 6 2 6 2 8 4 14 4 10 2 4 2 6 2 6 2 6 2 6 2 6 2 6 2 6 2 6 2 6 2 6 2 6 2 6 2 6 2 6 2 6 2 4 2 10 4 14 4 8 2 6 2 6 4 18 6 16 4 10 4 12 4 14 6 21 1 5 16 6 20 6 15 1 7 20 6 17 1 6 1 18
CS (108, 784) (508, 109) - 1 5 12 4 10 2 2 2 10 4 14 6 18 6 17 1 6 1 17 6 16 4 6 2 8 4 14 5 1 19 6 16 6 19 1 5 14 4 8 2 6 4 16 6 17 1 6 1 17 6 18 6 14 4 10 2 2 2 10 4 12 5 1 17 4 6 2 6 2 6 4 16 4 6 2 6 2 6 2 6 4 16 6 18 6 16 6 18 6 16 4 6 2 6 2 6 2 6 4 16 4 6 2 6 2 6 4 17
CS (126, 992) (508, 9698) - 1 5 12 4 12 4 12 4 12 5 1 17 4 8 4 16 6 18 6 18 6 16 4 8 2 6 4 16 4 8 4 16 6 18 6 19 1 5 14 4 10 2 2 2 10 2 2 2 10 4 14 6 20 6 16 6 19 1 6 1 15 4 8 2 4 2 10 4 12 4 10 2 4 2 8 4 15 1 6 1 19 6 16 6 20 6 14 4 10 2 2 2 10 2 2 2 10 4 14 5 1 19 6 18 6 16 4 8 4 16 4 6 2 8 4 16 6 18 6 18 6 16 4 8 4 17
CS (132, 1244) (508, 2) - 1 5 12 4 14 6 20 6 17 1 6 1 17 6 20 6 14 4 12 4 10 2 2 2 12 4 10 4 16 6 18 6 18 6 19 1 5 14 4 10 4 14 4 10 4 14 5 1 19 6 18 6 18 6 16 4 10 4 12 2 2 2 10 4 12 4 14 6 20 6 17 1 6 1 17 6 20 6 14 4 12 5 1 19 6 16 6 20 6 16 6 20 6 16 6 19 1 6 1 17 6 18 6 18 6 18 4 6 4 18 6 18 6 18 6 17 1 6 1 19 6 16 6 20 6 16 6 20 6 16 6 19
CS (232, 2008) (508, 5879) - 1 5 14 4 10 4 12 4 10 4 14 6 19 1 6 1 15 6 18 6 17 1 6 1 16 1 6 1 17 6 18 6 15 1 6 1 19 6 14 4 10 4 12 4 10 4 14 4 8 4 15 1 6 1 19 7 1 14 1 7 20 6 14 5 1 19 6 15 1 6 1 19 6 14 4 8 2 6 4 16 6 17 1 6 1 17 6 16 6 19 1 5 14 5 1 19 6 16 6 16 4 8 4 16 6 16 6 19 1 5 14 5 1 19 6 16 6 17 1 6 1 17 6 16 4 6 2 8 4 14 6 19 1 6 1 15 6 19 1 5 14 6 20 7 1 14 1 7 19 1 6 1 15 4 8 4 14 4 10 4 12 4 10 4 14 6 19 1 6 1 15 6 18 6 17 1 6 1 16 1 6 1 17 6 18 6 15 1 6 1 19 6 14 4 10 4 12 4 10 4 14 5 1 19 6 16 6 18 6 16 6 18 6 16 6 18 6 16 6 18 6 16 6 18 6 16 6 18 6 16 6 19
CS (146, 1196) (510, 11296) - 1 5 12 4 14 4 8 2 6 4 18 6 16 4 8 2 4 2 10 4 12 4 14 6 20 6 16 4 8 2 4 2 8 2 4 2 10 4 12 4 12 4 12 4 12 4 10 2 4 2 8 2 4 2 8 4 16 6 20 6 14 4 12 4 10 2 4 2 8 4 16 6 18 4 6 2 8 4 14 4 12 5 1 19 6 16 4 8 2 4 2 10 4 12 4 12 4 14 6 20 6 16 6 20 6 16 6 20 6 16 6 20 7 1 14 1 7 20 6 16 6 20 6 16 6 20 6 16 6 20 6 14 4 12 4 12 4 10 2 4 2 8 4 16 6 19
CS (160, 1484) (510, 76) - 1 5 12 4 12 2 2 2 10 4 12 4 12 4 14 6 20 6 16 6 20 6 16 6 20 6 16 6 19 1 6 1 17 6 18 6 19 1 5 14 5 1 20 1 5 14 4 10 4 16 6 18 6 18 6 18 6 18 6 18 6 18 6 18 6 18 6 16 4 10 4 14 5 1 20 1 5 14 5 1 19 6 18 6 17 1 6 1 19 6 16 6 20 6 16 6 20 6 16 6 20 6 14 4 12 4 12 4 10 2 2 2 12 4 12 5 1 18 1 6 1 17 4 8 4 16 6 19 1 6 1 17 6 18 6 18 6 18 6 18 6 18 6 18 6 17 1 6 1 19 6 16 4 8 4 17 1 6 1 18
CS (164, 1344) (510, 2513) - 1 5 12 2 2 2 10 4 14 5 1 19 6 19 1 5 14 4 10 2 2 2 12 5 1 19 6 16 4 10 4 12 4 14 5 1 20 1 5 14 5 1 19 6 18 6 18 6 16 4 10 4 14 5 1 19 6 18 6 18 6 18 6 19 1 5 14 4 10 4 16 6 18 6 18 6 19 1 5 14 5 1 20 1 5 14 4 12 4 10 4 16 6 19 1 5 12 2 2 2 10 4 14 5 1 19 6 19 1 5 14 4 10 2 2 2 12 5 1 19 6 16 4 10 4 12 4 14 5 1 20 1 6 1 15 4 10 4 14 5 1 20 1 5 14 4 10 4 15 1 6 1 20 1 5 14 4 12 4 10 4 16 6 19
CS (204, 1696) (511, 156) - 1 5 12 4 12 4 12 4 14 6 20 6 16 4 8 4 17 1 6 1 17 4 8 4 16 6 20 6 14 4 12 4 12 4 12 4 10 2 4 2 8 4 16 6 20 6 16 6 20 7 1 13 4 12 4 12 4 12 4 12 4 12 4 12 4 12 4 12 4 12 4 12 4 12 4 12 4 12 4 12 4 12 4 12 4 12 4 12 4 12 4 12 4 12 4 12 4 12 4 12 4 12 4 12 4 12 4 12 4 12 4 12 4 12 4 12 4 12 4 13 1 7 20 6 16 6 20 6 16 4 8 2 4 2 10 4 12 4 12 4 12 4 14 6 20 6 16 4 8 4 17 1 6 1 17 4 8 4 16 6 20 6 14 4 12 4 12 4 12 5 1 17 4 8 4 16 4 8 4 16 4 8 4 16 4 8 4 16 4 8 4 16 4 8 4 16 4 8 4 16 4 8 4 17
CS (156, 1344) (512, 142) - 1 5 14 4 10 4 16 6 20 6 16 5 1 20 1 6 1 15 4 10 4 14 4 10 2 4 2 6 2 8 4 16 6 20 6 17 1 6 1 17 6 20 6 16 4 8 2 6 2 4 2 10 4 14 4 10 4 15 1 6 1 20 1 5 16 6 20 6 16 4 10 4 14 5 1 20 1 5 16 6 19 1 6 1 17 6 19 1 5 14 5 1 19 6 18 6 19 1 5 14 4 10 4 16 6 20 6 16 5 1 21 6 14 4 12 4 12 4 14 6 21 1 5 16 6 20 6 16 4 10 4 14 5 1 19 6 18 6 19 1 5 14 5 1 19 6 17 1 6 1 19 6 16 5 1 20
CS (172, 1236) (512, 57) - 1 5 12 4 12 4 12 2 2 2 8 2 4 2 10 4 12 4 12 4 12 5 1 17 4 6 2 8 2 4 2 8 4 16 6 19 1 5 12 4 14 5 1 20 1 5 14 5 1 20 1 5 14 4 12 5 1 19 6 16 4 8 2 4 2 8 2 6 4 17 1 5 12 4 12 4 12 4 10 2 4 2 8 2 2 2 12 4 12 4 12 5 1 18 1 6 1 17 6 20 6 14 4 10 2 2 2 12 4 10 4 14 4 12 5 1 19 6 17 1 6 1 18 1 6 1 17 6 19 1 6 1 16 1 6 1 19 6 17 1 6 1 18 1 6 1 17 6 19 1 5 12 4 14 4 10 4 12 2 2 2 10 4 14 6 20 6 17 1 6 1 18
CS (200, 1396) (512, 5) - 1 5 12 2 2 2 10 4 14 4 8 2 6 2 6 4 18 6 17 1 6 1 18 1 6 1 17 4 8 4 16 6 18 4 6 2 8 4 16 6 18 6 19 1 5 14 5 1 20 1 5 14 4 10 4 14 4 10 2 4 2 6 2 6 2 6 2 6 2 6 2 6 2 6 2 6 2 6 2 6 2 6 2 6 2 6 2 6 2 6 2 4 2 10 4 14 4 10 4 14 5 1 20 1 5 14 5 1 19 6 18 6 16 4 8 2 6 4 18 6 16 4 8 4 17 1 6 1 18 1 6 1 17 6 18 4 6 2 6 2 8 4 14 4 10 2 2 2 12 5 1 19 6 18 6 16 4 8 2 6 4 17 1 6 1 18 1 6 1 17 6 19 1 6 1 16 1 6 1 19 6 17 1 6 1 18 1 6 1 17 4 6 2 8 4 16 6 18 6 19
CS (212, 1644) (513, 2335) - 1 5 12 4 12 4 10 2 4 2 8 2 4 2 8 2 4 2 8 4 16 6 20 6 14 4 12 4 10 2 4 2 8 4 16 6 18 6 19 1 5 12 4 14 4 10 4 14 5 1 20 1 6 1 15 4 8 2 6 2 4 2 10 4 14 6 21 1 5 16 6 19 1 6 1 17 6 18 6 18 6 18 6 18 6 18 6 18 6 18 6 17 1 6 1 19 6 16 5 1 21 6 14 4 10 2 4 2 6 2 8 4 15 1 6 1 20 1 5 14 4 10 4 14 4 12 5 1 19 6 18 6 16 4 8 2 4 2 10 4 12 4 14 6 20 6 16 4 8 2 4 2 8 2 4 2 8 2 4 2 10 4 12 4 12 5 1 17 4 6 2 8 2 4 2 8 4 16 6 19 1 6 1 17 6 18 6 18 6 18 6 18 6 18 6 17 1 6 1 19 6 16 4 8 2 4 2 8 2 6 4 17
CS (154, 1032) (514, 562) - 1 5 12 2 2 2 10 4 14 5 1 21 7 1 15 4 8 2 6 2 4 2 10 4 12 2 2 2 10 4 12 4 14 6 20 6 16 4 8 4 17 1 5 12 4 12 4 12 4 12 4 12 4 12 5 1 17 4 8 4 16 6 20 6 14 4 12 4 10 2 2 2 12 4 10 2 4 2 6 2 8 4 15 1 7 21 1 5 14 4 10 2 2 2 12 5 1 19 6 16 4 8 2 4 2 10 4 12 4 12 4 12 2 2 2 8 2 4 2 8 2 4 2 10 4 12 4 10 2 4 2 8 2 4 2 8 2 2 2 12 4 12 4 12 4 10 2 4 2 8 4 16 6 19
CS (244, 2208) (514, 7433) - 1 5 12 4 12 4 10 4 12 4 12 4 10 4 12 4 12 4 10 4 12 4 12 4 10 4 12 4 12 4 10 4 12 4 12 4 10 4 14 6 18 6 17 1 5 12 5 1 17 6 18 6 15 1 6 1 19 6 14 4 10 4 12 4 10 4 14 5 1 19 6 16 6 18 6 16 6 18 6 16 6 18 6 16 6 18 6 16 6 18 6 16 6 18 6 16 6 18 6 16 6 18 6 16 6 18 6 16 6 18 6 16 6 18 6 16 6 18 6 16 6 18 6 16 6 18 6 16 6 18 6 16 6 18 6 16 6 18 6 16 6 18 6 16 6 18 6 16 6 19 1 5 14 4 10 4 12 4 10 4 14 6 19 1 6 1 15 6 18 6 17 1 5 12 5 1 17 6 18 6 14 4 10 4 12 4 12 4 10 4 12 4 12 4 10 4 12 4 12 4 10 4 12 4 12 4 10 4 12 4 12 4 10 4 12 4 12 5 1 18 1 5 12 4 12 5 1 17 4 6 2 6 2 6 4 17 1 5 12 4 12 5 1 18
CS (196, 1516) (515, 1604) - 1 5 12 4 12 4 10 2 2 2 10 4 12 4 10 4 14 5 1 20 1 5 14 4 8 2 6 4 16 6 17 1 6 1 17 6 16 6 19 1 5 14 5 1 19 6 16 6 16 4 8 4 16 6 16 6 19 1 5 14 5 1 19 6 16 6 17 1 6 1 17 6 16 4 6 2 8 4 14 5 1 20 1 5 14 4 10 4 12 4 10 2 2 2 10 4 12 4 12 5 1 18 1 6 1 16 1 6 1 17 6 18 6 14 4 10 4 12 4 12 4 10 4 12 4 12 4 10 4 12 4 12 4 10 4 12 4 12 5 1 18 1 5 12 4 12 5 1 18 1 5 12 4 12 5 1 18 1 5 12 4 12 4 10 4 12 4 12 4 10 4 12 4 12 4 10 4 12 4 12 4 10 4 14 6 18 6 17 1 6 1 16 1 6 1 18
CS (178, 1268) (516, 7943) - 1 5 12 4 12 2 2 2 8 2 6 4 17 1 6 1 17 4 6 2 8 2 2 2 12 4 12 5 1 18 1 6 1 17 4 6 2 8 4 16 6 18 4 6 2 8 4 14 4 12 5 1 19 6 16 4 8 2 4 2 10 4 12 4 12 4 12 4 14 6 20 6 16 6 20 6 15 1 7 20 6 16 4 8 2 4 2 8 2 6 4 16 4 8 2 4 2 8 2 4 2 8 2 4 2 8 2 4 2 8 2 4 2 8 4 16 4 6 2 8 2 4 2 8 4 16 6 20 7 1 15 6 20 6 16 6 20 6 14 4 12 4 12 4 12 4 10 2 4 2 8 4 16 6 19 1 5 12 4 14 4 8 2 6 4 18 6 16 4 8 2 6 4 17 1 6 1 18
CS (204, 1812) (516, 151) - 1 5 14 4 10 4 14 4 10 4 14 4 10 4 14 4 10 4 14 4 8 2 6 2 6 2 6 4 18 6 17 1 6 1 18 1 6 1 17 6 18 6 19 1 5 14 5 1 19 6 16 4 10 4 12 4 14 6 21 1 5 16 6 20 6 16 6 19 1 6 1 17 6 18 6 18 6 18 6 18 6 17 1 6 1 19 6 16 6 20 6 16 6 20 6 16 6 19 1 6 1 17 6 18 6 18 6 18 6 18 6 17 1 6 1 19 6 16 6 20 6 16 5 1 21 6 14 4 12 4 10 4 16 6 19 1 5 14 5 1 19 6 18 6 17 1 6 1 18 1 6 1 17 6 18 4 6 2 6 2 6 2 8 4 14 4 10 4 14 4 10 4 14 4 10 4 14 4 10 4 14 5 1 19 6 18 6 17 1 6 1 19 6 16 6 19 1 6 1 17 6 18 6 19
OSO (53, 371) (520, 197) - 1 5 12 4 12 4 14 4 8 2 6 2 6 2 8 4 14 4 12 4 12 4 12 4 12 4 12 4 14 4 8 2 6 2 6 2 6 2 8 4 15 1 6 1 20 1 5 16 6 21 1 5 17
CS (102, 868) (520, 56) - 1 5 12 2 2 2 10 4 14 6 20 6 16 6 18 6 19 1 5 14 4 10 4 14 5 1 19 6 17 1 6 1 17 6 19 1 5 14 4 10 4 14 5 1 19 6 18 6 16 6 20 6 14 4 10 2 2 2 12 5 1 19 6 16 4 8 4 16 6 19 1 5 14 5 1 19 6 16 4 8 2 4 2 8 4 16 6 19 1 5 14 5 1 19 6 16 4 8 4 16 6 19
CS (148, 1112) (520, 71) - 1 5 12 4 10 2 2 2 10 4 13 1 7 19 1 5 12 4 12 4 10 4 14 6 18 4 4 2 10 4 12 4 10 4 14 6 18 6 18 6 14 4 10 4 12 4 10 2 4 4 18 6 14 4 10 4 12 4 12 5 1 19 7 1 13 4 10 2 2 2 10 4 12 5 1 17 6 18 6 16 6 18 6 14 4 10 2 2 2 10 4 12 4 10 4 12 2 2 2 8 4 14 4 10 4 12 5 1 17 4 6 2 6 4 17 1 5 12 4 10 4 14 4 8 2 2 2 12 4 10 4 12 4 10 2 2 2 10 4 14 6 18 6 16 6 18 6 17
CS (156, 1256) (520, 106) - 1 5 12 4 12 2 2 2 10 4 12 4 14 6 21 1 5 16 6 20 7 1 13 4 12 4 12 4 12 4 12 4 12 4 12 4 12 4 12 4 12 4 12 4 13 1 7 20 6 16 5 1 21 6 14 4 12 4 10 2 2 2 12 4 12 5 1 18 1 6 1 17 6 20 7 1 15 6 20 6 16 5 1 21 6 14 4 12 4 10 2 2 2 12 4 12 4 10 2 4 2 8 4 16 6 20 7 1 13 4 12 4 12 4 13 1 7 20 6 16 4 8 2 4 2 10 4 12 4 12 2 2 2 10 4 12 4 14 6 21 1 5 16 6 20 6 15 1 7 20 6 17 1 6 1 18
CS (160, 1060) (520, 84) - 1 5 12 4 12 4 10 2 2 2 10 4 12 4 10 4 14 5 1 20 1 5 14 4 10 4 12 4 10 4 14 6 19 1 6 1 15 6 19 1 5 14 5 1 19 6 15 1 6 1 19 6 14 4 10 4 12 4 10 4 14 5 1 20 1 5 14 4 10 4 12 4 10 2 2 2 10 4 12 4 12 5 1 19 6 14 4 8 2 4 2 8 2 4 2 6 2 6 2 6 4 16 4 6 2 6 2 6 4 16 4 6 2 6 2 6 4 16 4 6 2 6 2 6 4 16 4 6 2 6 2 6 4 16 4 6 2 6 2 6 4 16 4 6 2 6 2 6 2 4 2 8 2 4 2 8 4 14 6 19
CS (168, 1384) (520, 5346) - 1 5 12 2 2 2 10 4 12 4 14 6 20 6 14 4 12 5 1 18 1 6 1 17 6 17 1 6 1 18 1 6 1 17 6 17 1 6 1 18 1 5 12 4 14 6 20 6 14 4 12 4 10 2 2 2 12 5 1 19 6 16 6 20 6 14 4 12 5 1 19 6 15 1 7 20 6 16 6 20 6 14 4 10 2 2 2 12 5 1 19 6 16 4 8 4 16 6 19 1 6 1 15 4 8 2 6 4 17 1 5 12 4 12 4 12 5 1 17 4 6 2 8 4 15 1 6 1 19 6 16 4 8 4 16 6 19 1 5 12 2 2 2 10 4 14 6 20 6 16 6 20 7 1 15 6 19 1 5 12 4 14 6 20 6 16 6 19
CS (156, 1236) (521, 4634) - 1 5 14 4 10 4 12 4 10 4 14 5 1 19 6 16 6 18 6 16 6 18 6 16 6 18 6 16 6 19 1 5 14 4 10 4 12 4 10 4 14 5 1 20 1 5 14 4 10 4 12 4 10 4 14 5 1 20 1 5 15 1 6 1 18 1 6 1 15 4 8 4 16 6 16 6 19 1 5 14 6 20 6 12 2 2 2 10 4 10 4 14 4 8 2 4 2 8 4 14 4 8 2 4 2 8 4 14 4 10 4 10 2 2 2 12 6 20 6 14 5 1 19 6 16 6 16 4 8 4 15 1 6 1 18 1 6 1 15 5 1 20 1 5 14 4 10 4 12 4 10 4 14 5 1 20
CS (188, 1468) (522, 23788) - 1 5 12 4 12 4 12 4 12 4 10 2 4 2 6 2 8 4 14 4 8 2 6 2 6 4 17 1 6 1 17 6 18 6 18 6 16 4 8 4 16 4 8 4 16 6 18 6 18 6 17 1 6 1 17 4 6 2 6 2 8 4 14 4 8 2 6 2 4 2 10 4 12 4 12 4 12 4 12 5 1 17 4 8 4 16 6 18 6 18 6 17 1 6 1 17 6 19 1 5 14 5 1 19 6 16 6 20 6 14 4 10 2 4 2 6 2 6 2 6 2 6 4 18 6 16 5 1 20 1 6 1 15 6 20 6 15 1 6 1 20 1 5 16 6 18 4 6 2 6 2 6 2 6 2 4 2 10 4 14 6 20 6 16 6 19 1 5 14 5 1 19 6 17 1 6 1 17 6 18 6 18 6 16 4 8 4 17
CS (190, 1336) (522, 314) - 1 5 12 4 12 4 10 2 2 2 10 4 12 4 10 2 2 2 10 4 12 4 10 2 2 2 10 4 12 4 12 5 1 19 6 14 4 8 2 4 2 8 2 4 2 8 4 14 6 19 1 5 12 4 12 4 12 5 1 19 6 14 5 1 18 1 6 1 16 1 6 1 18 1 5 14 6 19 1 5 12 4 12 4 12 5 1 19 6 14 5 1 18 1 6 1 16 1 6 1 18 1 5 14 6 19 1 5 12 4 12 4 12 5 1 19 6 14 4 8 2 4 2 8 2 4 2 8 4 14 6 19 1 5 12 4 12 4 10 2 2 2 10 4 12 4 10 2 2 2 10 4 12 4 10 2 2 2 10 4 12 4 12 5 1 19 6 14 4 8 2 6 4 16 6 17 1 6 1 17 6 16 4 6 2 8 4 14 6 19
CS (232, 2000) (523, 165) - 1 5 12 4 12 4 12 4 14 6 20 6 16 4 8 2 4 2 8 2 6 4 17 1 6 1 17 4 8 4 16 6 20 6 15 1 7 20 6 17 1 6 1 18 1 6 1 17 6 19 1 5 12 4 14 4 10 4 14 5 1 20 1 5 14 4 10 4 15 1 6 1 20 1 5 14 4 12 5 1 19 6 16 6 21 1 5 16 6 20 6 16 6 20 6 16 6 20 6 16 6 20 6 16 6 20 6 16 6 20 6 16 6 20 6 16 6 20 6 16 5 1 21 6 16 6 19 1 5 12 4 14 5 1 20 1 6 1 15 4 10 4 14 5 1 20 1 5 14 4 10 4 14 4 12 5 1 19 6 17 1 6 1 18 1 6 1 17 6 20 7 1 15 6 20 6 16 4 8 4 17 1 6 1 17 4 6 2 8 2 4 2 8 4 16 6 20 6 14 4 12 4 12 4 12 5 1 17 4 8 4 16 4 8 4 16 4 8 4 16 4 8 4 16 4 8 4 16 4 8 4 17
CS (156, 1164) (524, 11805) - 1 5 12 4 12 4 12 4 10 2 4 2 6 2 8 4 14 4 10 4 14 5 1 20 1 5 15 1 6 1 19 6 16 4 8 4 16 6 19 1 5 14 5 1 20 1 5 16 6 18 4 6 2 6 2 6 2 6 2 6 4 18 6 16 5 1 20 1 5 14 5 1 19 6 16 4 8 4 16 6 19 1 6 1 15 5 1 20 1 5 14 4 10 4 14 4 8 2 6 2 4 2 10 4 12 4 12 4 12 5 1 17 4 6 2 8 4 16 6 18 6 17 1 6 1 17 4 6 2 8 4 14 4 10 4 14 4 8 2 6 4 17 1 6 1 17 6 18 6 16 4 8 2 6 4 17
CS (204, 1840) (524, 135) - 1 5 12 2 2 2 10 4 14 5 1 20 1 5 14 5 1 19 6 17 1 6 1 19 6 16 6 20 6 16 6 20 6 16 6 20 6 14 4 12 4 12 4 12 4 12 5 1 18 1 5 12 4 12 4 12 4 12 4 14 6 20 6 16 6 20 6 16 6 20 6 16 6 19 1 6 1 17 6 19 1 5 14 5 1 20 1 5 14 4 10 2 2 2 12 5 1 19 6 16 4 8 2 6 4 18 6 16 5 1 21 6 14 4 10 4 16 6 18 6 18 6 19 1 5 14 5 1 19 6 18 6 17 1 6 1 19 6 16 6 20 6 16 4 8 4 16 4 8 4 16 4 8 4 16 4 8 4 16 6 20 6 16 6 19 1 6 1 17 6 18 6 19 1 5 14 5 1 19 6 18 6 18 6 16 4 10 4 14 6 21 1 5 16 6 18 4 6 2 8 4 16 6 19
CS (210, 1704) (525, 144) - 1 5 12 2 2 2 10 4 14 5 1 21 7 1 15 4 8 2 6 2 4 2 10 4 12 2 2 2 10 4 12 4 14 6 20 6 16 4 8 2 4 2 10 4 12 4 12 4 12 4 12 4 12 4 12 4 12 4 12 4 10 2 4 2 8 4 16 6 20 6 14 4 12 4 10 2 2 2 12 4 10 2 4 2 6 2 8 4 15 1 7 21 1 5 14 4 10 2 2 2 12 5 1 19 6 16 4 8 2 4 2 10 4 12 4 12 4 14 6 20 6 16 6 20 6 16 6 20 6 16 6 20 6 14 4 12 4 12 4 10 2 2 2 12 4 12 5 1 19 6 16 6 20 6 16 6 20 6 16 6 20 6 16 6 19 1 5 12 4 12 2 2 2 10 4 12 4 12 4 14 6 20 6 16 6 20 6 16 6 20 6 16 6 20 6 14 4 12 4 12 4 10 2 4 2 8 4 16 6 19
CS (132, 1044) (526, 170) - 1 5 14 4 10 2 2 2 12 4 10 4 16 6 20 6 16 6 20 6 16 5 1 21 6 14 4 12 4 12 4 10 2 4 2 8 2 4 2 10 4 12 4 12 4 14 6 21 1 5 16 6 20 6 16 6 20 6 16 4 10 4 12 2 2 2 10 4 14 5 1 19 6 18 6 19 1 5 14 4 10 4 15 1 6 1 20 1 5 14 4 12 4 12 4 10 2 4 2 8 2 4 2 8 2 4 2 10 4 12 4 12 4 14 5 1 20 1 6 1 15 4 10 4 14 5 1 19 6 18 6 19
CS (148, 1060) (526, 8704) - 1 5 12 4 12 4 10 2 2 2 10 4 12 4 10 2 2 2 10 4 12 4 10 2 4 4 17 1 6 1 16 1 6 1 17 4 4 2 10 4 12 4 10 2 2 2 10 4 12 4 10 2 2 2 10 4 12 4 12 5 1 19 6 14 4 8 2 6 4 16 6 17 1 6 1 17 6 16 4 6 2 8 4 14 6 19 1 5 12 4 12 4 12 5 1 19 6 14 5 1 18 1 6 1 16 1 6 1 18 1 5 14 6 19 1 5 12 4 12 4 12 5 1 19 6 14 4 8 2 6 4 16 6 17 1 6 1 17 6 16 4 6 2 8 4 14 6 19
CS (164, 1328) (526, 1502) - 1 5 12 4 12 4 12 5 1 17 4 6 2 8 4 15 1 6 1 19 6 16 5 1 21 7 1 15 6 20 6 14 4 12 5 1 18 1 6 1 17 6 17 1 6 1 18 1 6 1 17 6 17 1 6 1 18 1 5 12 4 14 6 20 6 15 1 7 21 1 5 16 6 19 1 6 1 15 4 8 2 6 4 17 1 5 12 4 12 4 12 5 1 17 4 6 2 8 4 16 6 18 6 17 1 6 1 18 1 5 12 4 14 6 20 6 14 4 12 4 10 4 15 1 6 1 19 6 16 6 19 1 6 1 15 4 10 4 12 4 14 6 20 6 14 4 12 5 1 18 1 6 1 17 6 18 6 16 4 8 2 6 4 17
CS (124, 1032) (527, 1642) - 1 5 12 4 12 4 12 4 12 4 12 4 12 4 12 4 12 4 12 5 1 17 4 8 4 16 6 20 6 14 4 12 4 12 4 10 2 4 2 8 4 16 6 19 1 5 12 4 14 4 8 2 6 4 18 6 16 4 10 4 12 4 14 6 21 1 5 16 6 20 7 1 14 1 7 20 6 16 5 1 21 6 14 4 12 4 10 4 16 6 18 4 6 2 8 4 14 4 12 5 1 19 6 16 4 8 2 4 2 10 4 12 4 12 4 14 6 20 6 16 4 8 4 17
CS (152, 1212) (528, 137) - 1 5 12 4 12 4 12 4 12 5 1 17 4 8 4 16 6 19 1 6 1 17 6 18 6 18 6 18 6 18 6 18 6 18 6 16 4 10 4 14 5 1 20 1 6 1 15 4 10 4 12 2 2 2 10 4 12 2 2 2 10 4 12 4 14 6 20 6 16 4 8 2 4 2 8 2 4 2 10 4 12 4 12 4 10 2 4 2 8 2 4 2 8 4 16 6 20 6 14 4 12 4 10 2 2 2 12 4 10 2 2 2 12 4 10 4 15 1 6 1 20 1 5 14 4 10 4 16 6 18 6 18 6 18 6 18 6 18 6 18 6 17 1 6 1 19 6 16 4 8 4 17
CS (244, 1832) (529, 9) - 1 5 12 2 2 2 8 2 2 2 12 5 1 19 6 14 5 1 18 1 6 1 16 1 6 1 18 1 5 14 6 19 1 5 12 4 12 4 12 5 1 19 6 14 5 1 18 1 6 1 16 1 6 1 18 1 5 14 6 19 1 5 12 4 12 4 12 5 1 19 6 14 5 1 19 7 1 13 4 10 4 13 1 7 19 1 5 14 6 19 1 5 12 4 12 4 12 5 1 19 6 14 5 1 18 1 6 1 16 1 6 1 18 1 5 14 6 19 1 5 12 4 12 4 12 5 1 19 6 14 5 1 18 1 6 1 16 1 6 1 18 1 5 14 6 19 1 5 12 2 2 2 8 2 2 2 12 5 1 19 6 14 5 1 19 6 14 5 1 18 1 6 1 16 1 6 1 18 1 5 14 6 19 1 5 12 4 12 4 12 5 1 19 6 14 5 1 18 1 6 1 16 1 6 1 18 1 5 14 6 19 1 5 12 4 12 4 12 5 1 19 6 14 5 1 18 1 6 1 16 1 6 1 18 1 5 14 6 19 1 5 14 6 19
CS (166, 1196) (530, 85) - 1 5 12 4 12 2 2 2 8 2 6 4 17 1 6 1 17 4 6 2 8 2 2 2 12 4 12 5 1 18 1 6 1 17 4 6 2 8 4 16 6 19 1 6 1 16 1 6 1 20 1 5 16 6 18 6 19 1 6 1 16 1 6 1 19 6 17 1 6 1 18 1 6 1 17 6 20 7 1 15 6 20 6 16 4 8 2 4 2 8 2 4 2 8 2 6 4 16 4 6 2 8 2 4 2 8 2 4 2 8 4 16 6 20 6 15 1 7 20 6 17 1 6 1 18 1 6 1 17 6 19 1 6 1 16 1 6 1 19 6 18 6 16 5 1 20 1 6 1 16 1 6 1 19 6 16 4 8 2 6 4 17 1 6 1 18
CS (132, 1040) (531, 1308) - 1 5 12 4 12 4 10 4 14 6 19 1 5 12 4 13 1 7 19 1 6 1 15 6 19 1 6 1 15 6 18 6 16 6 19 1 5 14 4 8 2 6 4 16 6 16 4 6 2 8 4 14 4 8 4 16 6 16 4 8 4 14 4 8 2 6 4 16 6 16 4 6 2 8 4 14 5 1 19 6 16 6 18 6 15 1 6 1 19 6 15 1 6 1 19 7 1 13 4 12 5 1 19 6 14 4 10 4 12 4 12 5 1 18 1 6 1 16 1 6 1 17 6 17 1 6 1 16 1 6 1 18
CS (132, 1008) (532, 188) - 1 5 12 2 2 2 10 4 14 4 8 2 6 2 4 2 10 4 14 5 1 21 7 1 15 4 8 2 6 4 18 6 16 4 8 4 17 1 6 1 18 1 5 12 4 12 4 14 6 20 6 16 4 8 4 16 4 8 4 16 4 8 4 16 6 20 6 14 4 12 4 12 5 1 18 1 6 1 17 4 8 4 16 6 18 4 6 2 8 4 15 1 7 21 1 5 14 4 10 2 4 2 6 2 8 4 14 4 10 2 2 2 12 5 1 19 6 17 1 6 1 19 6 16 6 19 1 6 1 17 6 19
CS (150, 1284) (532, 37) - 1 5 12 4 12 4 12 4 12 5 1 17 4 8 4 16 6 19 1 6 1 17 6 18 6 18 6 18 6 18 6 18 6 18 6 16 4 10 4 14 5 1 20 1 5 14 5 1 19 6 18 6 16 4 8 2 6 2 4 2 10 4 12 4 14 6 20 6 16 4 8 2 4 2 10 4 12 4 12 4 12 4 12 4 12 4 10 2 4 2 8 4 16 6 20 6 14 4 12 4 10 2 4 2 6 2 8 4 16 6 18 6 19 1 5 14 5 1 20 1 5 14 4 10 4 16 6 18 6 18 6 18 6 18 6 18 6 18 6 17 1 6 1 19 6 16 4 8 4 17
CS (160, 1276) (532, 49) - 1 5 12 4 12 4 12 4 12 4 12 4 12 4 12 4 12 4 12 4 12 4 12 4 12 4 12 4 12 4 12 5 1 17 4 6 2 8 2 4 2 8 4 16 6 20 7 1 13 4 12 4 12 4 12 4 12 4 12 4 12 4 12 5 1 17 4 8 4 16 6 20 6 14 4 12 4 12 5 1 18 1 5 12 4 12 4 14 6 21 1 5 16 4 8 4 16 4 8 4 16 5 1 21 6 14 4 12 4 12 5 1 18 1 5 12 4 12 4 14 6 20 6 16 4 8 4 17 1 5 12 4 12 4 12 4 12 4 12 4 12 4 12 4 13 1 7 20 6 16 4 8 2 4 2 8 2 6 4 17
CS (128, 1120) (534, 182) - 1 5 12 4 12 4 12 4 12 5 1 17 4 8 4 16 6 20 6 14 4 10 2 2 2 12 4 10 4 14 4 10 4 14 4 10 4 14 4 10 4 12 2 2 2 10 4 14 6 20 6 16 4 8 4 17 1 5 12 4 12 4 12 4 12 5 1 17 4 8 4 16 6 20 7 1 15 6 20 6 16 6 20 6 14 4 12 4 10 4 16 6 18 6 19 1 5 14 5 1 19 6 18 6 16 4 10 4 12 4 14 6 20 6 16 6 20 6 15 1 7 20 6 16 4 8 4 17
CS (166, 1312) (534, 6527) - 1 5 12 2 2 2 10 4 12 4 12 4 12 4 12 4 10 4 16 6 17 1 6 1 18 1 6 1 16 1 6 1 18 1 5 12 4 12 4 12 4 12 4 12 5 1 18 1 5 12 4 12 4 12 4 12 4 12 5 1 18 1 6 1 16 1 6 1 18 1 6 1 17 6 16 4 10 4 12 4 12 4 12 4 12 4 10 2 2 2 12 5 1 19 6 16 6 19 1 5 12 4 14 5 1 20 1 5 14 4 10 4 14 5 1 19 6 17 1 6 1 17 6 18 6 18 6 17 1 6 1 17 6 18 6 18 6 17 1 6 1 17 6 19 1 5 14 4 10 4 14 5 1 20 1 5 14 4 12 5 1 19 6 16 6 19
CS (138, 1048) (536, 33055) - 1 5 12 4 10 4 14 4 8 2 4 2 8 4 14 4 8 2 6 4 16 6 16 4 8 4 15 1 6 1 19 6 14 5 1 19 6 14 4 10 4 14 6 18 6 17 1 6 1 17 6 16 5 1 20 1 5 14 6 20 6 14 5 1 20 1 5 16 6 17 1 6 1 17 6 18 6 14 4 10 4 14 6 19 1 5 14 6 19 1 6 1 15 4 8 4 16 6 16 4 6 2 8 4 14 4 8 2 4 2 8 4 14 4 10 4 12 5 1 17 4 6 2 6 2 4 2 10 4 10 2 4 2 6 2 6 4 17
CS (140, 1084) (536, 179) - 1 5 12 2 2 2 10 4 12 2 2 2 8 2 6 4 16 6 20 6 14 4 10 4 14 4 10 4 14 5 1 19 6 18 6 16 4 8 2 4 2 8 2 4 2 8 4 16 6 19 1 5 14 5 1 19 6 16 4 8 2 4 2 8 2 4 2 8 4 16 6 18 6 19 1 5 14 4 10 4 14 4 10 4 14 6 20 6 16 4 6 2 8 2 2 2 12 4 10 2 2 2 12 5 1 19 6 16 6 20 6 14 4 12 5 1 18 1 6 1 17 6 18 6 17 1 6 1 18 1 5 12 4 14 6 20 6 16 6 19
CS (164, 1276) (536, 76) - 1 5 12 4 12 2 2 2 8 2 6 4 17 1 6 1 17 4 8 4 16 6 19 1 6 1 17 6 18 6 18 6 19 1 5 14 4 10 4 14 4 10 4 14 4 10 4 14 5 1 19 6 18 6 18 6 17 1 6 1 19 6 16 4 8 4 17 1 6 1 17 4 6 2 8 2 2 2 12 4 12 5 1 18 1 6 1 17 4 8 4 16 6 19 1 5 12 4 14 5 1 20 1 6 1 15 4 10 4 14 5 1 20 1 5 14 4 10 4 14 4 10 4 14 4 10 4 14 4 10 4 14 5 1 20 1 5 14 4 10 4 15 1 6 1 20 1 5 14 4 12 5 1 19 6 16 4 8 4 17 1 6 1 18
CS (184, 1292) (536, 3383) - 1 5 12 4 10 4 14 4 8 2 2 2 12 4 8 2 6 2 4 2 8 4 15 1 6 1 18 1 5 12 4 12 4 10 2 2 2 10 4 12 4 10 4 14 6 18 6 18 6 14 4 10 4 12 4 10 2 4 2 4 2 10 4 12 4 10 4 14 6 18 6 18 6 14 4 10 4 12 4 10 2 2 2 10 4 12 4 12 5 1 18 1 6 1 15 4 8 2 4 2 6 2 8 4 12 2 2 2 8 4 14 4 10 4 12 5 1 17 4 6 2 6 4 17 1 5 12 4 10 4 14 4 8 4 16 6 16 4 8 4 14 4 10 4 12 5 1 17 4 6 2 6 4 17 1 5 12 4 10 4 14 4 8 4 16 6 16 4 8 4 14 4 10 4 12 5 1 17 4 6 2 6 4 17
CS (238, 2096) (536, 42) - 1 5 12 4 10 4 14 5 1 19 6 16 6 18 6 16 6 18 6 16 6 18 6 16 6 18 6 16 6 18 6 16 6 18 6 16 6 18 6 16 6 18 6 16 6 18 6 16 6 18 6 16 6 19 1 5 14 4 10 4 12 5 1 17 6 18 6 15 1 6 1 19 6 14 4 10 4 12 4 12 5 1 19 7 1 13 4 10 4 14 6 19 1 5 14 6 20 6 12 2 2 2 8 2 4 2 8 4 14 4 8 4 16 6 17 1 6 1 17 6 16 6 19 1 5 14 5 1 19 6 14 4 10 4 14 6 18 6 16 4 8 4 14 4 8 4 16 6 17 1 6 1 17 6 16 4 8 4 14 4 8 4 16 6 18 6 14 4 10 4 14 6 19 1 5 14 5 1 19 6 16 6 17 1 6 1 17 6 16 4 8 4 14 4 8 2 4 2 8 2 2 2 12 6 20 6 14 5 1 19 6 14 4 10 4 13 1 7 19 1 5 12 4 12 4 10 4 14 6 19 1 6 1 15 6 18 6 17
CS (140, 908) (537, 167) - 1 5 14 4 12 4 12 4 12 4 12 2 2 2 10 4 12 2 2 2 10 4 14 4 10 2 2 2 12 4 10 2 2 2 12 4 12 4 12 4 12 4 14 5 1 20 1 6 1 15 4 8 2 6 2 6 2 6 2 6 2 6 2 8 4 14 4 12 4 12 4 12 4 12 4 12 4 14 5 1 20 1 6 1 15 4 8 2 6 2 6 4 18 4 6 2 6 2 8 4 15 1 6 1 20 1 5 14 4 12 4 12 4 12 4 12 4 12 4 14 4 8 2 6 2 6 2 6 2 6 2 6 2 8 4 15 1 6 1 20
CS (216, 1812) (537, 122) - 1 5 14 5 1 19 6 16 4 8 2 6 2 4 2 10 4 12 4 12 4 14 6 20 6 16 5 1 21 6 14 4 12 4 10 2 4 2 6 2 8 4 16 6 18 6 19 1 5 14 5 1 19 6 18 6 17 1 6 1 19 6 16 6 20 6 16 6 20 6 16 6 20 7 1 14 1 7 20 6 16 6 20 6 16 6 20 6 16 6 19 1 6 1 17 6 18 6 19 1 5 14 5 1 19 6 18 6 16 4 8 2 6 2 4 2 10 4 12 4 14 6 21 1 5 16 6 20 6 14 4 12 4 12 4 10 2 4 2 6 2 8 4 16 6 19 1 5 14 5 1 20 1 5 14 5 1 19 6 16 4 10 4 12 4 14 6 20 6 16 4 8 2 4 2 8 2 4 2 10 4 12 4 12 4 12 4 10 2 4 2 8 2 4 2 8 4 16 6 20 6 14 4 12 4 10 4 16 6 19 1 5 14 5 1 20
CS (192, 1456) (539, 2672) - 1 5 12 4 12 4 12 4 14 6 20 6 16 6 20 6 16 6 19 1 6 1 17 6 19 1 5 14 5 1 20 1 5 14 4 10 4 15 1 6 1 20 1 5 14 4 12 4 10 4 15 1 6 1 20 1 5 14 4 10 4 14 4 10 2 4 2 6 2 6 2 6 2 6 2 6 2 6 2 6 2 6 2 6 2 6 2 6 2 6 2 6 2 6 2 6 2 4 2 10 4 14 4 10 4 14 5 1 20 1 6 1 15 4 10 4 12 4 14 5 1 20 1 6 1 15 4 10 4 14 5 1 20 1 5 14 5 1 19 6 17 1 6 1 19 6 16 6 20 6 16 6 20 6 14 4 12 4 12 4 12 5 1 18 1 6 1 17 6 19 1 6 1 17 6 18 6 18 6 18 6 17 1 6 1 19 6 17 1 6 1 18
CS (164, 1376) (540, 4858) - 1 5 12 4 12 4 14 6 20 6 16 6 20 6 16 6 20 6 16 6 20 6 14 4 12 4 12 5 1 18 1 6 1 17 6 20 7 1 15 6 20 6 16 5 1 21 6 14 4 12 4 10 2 4 2 8 4 15 1 7 21 1 5 14 4 12 5 1 19 6 16 5 1 21 6 14 4 10 2 4 2 6 2 8 4 14 4 12 5 1 19 6 17 1 6 1 18 1 6 1 17 6 19 1 5 12 4 14 4 8 2 6 2 4 2 10 4 14 6 21 1 5 16 6 19 1 5 12 4 14 5 1 21 7 1 15 4 8 2 4 2 10 4 12 4 14 6 21 1 5 16 6 20 6 15 1 7 20 6 17 1 6 1 18
CS (220, 2024) (540, 27506) - 1 5 12 4 12 4 10 4 12 4 12 4 10 4 12 4 12 4 10 4 12 4 12 4 10 4 12 4 12 4 10 4 14 6 18 6 17 1 5 12 5 1 17 6 18 6 15 1 6 1 19 6 14 4 10 4 12 4 10 4 14 5 1 19 6 16 6 18 6 16 6 18 6 16 6 18 6 16 6 18 6 16 6 18 6 16 6 18 6 16 6 18 6 16 6 18 6 16 6 18 6 16 6 18 6 16 6 18 6 16 6 18 6 16 6 18 6 16 6 18 6 16 6 18 6 16 6 18 6 16 6 18 6 16 6 18 6 16 6 19 1 5 14 4 10 4 12 4 10 4 14 6 19 1 6 1 15 6 18 6 17 1 5 12 5 1 17 6 18 6 14 4 10 4 12 4 12 4 10 4 12 4 12 4 10 4 12 4 12 4 10 4 12 4 12 4 10 4 12 4 12 5 1 18 1 5 12 4 12 5 1 18 1 5 12 4 12 5 1 18
CS (158, 1364) (542, 150) - 1 5 14 4 10 4 14 4 10 4 14 4 10 4 14 4 8 2 6 2 6 2 6 4 18 6 17 1 6 1 19 6 16 6 20 6 16 6 20 6 15 1 7 20 6 16 4 8 2 4 2 10 4 12 4 12 4 12 4 12 4 12 4 12 4 12 4 12 4 10 2 4 2 8 4 16 6 20 7 1 15 6 20 6 16 6 20 6 16 6 19 1 6 1 17 6 18 4 6 2 6 2 6 2 8 4 14 4 10 4 14 4 10 4 14 4 10 4 14 5 1 19 6 18 6 18 6 17 1 6 1 19 6 16 6 20 6 16 4 8 4 16 6 20 6 16 6 19 1 6 1 17 6 18 6 18 6 19
CS (176, 1432) (542, 554) - 1 5 12 4 12 4 14 6 20 6 16 6 20 6 16 6 20 6 15 1 7 20 6 16 4 8 2 4 2 10 4 12 4 12 4 12 4 12 4 12 4 12 4 12 4 12 4 10 2 4 2 8 4 16 6 20 7 1 15 6 20 6 16 6 20 6 16 6 20 6 14 4 12 4 12 5 1 18 1 6 1 17 6 20 6 14 4 10 2 4 2 6 2 8 4 15 1 6 1 20 1 5 14 4 10 4 15 1 6 1 20 1 5 14 4 12 5 1 19 6 16 4 8 4 17 1 6 1 17 4 8 4 16 6 19 1 5 12 4 14 5 1 20 1 6 1 15 4 10 4 14 5 1 20 1 6 1 15 4 8 2 6 2 4 2 10 4 14 6 20 6 17 1 6 1 18
CS (194, 1636) (542, 114) - 1 5 12 4 12 4 12 4 12 4 10 2 4 2 6 2 8 4 14 4 10 4 14 5 1 19 6 18 6 16 5 1 20 1 6 1 15 6 20 6 16 6 19 1 5 14 5 1 19 6 18 6 16 6 20 6 14 4 12 5 1 18 1 6 1 17 6 18 6 16 4 10 4 12 4 12 4 12 4 12 4 10 4 16 6 18 6 17 1 6 1 18 1 5 12 4 14 6 20 6 16 6 18 6 19 1 5 14 5 1 19 6 16 6 20 6 15 1 6 1 20 1 5 16 6 18 6 19 1 5 14 4 10 4 14 4 8 2 6 2 4 2 10 4 12 4 12 4 12 4 12 5 1 17 4 8 4 16 6 18 6 18 6 18 6 16 4 8 2 4 2 8 2 4 2 8 2 4 2 8 4 16 6 18 6 18 6 18 6 16 4 8 4 17
CS (180, 1372) (543, 498) - 1 5 12 4 14 5 1 20 1 5 14 4 12 4 12 4 12 4 12 4 14 5 1 20 1 5 14 4 10 2 2 2 12 4 12 4 12 4 14 6 21 1 5 16 6 20 6 16 4 10 4 14 5 1 19 6 19 1 5 14 4 12 4 10 2 4 2 8 2 4 2 10 4 12 4 14 5 1 20 1 5 14 4 10 2 4 2 8 4 16 4 8 2 4 2 10 4 14 5 1 20 1 5 14 4 12 4 10 2 4 2 8 2 4 2 10 4 12 4 14 5 1 19 6 19 1 5 14 4 10 4 16 6 20 6 16 5 1 21 6 14 4 12 4 12 4 12 2 2 2 10 4 14 5 1 20 1 5 14 4 12 4 12 4 12 4 12 4 14 5 1 20 1 5 14 4 12 5 1 18
CS (152, 1132) (544, 65) - 1 5 12 4 14 4 8 2 4 2 10 4 12 4 12 4 10 2 4 2 8 4 14 4 12 5 1 19 6 16 5 1 20 1 6 1 15 4 8 2 4 2 8 2 4 2 8 2 4 2 8 4 16 6 19 1 5 14 4 8 2 6 2 6 4 18 6 16 6 20 6 15 1 7 21 1 5 16 6 19 1 5 14 5 1 19 6 17 1 6 1 17 6 19 1 5 14 5 1 19 6 16 5 1 21 7 1 15 6 20 6 16 6 18 4 6 2 6 2 8 4 14 5 1 19 6 16 4 8 2 4 2 8 2 4 2 8 2 4 2 8 4 15 1 6 1 20 1 5 16 6 19
CS (224, 1652) (545, 5302) - 1 5 12 2 2 2 8 2 2 2 12 5 1 18 1 6 1 16 1 6 1 18 1 5 14 6 19 1 5 12 4 12 4 12 5 1 19 6 14 5 1 18 1 6 1 16 1 6 1 18 1 5 14 6 19 1 5 12 4 12 4 12 5 1 19 6 14 5 1 18 1 6 1 16 1 6 1 18 1 5 12 2 2 2 8 2 2 2 12 5 1 19 6 14 5 1 18 1 6 1 16 1 6 1 18 1 5 14 6 19 1 5 12 4 12 4 12 5 1 19 6 14 5 1 18 1 6 1 16 1 6 1 18 1 5 14 6 19 1 5 12 4 12 4 12 5 1 19 6 14 5 1 19 7 1 13 4 10 4 13 1 7 19 1 5 14 6 19 1 5 12 4 12 4 12 5 1 19 6 14 5 1 18 1 6 1 16 1 6 1 18 1 5 14 6 19 1 5 12 4 12 4 12 5 1 19 6 14 5 1 18 1 6 1 16 1 6 1 18 1 5 14 6 19
CS (152, 1108) (546, 35) - 1 5 12 4 14 4 8 2 6 2 6 4 18 6 16 4 8 2 6 4 17 1 6 1 18 1 6 1 17 6 18 6 19 1 5 14 5 1 20 1 5 14 4 10 2 4 2 6 2 6 2 8 4 14 4 10 4 14 4 10 4 14 4 10 4 14 4 8 2 6 2 6 2 4 2 10 4 14 5 1 20 1 5 14 5 1 19 6 18 6 17 1 6 1 18 1 6 1 17 4 6 2 8 4 16 6 18 4 6 2 6 2 8 4 14 4 12 5 1 19 6 17 1 6 1 18 1 6 1 17 6 19 1 6 1 16 1 6 1 19 6 17 1 6 1 18 1 6 1 17 6 19
CS (160, 1112) (546, 126) - 1 5 12 4 12 4 14 4 8 2 6 2 6 2 6 2 8 4 14 4 12 4 12 4 10 2 6 4 17 1 5 12 4 12 4 14 5 1 20 1 5 14 4 12 4 12 5 1 17 4 6 2 10 4 12 4 12 4 14 4 8 2 6 2 6 2 6 2 8 4 14 4 12 4 12 5 1 17 4 8 4 16 4 10 4 12 4 14 4 10 4 14 4 10 2 4 2 6 2 8 4 16 4 8 4 17 1 5 12 4 12 4 14 4 8 2 6 2 6 2 6 2 8 4 14 4 12 4 12 5 1 17 4 8 4 16 4 8 2 6 2 4 2 10 4 14 4 10 4 14 4 12 4 10 4 16 4 8 4 17
CS (164, 1332) (546, 28762) - 1 5 14 4 10 2 4 2 6 2 6 4 18 6 17 1 6 1 17 6 18 6 18 6 18 6 16 4 8 4 16 4 8 4 16 6 18 6 19 1 5 14 4 10 4 14 4 10 4 14 6 20 6 16 6 20 6 14 4 10 2 2 2 10 2 2 2 10 4 14 4 8 2 6 4 17 1 6 1 17 6 18 6 17 1 6 1 17 4 6 2 8 4 14 4 10 2 2 2 10 2 2 2 10 4 14 6 20 6 16 6 20 6 14 4 10 4 14 4 10 4 14 5 1 19 6 18 6 16 4 8 4 16 4 8 4 16 6 18 6 18 6 18 6 17 1 6 1 17 6 18 4 6 2 6 2 4 2 10 4 14 5 1 20
CS (168, 1380) (548, 3471) - 1 5 14 4 10 4 16 6 18 6 18 6 18 6 18 6 18 6 18 6 18 6 17 1 6 1 19 6 16 4 8 4 17 1 6 1 17 4 8 4 16 6 19 1 6 1 17 6 18 6 18 6 18 6 18 6 18 6 18 6 18 6 16 4 10 4 14 5 1 20 1 5 14 5 1 19 6 18 6 16 4 8 2 6 2 4 2 10 4 12 2 2 2 10 4 12 4 14 6 20 6 16 4 8 2 4 2 8 2 4 2 10 4 12 4 12 4 12 4 12 4 12 4 12 4 10 2 4 2 8 2 4 2 8 4 16 6 20 6 14 4 12 4 10 2 2 2 12 4 10 2 4 2 6 2 8 4 16 6 18 6 19 1 5 14 5 1 20
CS (204, 1896) (549, 4138) - 1 5 14 4 10 4 14 4 10 4 14 5 1 19 6 18 6 18 6 16 4 10 4 14 5 1 21 7 1 15 4 8 2 6 2 4 2 10 4 14 6 21 1 5 16 6 19 1 6 1 17 6 18 6 18 6 18 6 18 6 18 6 18 6 18 6 18 6 17 1 6 1 19 6 16 6 21 1 5 16 4 8 4 16 5 1 21 6 16 6 19 1 6 1 17 6 18 6 18 6 18 6 18 6 18 6 18 6 18 6 18 6 17 1 6 1 19 6 16 5 1 21 6 14 4 10 2 4 2 6 2 8 4 15 1 7 21 1 5 14 4 10 4 16 6 18 6 18 6 19 1 5 14 4 10 4 14 4 10 4 14 5 1 19 6 18 6 18 6 17 1 6 1 19 6 16 6 20 6 16 4 8 4 16 4 8 4 16 6 20 6 16 6 19 1 6 1 17 6 18 6 18 6 19
OSO (37, 297) (550, 552) - 1 5 16 6 20 6 14 4 12 4 10 2 4 2 8 4 16 6 18 6 19 1 6 1 15 4 10 4 12 2 2 2 10 4 14 6 21
CS (154, 1296) (551, 158) - 1 5 12 4 14 4 8 2 6 4 18 6 16 4 8 2 6 4 17 1 6 1 18 1 5 12 4 14 6 20 6 17 1 6 1 17 6 20 6 14 4 12 5 1 18 1 6 1 17 4 6 2 8 4 16 6 18 4 6 2 8 4 14 4 12 5 1 19 6 16 4 8 2 4 2 10 4 12 4 12 4 12 4 12 4 12 4 13 1 7 20 6 16 5 1 21 6 14 4 12 5 1 19 6 16 6 20 6 16 6 20 6 16 6 20 6 16 6 19 1 5 12 4 14 6 21 1 5 16 6 20 7 1 13 4 12 4 12 4 12 4 12 4 12 4 10 2 4 2 8 4 16 6 19
CS (140, 1016) (552, 214) - 1 5 12 4 12 4 12 4 12 4 12 4 12 4 12 4 10 4 16 6 18 6 19 1 5 14 4 10 4 14 5 1 20 1 5 14 4 10 4 14 4 10 4 14 5 1 20 1 5 14 4 10 4 14 5 1 19 6 18 6 16 4 10 4 12 4 12 4 12 4 12 4 12 4 12 4 12 5 1 18 1 6 1 17 4 6 2 8 4 15 1 7 21 1 5 14 4 10 2 4 2 6 2 6 2 6 2 6 2 6 2 6 2 6 2 6 2 6 2 4 2 10 4 14 5 1 21 7 1 15 4 8 2 6 4 17 1 6 1 18
CS (192, 1480) (552, 5181) - 1 5 12 4 14 4 8 2 6 4 18 6 16 4 8 2 4 2 10 4 12 4 14 6 20 6 16 4 8 4 16 4 8 2 4 2 8 2 4 2 8 2 4 2 8 4 16 4 8 4 16 6 20 6 14 4 12 4 10 2 4 2 8 4 16 6 18 4 6 2 8 4 14 4 12 5 1 19 6 16 4 8 2 4 2 10 4 12 4 12 4 12 2 2 2 8 2 4 2 8 2 6 4 16 4 8 4 16 4 8 4 16 6 20 6 16 6 19 1 5 12 4 14 6 21 1 5 16 6 20 7 1 15 6 20 6 15 1 7 20 6 16 5 1 21 6 14 4 12 5 1 19 6 16 6 20 6 16 4 8 4 16 4 8 4 16 4 6 2 8 2 4 2 8 2 2 2 12 4 12 4 12 4 10 2 4 2 8 4 16 6 19
CS (200, 1416) (552, 359) - 1 5 12 2 2 2 10 4 15 1 6 1 19 6 18 6 18 6 19 1 5 14 4 10 4 15 1 6 1 20 1 5 14 4 12 4 12 4 12 2 2 2 10 4 12 2 2 2 10 4 14 4 10 2 2 2 12 4 10 2 2 2 12 4 12 4 12 4 14 5 1 20 1 6 1 15 4 10 4 14 5 1 19 6 18 6 18 6 19 1 6 1 15 4 10 2 2 2 12 5 1 19 6 16 4 10 4 14 4 10 2 2 2 12 4 10 2 4 2 8 4 16 4 8 2 4 2 10 4 12 4 14 4 10 4 14 4 12 5 1 19 6 16 4 8 2 6 2 6 2 6 2 6 2 6 2 8 4 16 6 19 1 5 12 4 14 4 10 4 14 4 12 4 10 2 4 2 8 4 16 4 8 2 4 2 10 4 12 2 2 2 10 4 14 4 10 4 16 6 19
CS (148, 1300) (554, 6681) - 1 5 12 4 14 5 1 20 1 6 1 15 4 10 4 12 2 2 2 10 4 14 6 21 1 5 16 6 19 1 6 1 17 6 18 6 18 6 18 6 18 6 18 6 17 1 6 1 19 6 16 6 21 1 5 16 4 8 4 16 4 8 4 16 5 1 21 6 16 6 19 1 6 1 17 6 18 6 18 6 18 6 18 6 18 6 17 1 6 1 19 6 16 5 1 21 6 14 4 10 2 2 2 12 4 10 4 15 1 6 1 20 1 5 14 4 12 5 1 19 6 16 6 20 6 16 4 8 4 16 4 8 2 4 2 8 4 16 4 8 4 16 6 20 6 16 6 19
CS (176, 1508) (554, 11579) - 1 5 12 2 2 2 10 4 14 6 20 6 16 6 19 1 5 14 5 1 19 6 17 1 6 1 17 6 18 6 18 6 16 4 8 2 4 2 8 2 4 2 8 4 16 6 19 1 5 14 4 10 4 14 6 20 6 16 4 8 4 16 6 18 6 18 6 18 6 16 4 8 4 16 6 20 6 14 4 10 4 14 5 1 19 6 16 4 8 2 4 2 8 2 4 2 8 4 16 6 18 6 18 6 17 1 6 1 17 6 19 1 5 14 5 1 19 6 16 6 20 6 14 4 10 2 2 2 12 5 1 19 6 16 4 8 4 16 6 19 1 5 14 5 1 19 6 17 1 6 1 17 6 18 6 17 1 6 1 17 6 19 1 5 14 5 1 19 6 16 4 8 4 16 6 19
CS (136, 1128) (556, 2667) - 1 5 12 4 12 4 14 6 19 1 6 1 16 1 6 1 18 1 6 1 16 1 6 1 19 6 14 4 12 4 12 5 1 18 1 6 1 17 6 18 6 16 4 10 4 12 4 12 4 12 4 12 4 10 4 16 6 18 6 17 1 6 1 18 1 5 12 4 14 6 20 6 14 4 12 4 10 4 15 1 6 1 19 6 16 6 19 1 6 1 15 4 10 4 12 4 14 6 20 6 14 4 12 5 1 18 1 6 1 17 6 18 6 16 4 10 4 12 4 12 4 12 4 12 4 10 4 16 6 18 6 17 1 6 1 18
CS (140, 1124) (556, 145) - 1 5 14 4 10 2 2 2 12 4 12 4 12 4 12 4 12 4 14 4 8 2 6 2 6 2 6 2 6 2 8 4 14 4 12 4 12 4 12 4 12 4 12 2 2 2 10 4 14 5 1 19 6 18 6 19 1 5 14 5 1 19 6 18 6 18 6 18 4 6 2 8 4 16 5 1 21 6 16 6 21 1 5 16 4 8 2 4 2 10 4 14 5 1 19 6 19 1 5 14 4 10 2 4 2 8 4 16 5 1 21 6 16 6 21 1 5 16 4 8 2 6 4 18 6 18 6 18 6 19 1 5 14 5 1 19 6 18 6 19
CS (208, 1512) (556, 936) - 1 5 14 4 10 4 16 6 18 6 18 6 18 6 18 6 18 6 18 6 18 6 16 4 10 4 14 5 1 20 1 6 1 15 4 10 4 12 2 2 2 10 4 12 2 2 2 10 4 12 4 14 6 20 6 16 4 8 2 4 2 8 2 6 4 16 4 8 4 16 4 8 4 16 6 20 6 15 1 7 20 6 17 1 6 1 18 1 6 1 17 6 18 4 6 2 6 2 8 4 14 4 10 2 2 2 10 2 4 2 6 2 6 2 6 2 6 2 6 2 6 2 6 2 6 2 6 2 4 2 10 2 2 2 10 4 14 4 8 2 6 2 6 4 18 6 17 1 6 1 18 1 6 1 17 6 20 7 1 15 6 20 6 16 4 8 4 16 4 8 4 16 4 6 2 8 2 4 2 8 4 16 6 20 6 14 4 12 4 10 2 2 2 12 4 10 2 2 2 12 4 10 4 15 1 6 1 20
OSO (51, 403) (557, 5) - 1 5 14 4 10 2 4 2 6 2 6 2 6 2 6 4 18 6 16 4 8 4 16 4 8 4 16 6 18 6 18 6 18 6 17 1 6 1 17 6 19 1 5 14 4 10 4 14 5 1 20
CS (134, 1052) (557, 105) - 1 5 12 4 12 4 12 4 12 4 12 5 1 17 4 8 4 16 6 20 6 14 4 12 4 10 2 2 2 12 4 10 2 4 2 8 4 15 1 7 21 1 5 14 4 12 5 1 19 6 16 5 1 21 7 1 15 6 20 6 16 4 8 2 4 2 10 4 12 4 12 4 12 4 12 4 12 4 12 4 10 2 4 2 8 4 16 6 20 6 15 1 7 21 1 5 16 6 19 1 5 12 4 14 5 1 21 7 1 15 4 8 2 4 2 10 4 12 2 2 2 10 4 12 4 14 6 20 6 16 4 8 4 17
CS (136, 1180) (558, 40) - 1 5 12 4 12 2 2 2 10 4 12 4 12 4 14 6 20 6 16 6 20 6 16 6 19 1 6 1 17 6 18 6 19 1 5 14 5 1 19 6 18 6 17 1 6 1 19 6 16 6 20 6 16 6 20 6 14 4 12 4 12 4 10 2 2 2 12 4 12 5 1 19 6 16 6 20 6 16 6 20 6 16 6 19 1 6 1 17 6 18 6 18 4 6 2 6 2 6 2 6 2 6 2 6 2 6 2 6 2 6 2 6 2 6 4 18 6 18 6 17 1 6 1 19 6 16 6 20 6 16 6 20 6 16 6 19
CS (142, 1220) (558, 28) - 1 5 14 4 10 2 4 2 8 4 16 4 8 2 6 4 18 6 18 6 20 6 16 6 21 1 5 16 5 1 21 6 14 4 14 6 21 1 5 16 5 1 21 6 14 4 14 6 21 1 5 16 5 1 21 6 16 6 20 6 18 6 18 4 6 2 8 4 16 4 8 2 4 2 10 4 14 5 1 19 6 18 6 19 1 6 1 15 4 10 4 14 4 12 4 12 4 12 4 12 4 14 4 10 4 14 4 12 4 12 4 12 4 12 4 14 4 10 4 14 4 12 4 12 4 12 4 12 4 14 4 10 4 15 1 6 1 19 6 18 6 19
CS (170, 1324) (558, 304) - 1 5 12 4 14 5 1 20 1 5 14 5 1 20 1 5 15 1 7 21 1 5 14 4 12 5 1 19 6 16 5 1 21 6 14 4 10 2 2 2 12 4 10 4 15 1 6 1 20 1 5 14 4 12 5 1 19 6 16 4 8 4 17 1 6 1 17 4 8 4 16 6 19 1 5 12 4 14 5 1 20 1 6 1 15 4 10 4 12 2 2 2 10 4 14 6 21 1 5 16 6 19 1 5 12 4 14 5 1 21 7 1 15 5 1 20 1 5 14 5 1 20 1 5 14 4 12 5 1 19 6 16 4 8 2 4 2 10 4 12 4 12 4 12 4 12 4 12 4 12 4 12 4 12 4 12 4 12 4 12 4 10 2 4 2 8 4 16 6 19
CS (176, 1628) (558, 6681) - 1 5 16 6 18 4 6 2 8 4 16 6 18 6 19 1 6 1 15 4 10 4 14 4 8 2 6 2 6 4 18 6 17 1 6 1 19 6 16 6 20 6 16 6 19 1 6 1 17 6 18 4 6 2 6 2 8 4 14 4 10 4 15 1 6 1 19 6 18 6 16 4 8 2 6 4 18 6 16 5 1 21 6 14 4 10 4 16 6 18 6 18 6 18 6 18 6 18 6 18 6 18 6 17 1 6 1 19 6 16 4 8 4 17 1 6 1 17 6 20 7 1 15 6 20 6 16 6 20 6 16 6 20 6 15 1 7 20 6 17 1 6 1 17 4 8 4 16 6 19 1 6 1 17 6 18 6 18 6 18 6 18 6 18 6 18 6 18 6 16 4 10 4 14 6 21
CS (148, 1200) (560, 24) - 1 5 14 4 10 4 14 4 10 4 14 4 10 4 14 4 10 4 14 4 10 4 14 5 1 20 1 5 14 4 10 4 15 1 6 1 20 1 5 15 1 7 21 1 5 15 1 7 21 1 5 15 1 7 21 1 5 15 1 7 21 1 5 16 6 18 4 6 2 8 4 16 6 18 6 19 1 6 1 15 4 10 4 14 5 1 20 1 5 14 4 10 4 15 1 6 1 19 6 18 6 16 4 8 2 6 4 18 6 16 5 1 21 7 1 15 5 1 21 7 1 15 5 1 21 7 1 15 5 1 21 7 1 15 5 1 20 1 6 1 15 4 10 4 14 5 1 20
CS (196, 1476) (560, 11169) - 1 5 12 2 2 2 10 2 2 2 10 4 14 4 10 4 14 5 1 20 1 5 14 4 10 4 14 4 10 2 2 2 10 2 2 2 12 5 1 20 1 5 14 4 12 5 1 19 6 16 5 1 21 7 1 15 5 1 21 6 14 4 10 4 16 6 18 6 18 6 18 6 19 1 5 14 4 10 4 14 4 10 4 14 4 10 4 14 4 10 4 14 5 1 20 1 5 14 4 10 4 14 4 10 2 4 2 6 2 6 2 6 2 6 2 6 2 6 2 6 2 6 2 6 2 6 2 6 2 4 2 10 4 14 4 10 4 14 5 1 20 1 5 14 4 10 4 14 4 10 4 14 4 10 4 14 4 10 4 14 5 1 19 6 18 6 18 6 18 6 16 4 10 4 14 6 21 1 5 15 1 7 21 1 5 16 6 19 1 5 12 4 14 5 1 20
CS (204, 1868) (560, 3) - 1 5 12 2 2 2 10 4 14 4 10 4 14 5 1 19 6 18 6 18 6 18 6 18 6 17 1 6 1 19 6 16 5 1 21 6 14 4 10 2 2 2 12 4 10 4 16 6 18 6 19 1 5 14 5 1 19 6 18 6 18 6 17 1 6 1 19 6 16 5 1 21 6 14 4 12 5 1 19 6 16 6 21 1 5 16 5 1 21 6 16 6 19 1 5 12 4 14 6 21 1 5 16 6 19 1 6 1 17 6 18 6 18 6 19 1 5 14 5 1 19 6 18 6 16 4 10 4 12 2 2 2 10 4 14 6 21 1 5 16 6 19 1 6 1 17 6 18 6 18 6 18 6 18 6 19 1 5 14 4 10 4 14 4 10 2 2 2 12 5 1 19 6 18 6 17 1 6 1 19 6 16 6 20 6 16 6 20 6 16 6 20 6 16 6 19 1 6 1 17 6 18 6 19
CS (138, 1032) (561, 134) - 1 5 12 2 2 2 10 4 14 5 1 21 7 1 15 4 8 2 6 2 4 2 10 4 12 2 2 2 10 4 12 4 14 6 20 6 16 4 8 4 17 1 5 12 4 12 4 12 4 12 4 12 4 12 5 1 17 4 8 4 16 6 20 6 14 4 12 4 10 2 2 2 12 4 10 2 4 2 6 2 8 4 15 1 7 21 1 5 14 4 10 2 2 2 12 5 1 19 6 16 4 8 2 4 2 10 4 12 4 12 4 12 4 14 6 20 6 16 6 20 6 14 4 12 4 12 4 12 4 10 2 4 2 8 4 16 6 19
CS (190, 1480) (562, 5846) - 1 5 12 2 2 2 8 2 2 2 12 5 1 18 1 6 1 16 1 6 1 17 6 18 6 14 4 10 4 14 6 18 6 16 4 8 4 14 4 8 4 16 6 17 1 6 1 17 6 16 4 8 4 14 4 8 4 16 6 18 6 14 4 10 4 14 6 18 6 17 1 6 1 16 1 6 1 18 1 5 12 2 2 2 8 2 2 2 12 5 1 19 6 14 5 1 18 1 6 1 16 1 6 1 17 6 18 6 14 4 10 4 14 6 18 6 17 1 5 12 5 1 17 6 18 6 14 4 10 4 13 1 7 19 1 5 12 2 2 2 8 2 2 2 12 5 1 19 7 1 13 4 10 4 14 6 18 6 17 1 5 12 5 1 17 6 18 6 14 4 10 4 14 6 18 6 17 1 6 1 16 1 6 1 18 1 5 14 6 19
CS (144, 1208) (564, 49) - 1 5 14 4 10 4 16 6 20 6 16 4 8 2 6 4 18 6 18 6 18 4 6 2 8 4 16 6 20 6 16 4 10 4 14 5 1 20 1 5 14 4 12 4 12 4 12 4 14 5 1 21 7 1 15 5 1 21 6 14 4 12 4 12 4 12 4 12 4 14 5 1 20 1 5 14 4 12 4 12 4 12 4 12 4 12 4 14 5 1 20 1 5 14 4 12 4 12 4 12 4 12 4 12 4 14 5 1 20 1 5 14 4 12 4 12 4 12 4 12 4 14 6 21 1 5 15 1 7 21 1 5 14 4 12 4 12 4 12 4 14 5 1 20
CS (160, 1248) (564, 108) - 1 5 12 4 12 4 12 2 2 2 8 2 4 2 10 4 12 4 12 4 12 4 12 4 12 4 12 5 1 17 4 8 4 16 6 20 6 14 4 12 4 12 5 1 18 1 6 1 17 4 8 4 16 6 19 1 5 12 4 14 5 1 20 1 5 14 5 1 20 1 5 14 4 12 5 1 19 6 16 4 8 4 17 1 6 1 18 1 5 12 4 12 4 14 6 20 6 16 4 8 4 17 1 5 12 4 12 4 12 4 12 4 12 4 12 4 10 2 4 2 8 2 2 2 12 4 12 4 12 5 1 18 1 6 1 17 6 19 1 6 1 17 6 18 6 18 6 18 6 17 1 6 1 19 6 17 1 6 1 18
CS (194, 1564) (564, 2692) - 1 5 12 2 2 2 10 4 14 4 8 2 6 2 6 4 18 6 17 1 6 1 19 6 16 6 20 6 16 6 20 6 16 6 20 6 16 6 20 6 16 6 19 1 5 12 4 12 2 2 2 10 4 12 4 14 6 20 6 16 4 8 2 4 2 8 2 6 4 16 4 8 2 4 2 8 2 4 2 10 4 12 4 12 4 12 4 12 4 12 4 12 4 10 2 4 2 8 2 4 2 8 4 16 4 6 2 8 2 4 2 8 4 16 6 20 6 14 4 12 4 10 2 2 2 12 4 12 5 1 19 6 16 6 20 6 16 6 20 6 16 6 20 6 16 6 20 6 16 6 19 1 6 1 17 6 18 4 6 2 6 2 8 4 14 4 10 2 2 2 12 5 1 19 6 17 1 6 1 19 6 16 6 20 6 16 6 19 1 6 1 17 6 19
CS (206, 1672) (564, 993) - 1 5 12 2 2 2 10 4 14 5 1 20 1 5 14 5 1 19 6 17 1 6 1 19 6 16 6 20 6 16 6 20 6 16 6 19 1 6 1 17 6 19 1 5 14 5 1 20 1 5 14 4 10 2 2 2 12 5 1 19 6 17 1 6 1 18 1 6 1 17 6 20 7 1 15 6 20 6 16 4 8 4 17 1 6 1 17 6 19 1 6 1 17 6 18 6 18 6 18 6 17 1 6 1 19 6 17 1 6 1 18 1 5 12 4 12 4 12 2 2 2 8 2 4 2 10 4 12 4 12 4 12 4 12 4 12 4 12 4 10 2 4 2 8 2 2 2 12 4 12 4 12 5 1 18 1 6 1 17 6 19 1 6 1 17 6 18 6 18 6 18 6 17 1 6 1 19 6 17 1 6 1 17 4 8 4 16 6 20 6 15 1 7 20 6 17 1 6 1 18 1 6 1 17 6 19
CS (148, 1168) (565, 116) - 1 5 12 2 2 2 10 2 2 2 10 2 4 2 6 2 8 4 16 6 20 6 16 6 21 1 5 16 6 20 6 18 6 16 4 10 2 2 2 12 5 1 19 6 17 1 6 1 18 1 6 1 17 6 19 1 5 12 2 2 2 10 4 16 6 18 6 20 6 16 5 1 21 6 16 6 20 6 16 4 8 2 6 2 4 2 10 2 2 2 10 2 2 2 12 5 1 19 6 16 4 10 4 14 4 10 4 16 6 19 1 5 14 5 1 20 1 5 14 4 12 4 12 4 12 4 14 5 1 20 1 5 14 5 1 19 6 16 4 10 4 14 4 10 4 16 6 19
CS (188, 1436) (566, 3621) - 1 5 12 2 2 2 10 2 2 2 10 4 14 4 10 4 14 5 1 20 1 5 14 5 1 19 6 17 1 6 1 19 6 16 6 20 6 16 6 19 1 6 1 17 6 19 1 5 14 5 1 20 1 5 14 4 10 4 14 4 10 2 2 2 10 2 2 2 12 5 1 20 1 5 14 4 12 4 10 4 15 1 6 1 20 1 5 14 4 10 4 14 4 12 5 1 19 6 17 1 6 1 19 6 16 6 20 6 15 1 7 20 6 16 4 8 4 16 4 8 2 4 2 8 2 4 2 8 2 4 2 8 2 4 2 8 2 4 2 8 4 16 4 8 4 16 6 20 7 1 15 6 20 6 16 6 19 1 6 1 17 6 19 1 5 12 4 14 4 10 4 14 5 1 20 1 6 1 15 4 10 4 12 4 14 5 1 20
CS (128, 852) (568, 176) - 1 5 12 4 12 4 12 4 12 2 2 2 8 2 4 2 8 2 4 2 8 4 16 4 6 2 8 2 4 2 8 4 16 6 19 1 5 12 4 14 4 8 2 6 4 18 6 16 4 8 2 4 2 10 4 12 4 12 4 12 4 12 4 12 4 12 4 12 4 12 4 12 4 10 2 4 2 8 4 16 6 18 4 6 2 8 4 14 4 12 5 1 19 6 16 4 8 2 4 2 8 2 6 4 16 4 8 2 4 2 8 2 4 2 8 2 2 2 12 4 12 4 12 4 12 5 1 18
CS (138, 1012) (568, 3) - 1 5 12 2 2 2 10 4 14 4 8 2 6 2 6 4 18 6 16 4 10 4 12 4 14 6 20 6 16 4 8 4 17 1 5 12 4 12 4 12 4 12 4 12 4 12 5 1 17 4 8 4 16 6 20 6 14 4 12 4 10 4 16 6 18 4 6 2 6 2 8 4 14 4 10 2 2 2 12 5 1 19 6 18 6 16 4 8 2 4 2 10 4 12 4 12 2 2 2 8 2 4 2 10 4 12 4 12 4 12 4 12 4 12 4 10 2 4 2 8 2 2 2 12 4 12 4 10 2 4 2 8 4 16 6 18 6 19
CS (196, 1564) (568, 91) - 1 5 12 2 2 2 10 4 14 5 1 20 1 5 14 4 10 4 14 4 10 4 14 4 10 4 14 4 10 4 14 4 8 2 6 2 6 4 18 6 17 1 6 1 19 6 16 6 20 6 16 6 19 1 6 1 17 6 18 4 6 2 6 2 8 4 14 4 10 4 14 4 10 4 14 4 10 4 14 4 10 4 14 5 1 20 1 5 14 4 10 2 2 2 12 5 1 19 6 18 6 16 4 8 2 4 2 10 4 12 4 14 6 20 6 16 4 8 4 16 4 8 4 16 4 8 4 16 4 6 2 8 2 4 2 8 4 16 6 20 7 1 15 6 20 6 16 6 20 6 15 1 7 20 6 16 4 8 2 4 2 8 2 6 4 16 4 8 4 16 4 8 4 16 4 8 4 16 6 20 6 14 4 12 4 10 2 4 2 8 4 16 6 18 6 19
CS (168, 1380) (570, 775) - 1 5 14 4 10 4 16 6 18 6 18 6 18 6 18 6 18 6 18 6 18 6 18 6 17 1 6 1 19 6 16 6 21 1 5 16 4 8 4 16 5 1 21 6 16 6 19 1 6 1 17 6 18 6 18 6 18 6 18 6 18 6 18 6 18 6 18 6 16 4 10 4 14 5 1 20 1 6 1 15 4 8 2 6 2 6 4 18 6 16 4 8 2 6 2 4 2 10 4 12 4 14 6 20 6 16 4 8 2 4 2 8 2 4 2 8 2 6 4 16 4 8 4 16 4 6 2 8 2 4 2 8 2 4 2 8 4 16 6 20 6 14 4 12 4 10 2 4 2 6 2 8 4 16 6 18 4 6 2 6 2 8 4 15 1 6 1 20
CS (124, 1004) (572, 3911) - 1 5 12 2 2 2 10 4 14 5 1 20 1 5 14 4 10 4 14 4 10 4 12 4 14 6 20 6 16 6 19 1 5 14 5 1 20 1 5 16 6 18 6 18 6 18 6 16 4 8 2 4 2 8 2 4 2 8 2 4 2 8 4 16 6 18 6 18 6 18 6 16 5 1 20 1 5 14 5 1 19 6 16 6 20 6 14 4 12 4 10 4 14 4 10 4 14 5 1 20 1 5 14 4 10 2 2 2 12 5 1 19 6 16 4 8 2 4 2 8 4 16 6 19
CS (132, 1000) (572, 74) - 1 5 12 2 2 2 10 4 12 4 12 4 12 4 12 4 10 4 15 1 6 1 19 6 14 4 12 4 10 2 2 2 12 5 1 19 6 16 6 19 1 6 1 15 4 10 4 12 4 12 4 12 4 12 5 1 18 1 5 12 4 12 4 12 4 12 4 12 5 1 18 1 5 12 4 12 4 12 4 12 4 10 4 15 1 6 1 19 6 16 6 19 1 5 12 2 2 2 10 4 12 4 14 6 19 1 6 1 15 4 10 4 12 4 12 4 12 4 12 4 10 2 2 2 12 5 1 19 6 16 6 19
CS (168, 1260) (572, 5868) - 1 5 12 4 12 2 2 2 10 4 12 4 12 4 12 4 14 6 20 6 16 6 20 6 16 6 19 1 6 1 17 6 19 1 5 14 5 1 20 1 5 14 4 10 4 14 4 10 2 4 2 6 2 6 2 6 2 6 2 6 2 6 2 6 2 6 2 6 2 6 2 6 2 6 2 6 2 4 2 10 4 14 4 10 4 14 5 1 20 1 5 14 5 1 19 6 17 1 6 1 19 6 16 6 20 6 16 6 20 6 14 4 12 4 12 4 12 4 10 2 2 2 12 4 12 5 1 18 1 6 1 17 4 6 2 8 4 16 6 19 1 6 1 17 6 18 6 18 6 18 6 17 1 6 1 19 6 16 4 8 2 6 4 17 1 6 1 18
CS (168, 1488) (572, 4558) - 1 5 14 4 10 4 16 6 18 6 18 6 18 6 18 6 18 6 18 6 17 1 6 1 19 6 16 4 8 4 17 1 6 1 17 6 20 7 1 15 6 20 6 16 6 20 6 16 6 20 6 15 1 7 20 6 17 1 6 1 17 4 8 4 16 6 19 1 6 1 17 6 18 6 18 6 18 6 18 6 18 6 18 6 16 4 10 4 14 5 1 20 1 5 14 5 1 19 6 18 6 16 4 8 2 6 2 4 2 10 4 12 4 14 6 20 6 16 4 8 2 4 2 10 4 12 4 12 4 12 4 12 4 12 4 10 2 4 2 8 4 16 6 20 6 14 4 12 4 10 2 4 2 6 2 8 4 16 6 18 6 19 1 5 14 5 1 20
CS (174, 1388) (574, 9503) - 1 5 12 2 2 2 10 4 12 4 12 4 12 4 12 4 10 2 2 2 12 5 1 18 1 6 1 17 6 18 6 18 6 16 4 8 2 4 2 10 4 12 4 10 2 4 2 8 4 14 4 12 5 1 19 6 16 5 1 21 7 1 15 6 20 6 14 4 12 4 10 4 14 4 10 4 14 5 1 19 6 18 6 16 5 1 20 1 5 14 5 1 19 6 16 4 8 2 4 2 8 4 16 6 19 1 5 14 5 1 20 1 5 16 6 18 6 19 1 5 14 4 10 4 14 4 10 4 12 4 14 6 20 6 15 1 7 21 1 5 16 6 19 1 5 12 4 14 4 8 2 4 2 10 4 12 4 10 2 4 2 8 4 16 6 18 6 18 6 17 1 6 1 18
CS (164, 1172) (575, 26435) - 1 5 12 2 2 2 8 2 4 2 8 4 14 5 1 20 1 5 15 1 6 1 19 6 14 5 1 19 6 14 4 10 4 12 4 12 4 8 2 6 2 4 2 8 4 15 1 6 1 18 1 5 12 4 12 4 10 4 14 6 18 6 18 6 14 4 10 4 12 4 12 5 1 18 1 6 1 15 4 8 2 4 2 6 2 8 4 12 4 12 4 10 4 14 6 19 1 5 14 6 19 1 6 1 15 5 1 20 1 5 14 4 8 2 4 2 8 2 2 2 12 5 1 19 6 14 4 10 4 12 4 12 5 1 18 1 6 1 16 1 6 1 17 6 17 1 6 1 16 1 6 1 18 1 5 12 4 12 4 10 4 14 6 19
CS (144, 1124) (576, 261) - 1 5 12 2 2 2 10 4 14 6 21 1 5 16 6 19 1 5 12 4 14 5 1 21 7 1 15 4 8 2 4 2 10 4 12 4 14 6 20 6 16 4 8 4 17 1 5 12 4 12 4 12 4 12 4 12 4 12 5 1 17 4 8 4 16 6 20 6 14 4 12 4 10 2 4 2 8 4 15 1 7 21 1 5 14 4 12 5 1 19 6 16 5 1 21 6 14 4 10 2 2 2 12 5 1 19 6 16 4 8 2 4 2 10 4 12 4 12 4 12 4 12 4 12 4 12 4 12 4 12 4 12 4 12 4 10 2 4 2 8 4 16 6 19
CS (178, 1528) (576, 37) - 1 5 12 4 14 5 1 20 1 5 14 5 1 19 6 18 6 17 1 6 1 19 6 16 5 1 21 6 14 4 12 5 1 18 1 6 1 17 4 8 4 16 6 20 7 1 13 4 13 1 7 20 6 16 4 8 4 17 1 6 1 18 1 5 12 4 14 6 21 1 5 16 6 19 1 6 1 17 6 18 6 19 1 5 14 5 1 20 1 5 14 4 12 5 1 19 6 16 4 8 4 18 6 16 5 1 21 7 1 15 5 1 21 6 14 4 10 4 16 6 18 6 19 1 6 1 16 1 6 1 19 6 17 1 6 1 18 1 6 1 17 6 19 1 6 1 16 1 6 1 19 6 18 6 16 4 10 4 14 6 21 1 5 15 1 7 21 1 5 16 6 18 4 8 4 16 6 19
CS (194, 1612) (576, 755) - 1 5 12 4 12 4 12 4 12 4 12 4 12 5 1 17 4 8 4 16 6 20 6 14 4 12 4 10 2 4 2 6 2 8 4 16 6 18 4 6 2 6 2 8 4 14 4 10 2 4 2 6 2 6 2 6 2 8 4 14 4 10 4 14 4 10 4 14 5 1 19 6 18 6 18 6 17 1 6 1 19 6 16 6 20 6 16 6 20 6 16 6 20 7 1 14 1 7 20 6 16 6 20 6 16 6 20 6 16 6 20 7 1 14 1 7 20 6 16 6 20 6 16 6 20 6 16 6 19 1 6 1 17 6 18 6 18 6 19 1 5 14 4 10 4 14 4 10 4 14 4 8 2 6 2 6 2 6 2 4 2 10 4 14 4 8 2 6 2 6 4 18 6 16 4 8 2 6 2 4 2 10 4 12 4 14 6 20 6 16 4 8 4 17
CS (190, 1636) (579, 7836) - 1 5 14 4 12 4 10 4 16 6 18 6 19 1 5 14 5 1 19 6 18 6 18 6 17 1 6 1 19 6 16 6 20 6 16 6 20 6 16 6 20 6 15 1 7 20 6 16 4 8 2 4 2 10 4 12 4 12 4 12 4 12 4 12 4 12 4 12 4 12 4 12 4 12 4 12 4 10 2 4 2 8 4 16 6 20 7 1 15 6 20 6 16 6 20 6 16 6 20 6 16 6 19 1 6 1 17 6 18 6 18 6 19 1 5 14 5 1 19 6 18 6 16 4 10 4 12 4 14 5 1 20 1 6 1 16 1 6 1 19 6 16 4 8 2 4 2 10 4 12 4 12 4 12 4 12 4 12 4 12 4 12 4 12 4 12 4 12 4 12 4 12 4 10 2 4 2 8 4 16 6 19 1 6 1 16 1 6 1 20
CS (130, 1008) (580, 91) - 1 5 12 4 14 4 8 2 6 2 4 2 10 4 14 6 20 6 17 1 6 1 18 1 5 12 4 14 6 20 6 16 4 8 4 16 4 8 2 4 2 8 2 4 2 8 4 16 4 8 4 16 6 20 6 14 4 12 5 1 18 1 6 1 17 6 20 6 14 4 10 2 4 2 6 2 8 4 14 4 12 5 1 19 6 16 4 8 2 6 4 17 1 6 1 18 1 5 12 4 14 6 20 6 17 1 6 1 17 6 20 6 14 4 12 5 1 18 1 6 1 17 4 6 2 8 4 16 6 19
CS (138, 892) (580, 36873) - 1 5 10 2 2 2 10 2 2 2 10 4 10 2 4 2 6 2 6 4 17 1 5 12 4 12 5 1 18 1 5 12 4 10 2 4 2 6 2 4 2 10 4 10 2 4 2 6 2 4 2 10 4 10 2 4 2 6 2 4 2 10 4 10 2 4 2 6 2 4 2 10 4 12 5 1 18 1 5 12 4 12 5 1 17 4 6 2 6 2 4 2 10 4 10 2 2 2 10 2 2 2 10 5 1 17 6 16 6 19 1 5 14 6 20 6 14 6 20 7 1 14 1 7 20 6 14 6 20 6 14 5 1 19 6 16 6 17
CS (152, 1244) (580, 67) - 1 5 14 4 10 4 14 4 8 2 6 4 17 1 6 1 17 6 18 6 17 1 6 1 17 4 6 2 8 4 14 4 10 4 14 5 1 20 1 5 15 1 6 1 19 6 16 4 8 4 16 6 19 1 5 14 5 1 20 1 5 16 6 19 1 5 14 5 1 19 6 16 4 8 4 16 4 6 2 8 4 16 6 18 6 17 1 6 1 17 6 19 1 5 14 5 1 19 6 17 1 6 1 17 6 18 6 16 4 8 2 6 4 16 4 8 4 16 6 19 1 5 14 5 1 19 6 16 5 1 20 1 5 14 5 1 19 6 16 4 8 4 16 6 19 1 6 1 15 5 1 20
CS (152, 1248) (580, 3831) - 1 5 12 2 2 2 10 4 14 4 8 2 6 2 6 4 18 6 16 4 10 4 12 4 14 6 20 6 17 1 6 1 17 4 6 2 8 4 16 6 20 7 1 15 6 20 6 16 6 20 6 16 6 20 6 15 1 7 20 6 16 4 8 2 6 4 17 1 6 1 17 6 20 6 14 4 12 4 10 4 16 6 18 4 6 2 6 2 8 4 14 4 10 2 2 2 12 5 1 19 6 18 6 16 4 8 2 4 2 10 4 12 4 14 6 20 6 16 4 8 4 16 4 8 2 4 2 8 4 16 4 8 4 16 6 20 6 14 4 12 4 10 2 4 2 8 4 16 6 18 6 19
CS (152, 1248) (584, 162) - 1 5 12 4 12 4 12 4 12 4 12 4 12 4 12 4 12 4 12 5 1 18 1 5 12 4 12 4 12 4 12 4 13 1 7 20 6 16 6 20 6 16 6 20 6 14 4 12 4 10 2 4 2 8 4 16 6 18 4 6 2 8 4 14 4 12 5 1 19 6 16 4 8 2 4 2 10 4 12 4 12 4 12 4 14 6 20 6 14 4 12 4 12 4 12 4 10 2 4 2 8 4 16 6 19 1 5 12 4 14 4 8 2 6 4 18 6 16 4 8 2 4 2 10 4 12 4 14 6 20 6 16 6 20 6 16 6 20 7 1 13 4 12 4 12 4 12 4 12 5 1 18
CS (196, 1284) (584, 2069) - 1 5 12 4 10 2 4 2 6 2 6 2 4 2 10 4 10 2 4 2 6 2 6 2 6 4 17 1 5 12 4 12 5 1 18 1 5 12 4 12 4 10 4 14 5 1 19 6 16 4 6 2 6 2 6 2 6 2 6 4 16 6 18 6 17 1 5 12 4 10 4 14 4 10 4 12 5 1 17 6 18 6 16 4 6 2 6 2 6 2 6 2 6 4 16 6 19 1 5 14 4 10 4 12 4 12 5 1 18 1 5 12 4 12 5 1 17 4 6 2 6 2 6 2 4 2 10 4 10 2 4 2 6 2 6 2 4 2 10 4 12 5 1 17 4 6 2 6 2 6 4 17 1 6 1 16 1 6 1 17 6 18 6 16 4 6 2 6 2 6 2 6 2 6 4 16 6 18 6 17 1 6 1 16 1 6 1 17 4 6 2 6 2 6 4 17
CS (196, 1628) (584, 32) - 1 5 12 4 12 2 2 2 10 4 14 4 10 4 14 4 12 4 10 2 4 2 8 4 16 4 8 2 6 4 18 6 17 1 6 1 19 6 16 4 10 4 14 5 1 19 6 18 6 19 1 5 14 4 10 4 16 6 19 1 6 1 17 6 18 4 6 2 8 4 16 4 8 2 4 2 10 4 12 4 14 4 10 4 14 4 10 2 2 2 12 4 12 5 1 17 4 8 4 17 1 6 1 17 6 20 6 16 4 8 2 6 4 18 6 18 6 18 6 20 6 14 4 12 4 14 6 21 1 5 16 6 20 6 17 1 6 1 18 1 5 12 4 14 4 10 4 14 4 12 5 1 18 1 6 1 17 6 20 6 16 5 1 21 6 14 4 12 4 14 6 20 6 18 6 18 6 18 4 6 2 8 4 16 6 20 6 17 1 6 1 17 4 8 4 17
OSNO (22, 184) (586, 100) - 1 5 12 4 12 4 8 4 15 1 6 1 19 7 1 15 6 18 6 14 6 19
CS (154, 1044) (586, 215) - 1 5 12 4 12 4 12 4 12 4 12 2 2 2 8 2 4 2 10 4 12 4 12 4 12 4 14 6 20 6 16 4 8 4 17 1 6 1 17 4 8 4 16 6 20 6 14 4 12 4 12 4 12 4 10 2 4 2 8 2 2 2 12 4 12 4 12 4 12 4 12 5 1 17 4 8 4 16 4 6 2 8 2 4 2 8 2 4 2 8 2 4 2 8 2 4 2 8 4 16 4 8 4 16 4 8 4 16 4 8 4 16 4 8 4 16 4 8 4 16 4 8 4 16 4 8 4 16 4 8 2 4 2 8 2 4 2 8 2 4 2 8 2 4 2 8 2 6 4 16 4 8 4 17
CS (168, 1208) (586, 3395) - 1 5 12 2 2 2 10 2 2 2 10 2 4 2 6 2 8 4 16 6 20 6 16 5 1 21 7 1 15 6 20 6 18 6 18 6 18 6 20 6 15 1 7 21 1 5 16 6 20 6 16 4 8 2 6 2 4 2 10 2 2 2 10 2 2 2 12 5 1 19 6 16 4 10 4 14 4 10 2 2 2 12 4 10 2 4 2 8 4 16 4 8 2 4 2 10 4 12 4 14 4 10 4 14 4 12 5 1 19 6 16 4 8 2 6 2 6 2 6 2 6 2 6 2 8 4 16 6 19 1 5 12 4 14 4 10 4 14 4 12 4 10 2 4 2 8 4 16 4 8 2 4 2 10 4 12 2 2 2 10 4 14 4 10 4 16 6 19
CS (172, 1212) (586, 1365) - 1 5 12 4 12 4 12 4 10 2 4 2 8 4 14 4 10 2 4 2 6 2 6 2 4 2 10 4 14 5 1 20 1 5 14 4 10 2 4 2 6 2 6 2 6 4 18 6 17 1 6 1 17 6 18 4 6 2 6 2 6 2 4 2 10 4 14 5 1 20 1 5 14 4 10 2 4 2 6 2 6 2 4 2 10 4 14 4 8 2 4 2 10 4 12 4 12 4 12 5 1 17 4 6 2 8 4 16 6 18 6 18 6 16 4 10 4 12 4 12 4 12 4 12 4 12 5 1 18 1 5 12 4 12 4 12 4 12 4 12 4 12 5 1 18 1 5 12 4 12 4 12 4 12 4 12 4 10 4 16 6 18 6 18 6 16 4 8 2 6 4 17
CS (244, 1952) (586, 3310) - 1 5 12 2 2 2 10 4 14 4 8 2 6 2 4 2 10 4 14 5 1 20 1 6 1 15 4 10 4 12 2 2 2 10 4 14 6 21 1 5 16 6 19 1 6 1 17 6 18 6 18 6 18 6 18 6 18 6 17 1 6 1 19 6 16 4 8 4 17 1 6 1 17 6 20 6 14 4 12 5 1 19 6 16 6 20 6 16 6 20 6 16 6 20 6 16 6 19 1 5 12 4 14 6 20 6 17 1 6 1 17 4 8 4 16 6 19 1 6 1 17 6 18 6 18 6 18 6 18 6 18 6 17 1 6 1 19 6 16 5 1 21 6 14 4 10 2 2 2 12 4 10 4 15 1 6 1 20 1 5 14 4 10 2 4 2 6 2 8 4 14 4 10 2 2 2 12 5 1 19 6 18 6 16 4 8 2 4 2 10 4 12 4 14 6 20 6 16 4 8 2 4 2 8 2 4 2 8 2 4 2 8 2 4 2 8 2 4 2 8 2 4 2 8 4 16 6 20 6 14 4 12 4 10 2 4 2 8 4 16 6 18 6 19
CS (188, 1428) (588, 117) - 1 5 12 2 2 2 10 4 14 4 8 2 6 2 4 2 10 4 14 5 1 20 1 6 1 15 4 10 4 14 5 1 20 1 6 1 15 4 8 2 6 2 4 2 10 4 14 5 1 21 7 1 15 4 8 2 4 2 10 4 14 6 20 6 17 1 6 1 18 1 5 12 4 12 4 14 6 20 6 16 6 20 6 16 6 20 6 16 6 20 6 14 4 12 4 12 5 1 18 1 6 1 17 6 20 6 14 4 10 2 4 2 8 4 15 1 7 21 1 5 14 4 10 2 4 2 6 2 8 4 15 1 6 1 20 1 5 14 4 10 4 15 1 6 1 20 1 5 14 4 10 2 4 2 6 2 8 4 14 4 10 2 2 2 12 5 1 19 6 17 1 6 1 19 6 16 6 20 6 16 6 19 1 6 1 17 6 19
CS (208, 1580) (588, 1537) - 1 5 12 2 2 2 10 4 14 4 10 4 14 5 1 20 1 5 14 4 10 4 14 4 10 2 2 2 12 5 1 19 6 18 6 16 4 10 4 12 4 14 5 1 20 1 6 1 15 4 10 4 14 5 1 20 1 5 14 4 10 4 14 4 10 4 15 1 6 1 19 6 18 6 16 4 10 4 12 4 14 5 1 20 1 6 1 15 4 10 4 14 4 8 2 6 2 6 2 4 2 10 4 14 5 1 20 1 5 14 4 10 4 14 4 10 4 14 4 10 4 14 4 10 4 14 4 10 4 14 5 1 20 1 5 14 4 10 2 4 2 6 2 6 2 8 4 14 4 10 4 15 1 6 1 20 1 5 14 4 12 4 10 4 16 6 18 6 19 1 6 1 15 4 10 4 14 4 10 4 14 5 1 20 1 5 14 4 10 4 15 1 6 1 20 1 5 14 4 12 4 10 4 16 6 18 6 19
CS (174, 1500) (590, 59) - 1 5 12 4 14 6 20 6 16 4 8 2 4 2 10 4 12 4 12 4 12 4 12 4 12 4 12 4 12 4 12 4 12 4 12 4 10 2 4 2 8 4 16 6 20 6 14 4 12 5 1 19 6 16 6 20 6 16 6 20 6 16 6 20 6 16 6 19 1 6 1 17 6 18 6 18 4 6 2 6 2 6 2 6 2 6 2 6 2 6 2 8 4 14 5 1 19 6 18 6 17 1 6 1 19 6 16 6 20 6 16 6 20 6 16 6 20 6 16 6 19 1 6 1 17 6 18 6 19 1 5 14 4 8 2 6 2 6 2 6 2 6 2 6 2 6 2 6 4 18 6 18 6 17 1 6 1 19 6 16 6 20 6 16 6 20 6 16 6 20 6 16 6 19
CS (224, 1764) (592, 82) - 1 5 12 4 12 4 14 6 20 6 16 4 8 2 4 2 8 2 4 2 10 4 12 4 12 4 10 2 4 2 8 2 4 2 8 4 16 6 20 6 14 4 12 4 10 2 4 2 6 2 8 4 16 6 18 6 19 1 5 14 5 1 20 1 5 14 4 10 4 16 6 18 6 18 6 18 6 18 6 18 6 18 6 16 4 10 4 14 5 1 20 1 5 14 5 1 19 6 18 6 16 4 8 2 6 2 4 2 10 4 12 4 14 6 20 6 16 4 8 2 4 2 8 2 4 2 10 4 12 4 12 4 10 2 4 2 8 2 4 2 8 4 16 6 20 6 14 4 12 4 12 5 1 19 6 16 6 20 6 16 6 20 6 16 6 19 1 6 1 17 6 18 6 18 4 6 2 6 2 6 2 6 2 6 2 6 2 6 2 6 2 6 2 6 2 6 2 6 2 6 2 6 4 18 6 18 6 17 1 6 1 19 6 16 6 20 6 16 6 20 6 16 6 19
CS (156, 1304) (593, 271) - 1 5 12 4 12 4 12 4 12 4 12 4 12 4 12 5 1 17 4 8 4 16 6 20 6 14 4 12 4 12 5 1 18 1 6 1 17 4 6 2 8 4 16 6 19 1 6 1 16 1 6 1 20 1 5 16 6 18 6 19 1 6 1 16 1 6 1 19 6 17 1 6 1 19 6 15 1 7 20 6 16 6 20 6 16 4 8 4 16 6 20 6 16 6 20 7 1 15 6 19 1 6 1 17 6 19 1 6 1 16 1 6 1 19 6 18 6 16 5 1 20 1 6 1 16 1 6 1 19 6 16 4 8 2 6 4 17 1 6 1 18 1 5 12 4 12 4 14 6 20 6 16 4 8 4 17
CS (202, 1688) (594, 75) - 1 5 12 2 2 2 12 5 1 19 6 17 1 6 1 19 6 16 5 1 20 1 5 14 4 10 4 16 6 20 6 16 5 1 21 6 14 4 12 4 12 4 12 4 14 5 1 20 1 5 14 4 10 2 2 2 12 4 12 4 12 4 12 2 2 2 10 4 14 5 1 20 1 5 14 4 12 4 12 4 12 4 14 6 21 1 5 16 6 20 6 16 4 10 4 14 5 1 20 1 5 16 6 19 1 6 1 17 6 19 1 5 12 2 2 2 12 5 1 19 6 18 6 18 6 19 1 5 14 4 10 4 15 1 6 1 20 1 5 14 4 12 4 12 4 14 6 21 1 5 16 6 20 6 17 1 6 1 17 4 8 4 17 1 6 1 17 6 20 6 16 5 1 21 6 14 4 12 4 12 4 14 5 1 20 1 6 1 15 4 10 4 14 5 1 19 6 18 6 18 6 19
CS (224, 1880) (594, 1293) - 1 5 12 4 12 4 12 4 12 4 12 4 12 4 12 4 12 4 12 4 10 2 4 2 8 4 16 6 20 6 14 4 12 5 1 19 6 16 6 20 6 16 6 20 6 16 6 20 6 16 6 19 1 5 12 4 14 6 21 1 5 16 6 20 6 14 4 12 4 10 2 4 2 6 2 8 4 16 6 18 4 6 2 6 2 8 4 14 4 12 5 1 19 6 17 1 6 1 18 1 6 1 17 6 19 1 5 12 4 14 4 8 2 6 2 6 4 18 6 16 4 8 2 6 2 4 2 10 4 12 4 14 6 20 6 16 5 1 21 6 14 4 12 5 1 19 6 16 6 20 6 16 6 20 6 16 6 20 6 16 6 19 1 5 12 4 14 6 20 6 16 4 8 2 4 2 10 4 12 4 12 4 12 4 12 4 12 4 12 4 12 4 12 4 12 5 1 18 1 5 12 4 12 4 12 4 12 4 12 4 12 4 12 4 12 4 12 4 12 4 12 5 1 18
CS (130, 1172) (595, 171) - 1 5 14 4 10 4 16 6 19 1 6 1 17 6 18 6 20 6 16 6 20 6 18 6 17 1 6 1 19 6 16 4 10 4 14 5 1 19 6 18 6 19 1 5 14 4 10 4 16 6 20 6 16 6 21 1 5 16 4 8 4 18 6 16 4 10 4 14 4 10 2 4 2 6 2 8 4 16 6 20 6 17 1 6 1 17 6 20 6 16 4 8 2 6 2 4 2 10 4 14 4 10 4 16 6 18 4 8 4 16 5 1 21 6 16 6 20 6 16 4 10 4 14 5 1 19 6 18 6 19
CS (152, 1184) (596, 4310) - 1 5 12 4 14 5 1 21 7 1 15 4 8 2 6 4 18 6 16 5 1 21 7 1 15 5 1 21 6 14 4 10 4 14 4 10 2 4 2 6 2 6 2 6 2 6 2 6 2 6 2 6 2 6 2 6 2 6 2 6 2 6 2 6 2 4 2 10 4 14 4 10 4 14 6 21 1 5 15 1 7 21 1 5 16 6 18 4 6 2 8 4 15 1 7 21 1 5 14 4 12 5 1 19 6 16 5 1 21 6 14 4 10 4 16 6 18 6 18 6 19 1 5 14 4 10 4 14 4 10 4 14 5 1 19 6 18 6 18 6 16 4 10 4 14 6 21 1 5 16 6 19
CS (174, 1324) (596, 13135) - 1 5 12 4 14 5 1 20 1 5 14 5 1 20 1 5 15 1 7 21 1 5 14 4 12 5 1 19 6 16 5 1 21 6 14 4 10 2 2 2 12 4 10 4 15 1 6 1 20 1 5 14 4 12 5 1 19 6 16 4 8 4 17 1 6 1 17 4 8 4 16 6 19 1 5 12 4 14 5 1 20 1 6 1 15 4 10 4 12 2 2 2 10 4 14 6 21 1 5 16 6 19 1 5 12 4 14 5 1 21 7 1 15 5 1 20 1 5 14 5 1 20 1 5 14 4 12 5 1 19 6 16 4 8 2 4 2 10 4 12 4 12 4 12 4 12 4 12 2 2 2 8 2 2 2 12 4 12 4 12 4 12 4 12 4 10 2 4 2 8 4 16 6 19
CS (164, 1220) (598, 11086) - 1 5 12 4 12 4 14 6 20 6 16 6 20 6 14 4 12 4 12 4 10 2 4 2 8 4 16 6 18 6 19 1 5 14 5 1 20 1 5 14 4 10 4 14 4 10 4 14 4 10 4 14 4 10 4 14 5 1 20 1 5 14 5 1 19 6 18 6 16 4 8 2 4 2 10 4 12 4 12 4 14 6 20 6 16 6 20 6 14 4 12 4 12 5 1 18 1 6 1 17 4 6 2 8 4 16 6 18 4 6 2 6 2 8 4 14 4 10 2 4 2 6 2 6 2 6 2 6 2 6 2 6 2 6 2 6 2 6 2 4 2 10 4 14 4 8 2 6 2 6 4 18 6 16 4 8 2 6 4 17 1 6 1 18
CS (144, 1168) (601, 261) - 1 5 12 2 2 2 10 4 14 6 20 6 16 6 19 1 6 1 15 4 10 4 12 4 14 6 20 6 14 4 12 4 10 4 15 1 6 1 19 6 16 6 20 6 14 4 10 2 2 2 12 5 1 19 6 16 6 20 6 15 1 6 1 20 1 5 16 6 18 6 19 1 5 14 4 10 4 14 4 8 2 6 2 4 2 10 4 12 4 12 4 12 4 12 4 12 5 1 18 1 5 12 4 12 4 12 4 12 4 12 4 10 2 4 2 6 2 8 4 14 4 10 4 14 5 1 19 6 18 6 16 5 1 20 1 6 1 15 6 20 6 16 6 19
CS (104, 700) (602, 194) - 1 5 12 4 10 2 2 2 10 4 14 6 18 6 16 4 6 2 8 4 14 6 19 1 5 12 4 12 4 12 5 1 19 6 14 4 8 2 6 4 16 6 18 6 14 4 10 2 2 2 10 4 12 5 1 17 4 6 2 6 2 4 2 10 4 10 4 14 4 8 2 4 2 8 4 14 4 8 2 4 2 8 4 14 4 8 2 4 2 8 4 14 4 10 4 10 2 4 2 6 2 6 4 17
CS (200, 1476) (602, 1830) - 1 5 12 4 12 4 12 5 1 19 6 14 4 8 2 6 4 16 6 17 1 6 1 17 6 16 4 8 4 14 4 8 2 4 2 8 4 14 4 8 2 4 2 8 4 14 4 10 4 10 2 2 2 12 6 20 6 14 5 1 19 6 15 1 6 1 19 6 14 4 8 2 4 2 8 2 4 2 6 2 6 2 6 4 16 4 6 2 6 2 6 4 16 6 18 6 16 6 18 6 16 6 18 6 16 6 18 6 16 6 18 6 16 6 18 6 16 4 6 2 6 2 6 4 16 4 6 2 6 2 6 2 4 2 8 2 4 2 8 4 14 6 19 1 6 1 15 6 19 1 5 14 6 20 6 12 2 2 2 10 4 10 4 14 4 8 2 4 2 8 4 14 4 8 2 4 2 8 4 14 4 8 4 16 6 17 1 6 1 17 6 16 4 6 2 8 4 14 6 19
CS (216, 1840) (603, 5043) - 1 5 12 4 12 4 12 4 12 4 12 4 12 4 12 4 12 4 12 5 1 17 4 8 4 16 4 6 2 8 2 4 2 8 4 16 6 20 7 1 15 6 20 6 16 6 20 6 16 6 19 1 6 1 17 6 19 1 5 14 5 1 20 1 5 14 4 10 4 15 1 6 1 20 1 5 14 4 12 5 1 19 6 16 5 1 21 7 1 15 6 21 1 5 16 6 20 6 16 6 19 1 5 12 4 14 6 20 6 16 4 8 2 6 4 17 1 5 12 5 1 17 4 6 2 8 4 16 6 20 6 14 4 12 5 1 19 6 16 6 20 6 16 5 1 21 6 15 1 7 21 1 5 16 6 19 1 5 12 4 14 5 1 20 1 6 1 15 4 10 4 14 5 1 20 1 5 14 5 1 19 6 17 1 6 1 19 6 16 6 20 6 16 6 20 6 15 1 7 20 6 16 4 8 2 4 2 8 2 6 4 16 4 8 4 17
CS (148, 1212) (604, 153) - 1 5 12 4 12 4 14 5 1 20 1 5 14 4 12 4 12 5 1 17 4 6 2 10 4 12 4 12 4 14 4 10 4 14 4 10 4 15 1 6 1 20 1 5 16 6 19 1 6 1 17 6 19 1 6 1 15 4 10 2 4 2 6 2 8 4 16 6 20 6 16 6 21 1 5 16 6 20 6 18 6 16 4 10 4 16 6 18 6 20 6 16 5 1 21 6 16 6 20 6 16 4 8 2 6 2 4 2 10 4 15 1 6 1 19 6 17 1 6 1 19 6 16 5 1 20 1 6 1 15 4 10 4 14 4 10 4 14 4 12 4 12 4 10 2 6 4 17
CS (204, 1712) (604, 245) - 1 5 12 4 12 4 14 6 20 6 16 6 20 6 16 6 20 6 15 1 7 20 6 16 4 8 2 4 2 10 4 12 4 12 4 12 4 12 4 12 4 12 4 12 4 12 4 12 4 10 2 4 2 8 4 16 6 20 7 1 15 6 20 6 16 6 20 6 16 6 20 6 14 4 12 4 12 5 1 18 1 6 1 17 6 19 1 6 1 16 1 6 1 19 6 18 6 16 5 1 20 1 6 1 15 4 10 4 14 4 8 2 6 2 6 4 18 6 17 1 6 1 18 1 6 1 17 6 20 7 1 15 6 20 6 16 4 8 4 16 4 8 4 16 4 8 4 16 6 20 6 15 1 7 20 6 17 1 6 1 18 1 6 1 17 6 18 4 6 2 6 2 8 4 14 4 10 4 15 1 6 1 20 1 5 16 6 18 6 19 1 6 1 16 1 6 1 19 6 17 1 6 1 18
CS (256, 1916) (604, 8174) - 1 5 12 4 12 4 12 5 1 19 6 14 4 8 2 4 2 8 2 4 2 6 2 6 2 6 2 4 2 8 2 4 2 6 2 6 2 6 2 4 2 8 2 4 2 6 2 6 2 6 2 4 2 8 2 4 2 8 4 14 6 19 1 5 12 4 12 4 12 5 1 19 6 14 4 8 2 6 4 16 6 17 1 6 1 17 6 16 4 6 2 8 4 14 6 19 1 6 1 15 6 19 1 5 14 5 1 19 6 15 1 7 20 6 14 4 10 4 12 4 10 4 14 6 19 1 6 1 15 6 19 1 5 14 5 1 19 6 15 1 6 1 19 6 14 4 10 4 12 4 10 4 14 6 19 1 6 1 15 6 19 1 5 14 5 1 19 6 15 1 6 1 19 6 14 4 10 4 12 4 10 4 14 6 19 1 6 1 15 6 19 1 5 14 5 1 19 6 15 1 6 1 19 6 14 4 10 4 12 4 10 4 14 6 20 7 1 15 6 19 1 5 14 5 1 19 6 15 1 6 1 19 6 14 4 8 2 6 4 16 6 17 1 6 1 17 6 16 4 6 2 8 4 14 6 19
CS (192, 1424) (606, 32893) - 1 5 12 4 12 4 10 2 4 2 8 4 14 4 10 2 2 2 10 4 14 4 8 2 4 2 10 4 12 4 12 5 1 17 4 6 2 8 4 14 4 10 4 14 4 8 2 6 4 17 1 6 1 17 6 18 6 16 4 10 4 12 4 12 4 12 5 1 17 4 6 2 8 4 14 4 10 2 2 2 10 4 14 5 1 19 6 18 6 16 5 1 20 1 5 14 5 1 19 6 16 6 20 6 14 4 10 2 4 2 6 2 6 2 6 2 4 2 10 4 14 6 20 6 16 6 19 1 5 14 5 1 20 1 5 16 6 18 6 19 1 5 14 4 10 2 2 2 10 4 14 4 8 2 6 4 17 1 5 12 4 12 4 12 4 10 4 16 6 18 6 17 1 6 1 17 4 6 2 8 4 14 4 10 4 14 4 8 2 6 4 17
CS (256, 1916) (609, 2562) - 1 5 12 4 12 4 12 4 10 4 12 4 12 4 10 4 14 4 8 4 16 6 18 6 16 6 18 6 17 1 6 1 16 1 6 1 18 1 6 1 15 4 8 4 16 6 17 1 6 1 17 6 18 6 15 1 7 20 6 14 4 10 4 12 4 12 4 10 4 14 5 1 20 1 5 15 1 6 1 18 1 6 1 16 1 6 1 17 6 18 6 16 6 18 6 17 1 6 1 16 1 6 1 18 1 6 1 15 5 1 20 1 5 14 4 10 4 12 4 12 4 10 4 14 6 20 7 1 15 6 18 6 17 1 6 1 17 6 16 4 8 4 15 1 6 1 18 1 6 1 16 1 6 1 17 6 18 6 16 6 18 6 16 4 8 4 14 4 10 4 12 4 12 4 10 4 12 4 12 4 12 5 1 18 1 6 1 16 1 6 1 17 6 18 6 16 4 6 2 6 2 6 2 6 2 4 2 10 4 10 2 2 2 10 2 2 2 10 4 12 4 10 2 2 2 10 2 2 2 10 4 10 2 4 2 6 2 6 2 6 2 6 4 16 6 18 6 17 1 6 1 16 1 6 1 18
CS (160, 1272) (610, 20248) - 1 5 14 4 10 4 14 6 20 6 16 6 18 6 18 6 16 4 8 2 4 2 8 4 16 6 18 6 17 1 6 1 17 4 6 2 6 2 6 2 6 2 6 4 17 1 6 1 17 6 18 6 16 4 8 2 4 2 8 4 16 6 18 6 18 6 16 6 20 6 14 4 10 4 14 5 1 19 6 16 4 8 2 4 2 8 4 16 6 18 6 16 4 8 2 4 2 8 2 4 2 8 4 16 6 18 6 16 4 8 2 6 4 16 6 19 1 5 14 5 1 19 6 16 4 6 2 8 4 16 6 18 6 16 4 8 2 4 2 8 2 4 2 8 4 16 6 18 6 16 4 8 2 4 2 8 4 16 6 19
CS (168, 1060) (611, 24185) - 1 5 12 4 12 4 10 2 2 2 10 4 12 4 10 4 14 5 1 20 1 5 14 4 10 4 12 4 10 4 14 6 19 1 6 1 15 6 19 1 5 14 5 1 19 6 15 1 6 1 19 6 14 4 10 4 12 4 10 4 14 5 1 20 1 5 14 4 10 4 12 4 10 2 2 2 10 4 12 4 12 5 1 19 6 14 4 8 2 4 2 8 2 4 2 6 2 6 2 6 2 4 2 8 2 4 2 6 2 6 2 6 4 16 4 6 2 6 2 6 4 16 4 6 2 6 2 6 4 16 4 6 2 6 2 6 4 16 4 6 2 6 2 6 2 4 2 8 2 4 2 6 2 6 2 6 2 4 2 8 2 4 2 8 4 14 6 19
CS (164, 1276) (612, 44502) - 1 5 12 2 2 2 10 4 12 2 2 2 10 4 12 4 12 4 14 6 20 6 14 4 12 4 12 4 10 2 2 2 12 4 10 2 2 2 12 5 1 19 6 16 4 8 4 17 1 6 1 17 4 6 2 8 4 16 6 18 4 6 2 6 2 8 4 14 4 10 4 14 4 10 4 14 5 1 20 1 5 14 5 1 19 6 17 1 6 1 19 6 16 6 20 7 1 14 1 7 20 6 16 6 20 7 1 14 1 7 20 6 16 6 19 1 6 1 17 6 19 1 5 14 5 1 20 1 5 14 4 10 4 14 4 10 4 14 4 8 2 6 2 6 4 18 6 16 4 8 2 6 4 17 1 6 1 17 4 8 4 16 6 19
CS (204, 1476) (612, 1) - 1 5 12 4 12 4 10 2 2 2 10 4 12 4 12 5 1 19 6 14 4 8 2 6 4 16 6 17 1 6 1 17 6 16 4 8 4 14 4 8 2 4 2 8 4 14 4 8 2 4 2 8 4 14 4 10 4 10 2 2 2 12 6 20 6 14 5 1 19 6 15 1 6 1 19 6 14 4 8 2 4 2 8 2 4 2 6 2 6 2 6 4 16 4 6 2 6 2 6 4 16 6 18 6 16 6 18 6 16 6 18 6 16 6 18 6 16 6 18 6 16 4 6 2 6 2 6 4 16 4 6 2 6 2 6 2 4 2 8 2 4 2 8 4 14 6 19 1 6 1 15 6 19 1 5 14 6 20 6 12 2 2 2 10 4 10 4 14 4 8 2 4 2 8 4 14 4 8 2 4 2 8 4 14 4 8 4 16 6 17 1 6 1 17 6 16 4 6 2 8 4 14 6 19
CS (252, 1932) (612, 1241) - 1 5 14 6 20 6 14 6 20 7 1 14 1 7 19 1 6 1 15 4 8 4 15 1 6 1 18 1 6 1 15 4 8 4 15 1 6 1 18 1 6 1 15 4 8 4 15 1 6 1 18 1 6 1 15 4 8 4 16 6 16 6 19 1 5 14 6 20 6 14 6 20 7 1 14 1 7 19 1 6 1 15 4 8 4 15 1 6 1 18 1 6 1 15 4 8 4 15 1 6 1 18 1 6 1 15 4 8 4 15 1 6 1 19 7 1 14 1 7 20 6 14 6 20 6 14 5 1 19 6 16 6 16 4 8 4 15 1 6 1 18 1 6 1 15 4 8 4 15 1 6 1 18 1 6 1 15 4 8 4 15 1 6 1 18 1 6 1 15 4 8 4 15 1 6 1 19 7 1 14 1 7 20 6 14 6 20 6 14 5 1 19 6 16 6 16 4 8 4 15 1 6 1 18 1 6 1 15 4 8 4 15 1 6 1 18 1 6 1 15 4 8 4 15 1 6 1 18 1 6 1 15 4 8 4 15 1 6 1 18 1 6 1 15 4 8 4 16 6 16 6 19
CS (152, 1228) (613, 158) - 1 5 12 4 12 4 12 5 1 17 6 20 6 14 4 12 4 10 4 16 6 19 1 5 14 5 1 19 6 18 6 18 6 16 4 10 4 12 4 14 5 1 20 1 5 14 5 1 19 6 16 4 8 2 6 2 4 2 10 4 12 4 14 6 20 6 16 4 8 4 16 4 8 2 4 2 8 2 4 2 8 2 4 2 8 2 4 2 8 4 16 4 8 4 16 6 20 6 14 4 12 4 10 2 4 2 6 2 8 4 16 6 19 1 5 14 5 1 20 1 5 14 4 12 4 10 4 16 6 18 6 18 6 19 1 5 14 5 1 19 6 16 4 10 4 12 4 14 6 20 6 17
CS (184, 1508) (614, 209) - 1 5 14 4 10 2 2 2 12 4 12 4 12 4 12 4 12 4 14 5 1 20 1 5 14 4 12 4 12 4 12 4 12 4 12 4 14 5 1 20 1 5 14 4 12 4 12 4 12 4 12 4 12 2 2 2 10 4 14 5 1 19 6 18 6 19 1 5 14 5 1 19 6 18 6 18 6 18 4 6 2 8 4 16 5 1 21 6 16 6 21 1 5 16 4 8 2 4 2 10 4 14 5 1 19 6 19 1 5 14 4 10 2 4 2 8 4 16 5 1 21 6 16 6 21 1 5 16 4 8 2 4 2 10 4 14 5 1 19 6 19 1 5 14 4 10 2 4 2 8 4 16 5 1 21 6 16 6 21 1 5 16 4 8 2 6 4 18 6 18 6 18 6 19 1 5 14 5 1 19 6 18 6 19
OSNO (36, 310) (616, 146) - 1 5 14 4 12 4 12 4 12 4 14 6 21 1 5 14 4 12 4 12 4 14 6 21 1 5 15 1 7 21 1 5 15 1 7 21
CS (130, 1044) (616, 2922) - 1 5 12 4 12 4 12 4 12 4 12 4 12 4 12 4 12 5 1 17 4 8 4 16 6 20 6 14 4 12 4 10 2 4 2 6 2 8 4 16 6 18 4 6 2 6 2 8 4 14 4 12 5 1 19 6 16 4 10 4 12 4 12 4 14 6 20 6 16 4 8 4 16 4 8 4 16 4 8 4 16 6 20 6 14 4 12 4 12 4 10 4 16 6 19 1 5 12 4 14 4 8 2 6 2 6 4 18 6 16 4 8 2 6 2 4 2 10 4 12 4 14 6 20 6 16 4 8 4 17
CS (174, 1416) (617, 15925) - 1 5 12 4 14 4 8 2 6 2 4 2 10 4 14 6 21 1 5 16 6 19 1 5 12 4 14 6 21 1 5 16 6 19 1 6 1 17 6 18 6 18 6 18 6 19 1 5 14 4 10 4 14 4 10 4 15 1 6 1 19 6 17 1 6 1 19 6 16 6 19 1 6 1 17 6 19 1 6 1 15 4 10 4 14 4 10 4 14 5 1 19 6 18 6 18 6 18 6 17 1 6 1 19 6 16 5 1 21 6 14 4 12 5 1 19 6 16 5 1 21 6 14 4 10 2 4 2 6 2 8 4 14 4 12 5 1 19 6 16 4 10 4 12 4 12 2 2 2 8 2 6 4 17 1 6 1 17 4 6 2 8 2 2 2 12 4 12 4 10 4 16 6 19
CS (188, 1384) (617, 30) - 1 5 12 4 12 4 12 4 12 4 12 2 2 2 8 2 4 2 8 2 4 2 8 2 4 2 8 2 4 2 8 2 4 2 8 2 4 2 8 2 4 2 8 2 4 2 8 2 2 2 12 4 12 4 12 4 12 4 12 5 1 17 4 8 4 16 6 20 6 14 4 12 4 12 4 10 2 4 2 8 4 16 6 19 1 5 12 4 14 4 8 2 6 2 6 4 18 6 17 1 6 1 18 1 5 12 4 14 6 20 6 17 1 6 1 17 6 20 7 1 15 6 20 6 16 6 20 6 15 1 7 20 6 17 1 6 1 17 6 20 6 14 4 12 5 1 18 1 6 1 17 6 18 4 6 2 6 2 8 4 14 4 12 5 1 19 6 16 4 8 2 4 2 10 4 12 4 12 4 14 6 20 6 16 4 8 4 17
CS (128, 1004) (618, 20620) - 1 5 10 2 4 2 8 4 14 4 8 2 4 2 8 2 4 2 8 4 14 4 8 2 6 4 16 6 19 1 5 14 5 1 19 6 16 6 19 1 5 14 6 20 6 14 4 10 4 14 6 20 6 14 5 1 19 6 16 6 19 1 5 14 5 1 19 6 16 4 6 2 8 4 14 4 8 2 4 2 8 2 4 2 8 4 14 4 8 2 4 2 10 5 1 17 6 18 6 16 4 8 4 15 1 6 1 19 6 16 6 18 6 16 6 19 1 6 1 15 4 8 4 16 6 18 6 17
CS (172, 1456) (618, 184) - 1 5 12 4 14 4 10 4 14 6 21 1 5 14 4 12 4 10 2 4 2 6 2 8 4 16 6 18 6 18 4 6 2 6 2 6 2 6 2 8 4 14 4 10 4 14 4 10 4 14 5 1 19 6 18 6 18 6 17 1 6 1 19 6 16 6 20 6 16 6 20 6 16 6 20 7 1 14 1 7 20 6 16 6 20 6 16 6 20 6 16 6 19 1 6 1 17 6 18 6 18 6 19 1 5 14 4 10 4 14 4 10 4 14 4 8 2 6 2 6 2 6 2 6 4 18 6 18 6 16 4 8 2 6 2 4 2 10 4 12 4 14 5 1 21 6 14 4 10 4 14 4 12 5 1 19 6 17 1 6 1 19 6 16 6 19 1 6 1 17 6 19
CS (204, 1608) (620, 2125) - 1 5 14 4 10 4 16 6 19 1 6 1 17 6 18 6 20 6 16 6 20 6 18 6 17 1 6 1 19 6 16 4 10 4 14 5 1 19 6 18 6 18 4 6 2 8 4 16 6 20 6 16 4 10 4 12 2 2 2 10 2 2 2 10 2 4 2 6 2 8 4 16 6 19 1 6 1 17 6 18 4 8 4 16 6 21 1 5 16 4 8 2 6 2 6 4 18 6 18 6 19 1 6 1 15 4 10 4 14 4 10 2 4 2 6 2 8 4 16 4 8 4 16 4 8 2 6 2 4 2 10 4 14 4 10 4 15 1 6 1 19 6 18 6 18 4 6 2 6 2 8 4 16 5 1 21 6 16 4 8 4 18 6 17 1 6 1 19 6 16 4 8 2 6 2 4 2 10 2 2 2 10 2 2 2 12 4 10 4 16 6 20 6 16 4 8 2 6 4 18 6 18 6 19
CS (264, 2184) (620, 4968) - 1 5 12 4 12 4 12 4 12 4 12 4 12 4 12 4 14 6 20 6 16 6 20 6 16 4 8 4 17 1 6 1 17 4 6 2 8 4 16 6 20 6 14 4 12 4 12 4 10 2 4 2 8 4 16 6 20 6 14 4 12 4 12 4 12 5 1 17 4 8 4 16 4 8 4 16 4 8 4 16 4 8 4 16 4 8 4 17 1 5 12 4 12 4 12 4 14 6 20 6 16 4 8 2 4 2 10 4 12 4 12 4 14 6 20 6 16 4 8 2 6 4 17 1 6 1 17 4 8 4 16 6 20 6 16 6 20 6 14 4 12 4 12 4 12 4 12 4 12 4 12 4 12 5 1 17 4 6 2 8 2 4 2 8 4 16 4 8 4 16 6 20 6 16 6 20 6 14 4 12 4 12 4 12 4 12 4 12 4 12 4 12 4 12 4 12 4 12 4 12 4 12 4 12 4 12 4 12 4 12 4 12 4 12 4 12 4 12 4 12 4 12 4 12 4 12 4 12 4 12 4 12 4 12 4 12 4 12 4 12 4 14 6 20 6 16 6 20 6 16 4 8 4 16 4 8 2 4 2 8 2 6 4 17
CS (164, 1288) (622, 165) - 1 5 12 4 14 5 1 20 1 5 14 4 10 2 2 2 10 2 2 2 10 4 14 5 1 20 1 5 14 4 10 4 14 4 10 4 14 5 1 20 1 5 14 4 10 4 14 4 10 4 14 5 1 20 1 5 14 4 10 2 2 2 10 2 2 2 10 4 14 5 1 20 1 5 14 4 12 5 1 19 6 16 6 20 6 14 4 12 5 1 18 1 6 1 17 6 18 6 17 1 6 1 18 1 5 12 4 14 6 20 6 16 6 18 4 6 2 6 2 8 4 14 4 8 2 6 2 6 4 18 6 16 6 20 6 14 4 12 5 1 18 1 6 1 17 6 18 6 17 1 6 1 18 1 5 12 4 14 6 20 6 16 6 19
CS (180, 1552) (622, 272) - 1 5 12 4 14 6 20 6 17 1 6 1 17 4 8 4 16 6 19 1 6 1 17 6 18 6 18 6 18 6 18 6 18 6 18 6 16 4 10 4 14 5 1 20 1 6 1 15 4 10 4 12 2 2 2 10 4 12 2 2 2 10 4 12 4 14 6 20 6 16 4 8 2 4 2 10 4 12 4 12 4 12 4 12 4 12 4 10 2 4 2 8 4 16 6 20 6 14 4 12 4 10 2 2 2 12 4 10 2 2 2 12 4 10 4 15 1 6 1 20 1 5 14 4 10 4 16 6 18 6 18 6 18 6 18 6 18 6 18 6 17 1 6 1 19 6 16 4 8 4 17 1 6 1 17 6 20 6 14 4 12 5 1 19 6 16 6 20 6 16 6 20 6 16 6 20 6 16 6 19
CS (136, 1244) (623, 14) - 1 5 14 4 12 4 10 4 16 6 18 6 19 1 5 14 5 1 19 6 18 6 18 6 17 1 6 1 19 6 16 6 21 1 5 16 4 8 4 16 4 8 4 16 5 1 21 6 16 6 19 1 6 1 17 6 18 6 18 6 19 1 5 14 5 1 19 6 18 6 16 4 10 4 12 4 14 5 1 20 1 5 14 5 1 19 6 18 6 17 1 6 1 19 6 16 6 20 6 16 4 8 4 16 4 8 4 16 4 8 4 16 4 8 4 16 6 20 6 16 6 19 1 6 1 17 6 18 6 19 1 5 14 5 1 20
CS (168, 1380) (627, 436) - 1 5 14 4 10 4 16 6 18 6 18 6 18 6 18 6 18 6 18 6 18 6 18 6 16 4 10 4 14 5 1 20 1 6 1 15 4 8 2 6 2 6 4 18 6 16 4 8 2 6 2 4 2 10 4 12 4 14 6 20 6 16 4 8 2 4 2 8 2 4 2 8 2 6 4 16 4 8 4 16 5 1 21 6 16 6 19 1 6 1 17 6 18 6 18 6 18 6 18 6 18 6 18 6 18 6 18 6 17 1 6 1 19 6 16 6 21 1 5 16 4 8 4 16 4 6 2 8 2 4 2 8 2 4 2 8 4 16 6 20 6 14 4 12 4 10 2 4 2 6 2 8 4 16 6 18 4 6 2 6 2 8 4 15 1 6 1 20
OSO (51, 371) (630, 7473) - 1 5 14 4 10 4 16 6 20 6 16 4 8 2 4 2 10 4 14 4 10 4 14 4 10 2 2 2 12 4 12 4 10 2 4 2 10 4 12 4 14 5 1 20 1 6 1 15 5 1 20
CS (200, 1476) (630, 66) - 1 5 12 4 14 4 12 5 1 19 6 17 1 6 1 18 1 6 1 17 6 19 1 6 1 15 4 10 2 4 2 6 2 8 4 16 6 20 6 16 5 1 20 1 6 1 15 4 10 4 14 4 10 2 2 2 12 4 10 2 4 2 8 4 16 4 8 2 6 4 18 6 17 1 6 1 19 6 16 4 8 2 6 2 6 4 19 1 5 14 4 12 4 12 4 12 4 12 4 12 4 14 5 1 20 1 5 14 4 12 4 12 4 12 4 12 4 12 4 14 5 1 19 4 6 2 6 2 8 4 16 6 19 1 6 1 17 6 18 4 6 2 8 4 16 4 8 2 4 2 10 4 12 2 2 2 10 4 14 4 10 4 15 1 6 1 20 1 5 16 6 20 6 16 4 8 2 6 2 4 2 10 4 15 1 6 1 19 6 17 1 6 1 18 1 6 1 17 6 19
CS (176, 1576) (632, 3801) - 1 5 14 4 10 4 14 5 1 19 6 17 1 6 1 17 6 19 1 5 14 5 1 19 6 16 4 8 4 16 4 8 4 16 6 18 6 18 6 18 6 18 6 16 5 1 20 1 5 14 5 1 19 6 16 5 1 21 7 1 15 6 20 6 16 6 19 1 5 14 5 1 19 6 18 6 16 6 20 6 16 6 18 4 6 2 6 2 6 2 6 2 6 2 6 2 6 2 6 2 6 4 18 6 16 6 20 6 16 6 18 6 19 1 5 14 5 1 19 6 16 6 20 6 15 1 7 21 1 5 16 6 19 1 5 14 5 1 20 1 5 16 6 18 6 18 6 18 6 18 6 16 4 8 4 16 4 8 4 16 6 19 1 5 14 5 1 19 6 17 1 6 1 17 6 19
CS (176, 1276) (634, 892) - 1 5 12 4 12 4 12 4 12 4 10 2 4 2 8 2 4 2 8 2 4 2 8 4 16 6 20 6 16 6 19 1 6 1 17 6 18 6 18 6 19 1 5 14 4 10 4 14 4 10 4 14 4 10 4 14 5 1 19 6 18 6 18 6 17 1 6 1 19 6 16 6 20 6 16 4 8 2 4 2 8 2 4 2 8 2 4 2 10 4 12 4 12 4 12 4 12 5 1 17 4 6 2 8 2 4 2 8 4 16 6 19 1 6 1 17 6 18 6 18 6 18 4 6 2 6 2 6 2 6 2 6 2 6 2 6 2 6 2 6 2 6 2 6 2 6 2 6 2 6 2 6 4 18 6 18 6 18 6 17 1 6 1 19 6 16 4 8 2 4 2 8 2 6 4 17
CS (136, 1068) (636, 7127) - 1 5 12 4 12 4 12 4 14 6 20 6 16 6 20 6 16 6 19 1 6 1 17 6 19 1 5 14 5 1 20 1 5 14 4 10 4 14 4 10 2 2 2 10 2 4 2 6 2 6 2 6 2 6 2 6 2 6 2 6 2 4 2 10 2 2 2 10 4 14 4 10 4 14 5 1 20 1 5 14 5 1 19 6 17 1 6 1 19 6 16 6 20 6 16 6 20 6 14 4 12 4 12 4 12 5 1 18 1 6 1 17 6 19 1 6 1 17 6 18 6 18 6 18 6 17 1 6 1 19 6 17 1 6 1 18
CS (158, 1424) (636, 93) - 1 5 12 4 12 4 12 4 12 5 1 17 4 8 4 16 6 19 1 6 1 17 6 18 6 18 6 18 6 18 6 18 6 18 6 18 6 16 4 10 4 14 6 21 1 5 16 6 18 4 6 2 8 4 16 6 18 6 19 1 6 1 15 4 10 4 14 4 8 2 6 2 6 4 18 6 17 1 6 1 19 6 16 6 20 6 16 6 19 1 6 1 17 6 18 4 6 2 6 2 8 4 14 4 10 4 15 1 6 1 19 6 18 6 16 4 8 2 6 4 18 6 16 5 1 21 6 14 4 10 4 16 6 18 6 18 6 18 6 18 6 18 6 18 6 18 6 17 1 6 1 19 6 16 4 8 4 17
CS (196, 1624) (636, 175) - 1 5 14 4 10 2 4 2 8 4 16 5 1 21 6 16 6 21 1 5 16 4 8 2 4 2 10 4 14 5 1 19 6 19 1 5 14 4 10 2 4 2 8 4 16 5 1 21 6 16 6 21 1 5 16 4 8 2 6 4 18 6 18 6 18 6 19 1 5 14 5 1 19 6 18 6 19 1 5 14 4 10 2 4 2 8 4 16 6 20 6 16 4 10 4 14 5 1 20 1 5 15 1 7 21 1 5 14 4 12 4 10 2 4 2 10 4 12 4 14 5 1 21 7 1 15 5 1 20 1 5 14 4 10 4 16 6 20 6 16 4 8 2 4 2 10 4 14 5 1 19 6 18 6 19 1 5 14 5 1 19 6 18 6 18 6 18 4 6 2 8 4 16 5 1 21 6 16 6 21 1 5 16 4 8 2 4 2 10 4 14 5 1 19 6 19
CS (136, 1084) (638, 29) - 1 5 12 2 2 2 10 4 12 4 14 6 20 6 16 6 20 6 15 1 7 20 6 17 1 6 1 17 4 6 2 8 4 16 6 18 4 6 2 6 2 6 2 8 4 14 4 10 4 14 5 1 20 1 5 14 4 10 4 14 4 8 2 6 2 6 2 6 4 18 6 16 4 8 2 6 4 17 1 6 1 17 6 20 7 1 15 6 20 6 16 6 20 6 14 4 12 4 10 2 2 2 12 5 1 19 6 16 5 1 21 6 14 4 10 4 14 4 10 2 2 2 10 4 14 4 10 4 14 6 21 1 5 16 6 19
CS (172, 1232) (640, 58) - 1 5 12 4 12 4 10 2 2 2 10 4 12 4 10 2 2 2 10 4 12 4 10 4 14 5 1 20 1 5 14 4 10 4 12 4 10 4 14 5 1 20 1 5 14 4 10 4 12 4 10 2 2 2 10 4 12 4 10 2 2 2 10 4 12 4 12 5 1 19 6 14 5 1 19 7 1 13 4 10 4 12 4 12 4 10 4 12 4 12 4 10 4 12 4 12 4 10 4 12 4 12 5 1 18 1 5 12 4 12 5 1 17 4 6 2 6 2 6 4 16 4 6 2 6 2 6 4 17 1 5 12 4 12 5 1 18 1 5 12 4 12 4 10 4 12 4 12 4 10 4 12 4 12 4 10 4 12 4 12 4 10 4 13 1 7 19 1 5 14 6 19
CS (228, 2024) (640, 5866) - 1 5 12 4 12 4 10 4 12 4 12 4 10 4 12 4 12 4 10 4 12 4 12 4 10 4 12 4 12 4 10 4 14 6 18 6 17 1 5 12 5 1 17 6 18 6 15 1 6 1 19 6 14 4 10 4 12 4 10 4 14 5 1 19 6 16 6 18 6 16 6 18 6 16 6 18 6 16 6 18 6 16 6 18 6 16 6 18 6 16 6 18 6 16 6 18 6 16 6 18 6 16 6 18 6 16 6 18 6 16 6 18 6 16 6 18 6 16 6 18 6 16 6 18 6 16 6 18 6 16 6 19 1 5 14 4 10 4 12 4 10 4 14 6 19 1 6 1 15 6 18 6 17 1 5 12 5 1 17 6 18 6 14 4 10 4 12 4 12 4 10 4 12 4 12 4 10 4 12 4 12 4 10 4 12 4 12 4 10 4 12 4 12 5 1 18 1 5 12 4 12 5 1 17 4 6 2 6 2 6 4 16 4 6 2 6 2 6 4 17 1 5 12 4 12 5 1 18
CS (204, 1592) (642, 8) - 1 5 12 4 10 2 4 2 6 2 4 2 10 4 10 2 2 2 10 2 2 2 10 4 10 4 14 4 8 2 4 2 8 4 14 4 8 2 4 2 8 4 14 4 10 4 10 2 2 2 10 2 2 2 10 4 10 2 4 2 6 2 4 2 10 4 12 5 1 18 1 5 12 4 12 5 1 17 4 6 2 6 2 6 4 16 6 18 6 16 6 18 6 16 6 18 6 16 6 18 6 16 6 18 6 16 6 18 6 16 6 19 1 5 14 4 10 4 12 4 10 4 14 6 19 1 6 1 15 6 18 6 17 1 6 1 16 1 6 1 17 6 18 6 15 1 6 1 19 6 14 4 10 4 12 4 10 4 14 5 1 19 6 16 6 18 6 16 6 18 6 16 6 18 6 16 6 18 6 16 6 18 6 16 6 18 6 16 4 6 2 6 2 6 4 17 1 5 12 4 12 5 1 18
CS (180, 1512) (644, 8) - 1 5 12 4 14 4 8 2 4 2 10 4 14 6 21 1 5 16 6 20 7 1 15 6 20 6 15 1 7 20 6 16 5 1 21 6 14 4 10 2 4 2 8 4 14 4 12 5 1 19 6 16 4 8 2 4 2 10 4 12 4 12 4 12 4 14 6 20 6 16 6 19 1 6 1 17 6 19 1 5 14 5 1 20 1 5 14 4 10 4 15 1 6 1 20 1 5 14 4 12 5 1 19 6 16 6 20 6 16 4 8 4 16 4 8 4 16 4 8 4 16 6 20 6 16 6 19 1 5 12 4 14 5 1 20 1 6 1 15 4 10 4 14 5 1 20 1 5 14 5 1 19 6 17 1 6 1 19 6 16 6 20 6 14 4 12 4 12 4 12 4 10 2 4 2 8 4 16 6 19
CS (224, 1904) (644, 198) - 1 5 12 2 2 2 10 4 14 4 10 4 14 5 1 19 6 18 6 18 6 18 6 18 6 18 6 18 6 17 1 6 1 19 6 17 1 6 1 18 1 6 1 17 6 19 1 6 1 17 6 18 6 18 6 18 6 18 6 18 6 18 6 19 1 5 14 4 10 4 14 4 10 2 2 2 12 5 1 19 6 18 6 16 4 10 4 14 5 1 21 7 1 15 4 10 4 12 2 2 2 10 4 14 5 1 20 1 5 14 5 1 19 6 17 1 6 1 19 6 16 6 20 6 16 4 8 4 17 1 6 1 17 4 6 2 8 4 16 6 20 6 14 4 12 4 12 4 12 5 1 18 1 5 12 4 12 4 12 4 14 6 20 6 16 4 8 2 6 4 17 1 6 1 17 4 8 4 16 6 20 6 16 6 19 1 6 1 17 6 19 1 5 14 5 1 20 1 5 14 4 10 2 2 2 12 4 10 4 15 1 7 21 1 5 14 4 10 4 16 6 18 6 19
CS (194, 1544) (647, 214) - 1 5 12 4 12 4 12 2 2 2 8 2 6 4 17 1 6 1 17 4 8 4 16 6 20 6 14 4 12 4 12 4 12 4 12 4 10 2 4 2 8 2 2 2 12 4 12 4 12 4 12 4 12 4 12 5 1 17 4 8 4 16 6 20 6 16 6 20 6 16 6 20 6 14 4 12 4 12 4 12 4 12 4 12 4 12 4 12 4 12 4 12 4 12 4 12 4 12 4 12 4 12 4 12 4 12 4 12 4 12 4 12 4 12 4 14 6 20 6 16 6 20 6 16 6 20 6 16 4 8 4 17 1 5 12 4 12 4 12 4 12 4 12 4 12 2 2 2 8 2 4 2 10 4 12 4 12 4 12 4 12 4 14 6 20 6 16 4 8 4 17 1 6 1 17 4 6 2 8 2 2 2 12 4 12 4 12 5 1 17 4 8 4 17
CS (140, 1124) (650, 90) - 1 5 14 4 10 2 4 2 6 2 8 2 4 2 8 4 16 4 8 2 6 4 18 6 18 6 18 6 18 4 6 2 8 4 16 4 8 2 4 2 8 2 6 2 4 2 10 4 14 5 1 19 6 18 6 19 1 5 14 5 1 19 6 18 6 18 6 18 4 6 2 8 4 16 5 1 21 6 16 6 21 1 5 16 4 8 2 4 2 10 4 14 5 1 19 6 19 1 5 14 4 10 2 4 2 8 4 16 5 1 21 6 16 6 21 1 5 16 4 8 2 6 4 18 6 18 6 18 6 19 1 5 14 5 1 19 6 18 6 19
CS (184, 1572) (652, 1303) - 1 5 12 4 12 4 12 5 1 17 4 6 2 8 4 15 1 6 1 19 6 16 5 1 21 7 1 15 6 20 6 14 4 12 4 10 4 14 4 10 4 14 5 1 19 6 18 6 16 4 8 4 16 4 6 2 8 4 16 6 18 6 18 6 18 6 16 5 1 20 1 5 14 5 1 19 6 16 4 8 4 16 6 20 7 1 15 6 19 1 6 1 16 1 6 1 18 1 6 1 16 1 6 1 19 6 15 1 7 20 6 16 4 8 4 16 6 19 1 5 14 5 1 20 1 5 16 6 18 6 18 6 18 6 16 4 8 2 6 4 16 4 8 4 16 6 18 6 19 1 5 14 4 10 4 14 4 10 4 12 4 14 6 20 6 15 1 7 21 1 5 16 6 19 1 6 1 15 4 8 2 6 4 17
CS (138, 1012) (653, 63) - 1 5 12 2 2 2 10 4 14 6 20 6 16 6 19 1 6 1 15 4 8 2 6 2 4 2 10 4 12 4 12 4 10 2 4 2 6 2 8 4 15 1 6 1 19 6 16 6 20 6 14 4 10 2 2 2 12 5 1 19 6 16 4 8 4 16 6 19 1 6 1 15 4 8 2 4 2 10 4 12 4 12 4 10 2 4 2 8 4 14 4 12 5 1 19 6 16 4 8 4 16 6 19 1 5 12 4 14 4 8 2 4 2 10 4 12 4 12 4 10 2 4 2 8 4 15 1 6 1 19 6 16 4 8 4 16 6 19
CS (172, 1552) (653, 389) - 1 5 14 4 10 2 4 2 8 4 16 6 20 6 16 4 10 4 14 5 1 20 1 5 16 6 19 1 6 1 17 6 19 1 5 14 5 1 19 6 18 6 19 1 5 14 4 10 4 16 6 20 6 16 6 21 1 5 16 5 1 21 6 16 6 20 6 16 4 10 4 14 5 1 19 6 18 6 19 1 5 14 5 1 19 6 17 1 6 1 19 6 16 5 1 20 1 5 14 4 10 4 16 6 20 6 16 4 8 2 4 2 10 4 14 5 1 19 6 18 6 19 1 5 14 5 1 19 6 18 6 18 6 18 4 6 2 8 4 16 5 1 21 6 16 6 21 1 5 16 4 8 2 6 4 18 6 18 6 18 6 19 1 5 14 5 1 19 6 18 6 19
CS (208, 1876) (653, 397) - 1 5 12 4 14 6 21 1 5 16 6 19 1 6 1 17 6 18 6 19 1 5 14 5 1 19 6 18 6 18 6 17 1 6 1 19 6 16 4 8 2 6 4 18 6 16 5 1 21 7 1 15 5 1 21 7 1 15 5 1 21 7 1 15 5 1 21 6 14 4 10 4 16 6 18 6 19 1 6 1 16 1 6 1 19 6 17 1 6 1 18 1 6 1 17 6 19 1 6 1 16 1 6 1 19 6 18 6 16 4 10 4 14 6 21 1 5 15 1 7 21 1 5 15 1 7 21 1 5 15 1 7 21 1 5 16 6 18 4 6 2 8 4 16 6 19 1 6 1 17 6 18 6 18 6 19 1 5 14 5 1 19 6 18 6 17 1 6 1 19 6 16 5 1 21 6 14 4 12 5 1 19 6 16 6 21 1 5 16 6 20 6 16 6 20 6 16 6 20 6 16 5 1 21 6 16 6 19
CS (164, 1376) (655, 144) - 1 5 14 4 10 4 14 4 10 4 14 5 1 19 6 18 6 16 4 10 4 14 6 21 1 5 16 6 19 1 6 1 16 1 6 1 19 6 16 4 8 2 4 2 10 4 12 4 12 4 14 6 20 6 16 6 20 6 16 5 1 21 6 14 4 12 4 10 2 2 2 12 4 10 2 2 2 12 4 10 4 16 6 18 6 19 1 5 14 5 1 19 6 18 6 16 4 10 4 12 2 2 2 10 4 12 2 2 2 10 4 12 4 14 6 21 1 5 16 6 20 6 16 6 20 6 14 4 12 4 12 4 10 2 4 2 8 4 16 6 19 1 6 1 16 1 6 1 19 6 16 5 1 21 6 14 4 10 4 16 6 18 6 19
CS (156, 1212) (656, 141) - 1 5 12 4 12 4 12 4 12 5 1 17 4 8 4 16 6 19 1 6 1 17 6 18 6 18 6 18 6 18 6 18 6 18 6 16 4 10 4 14 5 1 20 1 6 1 15 4 10 4 12 2 2 2 10 4 12 2 2 2 10 4 12 4 14 6 20 6 16 4 8 2 4 2 8 2 4 2 8 2 4 2 10 4 10 2 4 2 8 2 4 2 8 2 4 2 8 4 16 6 20 6 14 4 12 4 10 2 2 2 12 4 10 2 2 2 12 4 10 4 15 1 6 1 20 1 5 14 4 10 4 16 6 18 6 18 6 18 6 18 6 18 6 18 6 17 1 6 1 19 6 16 4 8 4 17
CS (194, 1524) (656, 739) - 1 5 12 2 2 2 10 4 14 5 1 20 1 5 14 5 1 19 6 18 6 16 4 10 4 12 4 14 5 1 20 1 6 1 16 1 6 1 19 6 16 4 8 2 4 2 10 4 12 4 12 4 12 4 14 6 20 6 16 6 20 6 14 4 12 4 12 4 12 4 10 2 4 2 8 4 16 6 19 1 6 1 16 1 6 1 20 1 5 14 4 12 4 10 4 16 6 18 6 19 1 5 14 5 1 20 1 5 14 4 10 2 2 2 12 5 1 19 6 16 4 10 4 12 4 14 6 20 6 16 4 8 2 4 2 8 2 6 4 16 4 8 4 17 1 5 12 4 12 4 12 4 12 4 12 4 12 4 12 4 12 4 12 4 12 5 1 17 4 8 4 16 4 6 2 8 2 4 2 8 4 16 6 20 6 14 4 12 4 10 4 16 6 19
CS (178, 1412) (660, 3) - 1 5 12 4 12 4 12 4 12 4 12 4 12 4 12 4 12 4 12 5 1 17 4 8 4 16 4 6 2 8 2 4 2 8 4 16 6 19 1 6 1 17 6 18 6 18 6 18 6 18 6 18 6 16 4 10 4 14 5 1 20 1 5 14 5 1 19 6 18 6 16 4 8 2 6 2 4 2 10 4 12 4 14 6 20 6 16 4 8 2 4 2 8 2 4 2 10 4 12 4 12 4 10 2 4 2 8 2 4 2 8 4 16 6 20 6 14 4 12 4 10 2 4 2 6 2 8 4 16 6 18 6 19 1 5 14 5 1 20 1 5 14 4 10 4 16 6 18 6 18 6 18 6 18 6 18 6 17 1 6 1 19 6 16 4 8 2 4 2 8 2 6 4 16 4 8 4 17
CS (232, 1664) (660, 441) - 1 5 12 2 2 2 10 4 14 4 10 4 14 5 1 20 1 5 14 4 10 4 14 4 10 2 2 2 12 5 1 19 6 18 6 16 4 10 4 12 4 14 5 1 20 1 6 1 15 4 10 4 14 5 1 20 1 5 14 4 10 4 14 4 10 4 15 1 6 1 19 6 18 6 16 4 10 4 12 4 14 5 1 21 7 1 15 5 1 20 1 6 1 15 4 10 4 14 5 1 20 1 5 14 4 10 4 14 4 10 2 4 2 6 2 6 2 6 2 6 2 6 2 6 2 6 2 6 2 6 2 6 2 6 2 6 2 6 2 6 2 6 2 6 2 6 2 6 2 6 2 4 2 10 4 14 4 10 4 14 5 1 20 1 5 14 4 10 4 15 1 6 1 20 1 5 15 1 7 21 1 5 14 4 12 4 10 4 16 6 18 6 19 1 6 1 15 4 10 4 14 4 10 4 14 5 1 20 1 5 14 4 10 4 15 1 6 1 20 1 5 14 4 12 4 10 4 16 6 18 6 19
CS (256, 2508) (662, 2488) - 1 5 12 4 12 4 10 4 12 4 12 4 10 4 14 6 18 6 17 1 6 1 17 6 16 6 18 6 16 6 18 6 16 6 18 6 16 6 18 6 16 6 18 6 16 6 18 6 16 6 19 1 5 14 4 10 4 12 4 10 4 14 5 1 20 1 5 14 4 10 4 12 4 10 4 14 5 1 20 1 5 14 4 10 4 12 4 10 4 14 5 1 19 6 16 6 18 6 16 6 18 6 16 6 18 6 16 6 18 6 16 6 18 6 16 6 18 6 16 6 17 1 6 1 17 6 18 6 14 4 10 4 12 4 12 4 10 4 12 4 12 5 1 18 1 6 1 15 4 8 4 16 6 16 6 19 1 5 14 6 20 6 14 6 20 7 1 15 6 18 6 16 6 18 6 16 6 18 6 16 6 18 6 16 6 18 6 16 6 18 6 16 6 18 6 16 6 18 6 16 6 18 6 16 6 18 6 16 6 18 6 16 6 18 6 16 6 18 6 16 6 18 6 16 6 18 6 16 6 18 6 15 1 7 20 6 14 6 20 6 14 5 1 19 6 16 6 16 4 8 4 15 1 6 1 18
CS (138, 1128) (664, 3217) - 1 5 12 4 12 4 12 4 12 4 12 4 12 4 12 4 12 4 12 4 10 2 4 2 8 4 16 6 20 6 14 4 12 5 1 19 6 16 6 20 6 16 6 20 6 16 6 20 6 16 6 19 1 5 12 4 14 6 20 6 16 4 8 2 4 2 10 4 12 4 12 4 12 4 12 4 12 4 12 4 12 4 12 4 12 5 1 17 4 8 4 16 4 6 2 8 2 4 2 8 4 16 6 20 6 14 4 12 5 1 18 1 6 1 18 1 5 12 4 14 6 20 6 16 4 8 2 4 2 8 2 6 4 16 4 8 4 17
CS (142, 1220) (666, 149) - 1 5 16 4 8 4 16 4 8 2 4 2 8 2 4 2 10 4 12 4 12 4 12 4 14 6 20 6 16 4 8 2 4 2 10 4 12 4 14 6 21 1 5 16 6 20 6 16 6 20 6 16 6 20 6 16 6 20 6 16 6 20 6 16 5 1 21 6 14 4 12 4 10 2 4 2 8 4 16 6 20 6 14 4 12 4 12 4 12 4 10 2 4 2 8 2 4 2 8 4 16 4 8 4 16 5 1 21 6 16 6 20 6 14 4 12 4 12 4 12 4 12 4 12 4 12 4 12 4 12 4 12 4 12 4 14 6 20 6 16 6 21
CS (252, 2164) (667, 1271) - 1 5 12 4 14 5 1 20 1 6 1 15 4 10 4 14 5 1 20 1 5 14 4 10 4 14 4 10 4 14 4 10 4 14 4 10 4 14 5 1 20 1 5 14 4 10 4 15 1 6 1 20 1 5 15 1 7 21 1 5 14 4 12 5 1 19 6 16 6 21 1 5 16 5 1 21 6 16 6 19 1 5 12 4 14 5 1 21 7 1 15 5 1 20 1 6 1 15 4 10 4 14 5 1 20 1 5 14 4 10 4 14 4 10 4 14 4 10 4 14 4 10 4 14 5 1 20 1 5 14 4 10 4 15 1 6 1 20 1 5 14 4 12 5 1 19 6 16 5 1 21 6 14 4 10 4 16 6 18 6 19 1 5 14 5 1 19 6 18 6 17 1 6 1 19 6 16 5 1 21 6 14 4 12 5 1 19 6 16 6 20 6 16 4 8 4 16 4 8 4 16 4 8 4 16 6 20 6 16 6 19 1 5 12 4 14 6 21 1 5 16 6 19 1 6 1 17 6 18 6 19 1 5 14 5 1 19 6 18 6 16 4 10 4 14 6 21 1 5 16 6 19
CS (164, 1284) (668, 143) - 1 5 12 4 12 4 12 4 12 4 12 4 10 4 14 4 10 4 14 4 10 4 12 4 12 4 12 4 12 4 12 4 10 4 15 1 6 1 19 6 15 1 7 20 6 16 4 6 2 8 2 4 2 8 4 15 1 6 1 19 6 16 6 20 6 14 4 10 2 4 2 6 2 6 2 6 2 4 2 10 4 14 6 20 6 16 6 19 1 6 1 15 4 8 2 4 2 8 2 6 4 16 6 20 7 1 15 6 19 1 6 1 15 4 10 4 12 4 12 4 12 4 12 4 12 4 10 4 14 4 10 4 14 4 10 4 12 4 12 4 12 4 12 4 12 5 1 17 4 8 4 16 6 18 6 18 6 18 6 16 4 8 4 17
CS (140, 1096) (672, 90) - 1 5 12 4 12 4 12 4 12 4 12 4 12 4 12 4 12 4 12 4 12 4 12 5 1 17 4 8 4 16 6 20 6 14 4 12 4 10 2 4 2 8 4 16 6 18 4 6 2 8 4 14 4 12 5 1 19 6 16 5 1 21 7 1 15 6 20 6 16 4 8 2 4 2 8 2 4 2 10 4 12 4 12 4 12 4 10 2 4 2 8 2 4 2 8 4 16 6 20 6 15 1 7 21 1 5 16 6 19 1 5 12 4 14 4 8 2 6 4 18 6 16 4 8 2 4 2 10 4 12 4 14 6 20 6 16 4 8 4 17
CS (148, 1232) (672, 47) - 1 5 12 4 14 6 20 6 16 6 18 6 19 1 5 14 4 10 4 14 5 1 19 6 17 1 6 1 17 6 19 1 5 14 5 1 19 6 16 5 1 20 1 6 1 15 5 1 20 1 5 14 4 10 4 14 5 1 20 1 5 15 1 6 1 20 1 5 16 6 19 1 5 14 5 1 19 6 17 1 6 1 17 6 19 1 5 14 4 10 4 14 5 1 19 6 18 6 16 6 20 6 14 4 12 5 1 18 1 6 1 17 6 18 6 17 1 6 1 17 4 6 2 8 4 14 4 10 4 14 4 8 2 6 4 17 1 6 1 17 6 18 6 17 1 6 1 18
OSNO (26, 252) (674, 203) - 1 5 16 4 8 4 17 1 6 1 17 6 20 6 16 5 1 21 6 16 6 20 6 16 6 21
CS (232, 1704) (676, 307) - 1 5 12 2 2 2 10 2 2 2 10 2 2 2 10 2 2 2 10 4 14 4 10 4 14 4 10 4 14 4 10 4 14 4 10 2 2 2 10 2 2 2 10 2 2 2 10 2 2 2 12 5 1 20 1 5 15 1 7 21 1 5 14 4 12 4 10 2 2 2 12 4 10 2 4 2 8 4 16 6 18 4 6 2 8 4 16 6 19 1 6 1 16 1 6 1 20 1 5 16 6 18 4 6 2 8 4 16 6 19 1 6 1 17 6 18 6 18 6 18 4 6 2 6 2 6 2 8 4 14 4 10 4 16 6 18 6 18 6 19 1 5 14 5 1 19 6 18 6 18 6 16 4 10 4 14 4 8 2 6 2 6 2 6 4 18 6 18 6 18 6 17 1 6 1 19 6 16 4 8 2 6 4 18 6 16 5 1 20 1 6 1 16 1 6 1 19 6 16 4 8 2 6 4 18 6 16 4 8 2 4 2 10 4 12 2 2 2 10 4 12 4 14 5 1 21 7 1 15 5 1 20
CS (148, 1256) (684, 27) - 1 5 12 4 12 4 14 6 20 6 16 5 1 21 6 14 4 10 2 2 2 12 4 10 4 15 1 6 1 20 1 5 16 6 18 4 6 2 8 4 16 6 19 1 5 14 5 1 20 1 5 14 4 12 5 1 18 1 6 1 17 6 20 7 1 15 6 20 6 16 6 20 6 16 6 20 6 16 6 20 6 15 1 7 20 6 17 1 6 1 18 1 5 12 4 14 5 1 20 1 5 14 5 1 19 6 16 4 8 2 6 4 18 6 16 5 1 20 1 6 1 15 4 10 4 12 2 2 2 10 4 14 6 21 1 5 16 6 20 6 14 4 12 4 12 5 1 18
CS (158, 1284) (684, 1582) - 1 5 14 4 10 4 16 6 18 6 18 6 18 6 18 6 18 6 18 6 17 1 6 1 19 6 16 4 8 4 17 1 6 1 17 4 8 4 16 6 19 1 6 1 17 6 18 6 18 6 18 6 18 6 18 6 18 6 16 4 10 4 14 5 1 20 1 5 14 5 1 19 6 18 6 16 4 8 2 6 2 4 2 10 4 12 2 2 2 10 4 12 4 14 6 20 6 16 4 8 4 16 4 8 2 4 2 8 2 4 2 8 2 4 2 8 2 4 2 8 4 16 4 8 4 16 6 20 6 14 4 12 4 10 2 2 2 12 4 10 2 4 2 6 2 8 4 16 6 18 6 19 1 5 14 5 1 20
CS (252, 1828) (685, 3050) - 1 5 12 2 2 2 8 2 4 2 6 2 6 2 6 2 4 2 8 2 4 2 8 4 14 6 19 1 6 1 15 6 18 6 17 1 6 1 16 1 6 1 17 6 18 6 14 4 10 4 14 6 18 6 16 4 6 2 8 4 14 6 19 1 5 12 2 2 2 8 2 4 2 6 2 6 2 6 2 6 4 16 6 17 1 6 1 17 6 17 1 5 12 5 1 17 6 18 6 14 4 10 4 14 6 18 6 17 1 5 12 5 1 17 6 17 1 6 1 17 6 16 4 6 2 6 2 6 2 6 2 4 2 8 2 2 2 12 5 1 19 6 14 4 8 2 6 4 16 6 18 6 14 4 10 4 14 6 18 6 17 1 6 1 16 1 6 1 17 6 18 6 15 1 6 1 19 6 14 4 8 2 4 2 8 2 4 2 6 2 6 2 6 2 4 2 8 2 2 2 12 5 1 19 6 14 4 8 2 6 4 16 6 18 6 14 4 10 4 14 6 18 6 17 1 6 1 16 1 6 1 17 6 18 6 14 4 10 4 14 6 18 6 16 4 6 2 8 4 14 6 19
CS (138, 1156) (686, 11673) - 1 5 12 4 12 4 12 4 10 4 14 5 1 20 1 5 14 4 8 2 6 4 16 6 19 1 5 14 5 1 20 1 5 15 1 6 1 19 6 16 6 18 6 16 4 8 4 16 6 16 4 8 2 4 2 8 4 16 6 16 4 8 4 16 6 18 6 16 6 19 1 6 1 15 5 1 20 1 5 14 5 1 19 6 16 4 6 2 8 4 14 5 1 20 1 5 14 4 10 4 12 4 12 4 12 5 1 19 6 14 4 12 5 1 19 6 16 6 18 6 17 1 6 1 17 6 18 6 16 6 19 1 5 12 4 14 6 19
CS (182, 1648) (692, 2096) - 1 5 12 4 12 4 12 4 12 4 12 4 12 4 12 4 12 4 12 4 12 4 12 4 12 5 1 17 4 8 4 16 6 20 6 16 6 19 1 6 1 17 6 18 6 18 6 19 1 5 14 5 1 19 6 18 6 16 4 10 4 14 6 21 1 5 16 6 19 1 5 12 4 14 5 1 20 1 5 14 5 1 19 6 18 6 17 1 6 1 19 6 16 6 20 6 16 4 8 4 16 4 8 4 16 4 8 4 16 4 8 4 16 6 20 6 16 6 19 1 6 1 17 6 18 6 19 1 5 14 5 1 20 1 5 14 4 12 5 1 19 6 16 5 1 21 6 14 4 10 4 16 6 18 6 19 1 5 14 5 1 19 6 18 6 18 6 17 1 6 1 19 6 16 6 20 6 16 4 8 4 17
CS (256, 2244) (696, 11165) - 1 5 12 2 2 2 8 4 16 6 16 6 19 1 5 14 5 1 19 6 16 6 16 4 8 4 16 6 16 6 19 1 5 14 5 1 19 6 16 6 16 4 8 4 16 6 16 6 19 1 5 14 5 1 19 6 16 6 16 4 8 2 2 2 12 5 1 19 6 14 5 1 19 6 14 5 1 18 1 6 1 16 1 6 1 17 4 6 4 17 1 6 1 16 1 6 1 17 6 18 6 14 4 10 4 14 6 18 6 17 1 5 12 4 10 4 14 6 19 1 6 1 15 6 19 1 5 14 5 1 19 6 16 6 17 1 6 1 17 6 16 6 19 1 5 14 6 20 6 14 6 20 6 14 6 20 6 14 6 20 6 14 6 20 6 14 6 20 6 14 6 20 6 14 6 20 6 14 5 1 19 6 16 6 17 1 6 1 17 6 16 6 19 1 5 14 5 1 19 6 15 1 6 1 19 6 14 4 10 4 12 5 1 17 6 18 6 14 4 10 4 14 6 18 6 17 1 6 1 16 1 6 1 17 4 6 4 17 1 6 1 16 1 6 1 18 1 5 14 6 19 1 5 14 6 19
CS (204, 1536) (706, 16712) - 1 5 12 2 2 2 8 2 4 2 8 4 14 5 1 20 1 5 15 1 6 1 19 6 14 5 1 19 6 14 4 10 4 12 4 12 5 1 18 1 6 1 15 4 8 4 16 6 16 4 8 4 14 4 10 4 12 5 1 17 4 6 2 6 4 17 1 5 12 4 10 4 14 4 8 4 16 6 16 4 8 4 15 1 6 1 18 1 5 12 4 12 4 10 4 14 6 19 1 5 14 6 19 1 6 1 15 5 1 20 1 5 14 4 8 2 4 2 8 2 2 2 12 5 1 19 6 14 4 10 4 12 4 12 5 1 18 1 6 1 15 4 8 2 4 2 8 4 14 5 1 19 6 16 6 18 6 16 6 17 1 6 1 17 6 17 1 6 1 17 6 16 6 18 6 16 6 19 1 5 14 4 8 2 4 2 8 4 15 1 6 1 18 1 5 12 4 12 4 10 4 14 6 19
CS (150, 1300) (708, 4511) - 1 5 12 4 12 4 12 4 12 4 12 4 12 4 12 4 12 5 1 17 4 8 4 16 6 20 6 16 6 19 1 5 12 4 14 5 1 20 1 6 1 15 4 10 4 14 5 1 20 1 5 14 4 10 4 14 4 10 4 14 4 10 4 14 5 1 19 6 18 6 18 6 17 1 6 1 19 6 16 6 20 6 16 4 8 4 16 6 20 6 16 6 19 1 6 1 17 6 18 6 18 6 19 1 5 14 4 10 4 14 4 10 4 14 4 10 4 14 5 1 20 1 5 14 4 10 4 15 1 6 1 20 1 5 14 4 12 5 1 19 6 16 6 20 6 16 4 8 4 17
CS (168, 1180) (708, 23066) - 1 5 12 4 12 4 10 4 14 6 19 1 5 12 4 12 4 12 5 1 19 6 14 4 8 2 6 4 16 6 18 6 16 6 18 6 16 6 19 1 5 14 4 8 2 4 2 8 2 4 2 6 2 6 2 6 4 16 4 6 2 6 2 6 2 4 2 10 4 10 4 14 4 8 2 4 2 8 4 14 4 10 4 10 2 4 2 6 2 6 2 6 4 16 4 6 2 6 2 6 2 4 2 8 2 4 2 8 4 14 5 1 19 6 16 6 18 6 16 6 18 6 16 4 6 2 8 4 14 6 19 1 5 12 4 12 4 12 5 1 19 6 14 4 10 4 12 4 12 5 1 18 1 6 1 15 4 8 2 4 2 8 4 15 1 6 1 18
CS (184, 1660) (708, 1) - 1 5 14 4 10 4 16 6 18 6 18 6 18 6 18 6 18 6 18 6 17 1 6 1 19 6 16 4 8 2 4 2 10 4 12 4 12 4 12 4 12 4 12 4 12 4 12 4 12 4 12 4 12 4 12 4 10 2 4 2 8 4 16 6 19 1 6 1 17 6 18 6 18 6 18 6 18 6 18 6 18 6 16 4 10 4 14 5 1 20 1 5 14 5 1 19 6 18 6 16 4 8 2 6 4 18 6 16 4 8 2 4 2 10 4 12 4 12 4 14 6 20 6 16 6 20 6 16 6 20 6 16 6 20 7 1 14 1 7 20 6 16 6 20 6 16 6 20 6 16 6 20 6 14 4 12 4 12 4 10 2 4 2 8 4 16 6 18 4 6 2 8 4 16 6 18 6 19 1 5 14 5 1 20
OSNO (22, 190) (710, 90) - 1 5 12 4 14 4 10 4 14 6 21 1 5 14 4 12 4 10 4 16 6 19
CS (154, 1332) (712, 11867) - 1 5 14 4 8 2 6 2 6 2 6 4 18 6 16 6 20 6 15 1 7 21 1 5 16 6 19 1 5 14 5 1 19 6 17 1 6 1 17 6 19 1 5 14 5 1 19 6 16 5 1 21 7 1 15 6 20 6 16 6 18 4 6 2 6 2 6 2 8 4 14 5 1 19 6 18 6 16 6 20 6 14 4 12 4 10 4 14 4 10 4 14 5 1 19 6 18 6 16 5 1 20 1 5 14 5 1 19 6 16 4 8 2 4 2 8 4 16 6 19 1 5 14 5 1 20 1 5 16 6 18 6 19 1 5 14 4 10 4 14 4 10 4 12 4 14 6 20 6 16 6 18 6 19
CS (206, 1764) (712, 141) - 1 5 12 4 14 4 8 2 4 2 10 4 14 6 21 1 5 16 6 19 1 6 1 17 6 18 6 18 6 18 6 19 1 5 14 4 10 4 14 4 10 4 15 1 6 1 19 6 17 1 6 1 19 6 16 6 19 1 6 1 17 6 19 1 6 1 15 4 10 4 14 4 10 4 14 5 1 19 6 18 6 18 6 18 6 17 1 6 1 19 6 16 5 1 21 6 14 4 10 2 4 2 8 4 14 4 12 5 1 19 6 16 4 8 2 4 2 10 4 12 4 12 4 14 6 20 6 16 6 20 6 16 6 20 6 15 1 7 20 6 16 4 8 2 4 2 10 4 12 4 12 4 12 4 12 4 12 4 12 4 12 4 12 4 12 4 12 4 10 2 4 2 8 4 16 6 20 7 1 15 6 20 6 16 6 20 6 16 6 20 6 14 4 12 4 12 4 10 2 4 2 8 4 16 6 19
CS (172, 1344) (714, 6038) - 1 5 12 4 14 6 20 6 14 4 12 4 10 4 15 1 6 1 19 6 16 6 19 1 6 1 15 4 10 4 12 4 14 6 20 6 14 4 12 5 1 18 1 6 1 17 6 18 6 16 4 10 4 12 4 12 4 12 4 12 4 10 4 16 6 18 6 17 1 6 1 18 1 5 12 4 14 6 20 6 14 4 12 4 10 4 15 1 6 1 19 6 16 6 19 1 6 1 15 4 10 4 12 4 14 6 20 6 14 4 12 5 1 19 6 14 4 12 4 10 2 4 2 6 2 8 4 14 4 8 2 6 2 6 2 4 2 10 4 12 4 12 4 12 4 12 4 10 2 4 2 6 2 6 2 8 4 14 4 8 2 6 2 4 2 10 4 12 4 14 6 19
CS (208, 1712) (714, 5099) - 1 5 12 4 12 4 14 6 20 6 16 6 20 6 16 6 20 6 15 1 7 20 6 16 4 8 2 6 4 16 4 8 2 4 2 8 2 6 4 16 4 8 4 16 4 6 2 8 2 4 2 8 4 16 4 6 2 8 4 16 6 20 7 1 15 6 20 6 16 6 20 6 16 6 20 6 14 4 12 4 12 5 1 18 1 6 1 17 6 19 1 6 1 16 1 6 1 19 6 18 6 16 5 1 20 1 6 1 15 4 10 4 14 4 8 2 6 2 6 4 18 6 17 1 6 1 18 1 6 1 17 6 20 7 1 15 6 20 6 16 4 8 4 16 4 8 4 16 4 8 4 16 6 20 6 15 1 7 20 6 17 1 6 1 18 1 6 1 17 6 18 4 6 2 6 2 8 4 14 4 10 4 15 1 6 1 20 1 5 16 6 18 6 19 1 6 1 16 1 6 1 19 6 17 1 6 1 18
CS (180, 1464) (716, 321) - 1 5 12 4 14 5 1 21 7 1 15 4 8 2 6 4 18 6 16 5 1 21 7 1 15 5 1 21 7 1 15 5 1 21 7 1 15 5 1 20 1 6 1 15 4 10 4 14 5 1 20 1 5 14 4 10 4 14 4 10 2 2 2 10 2 2 2 10 2 2 2 10 4 14 4 10 4 14 5 1 20 1 5 14 4 10 4 15 1 6 1 20 1 5 15 1 7 21 1 5 15 1 7 21 1 5 15 1 7 21 1 5 16 6 18 4 6 2 8 4 15 1 7 21 1 5 14 4 12 5 1 19 6 16 5 1 21 6 14 4 10 4 16 6 18 6 18 6 19 1 5 14 4 10 4 14 4 10 4 14 5 1 19 6 18 6 18 6 16 4 10 4 14 6 21 1 5 16 6 19
CS (220, 1776) (720, 12760) - 1 5 14 4 10 4 14 4 10 4 14 4 8 2 6 2 6 2 6 2 6 4 18 6 18 6 16 4 10 4 12 4 14 5 1 20 1 6 1 15 4 10 4 14 5 1 20 1 5 14 4 10 4 14 4 10 4 14 4 10 4 14 4 10 4 14 5 1 20 1 5 14 4 10 4 15 1 6 1 20 1 5 14 4 12 4 10 4 16 6 18 6 18 4 6 2 6 2 6 2 6 2 8 4 14 4 10 4 14 4 10 4 14 5 1 19 6 18 6 18 6 16 4 10 4 14 5 1 21 7 1 15 4 8 2 6 2 4 2 10 4 14 6 21 1 5 16 6 19 1 6 1 17 6 18 6 18 6 19 1 5 14 4 10 4 14 4 10 4 14 4 10 4 14 5 1 19 6 18 6 18 6 17 1 6 1 19 6 16 5 1 21 6 14 4 10 2 4 2 6 2 8 4 15 1 7 21 1 5 14 4 10 4 16 6 18 6 18 6 19
CS (200, 1716) (726, 9305) - 1 5 12 4 14 4 10 4 14 5 1 20 1 6 1 15 4 8 2 6 2 4 2 10 4 14 6 21 1 5 16 6 19 1 6 1 17 6 18 6 18 6 18 6 18 6 18 6 18 6 18 6 18 6 17 1 6 1 19 6 16 6 21 1 5 16 4 8 4 16 5 1 21 6 16 6 19 1 6 1 17 6 18 6 18 6 18 6 18 6 18 6 18 6 18 6 18 6 17 1 6 1 19 6 16 5 1 21 6 14 4 10 2 4 2 6 2 8 4 15 1 6 1 20 1 5 14 4 10 4 14 4 12 5 1 19 6 18 6 16 4 8 2 4 2 10 4 12 4 14 6 20 6 16 4 8 2 4 2 10 4 12 4 12 4 12 4 12 4 12 4 12 4 12 4 10 2 4 2 8 4 16 6 20 6 14 4 12 4 10 2 4 2 8 4 16 6 18 6 19
CS (204, 1624) (729, 126) - 1 5 12 4 14 4 8 2 6 2 6 4 18 6 17 1 6 1 18 1 6 1 17 4 6 2 8 4 16 6 19 1 5 14 6 21 1 5 14 4 12 4 10 4 16 6 18 6 19 1 5 14 5 1 20 1 5 14 4 10 4 15 1 6 1 20 1 5 14 4 12 5 1 19 6 16 4 8 2 4 2 10 4 12 4 12 4 12 4 12 4 14 6 20 6 14 4 12 4 12 4 12 4 12 4 10 2 4 2 8 4 16 6 19 1 5 12 4 14 5 1 20 1 6 1 15 4 10 4 14 5 1 20 1 5 14 5 1 19 6 18 6 16 4 10 4 12 4 14 5 1 21 6 14 5 1 19 6 16 4 8 2 6 4 17 1 6 1 18 1 6 1 17 6 18 4 6 2 6 2 8 4 14 4 12 5 1 19 6 17 1 6 1 19 6 16 6 19 1 6 1 17 6 19
CS (176, 1472) (736, 509) - 1 5 12 4 14 6 21 1 5 16 6 19 1 6 1 17 6 18 6 18 6 18 6 18 6 18 6 18 6 18 6 16 4 10 4 14 5 1 20 1 6 1 15 4 10 4 12 2 2 2 10 4 12 2 2 2 10 4 12 4 14 6 20 6 16 4 8 2 4 2 8 2 4 2 10 4 12 4 12 4 12 4 10 2 4 2 8 2 4 2 8 4 16 6 20 6 14 4 12 4 10 2 2 2 12 4 10 2 2 2 12 4 10 4 15 1 6 1 20 1 5 14 4 10 4 16 6 18 6 18 6 18 6 18 6 18 6 18 6 18 6 17 1 6 1 19 6 16 5 1 21 6 14 4 12 5 1 19 6 16 6 21 1 5 16 4 8 4 16 5 1 21 6 16 6 19
CS (184, 1444) (736, 141) - 1 5 12 4 12 4 12 4 12 4 12 4 12 4 12 4 12 4 12 4 12 4 12 4 12 4 12 4 12 4 12 5 1 17 4 8 4 16 4 8 4 16 6 20 6 15 1 7 20 6 17 1 6 1 18 1 6 1 17 6 18 4 6 2 8 4 14 4 12 5 1 19 6 16 4 8 2 6 4 17 1 6 1 18 1 6 1 17 6 18 4 6 2 6 2 8 4 14 4 12 5 1 19 6 17 1 6 1 18 1 6 1 17 6 19 1 5 12 4 14 4 8 2 6 2 6 4 18 6 17 1 6 1 18 1 6 1 17 4 6 2 8 4 16 6 19 1 5 12 4 14 4 8 2 6 4 18 6 17 1 6 1 18 1 6 1 17 6 20 7 1 15 6 20 6 16 4 8 4 16 4 8 4 17
OSNO (32, 206) (738, 43) - 1 5 12 4 14 4 8 2 6 2 6 2 6 2 6 4 19 1 5 14 4 10 2 4 2 6 2 8 4 16 6 19
CS (198, 1396) (739, 35918) - 1 5 12 2 2 2 10 4 14 6 21 1 5 16 6 19 1 5 12 4 14 5 1 20 1 6 1 15 4 10 4 14 5 1 20 1 6 1 15 4 8 2 6 2 4 2 10 4 12 2 2 2 10 4 12 4 14 6 20 6 16 4 8 4 17 1 5 12 4 12 4 12 4 12 4 12 4 12 5 1 17 4 8 4 16 6 20 6 14 4 12 4 10 2 2 2 12 4 10 2 4 2 6 2 8 4 15 1 6 1 20 1 5 14 4 10 4 15 1 6 1 20 1 5 14 4 12 5 1 19 6 16 5 1 21 6 14 4 10 2 2 2 12 5 1 19 6 16 4 8 2 4 2 10 4 12 4 12 4 12 4 12 2 2 2 8 2 4 2 8 2 4 2 8 2 4 2 8 2 2 2 12 4 12 4 12 4 12 4 10 2 4 2 8 4 16 6 19
CS (196, 1620) (740, 253) - 1 5 12 4 14 5 1 20 1 6 1 15 4 10 4 14 5 1 20 1 5 14 5 1 19 6 18 6 16 4 8 2 6 2 4 2 10 4 12 4 14 6 20 6 16 6 20 6 16 6 20 6 16 6 19 1 5 12 4 14 6 20 6 16 4 8 2 4 2 10 4 12 4 12 4 12 4 12 4 12 4 10 2 4 2 8 4 16 6 20 6 14 4 12 5 1 19 6 16 6 20 6 16 6 20 6 16 6 20 6 14 4 12 4 10 2 4 2 6 2 8 4 16 6 18 6 19 1 5 14 5 1 20 1 5 14 4 10 4 15 1 6 1 20 1 5 14 4 12 5 1 19 6 16 5 1 21 7 1 15 6 20 6 16 4 8 2 4 2 8 2 4 2 8 2 4 2 8 2 4 2 8 4 16 6 20 6 15 1 7 21 1 5 16 6 19
CS (202, 1740) (747, 5141) - 1 5 14 5 1 19 6 18 6 16 4 10 4 12 2 2 2 10 4 14 6 21 1 5 16 6 19 1 6 1 17 6 18 6 18 6 18 6 18 6 18 6 18 6 18 6 18 6 18 6 18 6 17 1 6 1 19 6 16 4 8 4 17 1 6 1 17 4 8 4 16 6 19 1 6 1 17 6 18 6 18 6 18 6 18 6 18 6 18 6 18 6 18 6 18 6 18 6 17 1 6 1 19 6 16 5 1 21 6 14 4 10 2 2 2 12 4 10 4 16 6 18 6 19 1 5 14 5 1 19 6 18 6 18 6 17 1 6 1 19 6 16 6 20 6 16 4 8 2 4 2 8 2 4 2 8 2 4 2 8 2 4 2 8 2 4 2 8 2 4 2 8 2 4 2 8 2 4 2 8 2 4 2 8 4 16 6 20 6 16 6 19 1 6 1 17 6 18 6 18 6 19
OSNO (26, 184) (750, 88) - 1 5 12 2 2 2 6 2 6 2 6 4 15 1 6 1 19 7 1 15 6 18 6 14 6 19
CS (224, 1340) (754, 305) - 1 5 12 4 12 4 10 2 2 2 10 4 12 4 10 2 2 2 10 4 12 4 10 2 2 2 10 4 12 4 10 2 2 2 10 4 12 4 10 2 2 2 10 4 12 4 12 5 1 19 6 14 4 8 2 4 2 8 2 4 2 6 2 6 2 6 2 4 2 8 2 4 2 6 2 6 2 6 2 4 2 8 2 4 2 6 2 6 2 6 2 4 2 8 2 4 2 6 2 6 2 6 2 4 2 8 2 4 2 8 4 14 6 19 1 5 12 4 12 4 10 2 2 2 10 4 12 4 10 2 2 2 10 4 12 4 10 2 2 2 10 4 12 4 10 2 2 2 10 4 12 4 10 2 2 2 10 4 12 4 12 5 1 19 6 14 4 8 2 4 2 8 2 4 2 8 4 14 6 19 1 5 12 4 13 1 7 20 7 1 14 1 7 20 7 1 14 1 7 20 7 1 13 4 12 5 1 19 6 14 4 8 2 4 2 8 2 4 2 8 4 14 6 19
CS (242, 1616) (756, 1870) - 1 5 12 2 2 2 8 2 4 2 6 2 6 2 6 2 4 2 8 2 4 2 6 2 6 2 6 2 4 2 8 2 4 2 6 2 8 4 12 4 12 4 10 4 12 4 12 4 10 4 12 4 12 4 10 4 12 4 12 4 10 4 12 4 12 4 10 4 12 4 12 4 10 4 12 4 12 4 8 2 6 2 4 2 8 2 4 2 6 2 6 2 6 2 4 2 8 2 4 2 6 2 6 2 6 2 4 2 8 2 2 2 12 5 1 19 6 14 5 1 19 7 1 13 4 10 4 12 4 12 4 10 4 12 4 12 4 10 4 12 4 12 4 10 4 12 4 12 5 1 18 1 5 12 4 12 4 10 4 12 4 12 4 10 4 13 1 7 19 1 5 14 6 19 1 5 12 4 12 4 12 5 1 19 6 14 5 1 19 7 1 13 4 10 4 12 4 12 4 10 4 12 4 12 5 1 18 1 5 12 4 12 4 10 4 12 4 12 4 10 4 12 4 12 4 10 4 12 4 12 4 10 4 13 1 7 19 1 5 14 6 19
OSNO (28, 222) (759, 27) - 1 5 12 2 2 2 10 4 16 6 18 4 8 4 17 1 5 12 4 12 4 14 4 10 4 16 6 19
CS (220, 1864) (760, 399) - 1 5 12 4 12 4 14 6 20 6 16 6 20 6 16 6 20 6 16 6 19 1 6 1 17 6 18 6 19 1 5 14 5 1 19 6 18 6 18 6 16 4 10 4 12 4 14 5 1 20 1 6 1 15 4 10 4 14 5 1 20 1 5 14 4 10 4 14 4 10 4 14 4 10 4 14 4 10 4 14 5 1 20 1 5 14 4 10 4 15 1 6 1 20 1 5 14 4 12 4 10 4 16 6 18 6 18 6 19 1 5 14 5 1 19 6 18 6 17 1 6 1 19 6 16 6 20 6 16 6 20 6 16 6 20 6 14 4 12 4 12 5 1 18 1 6 1 17 6 20 6 14 4 10 2 4 2 6 2 8 4 16 6 18 6 18 4 6 2 6 2 6 2 8 4 14 4 10 4 14 4 10 4 14 4 10 4 14 4 8 2 6 2 6 2 6 4 18 6 18 6 16 4 8 2 6 2 4 2 10 4 14 6 20 6 17 1 6 1 18
CS (162, 1308) (762, 105) - 1 5 12 4 14 5 1 20 1 5 14 4 10 4 14 4 10 4 15 1 6 1 19 6 16 4 8 2 4 2 10 4 12 4 12 4 12 4 12 4 14 6 20 6 15 1 7 20 6 16 4 8 2 4 2 10 4 12 4 12 4 12 4 12 4 12 4 12 4 12 4 12 4 12 4 12 4 10 2 4 2 8 4 16 6 20 7 1 15 6 20 6 14 4 12 4 12 4 12 4 12 4 10 2 4 2 8 4 16 6 19 1 6 1 15 4 10 4 14 4 10 4 14 5 1 20 1 5 14 4 12 5 1 19 6 16 6 20 6 16 4 8 4 16 4 8 2 4 2 8 4 16 4 8 4 16 6 20 6 16 6 19
CS (160, 1212) (766, 2652) - 1 5 12 4 12 4 12 4 10 2 4 2 8 2 4 2 8 4 16 6 20 6 14 4 12 4 10 2 2 2 12 4 10 2 2 2 12 4 10 4 15 1 6 1 20 1 5 14 4 10 4 16 6 18 6 18 6 18 6 18 6 18 6 18 6 18 6 16 4 10 4 14 5 1 20 1 6 1 15 4 10 4 12 2 2 2 10 4 12 2 2 2 10 4 12 4 14 6 20 6 16 4 8 2 4 2 8 2 4 2 10 4 12 4 12 4 12 5 1 17 4 6 2 8 2 4 2 8 4 16 6 19 1 6 1 17 6 18 6 18 6 18 6 17 1 6 1 19 6 16 4 8 2 4 2 8 2 6 4 17
OSNO (24, 190) (771, 38) - 1 5 12 4 12 4 10 4 15 1 6 1 20 1 5 16 6 18 6 17 1 6 1 18
OSNO (26, 226) (775, 324) - 1 5 14 4 10 2 2 2 12 4 12 4 14 6 21 1 5 14 4 14 6 20 6 18 6 19
OSNO (32, 316) (780, 78) - 1 5 14 4 10 4 16 6 20 6 16 6 21 1 5 16 5 1 21 7 1 13 4 14 6 20 6 18 6 18 6 19
CS (208, 1868) (780, 2074) - 1 5 12 2 2 2 10 2 4 2 6 2 6 2 8 4 16 6 20 6 16 4 8 2 6 4 18 6 18 6 19 1 5 14 4 10 4 16 6 19 1 6 1 17 6 18 6 20 6 16 6 20 6 18 6 17 1 6 1 19 6 16 4 10 4 14 5 1 19 6 18 6 18 4 6 2 8 4 16 6 20 6 16 4 8 2 6 2 6 2 4 2 10 2 2 2 12 5 1 19 6 18 6 18 6 18 6 20 6 15 1 7 21 1 5 16 6 20 6 16 4 10 4 14 5 1 19 6 18 6 19 1 5 14 5 1 19 6 18 6 18 6 18 4 6 2 8 4 16 5 1 21 6 16 6 21 1 5 16 4 8 2 6 4 18 6 18 6 18 6 19 1 5 14 5 1 19 6 18 6 19 1 5 14 4 10 4 16 6 20 6 16 5 1 21 7 1 15 6 20 6 18 6 18 6 18 6 19
CS (220, 1716) (780, 40) - 1 5 12 2 2 2 10 4 14 4 10 4 14 5 1 20 1 5 14 5 1 19 6 17 1 6 1 19 6 16 6 20 6 16 6 19 1 6 1 17 6 19 1 5 14 5 1 20 1 5 14 4 10 4 14 4 10 2 2 2 12 5 1 19 6 18 6 16 4 10 4 12 4 14 5 1 21 7 1 15 5 1 20 1 6 1 15 4 10 4 14 4 8 2 6 2 6 4 18 6 17 1 6 1 19 6 16 6 20 6 16 6 20 6 15 1 7 20 6 16 4 8 2 4 2 8 2 6 4 16 4 8 2 4 2 8 2 4 2 8 2 4 2 8 2 4 2 8 2 4 2 8 4 16 4 6 2 8 2 4 2 8 4 16 6 20 7 1 15 6 20 6 16 6 20 6 16 6 19 1 6 1 17 6 18 4 6 2 6 2 8 4 14 4 10 4 15 1 6 1 20 1 5 15 1 7 21 1 5 14 4 12 4 10 4 16 6 18 6 19
CS (228, 1704) (780, 256) - 1 5 12 2 2 2 10 2 2 2 10 2 2 2 10 4 14 4 10 4 14 4 10 4 14 4 10 4 14 4 10 4 14 4 10 2 2 2 10 2 2 2 10 2 2 2 12 5 1 20 1 5 15 1 7 21 1 5 14 4 12 4 10 2 2 2 12 4 10 2 4 2 8 4 16 6 18 4 6 2 8 4 16 6 19 1 6 1 16 1 6 1 20 1 5 16 6 18 4 6 2 8 4 16 6 19 1 6 1 17 6 18 6 18 6 18 4 6 2 6 2 6 2 8 4 14 4 10 4 16 6 18 6 18 6 19 1 5 14 5 1 19 6 18 6 18 6 16 4 10 4 14 4 8 2 6 2 6 2 6 4 18 6 18 6 18 6 17 1 6 1 19 6 16 4 8 2 6 4 18 6 16 5 1 20 1 6 1 16 1 6 1 19 6 16 4 8 2 6 4 18 6 16 4 8 2 4 2 10 4 12 2 2 2 10 4 12 4 14 5 1 21 7 1 15 5 1 20
CS (146, 1228) (782, 76) - 1 5 12 4 12 4 12 4 12 4 12 4 10 4 15 1 6 1 19 6 16 6 19 1 5 12 4 14 5 1 20 1 5 14 4 10 4 14 4 10 4 12 4 14 6 20 6 16 6 18 6 19 1 5 14 4 10 4 14 5 1 19 6 17 1 6 1 17 6 19 1 5 14 4 10 4 14 5 1 19 6 18 6 16 6 20 6 14 4 12 4 10 4 14 4 10 4 14 5 1 20 1 5 14 4 12 5 1 19 6 16 6 19 1 6 1 15 4 10 4 12 4 12 4 12 4 12 4 12 5 1 18 1 5 12 4 12 4 12 4 12 4 12 5 1 18
OSNO (22, 158) (784, 385) - 1 5 12 4 12 4 14 6 21 1 5 16 4 8 2 4 2 8 2 6 4 17
CS (224, 1744) (784, 12803) - 1 5 14 4 10 4 14 4 10 4 14 5 1 20 1 5 14 4 10 4 15 1 6 1 18 1 6 1 16 1 6 1 19 6 14 4 12 4 10 4 15 1 6 1 19 6 16 6 19 1 5 14 5 1 20 1 5 15 1 6 1 19 6 17 1 6 1 17 6 18 6 17 1 6 1 17 4 6 2 8 4 14 4 10 4 14 4 10 4 12 4 14 6 20 6 15 1 6 1 20 1 5 15 1 7 21 1 5 16 6 18 4 6 2 6 2 6 2 6 2 6 2 6 2 6 4 18 6 16 5 1 21 7 1 15 5 1 20 1 6 1 15 6 20 6 14 4 12 4 10 4 14 4 10 4 14 4 8 2 6 4 17 1 6 1 17 6 18 6 17 1 6 1 17 6 19 1 6 1 15 5 1 20 1 5 14 5 1 19 6 16 6 19 1 6 1 15 4 10 4 12 4 14 6 19 1 6 1 16 1 6 1 18 1 6 1 15 4 10 4 14 5 1 20
CS (298, 2136) (795, 2064) - 1 5 12 4 12 4 10 4 14 6 19 1 5 14 5 1 19 6 16 6 17 1 6 1 17 6 16 6 19 1 5 14 4 8 2 4 2 8 4 14 4 10 4 10 2 4 2 6 2 6 4 17 1 5 12 4 12 5 1 18 1 5 12 4 12 5 1 18 1 5 12 4 12 4 10 4 14 6 19 1 5 14 5 1 19 6 16 6 17 1 6 1 17 6 16 6 19 1 5 14 4 8 2 4 2 8 4 15 1 6 1 17 6 18 6 14 4 10 2 2 2 10 4 10 2 2 2 10 2 2 2 10 4 10 2 2 2 10 2 2 2 10 4 10 2 2 2 10 2 2 2 10 4 10 2 2 2 10 2 2 2 10 4 10 2 2 2 10 4 14 6 18 6 17 1 6 1 15 4 8 2 4 2 8 4 14 5 1 19 6 16 6 17 1 6 1 17 6 16 6 19 1 5 14 5 1 19 6 14 4 10 4 12 4 12 5 1 18 1 5 12 4 12 5 1 18 1 5 12 4 12 5 1 17 4 6 2 6 2 4 2 10 4 10 4 14 4 8 2 4 2 8 4 14 5 1 19 6 16 6 17 1 6 1 17 6 16 6 19 1 5 14 5 1 19 6 14 4 10 4 12 4 12 5 1 18 1 6 1 15 4 8 4 15 1 6 1 18
CS (140, 1204) (804, 69) - 1 5 14 4 10 4 14 4 10 4 12 2 2 2 10 4 12 4 12 4 12 4 10 4 16 6 18 6 18 6 17 1 6 1 17 6 19 1 5 14 5 1 19 6 17 1 6 1 17 6 18 6 18 6 16 4 10 4 12 4 12 4 12 4 10 2 2 2 12 4 10 4 14 4 10 4 14 5 1 19 6 18 6 16 4 8 4 16 4 8 4 16 6 18 6 18 6 18 6 17 1 6 1 17 6 18 4 6 2 6 2 6 4 18 6 17 1 6 1 17 6 18 6 18 6 18 6 16 4 8 4 16 4 8 4 16 6 18 6 19
CS (196, 1688) (812, 673) - 1 5 12 4 12 4 12 4 12 4 12 4 12 4 12 4 12 4 12 5 1 17 4 8 4 16 6 20 6 14 4 12 4 12 4 10 2 4 2 8 4 16 6 19 1 5 12 4 14 5 1 20 1 5 14 5 1 19 6 18 6 16 4 10 4 14 6 21 1 5 16 6 19 1 5 12 4 14 5 1 20 1 5 14 5 1 19 6 18 6 17 1 6 1 19 6 16 6 20 6 16 4 8 4 16 4 8 4 16 4 8 4 16 4 8 4 16 6 20 6 16 6 19 1 6 1 17 6 18 6 19 1 5 14 5 1 20 1 5 14 4 12 5 1 19 6 16 5 1 21 6 14 4 10 4 16 6 18 6 19 1 5 14 5 1 20 1 5 14 4 12 5 1 19 6 16 4 8 2 4 2 10 4 12 4 12 4 14 6 20 6 16 4 8 4 17
CS (240, 1844) (812, 296) - 1 5 12 2 2 2 10 4 14 4 10 4 14 5 1 20 1 5 14 4 10 4 14 4 10 2 2 2 12 5 1 19 6 18 6 16 4 10 4 12 4 14 5 1 20 1 6 1 15 4 10 4 14 5 1 20 1 5 14 4 10 4 14 4 10 4 15 1 6 1 19 6 18 6 16 4 8 2 6 2 4 2 10 4 12 4 14 5 1 21 7 1 15 5 1 21 7 1 15 5 1 20 1 6 1 15 4 10 4 14 4 8 2 6 2 6 2 6 4 18 6 18 6 16 4 10 4 12 4 14 5 1 20 1 5 14 5 1 20 1 5 14 4 12 4 10 4 16 6 18 6 18 4 6 2 6 2 6 2 8 4 14 4 10 4 15 1 6 1 20 1 5 15 1 7 21 1 5 15 1 7 21 1 5 14 4 12 4 10 2 4 2 6 2 8 4 16 6 18 6 19 1 6 1 15 4 10 4 14 4 10 4 14 5 1 20 1 5 14 4 10 4 15 1 6 1 20 1 5 14 4 12 4 10 4 16 6 18 6 19
OSNO (20, 166) (814, 158) - 1 5 12 4 12 4 12 4 12 4 13 1 7 20 6 16 4 8 4 17
CS (204, 1476) (820, 731) - 1 5 12 2 2 2 10 2 2 2 12 5 1 19 6 17 1 6 1 18 1 6 1 17 6 19 1 6 1 15 4 10 2 4 2 6 2 8 4 16 6 20 6 16 5 1 20 1 6 1 15 4 10 4 14 4 10 2 2 2 12 4 10 2 4 2 8 4 16 4 8 2 6 4 18 6 17 1 6 1 19 6 16 4 8 2 6 2 6 4 19 1 5 14 4 12 4 12 4 12 4 12 4 12 4 14 5 1 20 1 5 14 4 12 4 12 4 12 4 12 4 12 4 14 5 1 19 4 6 2 6 2 8 4 16 6 19 1 6 1 17 6 18 4 6 2 8 4 16 4 8 2 4 2 10 4 12 2 2 2 10 4 14 4 10 4 15 1 6 1 20 1 5 16 6 20 6 16 4 8 2 6 2 4 2 10 4 15 1 6 1 19 6 17 1 6 1 18 1 6 1 17 6 19
OSNO (34, 280) (837, 37) - 1 5 12 4 12 4 10 4 14 6 19 1 6 1 15 6 20 7 1 15 4 8 4 14 4 10 4 12 4 10 4 14 6 19
CS (296, 2456) (845, 22480) - 1 5 12 4 12 4 12 4 12 4 10 4 15 1 6 1 19 6 16 6 19 1 5 12 4 14 5 1 20 1 5 14 4 10 4 14 4 10 4 12 4 14 6 20 6 14 4 12 5 1 18 1 6 1 17 6 17 1 6 1 17 4 8 4 14 4 12 5 1 19 6 16 6 20 6 14 4 10 4 15 1 6 1 18 1 6 1 16 1 6 1 18 1 6 1 16 1 6 1 18 1 6 1 16 1 6 1 18 1 6 1 15 4 10 4 14 6 20 6 16 6 19 1 5 12 4 14 4 8 4 17 1 6 1 17 6 17 1 6 1 18 1 5 12 4 14 6 20 6 14 4 12 4 10 4 14 4 10 4 14 5 1 20 1 5 14 4 12 5 1 19 6 16 6 19 1 6 1 15 4 10 4 12 4 12 4 12 4 12 5 1 18 1 5 12 4 12 4 13 1 7 20 6 16 6 19 1 5 12 4 14 5 1 20 1 5 14 4 10 4 14 4 10 4 14 6 20 6 16 6 19 1 5 14 5 1 20 1 5 16 6 18 6 18 6 18 6 16 5 1 20 1 5 14 5 1 19 6 16 6 20 6 14 4 10 4 14 4 10 4 14 5 1 20 1 5 14 4 12 5 1 19 6 16 6 20 7 1 13 4 12 4 12 5 1 18
CS (240, 1960) (864, 276) - 1 5 12 4 14 4 8 2 6 2 6 4 18 6 16 4 10 4 12 4 14 6 20 6 17 1 6 1 17 6 20 6 14 4 12 4 10 2 4 2 6 2 8 4 16 6 18 6 19 1 5 14 5 1 20 1 5 14 4 10 2 4 2 6 2 6 2 8 4 14 4 10 4 15 1 6 1 19 6 18 6 16 4 8 2 4 2 10 4 12 4 14 6 20 6 16 5 1 21 6 14 4 12 5 1 19 6 16 6 20 6 16 6 20 6 16 6 20 6 16 6 19 1 5 12 4 14 6 21 1 5 16 6 20 6 14 4 12 4 10 2 4 2 8 4 16 6 18 6 19 1 6 1 15 4 10 4 14 4 8 2 6 2 6 2 4 2 10 4 14 5 1 20 1 5 14 5 1 19 6 18 6 16 4 8 2 6 2 4 2 10 4 12 4 14 6 20 6 17 1 6 1 17 6 20 6 14 4 12 4 10 4 16 6 18 4 6 2 6 2 8 4 14 4 12 5 1 19 6 17 1 6 1 18 1 6 1 17 6 19
CS (256, 1764) (866, 5800) - 1 5 10 2 4 2 6 2 6 2 4 2 10 4 10 4 14 4 8 4 16 6 17 1 5 10 2 4 2 6 2 6 2 4 2 10 5 1 17 6 17 1 5 10 2 4 2 6 2 6 2 4 2 10 5 1 17 6 16 4 8 4 14 4 10 4 10 2 4 2 6 2 6 2 4 2 10 5 1 17 6 17 1 6 1 16 1 6 1 18 1 5 12 4 12 4 10 4 14 6 19 1 5 12 4 14 6 18 6 16 6 18 6 16 4 6 2 6 2 6 2 4 2 10 5 1 17 6 17 1 6 1 16 1 6 1 18 1 5 12 4 12 4 10 4 14 6 19 1 5 12 2 2 2 8 2 4 2 8 4 14 5 1 20 1 5 16 6 16 5 1 20 1 5 14 4 8 2 4 2 8 2 2 2 12 5 1 19 6 14 4 10 4 12 4 12 5 1 18 1 6 1 16 1 6 1 17 6 17 1 5 10 2 4 2 6 2 6 2 6 4 16 6 18 6 16 6 18 6 14 4 12 5 1 19 6 14 4 10 4 12 4 12 5 1 18 1 6 1 16 1 6 1 17 6 17
OSNO (22, 186) (876, 112) - 1 5 12 2 2 2 10 4 12 4 14 6 19 1 5 14 6 20 6 16 6 19
CS (218, 1720) (883, 229) - 1 5 12 2 2 2 10 4 14 6 21 1 5 16 6 19 1 5 12 4 14 5 1 20 1 6 1 15 4 10 4 14 6 21 1 5 16 6 18 4 6 2 8 4 16 6 18 6 19 1 5 14 5 1 20 1 5 14 4 12 5 1 19 6 16 4 8 2 4 2 10 4 12 4 12 4 12 4 12 4 12 4 12 4 12 4 12 4 10 2 4 2 8 4 16 6 19 1 5 12 4 14 5 1 20 1 5 14 5 1 19 6 18 6 16 4 8 2 6 4 18 6 16 5 1 21 6 14 4 10 4 15 1 6 1 20 1 5 14 4 12 5 1 19 6 16 5 1 21 6 14 4 10 2 2 2 12 5 1 19 6 16 4 8 2 4 2 10 4 12 4 12 4 12 4 12 4 12 4 12 4 12 4 12 4 12 5 1 18 1 5 12 4 12 4 12 4 12 4 12 4 12 4 12 4 12 4 12 4 10 2 4 2 8 4 16 6 19
OSNO (38, 262) (921, 310) - 1 5 14 4 8 2 4 2 8 2 4 2 6 2 6 2 6 2 6 4 16 6 19 1 5 14 4 8 2 6 4 16 6 18 6 16 6 19
CS (200, 1580) (930, 511) - 1 5 12 2 2 2 10 4 14 4 10 4 14 5 1 20 1 5 14 4 10 4 14 4 10 2 2 2 12 5 1 19 6 18 6 16 4 10 4 12 4 14 5 1 20 1 6 1 15 4 10 4 14 5 1 20 1 5 14 4 10 4 14 4 10 4 15 1 6 1 19 6 18 6 16 4 10 4 12 4 14 5 1 20 1 6 1 15 4 10 4 14 4 8 2 6 2 6 4 18 6 18 6 16 4 10 4 12 4 14 5 1 20 1 5 14 5 1 20 1 5 14 4 12 4 10 4 16 6 18 6 18 4 6 2 6 2 8 4 14 4 10 4 15 1 6 1 20 1 5 14 4 12 4 10 4 16 6 18 6 19 1 6 1 15 4 10 4 14 4 10 4 14 5 1 20 1 5 14 4 10 4 15 1 6 1 20 1 5 14 4 12 4 10 4 16 6 18 6 19
OSNO (28, 226) (939, 72) - 1 5 14 4 8 2 6 4 16 6 19 1 5 14 5 1 20 1 5 15 1 6 1 19 6 16 6 19
OSNO (42, 348) (963, 60) - 1 5 12 2 4 2 8 4 17 1 6 1 17 4 10 4 14 4 12 4 14 5 1 19 6 20 6 18 6 19 1 6 1 17 5 1 22 1 5 18 6 19
OSNO (34, 250) (966, 22) - 1 5 12 2 2 2 10 4 12 2 2 2 8 2 4 2 8 4 16 6 19 1 5 14 4 10 4 14 6 20 6 16 6 19
OSNO (26, 194) (974, 206) - 1 5 14 4 10 2 4 2 8 4 16 6 21 1 5 16 4 8 2 6 2 6 4 18 6 19
OSNO (26, 198) (975, 150) - 1 5 14 4 10 2 2 2 10 2 2 2 10 4 12 4 13 1 7 20 6 16 6 18 6 19
OSNO (32, 290) (1003, 7238) - 1 7 20 6 16 4 8 2 4 2 10 4 12 4 12 4 12 4 13 1 7 20 6 16 6 20 6 16 6 20 6 15
OSNO (36, 274) (1003, 11) - 1 5 10 2 4 2 6 2 6 2 6 4 16 6 18 6 16 6 19 1 5 14 4 10 4 12 4 10 4 14 4 8 4 16 6 17
OSNO (28, 202) (1007, 60) - 1 5 10 2 4 2 8 4 16 6 18 6 19 1 5 14 4 10 2 4 2 6 2 6 4 18 6 17
OSNO (22, 198) (1064, 17) - 1 5 14 4 10 4 14 4 10 4 12 4 13 1 7 20 6 16 6 18 6 19
OSNO (24, 194) (1067, 158) - 1 5 12 4 14 4 10 4 15 1 6 1 20 1 5 16 6 19 1 6 1 17 6 19
OSNO (38, 296) (1068, 59) - 1 5 12 4 12 4 14 6 20 6 17 1 6 1 19 6 16 5 1 21 6 14 4 12 4 12 4 10 2 4 2 8 2 4 2 8 4 17
OSNO (30, 258) (1074, 78) - 1 5 12 4 14 6 20 6 15 1 6 1 20 1 5 16 6 19 1 5 14 5 1 19 6 16 4 8 4 17
OSNO (28, 214) (1085, 161) - 1 5 12 4 12 4 10 2 2 2 10 4 14 6 19 1 5 12 4 12 4 12 4 10 4 14 6 19
OSNO (24, 192) (1087, 5269) - 1 5 12 2 2 2 10 4 12 4 13 1 7 20 6 15 1 7 21 1 5 16 6 19
OSNO (30, 284) (1089, 277) - 1 5 12 4 12 4 14 6 21 1 5 16 6 20 6 16 6 20 6 16 5 1 21 6 14 4 12 5 1 18
CS (212, 1892) (1115, 3261) - 1 5 12 4 12 4 14 6 20 6 16 6 20 6 16 6 20 6 16 6 19 1 6 1 17 6 18 6 19 1 5 14 4 10 4 14 5 1 19 6 18 6 17 1 6 1 19 6 16 6 20 6 16 6 20 6 16 6 20 6 14 4 12 4 12 5 1 18 1 6 1 17 6 20 6 14 4 10 2 4 2 6 2 8 4 15 1 6 1 20 1 5 14 4 10 4 15 1 6 1 20 1 5 14 4 12 5 1 19 6 16 5 1 21 7 1 15 6 21 1 5 16 6 20 6 16 6 19 1 6 1 17 6 18 6 18 6 18 6 18 6 18 6 18 6 18 6 17 1 6 1 19 6 16 6 20 6 16 5 1 21 6 15 1 7 21 1 5 16 6 19 1 5 12 4 14 5 1 20 1 6 1 15 4 10 4 14 5 1 20 1 6 1 15 4 8 2 6 2 4 2 10 4 14 6 20 6 17 1 6 1 18
OSNO (26, 198) (1140, 70) - 1 5 14 4 8 2 6 2 6 2 4 2 10 4 12 4 13 1 7 20 6 16 6 18 6 19
OSNO (22, 210) (1186, 96) - 1 5 12 4 14 6 18 6 18 6 15 1 7 20 6 14 4 10 4 14 6 19
OSNO (30, 226) (1192, 183) - 1 5 14 4 10 4 14 4 10 4 15 1 6 1 20 1 5 16 6 18 4 6 2 8 4 15 1 6 1 20
OSNO (24, 198) (1199, 873) - 1 5 14 4 10 4 15 1 6 1 20 1 5 16 6 18 6 19 1 5 14 5 1 20
OSNO (44, 274) (1235, 122) - 1 5 12 2 2 2 8 2 4 2 6 2 6 2 6 2 4 2 8 2 4 2 8 4 14 6 19 1 5 12 4 12 4 10 4 12 4 12 4 10 4 14 6 19
OSNO (32, 284) (1241, 15) - 1 5 14 6 19 1 6 1 16 1 6 1 19 7 1 15 6 18 6 16 6 19 1 5 14 6 20 7 1 15 6 19
OSNO (34, 222) (1241, 332) - 1 5 12 4 14 4 8 2 6 2 6 2 6 2 6 2 6 4 19 1 5 14 4 10 2 2 2 12 4 10 4 16 6 19
OSNO (32, 226) (1247, 29) - 1 5 14 4 10 2 2 2 12 4 10 4 15 1 6 1 20 1 5 16 6 18 4 6 2 8 4 15 1 6 1 20
OSNO (30, 274) (1253, 156) - 1 5 12 4 14 6 20 6 16 6 19 1 5 14 5 1 20 1 5 16 6 18 6 18 6 17 1 6 1 18
OSNO (36, 322) (1266, 72) - 1 5 12 4 14 6 19 1 5 14 6 20 6 14 4 10 4 12 4 13 1 7 19 1 6 1 17 6 16 6 20 7 1 15 6 19
OSNO (38, 320) (1285, 14) - 1 5 12 4 14 5 1 19 6 18 4 6 2 8 4 16 5 1 21 6 16 6 20 6 18 6 19 1 5 14 4 10 2 4 2 8 4 17
OSNO (32, 272) (1326, 5) - 1 5 14 5 1 19 6 16 4 10 4 14 6 21 1 5 16 6 19 1 6 1 16 1 6 1 19 6 16 5 1 20
OSNO (32, 252) (1332, 90) - 1 5 12 2 2 2 8 4 16 6 16 6 19 1 5 12 4 13 1 7 19 1 5 12 4 12 4 10 4 14 6 19
OSNO (50, 390) (1341, 2) - 1 5 14 4 10 4 14 6 19 1 6 1 16 1 6 1 19 7 1 13 4 12 4 10 4 14 6 19 1 6 1 17 6 16 5 1 20 1 6 1 15 5 1 20 1 5 14 5 1 20
OSNO (34, 290) (1344, 39) - 1 5 14 4 10 4 14 4 10 4 14 4 10 4 15 1 6 1 20 1 5 16 6 19 1 6 1 17 6 18 6 18 6 19
OSNO (24, 194) (1349, 1339) - 1 5 12 4 14 4 10 4 15 1 6 1 20 1 5 16 6 20 6 17 1 6 1 18
OSNO (30, 252) (1385, 133) - 1 5 14 4 10 4 16 6 20 6 17 1 6 1 17 5 1 21 6 16 4 8 2 6 2 6 4 18 6 19
OSNO (40, 314) (1531, 18) - 1 5 12 4 10 2 4 2 4 2 10 4 12 4 10 4 14 6 19 1 5 14 5 1 20 1 5 16 6 17 1 6 1 17 6 16 6 18 6 17
OSNO (36, 282) (1544, 1) - 1 5 12 4 14 5 1 20 1 5 14 4 10 4 16 6 19 1 5 14 5 1 20 1 5 14 4 10 2 4 2 8 4 16 6 19
OSNO (30, 266) (1557, 50) - 1 5 14 5 1 19 6 14 4 10 4 14 6 20 7 1 15 6 18 6 17 1 6 1 17 6 16 5 1 20
OSNO (38, 348) (1561, 153) - 1 5 12 4 12 4 12 4 14 6 21 1 5 16 6 20 6 14 4 12 4 14 6 20 6 16 5 1 21 6 14 4 12 4 12 5 1 18
OSNO (34, 256) (1589, 14) - 1 5 12 2 2 2 10 4 16 6 19 1 5 12 4 14 4 12 5 1 18 1 6 1 17 5 1 21 6 17 1 6 1 18
OSNO (46, 354) (1595, 1) - 1 5 12 2 2 2 10 4 14 6 20 6 17 1 5 12 4 10 2 4 2 8 2 4 2 8 4 16 6 19 1 5 14 6 21 1 5 15 1 7 21 1 5 16 6 19
OSNO (34, 276) (1606, 478) - 1 5 14 4 12 4 12 4 14 5 1 20 1 5 15 1 6 1 20 1 5 14 4 12 4 14 6 21 1 5 15 1 7 21
OSNO (40, 352) (1618, 1699) - 1 5 12 4 14 6 20 6 15 1 6 1 19 6 16 6 20 6 14 5 1 19 6 16 6 18 4 6 2 6 2 6 2 6 4 18 6 16 6 19
OSNO (48, 388) (1623, 40) - 1 5 12 2 2 2 10 4 14 4 12 5 1 18 1 6 1 17 6 20 6 16 5 1 21 6 15 1 6 1 20 1 6 1 15 6 21 1 5 16 6 20 6 17 1 6 1 18
OSNO (28, 258) (1650, 57) - 1 5 12 4 10 4 14 4 8 4 16 6 16 6 19 1 5 12 4 14 6 18 6 16 6 18 6 17
OSNO (36, 318) (1667, 55) - 1 5 14 4 8 2 6 4 16 6 18 6 16 6 19 1 5 14 5 1 20 1 5 16 6 17 1 6 1 17 6 18 6 16 6 19
OSNO (34, 318) (1672, 321) - 1 5 12 4 14 6 18 6 18 6 16 6 19 1 5 14 5 1 20 1 5 15 1 6 1 19 6 16 6 18 6 16 6 19
OSNO (36, 290) (1675, 110) - 1 5 14 4 10 2 2 2 12 4 12 4 12 4 12 4 14 6 21 1 5 16 6 20 6 16 4 8 2 6 2 6 4 18 6 19
OSNO (34, 290) (1681, 228) - 1 5 14 4 12 4 12 4 12 4 12 4 12 4 14 6 21 1 5 16 6 20 6 16 4 8 2 4 2 10 4 14 6 21
OSNO (48, 290) (1688, 145) - 1 5 12 4 12 2 2 2 10 4 14 4 10 2 4 2 8 4 16 6 21 1 5 16 4 8 2 6 2 4 2 10 2 2 2 10 2 2 2 12 4 10 2 4 2 8 4 17
OSNO (32, 286) (1689, 51) - 1 5 12 5 1 17 6 18 6 18 6 16 5 1 20 1 6 1 15 6 20 6 14 4 10 4 14 5 1 19 6 17
OSNO (32, 258) (1701, 65) - 1 5 14 4 12 4 12 4 12 4 12 4 14 6 21 1 5 16 6 20 6 16 4 8 2 6 2 6 2 6 4 19
OSNO (38, 262) (1711, 88) - 1 5 12 2 2 2 10 4 10 2 4 2 6 2 6 2 6 2 6 4 16 6 19 1 5 14 4 8 2 6 4 16 6 18 6 16 6 19
OSNO (38, 262) (1748, 88) - 1 5 12 2 2 2 10 4 14 4 10 4 14 5 1 20 1 5 15 1 6 1 20 1 5 14 4 10 2 4 2 6 2 8 4 16 6 19
OSNO (40, 330) (1749, 14) - 1 5 12 4 12 4 12 4 12 4 10 2 4 2 8 4 16 6 18 6 19 1 5 14 4 10 4 14 4 10 4 14 4 10 4 14 6 20 6 17
OSNO (36, 226) (1751, 344) - 1 5 10 2 4 2 6 2 6 2 6 4 16 4 6 2 6 2 6 4 17 1 5 12 4 10 2 2 2 10 4 14 6 18 6 17
OSNO (38, 262) (1759, 348) - 1 5 12 4 12 4 14 5 1 20 1 5 14 4 10 4 15 1 6 1 20 1 5 14 4 12 4 10 2 4 2 8 2 4 2 8 4 17
OSNO (40, 268) (1771, 42) - 1 5 14 4 10 2 4 2 6 2 8 4 15 1 6 1 20 1 5 15 1 7 21 1 5 14 4 12 4 10 2 4 2 8 4 15 1 6 1 20
OSNO (54, 412) (1780, 60) - 1 5 12 2 2 2 10 4 14 4 10 4 14 4 10 4 14 4 10 4 14 4 10 4 14 5 1 19 6 16 4 10 4 12 2 2 2 10 4 14 5 1 20 1 5 14 4 12 4 10 4 16 6 19
OSNO (40, 270) (1790, 426) - 1 5 12 2 2 2 10 4 14 4 8 2 6 2 4 2 10 4 14 6 21 1 5 16 4 8 4 16 4 6 2 8 2 4 2 8 4 16 6 19
OSNO (60, 528) (1818, 24) - 1 5 14 4 10 4 16 4 8 4 17 1 6 1 17 5 1 21 6 16 4 10 4 14 5 1 19 6 18 6 18 4 8 4 16 5 1 21 6 14 4 14 6 21 1 5 16 6 21 1 5 16 4 8 2 6 4 18 6 19
OSNO (38, 262) (1825, 62) - 1 5 12 2 2 2 10 4 14 5 1 20 1 5 14 4 10 4 15 1 6 1 20 1 5 14 4 10 2 4 2 6 2 8 4 16 6 19
OSNO (32, 258) (1839, 565) - 1 5 12 4 10 2 4 2 4 2 10 4 12 4 10 4 14 6 19 1 5 12 4 14 6 18 6 16 6 18 6 17
OSNO (58, 504) (1842, 45) - 1 5 14 4 12 4 12 4 12 4 12 4 12 4 12 4 14 5 1 21 6 14 4 10 2 4 2 8 4 16 5 1 21 6 16 5 1 21 6 16 6 20 6 16 5 1 21 6 15 1 7 21 1 5 15 1 7 21
OSNO (42, 310) (1848, 38) - 1 5 14 4 14 6 20 6 18 4 6 2 8 4 16 6 21 1 5 16 4 8 2 6 2 4 2 10 2 2 2 12 4 10 2 2 2 12 4 14 6 21
OSNO (38, 342) (1860, 45) - 1 5 12 4 12 4 14 6 20 6 16 6 19 1 5 14 5 1 20 1 5 16 6 18 6 19 1 5 14 5 1 19 6 16 4 8 4 17
OSNO (46, 342) (1875, 113) - 1 5 12 4 14 5 1 20 1 5 14 4 10 4 14 4 10 2 4 2 6 2 8 4 15 1 6 1 20 1 5 14 4 10 4 16 6 18 4 6 2 8 4 16 6 19
OSNO (40, 326) (1889, 63) - 1 5 12 4 12 4 12 4 12 4 12 4 12 4 12 4 12 4 12 4 13 1 7 20 6 16 4 8 2 4 2 10 4 12 4 14 6 20 6 17
OSNO (30, 262) (1911, 92) - 1 5 14 4 8 2 6 4 16 6 18 6 16 6 19 1 5 14 6 20 6 14 4 8 2 6 4 16 6 19
OSNO (52, 392) (1929, 7) - 1 5 12 4 14 6 19 1 6 1 16 1 6 1 18 1 6 1 16 1 6 1 19 6 14 4 12 5 1 18 1 6 1 17 6 17 1 6 1 18 1 6 1 15 4 10 4 12 4 14 6 19
OSNO (48, 418) (1954, 71) - 1 5 14 4 12 4 12 4 12 4 12 4 12 4 12 4 12 4 12 4 12 4 14 6 21 1 5 16 6 20 6 16 6 20 6 16 4 8 2 4 2 10 4 12 4 14 6 21
OSNO (34, 246) (1962, 215) - 1 5 14 4 10 2 4 2 6 2 8 4 15 1 6 1 20 1 5 14 4 12 4 10 4 16 6 19 1 5 14 5 1 20
OSNO (40, 346) (1968, 4957) - 1 5 12 2 2 2 10 4 14 6 20 6 16 5 1 21 7 1 15 6 20 7 1 13 4 12 5 1 18 1 5 12 4 14 6 20 6 16 6 19
OSNO (38, 312) (1970, 433) - 1 5 12 4 10 2 2 2 10 4 13 1 7 19 1 5 12 4 12 4 10 4 14 6 19 1 5 12 4 14 6 18 6 16 6 18 6 17
OSNO (32, 290) (1997, 298) - 1 5 16 4 8 4 16 4 8 2 4 2 10 4 12 4 14 6 21 1 5 16 6 20 6 16 6 20 6 16 6 21
OSNO (40, 316) (2022, 527) - 1 5 12 2 2 2 10 4 14 4 10 4 14 4 10 4 14 4 12 5 1 19 6 16 4 10 4 14 5 1 20 1 5 14 4 10 4 16 6 19
OSNO (48, 412) (2025, 37) - 1 5 12 2 2 2 10 4 14 4 10 4 14 4 10 4 14 4 12 5 1 19 6 18 6 16 4 10 4 14 5 1 19 6 18 6 19 1 5 14 4 10 4 16 6 18 6 19
OSNO (44, 326) (2043, 8) - 1 5 14 4 12 4 12 4 12 4 12 4 14 4 10 4 15 1 6 1 20 1 5 16 6 20 6 16 4 8 2 6 2 6 2 6 2 8 4 15 1 6 1 20
OSNO (36, 302) (2044, 369) - 1 5 12 4 12 4 10 2 2 2 10 4 14 6 18 6 18 6 15 1 7 20 6 14 4 10 4 12 4 12 4 10 4 14 6 19
OSNO (58, 354) (2046, 56) - 1 5 12 4 14 4 8 2 6 2 6 2 6 2 6 2 6 2 6 2 6 2 6 2 6 2 8 4 15 1 6 1 20 1 5 14 4 12 4 10 2 4 2 8 4 16 4 8 4 16 4 8 4 17 1 6 1 18
OSNO (50, 362) (2056, 102) - 1 5 14 4 10 2 4 2 6 2 8 4 15 1 6 1 20 1 5 15 1 7 21 1 5 15 1 7 21 1 5 14 4 12 4 10 2 4 2 8 4 16 6 19 1 5 14 5 1 20
OSNO (48, 406) (2081, 5) - 1 5 14 4 12 4 12 4 12 4 12 4 12 4 12 4 14 6 21 1 5 16 6 20 6 16 4 8 2 4 2 10 4 14 6 21 1 5 15 1 7 21 1 5 15 1 7 21
OSNO (30, 238) (2083, 7948) - 1 5 12 4 12 4 10 4 14 6 19 1 5 14 5 1 20 1 5 16 6 16 4 8 4 15 1 6 1 18
OSNO (46, 362) (2106, 39) - 1 5 12 2 2 2 10 2 4 2 6 2 8 4 16 6 21 1 5 16 4 10 4 14 5 1 19 6 18 6 19 1 5 14 4 10 4 16 6 20 6 17 1 6 1 18
OSNO (46, 290) (2110, 4) - 1 5 12 2 2 2 8 2 4 2 8 4 14 4 10 4 10 2 4 2 6 2 6 2 6 4 17 1 5 12 4 12 4 10 4 12 2 2 2 8 4 16 6 16 6 19
OSNO (34, 258) (2125, 140) - 1 5 12 4 12 2 2 2 10 4 14 4 10 4 15 1 6 1 20 1 5 16 6 20 6 17 1 6 1 17 4 8 4 17
OSNO (44, 358) (2146, 71) - 1 5 12 4 12 4 12 4 12 4 12 4 12 4 12 4 12 4 12 4 12 4 13 1 7 20 6 16 4 8 2 4 2 10 4 12 4 12 4 14 6 20 6 17
OSNO (34, 262) (2178, 337) - 1 5 14 4 10 2 2 2 12 4 10 4 15 1 6 1 20 1 5 14 4 10 4 16 6 18 6 19 1 5 14 5 1 20
OSNO (38, 286) (2192, 30) - 1 5 12 4 14 4 8 2 6 2 6 2 6 4 18 6 18 6 19 1 5 14 4 10 4 14 4 10 2 2 2 12 4 10 4 16 6 19
OSNO (38, 354) (2205, 296) - 1 5 14 4 8 2 6 4 16 6 18 6 16 6 18 6 16 6 19 1 5 14 6 20 6 14 4 8 2 6 4 16 6 18 6 16 6 19
OSNO (32, 258) (2213, 18) - 1 5 12 4 14 4 10 4 14 4 10 4 15 1 6 1 20 1 5 14 4 10 4 16 6 19 1 6 1 17 6 19
OSNO (38, 298) (2214, 423) - 1 5 14 4 12 4 12 4 12 4 12 4 14 5 1 19 4 6 2 6 2 8 4 16 6 20 6 16 5 1 20 1 6 1 15 5 1 20
OSNO (40, 342) (2228, 716) - 1 5 10 2 4 2 8 4 16 6 18 6 16 4 8 2 4 2 8 4 16 6 19 1 5 14 4 10 4 14 6 20 6 16 6 18 6 18 6 17
OSNO (54, 438) (2241, 27) - 1 5 12 2 2 2 10 4 14 4 12 5 1 19 6 16 4 10 4 14 4 10 4 16 6 19 1 5 12 2 2 2 10 4 15 1 6 1 19 6 18 6 18 6 19 1 5 14 4 10 4 16 6 19
OSNO (38, 318) (2254, 251) - 1 5 12 4 10 2 4 2 8 4 16 6 18 6 17 1 6 1 18 1 5 12 4 14 6 20 6 16 6 19 1 5 14 5 1 19 6 17
OSNO (40, 338) (2270, 140) - 1 5 12 4 12 4 10 4 14 6 19 1 5 12 4 12 4 12 5 1 19 6 14 4 10 4 13 1 7 18 6 18 6 16 6 17 1 6 1 18
OSNO (42, 398) (2278, 1811) - 1 5 12 4 10 4 14 4 8 4 16 6 18 6 16 6 18 6 16 6 19 1 5 14 6 20 6 14 4 8 2 6 4 16 6 18 6 16 6 18 6 17
OSNO (40, 370) (2279, 154) - 1 5 14 4 10 4 14 6 20 6 16 4 8 4 16 6 19 1 5 14 5 1 20 1 5 16 6 18 6 18 6 18 6 17 1 6 1 17 6 19
OSNO (42, 334) (2291, 19) - 1 5 12 4 14 4 8 2 6 2 4 2 10 4 14 6 20 6 17 1 6 1 18 1 5 12 4 14 6 20 6 16 4 8 4 17 1 6 1 17 6 19
OSNO (46, 336) (2298, 131) - 1 5 10 2 4 2 8 4 14 6 19 1 5 12 4 12 4 12 5 1 18 1 6 1 15 4 8 2 4 2 8 4 14 5 1 19 6 16 6 17 1 6 1 17 6 17
OSNO (54, 370) (2318, 2) - 1 5 12 4 14 4 10 4 14 4 10 2 4 2 6 2 8 2 2 2 12 4 12 4 14 6 21 1 5 16 6 20 6 16 4 8 2 6 2 6 2 6 2 6 2 6 2 6 2 8 4 16 6 19
OSNO (42, 334) (2320, 105) - 1 5 12 4 14 4 8 2 6 4 18 6 16 4 8 2 6 4 17 1 6 1 18 1 5 12 4 14 6 20 6 16 4 8 4 17 1 6 1 17 6 19
OSNO (40, 316) (2325, 380) - 1 5 12 4 12 4 10 4 14 6 19 1 6 1 15 4 8 2 4 2 8 4 14 5 1 19 6 16 6 18 6 16 4 6 2 8 4 14 6 19
OSNO (42, 320) (2333, 60) - 1 5 12 2 2 2 10 4 14 5 1 20 1 5 14 4 10 4 15 1 6 1 20 1 5 14 4 10 4 15 1 7 21 1 5 14 4 10 4 16 6 19
OSNO (36, 306) (2341, 206) - 1 5 12 4 14 4 10 4 14 6 21 1 5 15 1 7 21 1 5 15 1 7 21 1 5 16 6 18 4 6 2 8 4 16 6 19
OSNO (54, 508) (2346, 217) - 1 5 14 4 10 4 16 6 19 1 6 1 17 6 18 6 20 6 16 6 20 6 16 4 10 4 14 5 1 19 6 18 6 18 4 6 2 8 4 16 6 20 6 16 4 8 2 6 4 18 6 18 6 19
OSNO (44, 340) (2362, 160) - 1 5 14 4 10 2 2 2 12 4 12 4 12 4 14 5 1 21 7 1 15 5 1 21 6 14 4 12 4 12 4 12 4 14 5 1 20 1 6 1 15 5 1 20
OSNO (54, 414) (2374, 187) - 1 5 14 4 10 4 14 4 10 4 14 4 8 2 6 2 6 4 17 1 6 1 17 6 18 6 19 1 5 15 1 6 1 19 6 16 4 8 4 16 4 6 2 8 2 4 2 8 4 16 6 18 6 19
OSNO (40, 290) (2378, 257) - 1 5 12 2 2 2 10 4 14 4 10 4 14 4 10 4 15 1 6 1 20 1 5 14 4 10 2 4 2 8 4 16 6 19 1 6 1 17 6 19
OSNO (40, 322) (2380, 60) - 1 5 12 4 14 4 10 2 2 2 12 4 10 2 2 2 12 4 12 4 14 6 21 1 5 16 6 20 6 16 4 10 4 14 4 10 4 16 6 19
OSNO (40, 350) (2380, 255) - 1 5 12 2 2 2 10 4 14 6 20 6 16 6 20 6 15 1 6 1 20 1 5 16 6 20 6 14 4 10 4 15 1 6 1 19 6 16 6 19
OSNO (42, 298) (2381, 67) - 1 5 12 4 10 2 4 2 6 2 6 4 17 1 5 12 4 12 5 1 18 1 5 12 4 12 4 10 4 14 6 19 1 5 12 4 12 4 12 5 1 18
OSNO (44, 330) (2395, 36) - 1 5 14 4 12 4 10 2 4 2 8 2 4 2 10 4 12 4 14 5 1 19 6 18 4 6 2 8 4 16 6 20 6 16 5 1 20 1 6 1 15 5 1 20
OSNO (44, 346) (2399, 297) - 1 5 12 2 2 2 10 4 12 2 2 2 8 2 6 4 16 4 8 4 16 6 18 6 19 1 5 14 4 10 4 14 4 10 4 12 4 14 6 20 6 16 6 19
OSNO (44, 386) (2427, 44) - 1 5 14 4 12 4 12 4 12 4 12 4 12 4 12 4 12 4 12 4 14 6 21 1 5 16 6 20 6 16 6 20 6 16 4 8 2 4 2 10 4 14 6 21
OSNO (48, 400) (2454, 111) - 1 5 12 4 12 4 12 4 12 4 12 4 10 2 4 2 8 4 16 6 19 1 6 1 15 5 1 19 6 18 6 18 6 17 1 6 1 17 6 20 7 1 14 1 7 20 6 17
OSNO (44, 382) (2463, 21) - 1 5 14 4 12 4 12 4 10 2 4 2 8 4 16 6 20 6 15 1 7 20 6 18 6 16 4 10 4 14 6 21 1 5 15 1 7 21 1 5 15 1 7 21
OSNO (58, 390) (2482, 63) - 1 5 12 2 2 2 10 4 14 5 1 20 1 5 14 4 10 4 14 4 10 2 4 2 6 2 6 2 8 4 15 1 6 1 20 1 5 14 4 10 2 4 2 6 2 8 4 16 6 18 4 6 2 8 4 16 6 19
OSNO (52, 392) (2491, 655) - 1 5 12 2 2 2 10 4 14 4 8 2 6 2 6 4 18 6 18 6 17 1 6 1 19 6 16 5 1 21 6 14 4 10 2 4 2 6 2 8 4 16 6 18 4 6 2 8 4 16 6 19
OSNO (50, 378) (2495, 56) - 1 5 12 4 14 4 10 4 14 5 1 20 1 5 14 4 12 4 10 4 16 6 19 1 5 14 5 1 20 1 5 14 4 12 4 10 2 2 2 12 4 10 2 4 2 8 4 16 6 19
OSNO (52, 412) (2496, 178) - 1 5 12 2 2 2 10 2 2 2 10 4 14 4 10 4 14 4 10 2 2 2 12 5 1 19 6 18 6 16 4 10 4 14 5 1 19 6 18 6 19 1 5 14 4 10 4 16 6 18 6 19
OSNO (54, 366) (2516, 40) - 1 5 10 2 4 2 6 2 6 2 6 4 16 6 18 6 16 6 18 6 16 6 19 1 5 14 4 8 2 4 2 8 2 4 2 6 2 6 2 4 2 10 4 10 2 2 2 10 4 14 6 18 6 17
OSNO (50, 342) (2517, 14) - 1 5 12 4 14 4 10 4 14 5 1 20 1 5 14 4 10 2 4 2 6 2 8 4 15 1 6 1 20 1 5 14 4 12 4 10 2 2 2 12 4 10 2 4 2 8 4 16 6 19
OSNO (42, 374) (2538, 41) - 1 5 14 5 1 19 6 16 6 18 6 16 4 6 2 8 4 14 6 20 7 1 15 6 18 6 17 1 6 1 17 6 16 4 8 4 16 6 16 5 1 20
OSNO (44, 396) (2545, 39) - 1 5 12 4 12 4 10 4 14 6 19 1 5 12 4 14 6 18 6 16 6 18 6 16 6 19 1 5 14 4 10 4 12 4 10 4 14 6 19 1 5 14 6 19
OSNO (48, 370) (2555, 133) - 1 5 14 4 10 2 2 2 12 4 10 2 4 2 6 2 8 4 16 6 20 6 15 1 7 20 6 18 6 16 4 10 4 14 5 1 20 1 5 14 4 10 4 15 1 6 1 20
OSNO (46, 382) (2556, 97) - 1 5 14 4 10 2 4 2 8 4 16 6 20 6 17 1 6 1 18 1 5 14 5 1 20 1 5 16 6 19 1 6 1 17 6 19 1 5 14 5 1 19 6 18 6 19
OSNO (50, 354) (2559, 42) - 1 5 12 2 2 2 10 4 14 4 10 4 14 4 10 4 14 4 10 4 15 1 6 1 20 1 5 14 4 10 2 2 2 12 4 10 2 4 2 8 4 16 6 19 1 6 1 17 6 19
OSNO (64, 598) (2561, 1) - 1 5 14 4 10 4 16 6 20 6 17 1 6 1 18 1 6 1 17 6 20 6 16 5 1 21 7 1 15 6 21 1 5 16 5 1 21 6 16 5 1 21 6 16 6 20 6 18 6 18 6 19 1 6 1 16 1 6 1 19 6 18 6 19
OSNO (42, 278) (2572, 1669) - 1 5 12 2 2 2 8 2 4 2 8 4 14 4 8 2 4 2 8 4 15 1 6 1 18 1 5 12 4 12 4 10 4 14 6 19 1 6 1 15 6 19
OSNO (44, 322) (2589, 46) - 1 5 14 4 10 2 2 2 12 4 12 4 14 5 1 20 1 6 1 15 5 1 20 1 5 14 4 12 4 12 4 12 4 14 5 1 20 1 6 1 15 5 1 20
OSNO (36, 266) (2602, 222) - 1 5 12 4 12 4 10 2 4 2 8 4 16 6 18 6 19 1 5 14 4 8 2 6 2 6 2 6 4 18 6 16 4 8 4 17
OSNO (44, 326) (2604, 95) - 1 5 12 4 14 4 8 2 6 2 6 4 18 6 17 1 6 1 18 1 5 12 4 14 5 1 20 1 5 14 4 10 4 15 1 6 1 19 6 17 1 6 1 18
OSNO (40, 284) (2616, 21) - 1 5 14 4 12 4 10 2 4 2 6 2 8 4 15 1 6 1 20 1 5 16 6 18 4 6 2 8 4 15 1 6 1 20 1 5 15 1 7 21
OSNO (40, 290) (2626, 278) - 1 5 12 2 2 2 8 2 4 2 6 2 8 4 12 4 12 4 10 4 14 6 19 1 5 12 4 14 6 18 6 16 4 6 2 8 4 14 6 19
OSNO (40, 294) (2656, 147) - 1 5 12 4 14 5 1 20 1 5 14 4 10 4 14 4 10 4 15 1 6 1 20 1 5 14 4 12 4 10 2 4 2 6 2 8 4 16 6 19
OSNO (46, 390) (2692, 8) - 1 5 14 4 10 4 14 4 10 4 14 4 10 4 14 5 1 19 6 18 6 18 6 18 6 16 4 10 4 12 4 14 5 1 20 1 6 1 15 4 10 4 14 5 1 20
OSNO (38, 290) (2703, 27) - 1 5 14 4 10 4 14 4 10 2 4 2 6 2 6 2 8 4 15 1 6 1 20 1 5 16 6 19 1 6 1 17 6 18 6 18 6 19
OSNO (52, 398) (2735, 127) - 1 5 12 4 12 4 10 2 2 2 10 4 12 4 12 4 10 4 12 4 12 4 10 4 14 6 19 1 5 12 4 12 4 10 2 4 4 18 6 14 4 10 4 12 4 12 4 10 4 14 6 19
OSNO (40, 320) (2750, 322) - 1 5 12 2 2 2 10 4 14 4 10 4 15 1 6 1 20 1 5 14 4 12 5 1 19 6 16 5 1 20 1 6 1 17 6 18 6 18 6 19
OSNO (64, 564) (2760, 109) - 1 5 14 5 1 19 6 16 5 1 20 1 5 14 5 1 19 6 16 6 20 6 16 6 19 1 5 14 5 1 20 1 5 16 6 19 1 5 14 5 1 19 6 17 1 6 1 17 6 18 6 19 1 5 15 1 6 1 19 6 16 5 1 20
OSNO (50, 346) (2764, 34) - 1 5 12 4 12 4 12 4 12 4 12 2 2 2 8 2 4 2 8 2 6 4 16 4 8 4 17 1 5 12 4 12 4 12 4 14 6 20 6 16 4 8 2 4 2 8 2 6 4 17
OSNO (50, 416) (2768, 201) - 1 5 12 4 14 5 1 19 6 18 4 6 2 8 4 16 4 8 2 4 2 10 4 14 5 1 19 6 18 6 20 6 16 6 20 6 18 6 19 1 5 14 4 10 2 4 2 8 4 17
OSNO (50, 390) (2773, 14) - 1 5 14 4 10 4 14 4 10 2 2 2 10 2 2 2 10 4 14 4 10 4 14 5 1 19 6 18 6 16 4 10 4 12 4 14 6 20 6 16 5 1 20 1 6 1 15 5 1 20
OSNO (40, 310) (2774, 15) - 1 5 12 4 12 4 10 2 4 2 8 4 14 4 10 4 12 4 14 6 19 1 5 12 4 14 6 20 6 14 4 10 4 14 4 8 2 6 4 17
OSNO (50, 398) (2779, 99) - 1 5 12 2 4 2 6 2 6 2 8 4 16 5 1 21 6 16 5 1 20 1 6 1 15 4 10 4 14 4 10 2 4 2 8 4 16 5 1 21 6 16 6 20 6 18 6 18 6 19
OSNO (40, 310) (2785, 122) - 1 5 14 4 12 4 10 4 15 1 6 1 20 1 5 15 1 7 21 1 5 15 1 7 21 1 5 16 6 18 4 6 2 8 4 15 1 6 1 20
OSNO (64, 522) (2805, 108) - 1 5 14 4 12 4 12 4 10 2 4 2 10 4 12 4 12 4 14 6 21 1 5 15 1 7 21 1 5 15 1 7 21 1 5 14 4 12 4 12 4 12 4 12 4 12 4 12 4 14 6 21 1 5 15 1 7 21 1 5 15 1 7 21
OSNO (40, 278) (2817, 37) - 1 5 12 4 14 5 1 20 1 5 14 4 10 2 4 2 6 2 8 4 15 1 6 1 20 1 5 14 4 12 4 10 2 4 2 8 4 16 6 19
OSNO (64, 454) (2825, 50) - 1 5 12 2 2 2 10 2 2 2 10 2 4 2 6 2 8 4 16 6 19 1 6 1 17 6 18 4 8 4 16 6 21 1 5 16 4 8 2 6 2 4 2 10 4 14 4 10 4 16 6 18 4 8 4 16 4 8 4 17 1 6 1 18
OSNO (44, 370) (2828, 1077) - 1 5 12 4 12 4 10 4 14 6 19 1 5 14 6 20 7 1 15 6 18 6 16 6 19 1 5 14 4 8 2 6 4 16 6 16 4 8 4 15 1 6 1 18
OSNO (66, 516) (2835, 95) - 1 5 12 2 2 2 10 4 14 4 10 4 14 4 10 4 15 1 6 1 20 1 5 14 4 12 4 10 2 4 2 8 4 16 6 20 6 16 6 21 1 5 16 4 8 2 4 2 10 4 12 4 14 6 21 1 5 16 6 19 1 6 1 17 6 19
OSNO (42, 332) (2837, 6) - 1 5 14 4 10 2 4 2 8 4 16 5 1 21 6 16 4 8 4 18 6 16 4 10 4 14 5 1 19 6 18 4 6 2 6 2 8 4 15 1 7 21
OSNO (48, 394) (2841, 16) - 1 5 14 4 10 2 4 2 8 4 16 4 8 2 4 2 10 4 14 4 10 4 15 1 6 1 20 1 5 16 6 20 6 18 6 18 6 19 1 5 14 5 1 19 6 18 6 19
OSNO (52, 398) (2842, 2) - 1 5 12 4 14 5 1 20 1 5 16 6 20 6 16 4 8 2 6 4 18 6 19 1 5 14 4 10 2 2 2 12 4 12 4 12 4 14 5 1 20 1 5 14 4 10 2 4 2 8 4 17
OSNO (44, 374) (2859, 23277) - 1 5 12 4 12 4 12 4 10 4 16 6 18 6 18 6 16 4 8 4 17 1 5 12 4 12 4 12 4 12 4 10 4 16 6 18 6 16 4 8 2 6 4 17
OSNO (40, 322) (2902, 194) - 1 5 12 4 10 4 14 4 8 4 16 6 16 4 8 4 15 1 6 1 18 1 5 12 4 12 4 10 4 14 6 19 1 6 1 15 6 18 6 17
OSNO (54, 400) (2908, 7) - 1 5 12 2 2 2 10 2 4 2 6 2 6 2 6 2 6 2 8 4 15 1 6 1 20 1 6 1 15 4 10 4 14 5 1 19 6 18 6 19 1 5 14 5 1 19 6 18 6 18 6 18 6 19
OSNO (48, 408) (2912, 236) - 1 5 12 4 14 4 10 4 14 4 10 4 16 6 18 6 20 7 1 15 6 20 6 16 4 8 2 6 2 4 2 10 4 14 5 1 19 6 19 1 5 14 4 10 4 16 6 19
OSNO (54, 388) (2919, 52) - 1 5 14 4 10 2 4 2 8 4 16 6 21 1 5 16 4 8 2 6 2 4 2 10 4 14 4 10 2 2 2 12 4 10 4 16 5 1 21 6 16 4 8 2 4 2 10 4 14 5 1 19 6 19
OSNO (46, 398) (2925, 157) - 1 5 12 2 4 2 6 2 6 2 8 4 16 5 1 21 6 16 5 1 21 6 15 1 7 21 1 5 14 4 12 4 14 6 21 1 5 16 6 20 6 18 6 18 6 19
OSNO (58, 364) (2928, 281) - 1 5 12 2 2 2 8 2 4 2 6 2 6 2 6 2 4 2 8 2 4 2 8 4 14 6 19 1 5 12 4 12 4 12 5 1 19 6 14 5 1 19 6 14 4 8 2 4 2 8 2 4 2 8 4 14 6 19
OSNO (52, 366) (2956, 297) - 1 5 12 4 10 4 14 4 8 4 16 6 16 4 8 4 16 6 16 6 19 1 5 12 4 12 4 12 4 8 2 6 4 16 4 6 2 6 2 4 2 10 4 10 2 4 2 6 2 6 4 17
OSNO (48, 314) (2968, 4) - 1 5 12 2 2 2 10 4 12 2 2 2 8 2 4 2 10 4 10 2 4 2 8 4 16 6 19 1 5 14 4 8 2 6 2 6 2 4 2 10 4 14 6 20 6 16 6 19
OSNO (42, 350) (2971, 32) - 1 5 12 4 14 4 8 2 6 4 18 6 16 4 10 4 12 4 14 6 21 1 5 16 6 20 6 14 4 12 4 12 4 10 2 4 2 8 4 16 6 19
OSNO (50, 456) (2975, 17) - 1 5 14 4 10 4 15 1 6 1 19 6 16 6 20 6 16 6 19 1 6 1 15 4 10 4 14 5 1 19 6 18 6 16 4 10 4 14 6 20 6 17 1 6 1 17 6 18 6 19
OSNO (44, 346) (2991, 66) - 1 5 14 4 10 2 4 2 6 2 8 4 16 6 20 6 16 5 1 21 6 14 4 12 4 12 4 12 4 12 4 12 4 14 5 1 20 1 6 1 15 5 1 20
OSNO (48, 366) (3005, 713) - 1 5 14 4 8 2 4 2 8 4 14 4 8 2 4 2 8 4 15 1 6 1 17 6 18 6 15 1 7 20 6 14 4 8 2 6 4 16 6 17 1 6 1 17 6 16 6 19
OSNO (50, 372) (3029, 13) - 1 5 12 2 2 2 10 4 16 6 19 1 5 12 4 14 4 12 5 1 18 1 6 1 17 4 8 4 17 1 6 1 17 5 1 21 6 17 1 6 1 17 4 8 4 17 1 6 1 18
OSNO (66, 370) (3054, 2) - 1 5 12 4 14 4 8 2 6 2 6 2 6 2 6 2 6 2 6 2 6 2 6 2 6 2 6 2 8 4 15 1 6 1 20 1 5 14 4 12 4 10 2 4 2 8 2 4 2 8 4 16 4 8 2 4 2 8 2 6 4 17 1 6 1 18
OSNO (44, 320) (3063, 113) - 1 5 14 4 10 2 2 2 12 4 10 4 15 1 6 1 20 1 5 15 1 7 21 1 5 14 4 12 4 10 2 4 2 8 4 16 6 19 1 5 14 5 1 20
OSNO (46, 322) (3104, 48) - 1 5 12 2 2 2 10 2 2 2 12 4 10 2 4 2 8 4 17 1 6 1 17 4 8 4 17 1 5 12 4 12 4 14 4 10 4 16 6 19 1 6 1 17 6 19
OSNO (44, 386) (3122, 40) - 1 5 12 4 12 4 12 4 14 6 20 6 17 1 6 1 19 6 16 6 21 1 5 16 6 20 6 16 4 8 4 17 1 6 1 17 4 8 4 16 4 8 4 17
OSNO (48, 396) (3172, 172) - 1 5 12 4 12 4 10 2 4 2 8 4 14 4 12 5 1 19 6 16 6 20 6 14 4 12 5 1 19 6 16 6 19 1 5 14 5 1 20 1 5 15 1 6 1 19 6 17
OSNO (40, 290) (3193, 136) - 1 5 12 2 2 2 10 2 2 2 12 4 10 4 16 4 8 4 17 1 6 1 18 1 5 12 4 14 4 10 4 16 6 19 1 6 1 17 6 19
OSNO (50, 388) (3194, 314) - 1 5 12 4 14 4 10 4 14 5 1 20 1 5 14 4 10 4 15 1 6 1 20 1 5 14 4 12 5 1 19 6 16 5 1 21 6 14 4 10 2 4 2 6 2 8 4 16 6 19
OSNO (60, 500) (3214, 33) - 1 5 12 2 2 2 12 5 1 18 1 6 1 17 6 20 6 16 4 10 4 14 5 1 19 6 18 6 18 4 8 4 16 4 8 2 4 2 10 4 14 4 10 4 15 1 6 1 20 1 5 16 6 20 6 18 6 18 6 19
OSNO (48, 402) (3218, 69) - 1 5 12 4 14 4 12 4 14 5 1 20 1 5 15 1 6 1 21 6 16 4 10 4 16 6 21 1 5 16 6 22 6 14 2 2 2 10 4 14 4 12 4 14 4 10 4 17
OSNO (52, 380) (3225, 222) - 1 5 12 2 2 2 8 2 4 2 8 4 15 1 6 1 18 1 6 1 15 4 8 2 4 2 8 4 14 4 10 4 12 5 1 17 6 18 6 16 6 18 6 17 1 6 1 17 6 16 6 19
OSNO (58, 388) (3252, 8) - 1 5 12 4 14 4 12 4 10 2 4 2 8 2 4 2 10 4 14 5 1 20 1 5 15 1 6 1 21 7 1 15 5 1 20 1 5 14 4 10 2 4 2 8 2 4 2 10 4 12 2 2 2 10 4 16 6 19
OSNO (48, 368) (3257, 1) - 1 5 14 4 12 4 10 4 16 6 19 1 6 1 16 1 6 1 19 6 16 5 1 21 6 14 4 10 2 2 2 12 4 10 2 4 2 8 4 16 6 19 1 5 14 5 1 20
OSNO (74, 534) (3275, 91) - 1 5 12 2 2 2 12 5 1 19 6 17 1 6 1 19 6 16 5 1 20 1 6 1 15 4 8 2 6 2 6 2 6 2 6 2 8 4 15 1 6 1 20 1 5 15 1 6 1 20 1 6 1 15 5 1 20 1 6 1 15 4 10 4 14 5 1 19 6 18 6 18 6 19
OSNO (44, 384) (3323, 306) - 1 5 14 6 21 1 5 16 6 20 7 1 15 6 19 1 6 1 15 4 10 4 12 4 14 6 20 7 1 13 4 12 4 10 4 15 1 6 1 19 6 16 6 19
OSNO (40, 274) (3369, 9439) - 1 5 12 4 10 2 2 2 10 4 14 6 18 6 16 6 19 1 5 14 4 8 2 4 2 8 4 14 4 10 4 10 2 4 2 6 2 6 4 17
OSNO (48, 346) (3408, 28) - 1 5 12 4 14 5 1 20 1 5 14 4 10 2 2 2 12 4 10 4 16 6 19 1 5 14 5 1 20 1 5 14 4 10 2 2 2 12 4 10 2 4 2 8 4 16 6 19
OSNO (44, 388) (3434, 533) - 1 5 14 4 10 4 15 1 6 1 19 6 17 1 6 1 17 4 6 2 8 4 16 6 20 7 1 15 6 20 6 16 6 19 1 6 1 17 6 18 6 18 6 19
OSNO (50, 348) (3435, 140) - 1 5 12 4 14 5 1 21 7 1 15 4 8 2 6 2 4 2 10 4 14 4 10 4 15 1 6 1 20 1 5 14 4 12 4 10 2 4 2 8 4 16 4 8 4 17 1 6 1 18
OSNO (46, 386) (3482, 21) - 1 5 14 4 12 4 10 2 2 2 12 4 12 4 12 4 12 4 12 4 12 4 14 6 21 1 5 16 6 20 6 16 6 20 6 16 4 8 2 4 2 10 4 14 6 21
OSNO (50, 400) (3511, 402) - 1 5 14 4 10 4 16 6 20 6 17 1 6 1 18 1 6 1 17 6 20 6 16 5 1 21 6 14 4 12 2 2 2 8 2 6 2 4 2 10 4 15 1 6 1 19 6 18 6 19
OSNO (64, 520) (3535, 87) - 1 5 14 4 10 4 14 4 10 4 14 4 10 4 14 6 21 1 5 16 4 6 2 8 2 4 2 8 4 16 6 19 1 5 14 5 1 19 6 16 5 1 20 1 5 14 4 10 4 14 4 10 4 14 5 1 19 6 18 6 16 5 1 20
OSNO (46, 384) (3537, 107) - 1 5 14 4 10 4 14 4 10 4 14 4 10 4 14 6 21 1 5 16 6 20 6 14 4 12 4 10 4 15 1 6 1 19 6 16 5 1 20 1 6 1 15 5 1 20
OSNO (46, 342) (3571, 760) - 1 5 12 4 12 4 12 4 10 4 12 4 12 4 10 2 2 2 10 4 13 1 7 19 1 6 1 15 5 1 20 1 5 14 4 10 4 12 4 12 4 10 4 14 6 19
OSNO (60, 458) (3598, 152) - 1 5 12 2 2 2 10 4 12 2 2 2 10 4 12 4 12 4 12 4 12 4 12 4 10 4 16 6 18 6 19 1 5 14 4 10 4 14 4 10 4 14 4 8 2 6 2 4 2 10 4 12 4 14 6 20 6 16 6 19
OSNO (46, 364) (3619, 315) - 1 5 14 4 8 2 4 2 8 4 15 1 6 1 17 6 18 6 15 1 6 1 19 6 14 5 1 19 6 14 4 8 2 6 4 16 6 17 1 6 1 17 6 16 6 19
OSNO (66, 510) (3625, 358) - 1 5 12 4 14 5 1 20 1 6 1 15 4 10 4 14 4 10 4 14 4 10 4 14 4 10 4 15 1 6 1 20 1 5 14 4 10 2 4 2 8 4 16 6 19 1 6 1 17 6 18 6 19 1 6 1 16 1 6 1 20 1 5 16 6 19
OSNO (66, 506) (3626, 3) - 1 5 12 2 2 2 10 4 14 4 8 2 6 4 17 1 6 1 17 6 18 6 18 6 18 6 16 4 8 2 6 4 17 1 5 12 4 12 4 12 4 12 4 10 2 4 2 8 4 15 1 6 1 19 6 16 4 8 4 16 4 8 4 16 6 19
OSNO (58, 464) (3655, 10) - 1 5 12 4 14 4 10 4 14 5 1 19 6 18 6 18 6 19 1 5 14 4 10 4 14 4 10 2 4 2 6 2 8 4 15 1 6 1 20 1 5 14 4 10 4 15 1 7 21 1 5 14 4 10 4 16 6 19
OSNO (80, 634) (3743, 6) - 1 5 12 4 14 4 10 4 14 4 10 4 14 4 10 2 4 2 6 2 8 4 16 6 18 4 8 4 16 6 20 6 16 6 21 1 5 16 4 8 4 17 1 6 1 17 4 8 4 16 6 20 6 16 4 8 2 4 2 10 4 12 2 2 2 10 4 14 5 1 20 1 5 14 4 10 4 16 6 19
OSNO (50, 378) (3756, 284) - 1 5 12 2 2 2 10 4 14 6 20 6 16 6 19 1 6 1 15 4 8 2 6 4 17 1 5 12 4 12 4 10 2 4 2 8 4 15 1 6 1 19 6 16 4 8 4 16 6 19
OSNO (54, 382) (3787, 24) - 1 5 12 2 2 2 10 4 14 4 8 2 6 2 6 2 6 2 6 4 18 6 18 6 17 1 6 1 18 1 5 12 4 14 4 8 2 6 2 6 4 18 6 17 1 6 1 17 4 8 4 16 6 19
OSNO (54, 456) (3791, 101) - 1 5 14 4 12 4 14 4 10 2 4 2 8 2 6 2 6 2 6 2 8 4 17 1 6 1 17 4 10 4 14 4 12 4 14 5 1 19 6 20 6 18 6 20 6 18 6 20 6 18 6 20 6 19
OSNO (58, 458) (3807, 69) - 1 5 12 4 14 4 8 2 4 2 10 4 12 4 12 4 12 4 12 4 12 4 10 4 16 6 18 6 19 1 5 14 4 10 4 14 4 10 4 14 4 8 2 6 2 4 2 10 4 12 4 14 6 20 6 16 6 19
OSNO (48, 394) (3818, 34) - 1 5 14 4 12 4 12 4 10 2 2 2 12 4 12 4 10 2 4 2 8 4 16 6 20 6 15 1 7 20 6 18 6 16 4 8 2 6 4 18 6 16 4 10 4 14 6 21
OSNO (50, 342) (3819, 1754) - 1 5 12 4 14 4 8 2 6 2 4 2 10 4 14 5 1 20 1 5 14 4 10 4 15 1 6 1 20 1 5 14 4 12 4 10 2 2 2 12 4 10 2 4 2 8 4 16 6 19
OSNO (52, 390) (3845, 252) - 1 5 12 4 14 4 8 2 4 2 10 4 12 4 14 6 20 6 16 6 20 6 15 1 7 20 6 16 4 8 2 4 2 8 2 4 2 8 2 4 2 8 4 16 4 6 2 8 4 16 6 19
OSNO (70, 554) (3899, 29) - 1 5 12 4 12 2 2 2 10 4 14 4 10 4 15 1 6 1 20 1 5 16 6 21 1 5 17 1 5 12 4 12 4 14 5 1 20 1 5 15 1 6 1 20 1 5 14 4 12 4 12 4 14 6 21 1 5 16 6 20 6 17 1 6 1 17 4 8 4 17
OSNO (48, 394) (3921, 109) - 1 5 14 4 10 2 2 2 12 4 12 4 12 2 2 2 10 4 14 4 10 4 15 1 6 1 20 1 5 16 6 20 6 18 6 18 6 19 1 5 14 5 1 19 6 18 6 19
OSNO (60, 528) (3939, 72) - 1 5 12 2 2 2 10 4 15 1 6 1 19 6 18 6 18 6 19 1 6 1 15 4 10 4 16 6 18 4 8 4 16 5 1 21 6 16 6 20 6 18 6 17 1 6 1 19 6 16 4 10 4 14 4 10 4 16 6 19
OSNO (80, 612) (3966, 186) - 1 5 12 2 2 2 10 4 14 4 10 4 14 4 10 4 15 1 6 1 20 1 5 14 4 10 2 4 2 6 2 8 4 16 6 19 1 6 1 17 6 19 1 5 12 4 14 4 10 4 14 4 10 4 14 4 10 4 15 1 6 1 20 1 5 14 4 10 4 16 6 19 1 6 1 17 6 18 6 19
OSNO (48, 390) (4118, 78) - 1 5 14 4 8 2 6 2 6 2 6 4 18 6 16 6 19 1 6 1 15 4 10 4 12 4 13 1 7 20 6 14 4 12 4 10 4 15 1 6 1 19 6 16 6 18 6 19
OSNO (58, 442) (4135, 115) - 1 5 12 2 2 2 10 4 14 4 10 4 14 5 1 20 1 5 16 6 18 4 6 2 8 4 16 6 19 1 5 14 5 1 20 1 5 14 4 12 4 10 2 4 2 8 4 16 6 18 4 6 2 8 4 16 6 19
OSNO (56, 452) (4142, 163) - 1 5 12 4 14 4 10 2 2 2 12 4 10 2 2 2 12 4 12 4 12 4 14 5 1 21 7 1 15 6 21 1 5 16 6 20 6 16 4 10 4 14 5 1 20 1 5 16 6 19 1 6 1 17 6 19
OSNO (48, 334) (4143, 222) - 1 5 12 4 12 2 2 2 8 2 6 4 17 1 6 1 17 4 6 2 8 4 16 6 19 1 5 12 4 14 4 8 2 6 4 18 6 16 4 8 2 6 4 17 1 6 1 18
OSNO (60, 406) (4167, 184) - 1 5 12 2 2 2 10 4 14 4 8 2 6 2 6 2 6 2 4 2 10 4 14 4 10 4 14 5 1 20 1 5 15 1 6 1 20 1 5 14 4 12 4 10 2 4 2 8 4 16 6 18 4 6 2 8 4 16 6 19
OSNO (64, 460) (4178, 24) - 1 5 12 2 2 2 10 4 15 1 6 1 19 6 18 6 18 6 18 6 19 1 6 1 15 4 10 2 2 2 12 5 1 18 1 6 1 17 4 6 2 8 2 4 2 8 2 4 2 10 4 12 4 14 4 10 4 14 4 10 4 16 6 19
OSNO (48, 370) (4252, 122) - 1 5 12 4 14 4 10 4 14 4 10 4 14 4 10 2 4 2 6 2 8 4 15 1 6 1 20 1 5 16 6 19 1 6 1 17 6 18 6 18 4 6 2 8 4 16 6 19
OSNO (42, 326) (4311, 249) - 1 5 12 2 2 2 10 4 14 4 10 4 14 5 1 20 1 5 14 4 10 4 15 1 6 1 20 1 5 16 6 18 4 6 2 8 4 16 6 18 6 19
OSNO (42, 342) (4349, 22) - 1 5 12 4 14 4 10 4 16 6 19 1 5 14 5 1 19 6 18 6 19 1 5 14 4 10 2 4 2 8 4 16 4 8 4 18 6 17 1 6 1 18
OSNO (66, 530) (4371, 28) - 1 5 12 4 14 4 10 2 4 2 8 4 16 6 21 1 5 16 4 10 4 14 5 1 19 6 18 6 19 1 5 14 5 1 19 6 17 1 6 1 18 1 5 12 4 14 4 10 4 16 6 19 1 6 1 16 1 6 1 19 6 17 1 6 1 18
OSNO (68, 578) (4411, 104) - 1 5 12 4 14 4 10 4 14 4 12 4 10 4 16 5 1 21 6 16 5 1 21 6 14 4 12 4 12 4 14 5 1 21 6 14 4 12 4 12 4 12 4 12 4 12 2 2 2 10 4 14 5 1 19 6 18 6 19 1 5 14 4 10 4 16 6 19
OSNO (66, 406) (4516, 23) - 1 5 14 4 10 2 4 2 8 2 4 2 8 2 4 2 10 4 12 4 14 4 8 2 6 2 6 2 8 4 15 1 6 1 20 1 5 14 4 12 4 12 4 12 4 12 4 14 4 8 2 6 2 6 2 6 2 6 2 8 4 15 1 6 1 20
OSNO (56, 470) (4535, 741) - 1 5 16 6 19 1 6 1 16 1 6 1 19 6 16 6 20 6 16 5 1 21 7 1 15 6 20 6 16 5 1 21 6 14 4 10 2 2 2 12 4 10 4 16 6 18 4 6 2 8 4 15 1 6 1 20
OSNO (70, 578) (4553, 130) - 1 5 12 4 14 4 10 4 14 4 12 4 10 4 16 5 1 21 6 16 5 1 21 6 14 4 12 4 12 4 14 5 1 21 6 14 4 12 4 10 2 4 2 10 4 12 4 12 2 2 2 10 4 14 5 1 19 6 18 6 19 1 5 14 4 10 4 16 6 19
OSNO (64, 510) (4593, 47) - 1 5 14 4 10 4 16 6 20 6 16 5 1 21 6 14 4 12 4 12 4 12 2 2 2 10 4 12 2 2 2 10 4 14 4 10 2 2 2 12 4 10 4 16 5 1 21 6 16 4 8 4 18 6 17 1 6 1 19 6 16 5 1 20
OSNO (54, 464) (4599, 3) - 1 5 14 4 10 4 16 6 20 6 17 1 6 1 17 4 8 4 17 1 6 1 17 6 20 6 16 5 1 20 1 6 1 15 4 10 4 14 4 10 4 16 6 20 6 16 4 8 2 6 4 18 6 19
OSNO (56, 446) (4603, 42) - 1 5 12 4 14 5 1 20 1 5 14 4 12 4 12 4 12 4 14 6 21 1 5 16 6 20 6 16 4 10 4 14 5 1 19 6 18 6 19 1 5 14 4 10 2 4 2 6 2 8 2 4 2 8 4 17
OSNO (50, 378) (4625, 79) - 1 5 12 4 12 4 10 2 4 2 4 2 10 4 12 4 10 2 2 2 10 4 14 6 19 1 5 14 5 1 20 1 5 14 4 10 4 14 6 18 6 18 6 16 6 17 1 6 1 18
OSNO (54, 450) (4647, 26) - 1 5 14 4 10 4 16 6 20 6 16 5 1 20 1 6 1 15 4 10 4 14 4 10 2 4 2 8 4 16 6 20 6 16 5 1 20 1 5 14 5 1 19 6 17 1 6 1 19 6 16 5 1 20
OSNO (82, 616) (4653, 170) - 1 5 12 4 14 4 10 4 14 4 10 2 4 2 6 2 8 4 16 5 1 21 6 16 5 1 21 6 15 1 7 21 1 5 15 1 7 21 1 5 14 4 12 4 12 4 12 4 14 6 21 1 5 16 6 20 6 16 4 8 2 6 2 6 2 4 2 10 2 2 2 10 2 4 2 6 2 8 4 16 6 19
OSNO (66, 588) (4662, 102) - 1 5 14 4 10 4 16 6 20 6 16 6 21 1 5 16 6 21 1 5 16 4 8 2 6 4 18 6 18 6 18 6 19 1 5 14 5 1 20 1 5 16 6 20 6 16 4 8 2 4 2 10 4 14 4 10 4 15 1 6 1 19 6 18 6 19
OSNO (54, 396) (4758, 12) - 1 5 14 4 12 4 10 2 4 2 8 4 16 6 18 4 6 2 8 4 15 1 6 1 20 1 5 14 4 12 4 10 4 16 6 18 4 6 2 6 2 8 4 15 1 6 1 20 1 5 15 1 7 21
OSNO (68, 494) (4777, 78) - 1 5 12 2 2 2 10 4 14 4 8 2 6 2 6 2 4 2 10 4 14 4 8 2 6 2 6 2 6 4 18 6 18 6 17 1 6 1 18 1 5 12 4 14 6 20 6 17 1 6 1 17 6 20 6 14 4 12 4 10 2 4 2 8 4 16 6 19
OSNO (66, 524) (4792, 58) - 1 5 12 2 4 2 6 2 8 2 6 4 18 4 6 2 10 4 12 2 4 2 6 2 8 2 4 2 10 4 14 4 12 4 14 4 10 4 17 1 6 1 17 5 1 21 6 18 6 20 6 18 6 20 6 18 6 20 6 18 4 8 4 18 6 19
OSNO (46, 384) (4888, 9490) - 1 5 14 4 10 4 14 4 10 4 14 5 1 19 6 18 6 18 6 16 4 10 4 12 4 14 5 1 21 7 1 15 5 1 20 1 6 1 15 4 10 4 14 5 1 20
OSNO (72, 548) (5008, 59) - 1 5 12 2 2 2 10 4 14 4 10 4 14 5 1 19 6 18 6 18 6 18 4 6 2 6 2 6 2 8 4 14 4 12 5 1 19 6 16 4 10 4 12 2 2 2 10 4 14 5 1 20 1 5 14 4 10 4 15 1 6 1 20 1 5 14 4 10 4 16 6 19
OSNO (58, 432) (5013, 264) - 1 5 14 4 10 2 4 2 8 4 16 6 20 6 17 1 6 1 17 4 6 2 8 2 6 4 17 1 6 1 17 5 1 21 6 16 4 8 2 6 2 4 2 10 4 14 4 10 4 15 1 6 1 19 6 18 6 19
OSNO (54, 446) (5125, 25) - 1 5 16 6 19 1 6 1 17 6 18 6 18 4 6 2 8 4 16 6 20 6 14 4 13 1 7 20 6 18 6 16 4 10 4 14 4 10 4 14 4 10 2 4 2 6 2 8 4 15 1 6 1 20
OSNO (82, 626) (5229, 266) - 1 5 12 4 14 4 10 4 16 6 18 6 20 6 16 5 1 21 6 14 4 12 4 12 2 2 2 8 2 6 2 4 2 10 4 14 5 1 19 6 18 6 19 1 5 14 5 1 19 6 17 1 6 1 19 6 16 5 1 20 1 6 1 15 4 8 2 6 2 6 2 6 2 6 2 6 2 8 4 16 6 19
OSNO (70, 586) (5267, 55) - 1 5 12 4 14 5 1 20 1 5 15 1 6 1 20 1 5 14 4 12 4 12 4 14 6 21 1 5 16 6 20 6 16 4 10 4 14 4 10 4 16 6 20 6 16 5 1 21 6 14 4 12 4 12 4 14 5 1 20 1 5 14 4 10 2 4 2 8 4 17
OSNO (62, 544) (5311, 10) - 1 5 16 5 1 21 6 16 6 19 1 6 1 17 6 20 7 1 15 6 20 6 17 1 6 1 17 4 8 4 16 4 8 2 4 2 8 2 4 2 10 4 12 4 12 4 14 6 21 1 5 16 6 20 6 16 6 20 6 16 6 21
OSNO (84, 634) (5448, 280) - 1 5 14 4 12 4 10 2 4 2 8 4 16 6 18 4 6 2 8 4 16 6 19 1 5 14 5 1 20 1 5 15 1 7 21 1 5 14 4 12 4 10 2 4 2 8 4 16 6 19 1 5 14 5 1 20 1 5 15 1 6 1 20 1 5 14 4 12 4 10 2 4 2 8 4 16 6 19 1 5 14 5 1 20
OSNO (68, 530) (5451, 13) - 1 5 12 4 14 4 10 4 16 6 19 1 5 14 5 1 19 6 18 6 19 1 5 14 4 10 2 4 2 8 4 16 6 21 1 5 17 1 6 1 17 6 20 6 16 5 1 20 1 6 1 15 4 8 2 6 2 6 2 6 2 6 2 8 4 16 6 19
OSNO (72, 588) (5481, 9) - 1 5 12 4 12 4 12 4 12 4 12 4 12 4 12 5 1 17 4 8 4 16 6 18 4 6 2 6 2 8 4 14 4 10 4 14 5 1 19 6 17 1 6 1 17 6 19 1 5 14 4 10 4 14 4 10 4 14 6 21 1 5 16 6 20 6 14 4 12 5 1 18
OSNO (74, 624) (5517, 209) - 1 5 12 2 2 2 10 4 14 5 1 19 6 18 6 18 6 18 6 18 6 18 6 17 1 6 1 19 6 16 6 20 6 16 5 1 21 6 14 4 10 2 4 2 6 2 8 4 16 6 18 4 6 2 8 4 16 6 18 4 6 2 8 4 15 1 6 1 20 1 5 16 6 19
OSNO (44, 326) (5537, 40) - 1 5 12 2 2 2 10 4 14 4 10 2 4 2 6 2 8 4 16 6 19 1 5 12 4 14 5 1 20 1 5 14 4 10 4 16 6 19 1 6 1 17 6 19
OSNO (62, 442) (5559, 38) - 1 5 12 4 14 4 10 4 14 4 10 2 2 2 12 4 12 4 12 4 12 4 14 6 21 1 5 14 4 12 4 12 4 12 2 2 2 10 4 14 5 1 20 1 5 14 4 12 4 10 2 4 2 8 2 6 4 17 1 6 1 18
OSNO (72, 538) (5562, 53) - 1 5 12 2 4 2 6 2 6 2 8 4 16 6 19 1 6 1 17 6 18 4 6 2 8 2 4 2 8 2 4 2 8 2 6 4 17 1 6 1 18 1 5 12 4 14 4 10 4 15 1 6 1 19 6 18 6 18 6 19 1 5 14 5 1 19 6 18 6 18 6 19
OSNO (86, 632) (5634, 266) - 1 5 12 4 14 5 1 20 1 6 1 15 5 1 20 1 5 14 5 1 19 6 16 4 10 4 14 4 10 4 16 6 19 1 5 14 5 1 20 1 5 15 1 6 1 20 1 5 14 4 12 5 1 17 4 8 2 4 2 8 2 6 2 4 2 10 4 14 5 1 19 6 19 1 5 14 4 12 4 10 2 4 2 8 4 17
OSNO (66, 536) (5816, 3) - 1 5 12 4 14 4 10 4 14 4 12 4 10 2 4 2 8 4 17 1 5 12 4 14 5 1 19 6 19 1 5 14 4 12 4 12 4 12 4 12 4 14 6 21 1 5 14 4 12 4 14 6 21 1 5 16 4 8 4 18 6 17 1 6 1 18
OSNO (70, 510) (5836, 29) - 1 5 12 4 14 5 1 20 1 6 1 15 4 10 4 14 4 8 2 6 2 6 2 6 2 8 4 14 4 10 4 15 1 6 1 20 1 5 14 4 10 2 4 2 8 4 16 6 19 1 6 1 17 6 18 6 19 1 6 1 16 1 6 1 20 1 5 16 6 19
OSNO (74, 610) (5836, 80) - 1 5 16 4 8 4 16 4 8 2 4 2 8 2 4 2 10 4 12 4 12 4 12 4 14 6 20 6 16 4 8 2 4 2 10 4 12 4 14 6 21 1 5 16 6 20 6 14 4 12 4 12 4 12 4 12 4 12 4 12 4 12 4 12 4 12 4 14 6 20 6 16 6 21
OSNO (68, 554) (5847, 108) - 1 5 12 4 14 4 10 2 4 2 8 4 16 5 1 21 6 16 6 21 1 5 16 6 21 1 5 16 5 1 21 6 14 2 2 2 8 2 6 4 18 6 19 1 5 14 4 12 5 1 18 1 5 12 4 14 4 10 4 16 6 20 6 17 1 6 1 18
OSNO (50, 420) (5849, 136) - 1 5 12 4 14 4 10 4 15 1 6 1 20 1 5 16 6 20 6 16 5 1 21 6 14 4 12 4 12 4 12 4 14 5 1 20 1 6 1 15 4 10 4 14 4 10 4 16 6 19
OSNO (80, 596) (5889, 273) - 1 5 12 2 2 2 10 2 2 2 10 4 15 1 6 1 19 6 18 6 17 1 6 1 19 6 16 4 8 2 4 2 10 4 12 2 2 2 10 4 14 5 1 20 1 6 1 15 4 10 4 14 5 1 20 1 5 14 4 10 4 16 6 18 4 6 2 8 4 16 6 19 1 6 1 17 6 18 6 19
OSNO (84, 582) (5954, 68) - 1 5 12 4 14 4 12 4 10 2 4 2 8 2 4 2 10 4 14 5 1 19 6 19 1 5 14 4 10 2 4 2 8 4 17 1 6 1 17 6 21 1 5 17 1 6 1 17 4 8 2 4 2 10 4 14 5 1 19 6 19 1 5 14 4 10 2 4 2 8 2 4 2 10 4 12 2 2 2 10 4 16 6 19
OSNO (64, 552) (6207, 30) - 1 5 12 4 14 4 10 4 16 6 20 6 17 1 6 1 18 1 6 1 17 6 19 1 5 12 4 15 1 6 1 19 6 18 6 19 1 5 14 4 10 4 16 6 21 1 5 16 4 10 4 14 4 10 4 16 6 20 6 17 1 6 1 18
OSNO (80, 554) (6235, 2) - 1 5 12 2 2 2 10 2 4 2 6 2 8 4 16 4 8 2 4 2 10 4 14 4 10 2 2 2 12 4 12 4 12 4 14 4 8 2 8 4 15 1 6 1 20 1 5 16 6 20 6 17 1 6 1 19 6 16 4 10 4 14 4 12 4 10 2 4 2 10 4 12 2 2 2 10 4 16 6 19
OSNO (60, 486) (6309, 86) - 1 5 12 4 12 4 14 5 1 20 1 5 14 4 10 4 15 1 6 1 19 6 16 4 8 2 6 4 17 1 6 1 17 6 19 1 5 14 4 10 4 14 4 10 4 15 1 6 1 19 6 16 6 20 6 16 4 8 4 17
OSNO (76, 662) (6329, 163) - 1 5 12 2 4 2 6 2 6 2 6 2 8 4 16 6 20 6 16 6 21 1 5 16 5 1 21 6 16 6 20 6 16 4 10 4 14 5 1 19 6 18 4 6 2 6 2 8 4 16 6 20 6 16 6 21 1 5 16 6 21 1 5 16 4 8 2 6 4 18 6 18 6 18 6 19
OSNO (70, 568) (6696, 130) - 1 5 14 4 10 2 2 2 12 4 12 4 14 6 21 1 5 16 6 20 6 18 6 17 1 6 1 19 6 16 4 10 4 14 4 10 4 16 6 20 6 16 5 1 20 1 6 1 15 4 8 2 6 2 6 2 6 2 6 2 8 4 16 6 20 6 16 5 1 20
OSNO (64, 518) (6716, 95) - 1 5 14 4 10 4 16 6 18 6 19 1 6 1 16 1 6 1 19 6 18 6 16 4 10 4 14 6 21 1 5 14 4 12 4 10 2 4 2 8 4 16 6 19 1 6 1 17 6 18 6 18 4 6 2 6 2 8 4 15 1 6 1 20
OSNO (76, 652) (6936, 438) - 1 5 12 4 12 4 12 4 12 4 12 4 12 4 12 4 14 6 20 6 16 6 20 6 16 5 1 21 6 14 4 12 5 1 18 1 6 1 17 6 18 6 19 1 5 14 4 10 4 14 4 10 4 15 1 6 1 19 6 16 4 8 2 4 2 10 4 12 4 12 4 14 6 20 6 17
OSNO (70, 598) (7089, 12) - 1 5 12 4 14 5 1 20 1 5 14 5 1 19 6 18 6 18 6 18 6 18 6 18 6 18 6 19 1 5 14 5 1 20 1 5 14 4 10 2 4 2 6 2 8 4 16 6 19 1 6 1 17 6 18 6 19 1 6 1 16 1 6 1 20 1 5 16 6 19
OSNO (80, 658) (9506, 174) - 1 5 12 4 14 4 10 4 14 4 10 4 14 4 10 4 16 6 18 6 20 6 14 4 12 4 12 4 12 4 12 4 12 4 14 6 21 1 5 16 6 20 6 16 4 8 4 18 6 16 4 8 2 6 2 4 2 10 4 14 4 10 4 14 4 10 4 14 4 10 2 4 2 6 2 8 4 16 6 19
OSNO (82, 610) (10609, 14) - 1 5 14 4 10 2 4 2 8 4 16 4 8 2 4 2 10 4 12 4 14 4 10 4 14 4 10 4 15 1 6 1 20 1 5 16 6 20 6 16 4 8 2 4 2 10 4 14 4 10 4 14 4 10 2 4 2 6 2 8 4 16 5 1 21 6 16 5 1 21 6 15 1 7 21 1 5 15 1 6 1 20
// The following triples colored squares:
// 10216863 squares were not filled in
// 8.1818182161077857 25.219752355478704
// 8.1818182161077857 25.219538281671703
// 8.1818182161077857 25.219324207864702
// 8.1818182161077857 25.219110134057701
// 8.1818182161077857 25.2188960602507
// 8.1818182161077857 25.218681986443698
// 8.1818182161077857 25.218467912636697
// 8.1818182161077857 25.218253838829696
// 8.1818182161077857 25.218039765022695
// 8.1818182161077857 25.212664282880723
// 8.1818182161077857 25.212450209073722
// 8.1818182161077857 25.211227121762931
// 8.1818182999268174 25.211120168678463
// 8.1818182161077857 25.21101304795593
// 8.1818182999268174 25.210906094871461
// 8.2632739702239633 25.217603067867458
// 8.2632659235969186 25.217570546083152
// 8.2650859700515866 25.197332608513534
// 8.2650205073878169 25.197222051210701
// 8.2644639490172267 25.196282942779362
// 8.2649534521624446 25.197109063155949
// 8.2649045856669545 25.197026417590678
// 8.2648156536743045 25.196876549161971
// 8.2647077785804868 25.196694326587021
// 8.2646075310185552 25.196525263600051
// 8.2646390469744802 25.196578404866159
// 8.248874950222671 25.115437391214073
// 8.2488555880263448 25.11527260299772
// 8.2488462002947927 25.115192974917591
// 8.2488166121765971 25.114941434003413
// 8.2487954897806048 25.114761390723288
// 8.233472197316587 25.104330279864371
// 8.2333726203069091 25.103945299051702
// 8.2332181418314576 25.098185590468347
// 8.2332293735817075 25.098210484720767
// 8.2356090797111392 25.098069501109421
// 8.2356044696643949 25.098036057315767
// 8.2355788629502058 25.098005505278707
// 8.2356001110747457 25.098003703169525
// 8.2355774799361825 25.097949472256005
// 8.2346453284844756 25.096849682740867
// 8.2487734453752637 25.114574390463531
// 8.2487520715221763 25.114392419345677
// 8.2359272567555308 25.070333112962544
// 8.2359046256169677 25.070244516246021
// 8.2358872750774026 25.070177209563553
// 8.1818182161077857 24.901674385182559
// 8.1818182161077857 24.901460311375558
// 8.1818182161077857 24.901246237568557
// 8.1818182161077857 24.901032163761556
// 8.1818182161077857 24.900818089954555
// 8.1818182161077857 24.900604016147554
// 8.1818182161077857 24.900389942340553
// 8.1818182161077857 24.900175868533552
// 8.3198218932375312 24.881641888059676
// 8.319830191321671 24.881651946343482
// 8.3198049617931247 24.881609785370529
// 8.3198063028976321 24.881596877239645
// 8.3197996392846107 24.881583340466022
// 8.3197705959901214 24.881543149240315
// 8.3197798160836101 24.881511381827295
// 8.4281986439600587 24.931794335134327
// 8.428189717233181 24.931762106716633
// 8.428176180459559 24.931723508052528
// 8.4282064810395241 24.931729920208454
// 8.4281852329149842 24.931708504445851
// 8.4266957687214017 24.928375692106783
// 8.43130589928478 24.92188457865268
// 8.4313008701428771 24.921860438771546
// 8.4312954219058156 24.921826240606606
// 8.431322411634028 24.921822804026306
// 8.4313190588727593 24.921785923652351
// 8.431335655041039 24.921773769892752
// 8.4305382007732987 24.903554529882967
// 8.4305628435686231 24.903576322831213
// 8.4305306570604444 24.903503232635558
// 8.4305564314126968 24.903514757752419
// 8.4305518632754683 24.903441877104342
// 8.4305417630821466 24.903393806889653
// 8.4305084031075239 24.903351562097669
// 8.430506600998342 24.903340120799839
// 8.4305156534537673 24.903303408063948
// 8.430536356754601 24.903279938735068
// 8.4305363986641169 24.903253326192498
// 8.4305150667205453 24.903205339796841
// 8.4305304056033492 24.903176757507026
// 8.430527807213366 24.903147588483989
// 8.4325200179591775 24.901842609979212
// 8.4324892563745379 24.901787540875375
// 8.4325413918122649 24.901865576393902
// 8.4325476363301277 24.901855476200581
// 8.4325396735221148 24.901781799271703
// 8.4324828442186117 24.901706865057349
// 8.4324799105525017 24.901651628315449
// 8.4325135638937354 24.90159425418824
// 8.4325041761621833 24.901565252803266
// 8.432527813129127 24.901666506193578
// 8.43246981035918 24.901513871736825
// 8.4324701875448227 24.901489689946175
// 8.432480706833303 24.901492330245674
// 8.4315745392814279 24.899614448659122
// 8.4315783530473709 24.899625554680824
// 8.271739692427218 24.832605072297156
// 8.2718156324699521 24.832419413141906
// 8.2718163030222058 24.832403990440071
// 8.2737490022554994 24.839825578965247
// 8.3218211866915226 24.841170329600573
// 8.3218129305168986 24.841148830018938
// 8.2691770931705832 24.81971915345639
// 8.2691671187058091 24.819687637500465
// 8.2691584015265107 24.819659306667745
// 8.302430952899158 24.816544088535011
// 8.3024240797385573 24.816520954482257
// 8.3024115068838 24.816478961147368
// 8.2968341885134578 24.809720045886934
// 8.2968102162703872 24.80967981275171
// 8.2967868307605386 24.809632203541696
// 8.2968263933435082 24.809667742811143
// 8.2967613497748971 24.809575960971415
// 8.2967568235471845 24.809546791948378
// 8.2967524649575353 24.809518712572753
// 8.2967970566824079 24.809516784735024
// 8.2967461785301566 24.809478814713657
// 8.2967445440590382 24.809465277940035
// 8.2823484158143401 24.793988890014589
// 8.2823306461796165 24.793967097066343
// 8.2823332864791155 24.793949788436294
// 8.2809777231886983 24.792517866007984
// 8.2809594087302685 24.792477507144213
// 8.2809591153636575 24.79245416354388
// 8.2800807757303119 24.788055089302361
// 8.2800642633810639 24.787993817590177
// 8.2800836255773902 24.78793824557215
// 8.2800915045663714 24.788070092909038
// 8.2801040774211287 24.78802474681288
// 8.2800881518051028 24.787957523949444
// 8.2940253289416432 24.790039253421128
// 8.2940070563927293 24.790010168217123
// 8.2939990935847163 24.78999734390527
// 8.2940048770979047 24.789996924810112
// 8.2993694627657533 24.790415768511593
// 8.2993529504165053 24.790361202321947
// 8.2994009787216783 24.790313593111932
// 8.2993725221604109 24.790266780182719
// 8.2790881069377065 24.783764560706913
// 8.2790738996118307 24.783730404451489
// 8.2790613686665893 24.783700439147651
// 8.2790617039427161 24.783673533238471
// 8.2790056709200144 24.783493196591735
// 8.2818387122824788 24.767135283909738
// 8.2817937852814794 24.767072922550142
// 8.2818287378177047 24.767127991653979
// 8.281828653998673 24.767079125158489
// 8.2818104233592749 24.76702812127769
// 8.2814262388274074 24.76612098980695
// 8.2814807211980224 24.76616985630244
// 8.2814770750701427 24.766149278730154
// 8.2814826909452677 24.766139974817634
// 8.2814114447683096 24.766080966219306
// 8.2814231375232339 24.766068938188255
// 8.2814217125996947 24.766058376990259
// 8.2814592635259032 24.76603742223233
// 8.281366559676826 24.765961817465723
// 8.2814156776294112 24.766010264866054
// 8.281452558003366 24.766008085571229
// 8.2814431702718139 24.765974809415638
// 8.2814412424340844 24.765964834950864
// 8.2814388955011964 24.765948825515807
// 8.2814616104587913 24.766070111654699
// 8.2795437052845955 24.764296375215054
// 8.2795348204672337 24.76426200941205
// 8.2795346947386861 24.764252160675824
// 8.2812826568260789 24.76569342892617
// 8.2812637137249112 24.765624781139195
// 8.2813463173806667 24.765906203538179
// 8.281332110054791 24.765869784168899
// 8.2813979918137193 24.765869029797614
// 8.2813089760020375 24.765789066441357
// 8.281390406191349 24.765815176069736
// 8.2812967384234071 24.765744809992611
// 8.2813520589843392 24.765699631534517
// 8.281375109218061 24.765745899640024
// 8.2813158491626382 24.765626373700798
// 8.2812529848888516 24.765564515255392
// 8.281234628520906 24.765519336797297
// 8.2812674436718225 24.765529436990619
// 8.2812532363459468 24.765500645153224
// 8.28195262234658 24.765280117280781
// 8.2820027461275458 24.765330995433033
// 8.2819874072447419 24.765315488912165
// 8.282013307325542 24.765283889137208
// 8.2819357747212052 24.765219097025692
// 8.2819191785529256 24.765147934667766
// 8.2819232856854796 24.765099068172276
// 8.2819619262591004 24.765109964646399
// 8.2820016564801335 24.765204763971269
// 8.2820623414590955 24.765225970186293
// 8.2820673706009984 24.765202500857413
// 8.2820731122046709 24.76517622359097
// 8.2819900894537568 24.765124632976949
// 8.2819860661402345 24.765097056515515
// 8.2820555521175265 24.764932938851416
// 8.2821863936260343 24.764822130091488
// 8.2821976253762841 24.764824812300503
// 8.2821955718100071 24.764807503670454
// 8.2821806939318776 24.764764378778636
// 8.2821521954610944 24.764730767346919
// 8.2890857895836234 24.775787084363401
// 8.29077139031142 24.778693174012005
// 8.2907588174566627 24.77866459172219
// 8.2907546265050769 24.77863768581301
// 8.2907466636970639 24.778612456284463
// 8.2898674858734012 24.777452400885522
// 8.2896362291648984 24.777341759763658
// 8.2896260870620608 24.777308064512908
// 8.2896782224997878 24.777305549941957
// 8.289620135910809 24.777279398404062
// 8.2896750373765826 24.777296246029437
// 8.2898508058860898 24.777419460006058
// 8.2898148475214839 24.777349052019417
// 8.2898611994460225 24.777353997342288
// 8.2897983770817518 24.777314895763993
// 8.2897907076403499 24.777294066734612
// 8.2898391550406814 24.777262550778687
// 8.2896008994430304 24.777186149731278
// 8.2896379055455327 24.777244445867836
// 8.2896433118730783 24.777227556332946
// 8.2896173698827624 24.777185101993382
// 8.289596289396286 24.777143150568008
// 8.2895953673869371 24.777122950181365
// 8.2896987162530422 24.777120519429445
// 8.2897531567141414 24.77722801733762
// 8.289737063460052 24.777196333743632
// 8.2898344611749053 24.777243272401392
// 8.2898179488256574 24.777175546623766
// 8.2897015661001205 24.777121022343636
// 8.2898070523515344 24.77712978143245
// 8.2895591994747519 24.77704721968621
// 8.2895565172657371 24.777037580497563
// 8.2896658172830939 24.777040262706578
// 8.2896433537825942 24.776968597434461
// 8.2897822419181466 24.777027941308916
// 8.289787438698113 24.777049398981035
// 8.2897608680650592 24.776939596049488
// 8.2898979121819139 24.77750604506582
// 8.2898780470713973 24.777472768910229
// 8.2898783823475242 24.777424489147961
// 8.2903688075020909 24.777271519415081
// 8.2903578272089362 24.777178983204067
// 8.289509410969913 24.776795175857842
// 8.2895056810230017 24.776762360706925
// 8.2894728239625692 24.776715589687228
// 8.2894659927114844 24.776688474230468
// 8.2894591614603996 24.776655994355679
// 8.2894520787522197 24.776625609956682
// 8.2896058028563857 24.776850244961679
// 8.2895298628136516 24.776800791732967
// 8.2895905477926135 24.776763073168695
// 8.2897413382306695 24.776858710683882
// 8.2897280110046268 24.776803809218109
// 8.2895879494026303 24.776738178916276
// 8.289555050432682 24.77668147534132
// 8.2895821239799261 24.776677368208766
// 8.2895531645044684 24.776657125912607
// 8.2895798608660698 24.776649959385395
// 8.2895448245108128 24.776590447872877
// 8.2896883646026254 24.776640613563359
// 8.2896742830052972 24.77658252697438
// 8.2897003507241607 24.776689563877881
// 8.2894983049482107 24.776509394869208
// 8.2894851872697473 24.776468449272215
// 8.2895227381959558 24.776441543363035
// 8.2894574012607336 24.77637411095202
// 8.2894473848864436 24.776348504237831
// 8.2894432358443737 24.776330273598433
// 8.2895029569044709 24.776332913897932
// 8.2894721115007997 24.776288238354027
// 8.2894924376159906 24.776277048513293
// 8.2895396696403623 24.776545981876552
// 8.2895668270066381 24.776524524204433
// 8.2896694215014577 24.776561739854515
// 8.2896587764844298 24.776517483405769
// 8.2895595347508788 24.776450260542333
// 8.2896456588059664 24.776464300230145
// 8.2895546732470393 24.776400136761367
// 8.2895472971722484 24.776325956918299
// 8.2896211417391896 24.776362753473222
// 8.2895425613969564 24.776276545599103
// 8.2895400887355208 24.776251860894263
// 8.289538286626339 24.776227511465549
// 8.2895812438800931 24.776197797618806
// 8.2895461237058043 24.776148260571063
// 8.2895676232874393 24.776143860071898
// 8.2895534997805953 24.776104842312634
// 8.2893051020801067 24.775867257267237
// 8.2892876258119941 24.775838800705969
// 8.2893244223669171 24.775827233679593
// 8.2892644917592406 24.775749449618161
// 8.2893362827599049 24.775800202041864
// 8.2893560221418738 24.775760094635189
// 8.2893569860607386 24.775726860389113
// 8.2892394298687577 24.775653057731688
// 8.2893386716023088 24.775689183734357
// 8.2892274018377066 24.775605825707316
// 8.2892162119969726 24.775563958100975
// 8.2892950857058167 24.775592205114663
// 8.2892100093886256 24.775540153495967
// 8.2892618933692575 24.775518109090626
// 8.2892469735816121 24.775485000573099
// 8.2892088359221816 24.775442504324019
// 8.287998572923243 24.770596171729267
// 8.287995345890522 24.770584143698215
// 8.2880074577406049 24.770577144809067
// 8.2879822282120585 24.770539007149637
// 8.2879812642931938 24.770478196442127
// 8.2880158396437764 24.770557782612741
// 8.2880219584330916 24.770545628853142
// 8.2880192343145609 24.770512143149972
// 8.2880114391446114 24.770466797053814
// 8.2879971479997039 24.770434484817088
// 8.287195754237473 24.768953234888613
// 8.2871960895135999 24.768915767781436
// 8.2871529227122664 24.768863883800805
// 8.2871417747810483 24.768834379501641
// 8.287154515273869 24.768805545754731
// 8.287162478081882 24.768795655108988
// 8.2871765596792102 24.768778304569423
// 8.2862934423610568 24.76735723670572
// 8.2862922688946128 24.767323709093034
// 8.2861727429553866 24.767141989432275
// 8.28628602437675 24.767285780981183
// 8.28616997692734 24.767103181220591
// 8.2862801570445299 24.766519675031304
// 8.2862708531320095 24.766478184610605
// 8.2862641476094723 24.766434598714113
// 8.2862606691196561 24.766390551812947
// 8.2862517004832625 24.766354258172214
// 8.2873891247436404 24.76768555585295
// 8.2886122958734632 24.768109931610525
// 8.288597627542913 24.768080343492329
// 8.2885742420330644 24.768009013496339
// 8.2885865634307265 24.768050503917038
// 8.288612044416368 24.768037009052932
// 8.2886081049218774 24.76801638957113
// 8.2873726962134242 24.767119106836617
// 8.2859539752826095 24.765040227212012
// 8.2966748904436827 24.766669208183885
// 8.2967279898002744 24.766677464358509
// 8.2966914447024465 24.766632369719446
// 8.2966498285531998 24.766582623124123
// 8.2966764410957694 24.766613678075373
// 8.2798550510779023 24.761551511473954
// 8.2798473816365004 24.761515846475959
// 8.2798355212435126 24.761480432935059
// 8.2798216072842479 24.76142963860184
// 8.2798126386478543 24.761397200636566
// 8.2798312045633793 24.761449042707682
// 8.2797997305169702 24.761349759064615
// 8.281239322386682 24.762928658165038
// 8.2812574272975326 24.762924299575388
// 8.281237562187016 24.762880797497928
// 8.2812751131132245 24.762847856618464
// 8.2812679884955287 24.762828662060201
// 8.2812410825863481 24.762765462510288
// 8.2816025940701365 24.760868051089346
// 8.2816099701449275 24.760846844874322
// 8.2804065803065896 24.759704978205264
// 8.2803857931867242 24.759655692614615
// 8.2804183149710298 24.759632642380893
// 8.2804136211052537 24.759617135860026
// 8.2804480707272887 24.75972140673548
// 8.2804792514070868 24.759731884114444
// 8.2804323965683579 24.759678575210273
// 8.2804728392511606 24.759673336520791
// 8.2804383477196097 24.759629960171878
// 8.2804667623713613 24.759612777270377
// 8.2803738070651889 24.759576567448676
// 8.2804385153576732 24.759568017907441
// 8.279099422506988 24.758609547279775
// 8.279085005633533 24.758558082394302
// 8.2790782582014799 24.758530044928193
// 8.2790699182078242 24.75849689450115
// 8.2790720136836171 24.758481639437377
// 8.2802199991419911 24.758133622817695
// 8.2802031515166163 24.758094144053757
// 8.2814150908961892 24.759757448919117
// 8.2812836626544595 24.759563910774887
// 8.2812624983489513 24.759528581053019
// 8.2812549965456128 24.759492916055024
// 8.2813486224040389 24.759668349288404
// 8.2813990814611316 24.759749234654009
// 8.2813795516267419 24.75971797015518
// 8.2813235186040401 24.759627152234316
// 8.2813318585976958 24.759641108103096
// 8.2813101494684815 24.75960657466203
// 8.2813131669536233 24.759588888846338
// 8.2774947071447968 24.752543563954532
// 8.277495545335114 24.752540127374232
// 8.2774934498593211 24.75252881180495
// 8.2803471526131034 24.7542824735865
// 8.2803406985476613 24.754241988994181
// 8.285747948102653 24.762813993729651
// 8.28573411796242 24.762763450853527
// 8.2857254846021533 24.762731934897602
// 8.2857144204899669 24.762690612114966
// 8.2857233053073287 24.762672423385084
// 8.2857172703370452 24.762652474455535
// 8.2857029791921377 24.76260649971664
// 8.2856937171891332 24.762575696222484
// 8.2857548631727695 24.76281663402915
// 8.289083861745894 24.736020653508604
// 8.2890938362106681 24.73599701654166
// 8.2890973566100001 24.735975223593414
// 8.2890992844477296 24.735963656567037
// 8.2891075825318694 24.735911102034152
// 8.2890730490908027 24.735844717361033
// 8.2891150424256921 24.735863911919296
// 8.2890742225572467 24.735796353779733
// 8.2891112705692649 24.7358015505597
// 8.2891035592183471 24.7357307234779
// 8.2912183133885264 24.739259672351182
// 8.2911982806399465 24.739220277406275
// 8.2912333169952035 24.73920879419893
// 8.2911805110052228 24.739151881076396
// 8.2912816805765033 24.739381209947169
// 8.2912908168509603 24.739394872449338
// 8.2912767352536321 24.739349274896085
// 8.291246728040278 24.739314238540828
// 8.2912552775815129 24.739279202185571
// 8.2911717519164085 24.739115796983242
// 8.2911669742316008 24.739098278805614
// 8.291192245669663 24.739075941033661
// 8.2911456422880292 24.739016094245017
// 8.2911797566339374 24.739035372622311
// 8.2911597238853574 24.738983404822648
// 8.2911260286346078 24.738940321840346
// 8.2911210833117366 24.738920708186924
// 8.2911128690466285 24.738888940773904
// 8.2890769047662616 24.735682276077569
// 8.2890948420390487 24.735652436502278
// 8.2890924951061606 24.735631230287254
// 8.2890792516991496 24.735588147304952
// 8.289080006070435 24.735550009645522
// 8.2897280948236585 24.729202562011778
// 8.2897195452824235 24.729167106561363
// 8.2960335072129965 24.706078944727778
// 8.2961116684600711 24.706325582228601
// 8.2961145183071494 24.706303789280355
// 8.2961162365972996 24.706281367689371
// 8.2961180387064815 24.70627177041024
// 8.2961216429248452 24.706237488426268
// 8.2961227325722575 24.706227430142462
// 8.2961266720667481 24.706193567253649
// 8.2961276778951287 24.706183425150812
// 8.2961316173896194 24.70614964608103
// 8.2961347186937928 24.706122991628945
// 8.2960657356306911 24.706032215617597
// 8.296139664016664 24.706078818999231
// 8.2961430586874485 24.706043321639299
// 8.2960892887786031 24.706007489003241
// 8.2961285999044776 24.705966417677701
// 8.2961491355672479 24.705993575043976
// 8.2961526559665799 24.705960885621607
// 8.2961549190804362 24.705940266139805
// 8.3182883402332664 24.723504795692861
// 8.3182691456750035 24.723364650271833
// 8.3159442991018295 24.717596098780632
// 8.3159181056544185 24.717525145970285
// 8.3159307623282075 24.717537048272789
// 8.3159053651615977 24.717489187605679
// 8.3159033954143524 24.717469364404678
// 8.3158777887001634 24.717394723556936
// 8.3159046107903123 24.71743059810251
// 8.3158947201445699 24.717391538433731
// 8.3158555766567588 24.717317945323884
// 8.3158844942227006 24.717349880374968
// 8.4495856566354632 25.023930729366839
// 8.4495877521112561 25.023908182047307
// 8.4495417354628444 25.023851688019931
// 8.4495424898341298 25.023849508725107
// 8.4495457587763667 25.023839701898396
// 8.4495491115376353 25.023830314166844
// 8.4495538054034114 25.02382134553045
// 8.44955715816468 25.02381204161793
// 8.4495579963549972 25.023807683028281
// 8.4495615167543292 25.023798882029951
// 8.4495636122301221 25.023790248669684
// 8.4504582965746522 25.021256231702864
// 8.4504612302407622 25.021248855628073
// 8.450464247725904 25.021241144277155
// 8.4504931652918458 25.021242401562631
// 8.4504678519442677 25.021227565594018
// 8.4504713723435998 25.021217842586339
// 8.4504755632951856 25.021208454854786
// 8.4504781616851687 25.021198396570981
// 8.4505233401432633 25.021229912526906
// 8.4504828555509448 25.021189008839428
// 8.4504865435883403 25.021179369650781
// 8.4504887228831649 25.021168976090848
// 8.4504933329299092 25.021160007454455
// 8.450496350415051 25.021149446256459
// 8.450496937148273 25.021145171485841
// 8.4505015471950173 25.021136705763638
// 8.4505167603492737 25.021128952503204
// 8.4505063248798251 25.021119522862136
// 8.4505100129172206 25.02111139241606
// 8.4505121083930135 25.02110259141773
// 8.4505162993445992 25.021094125695527
// 8.4531779726967216 25.015323352999985
// 8.453177553601563 25.015307175926864
// 8.4531426010653377 25.015236767940223
// 8.4531670762225986 25.015225452370942
// 8.4531591134145856 25.015203575603664
// 8.4529824228957295 25.015108441002667
// 8.4529953310266137 25.015123947523534
// 8.4531029127538204 25.015130694955587
// 8.4529832610860467 25.015089246444404
// 8.4529693890362978 25.015050312504172
// 8.4529580315575004 25.015017329715192
// 8.4531143540516496 25.015078433789313
// 8.4530619671568274 25.015022191219032
// 8.4530802397057414 25.015013474039733
// 8.4531306149438024 25.015123528428376
// 8.4530743723735213 25.015006097964942
// 8.4530468797311187 25.014971899800003
// 8.4419339848682284 24.942077756859362
// 8.4419116890057921 24.942011539824307
// 8.4418955119326711 24.941963930614293
// 8.4418611461296678 24.941862341947854
// 8.4418337373062968 24.941781875677407
// 8.4418109385296702 24.941713982261717
// 8.4413036657497287 24.941279380582273
// 8.4413026599213481 24.941255659796298
// 8.441281202249229 24.941209559328854
// 8.4412821242585778 24.941178630106151
// 8.4416060848161578 24.941108641214669
// 8.4415816096588969 24.941036640666425
// 8.4415585594251752 24.940968747250736
// 8.4415204217657447 24.940855507738888
// 8.4415109502151608 24.940827931277454
// 8.4414849663153291 24.940750985406339
// 8.4417795902118087 24.941621613688767
// 8.4417561208829284 24.941551960073411
// 8.44174740370363 24.94152647908777
// 8.4417238505557179 24.941456657834351
// 8.4417148819193244 24.941430506296456
// 8.4416842879727483 24.941339981742203
// 8.4416517661884427 24.941243925131857
// 8.4416303923353553 24.941180557943881
// 8.4459737269207835 24.941011578775942
// 8.4459842042997479 24.940993306227028
// 8.445965638384223 24.940960323438048
// 8.4459942625835538 24.940933207981288
// 8.4459542809054255 24.940890544094145
// 8.44598772469908 24.940881156362593
// 8.4459542809054255 24.940816867165267
// 8.4459548257291317 24.940807018429041
// 8.4459572983905673 24.940780405886471
// 8.4556075511500239 24.942133747972548
// 8.4555919608101249 24.942099549807608
// 8.455580435693264 24.942075870931149
// 8.439611024223268 24.937596037052572
// 8.4396342420950532 24.937604921869934
// 8.4396800072863698 24.937621434219182
// 8.4396950947120786 24.93762721773237
// 8.4397945879027247 24.937664768658578
// 8.4398081665858626 24.937669294886291
// 8.4398090047761798 24.937635934911668
// 8.4397916961461306 24.93760353885591
// 8.4398236311972141 24.937663804739714
// 8.439552434720099 24.937315410934389
// 8.4395436756312847 24.93724973872304
// 8.4395339107140899 24.9371835635975
// 8.4395479923114181 24.937145174480975
// 8.4395236847922206 24.937110473401845
// 8.4395961044356227 24.937590840272605
// 8.4396399417892098 24.937568041495979
// 8.4396412828937173 24.93754172232002
// 8.4396938374266028 24.937588828615844
// 8.4395741438493133 24.937468296848238
// 8.4395699528977275 24.937439798377454
// 8.439566264860332 24.937412054277956
// 8.4396475274115801 24.937395164743066
// 8.4396414505317807 24.937321110628545
// 8.4396123234182596 24.937266418710351
// 8.4395867167040706 24.937217929400504
// 8.4399873716756701 24.936916935257614
// 8.4400012856349349 24.936945266090333
// 8.4399003256112337 24.936741376295686
// 8.439859296195209 24.936659191735089
// 8.4398490702733397 24.936638572253287
// 8.4398979367688298 24.936612253077328
// 8.439887291751802 24.936592471785843
// 8.4399656625464559 24.936873433180153
// 8.4399487311020494 24.936839402653277
// 8.4400170436128974 24.936836217530072
// 8.4399266447871923 24.93679434992373
// 8.4399808337911963 24.936762289144099
// 8.4399982681497931 24.936794056557119
// 8.4399496950209141 24.936706591397524
// 8.4399263514205813 24.93666363414377
// 8.439795090816915 24.936529607512057
// 8.4397908160462976 24.936495409347117
// 8.4398509142920375 24.93652633856982
// 8.4398403111845255 24.936490757390857
// 8.439804813824594 24.936445285566151
// 8.4398144530132413 24.93641251232475
// 8.4398217452690005 24.936426258645952
// 8.4404371445998549 24.938021753914654
// 8.4404269186779857 24.938004738651216
// 8.4404285112395883 24.937997697852552
// 8.4404161060228944 24.937771470285952
// 8.4403940616175532 24.937736601568758
// 8.4403670718893409 24.937682622112334
// 8.4404041199013591 24.937688070349395
// 8.4403515653684735 24.937651441432536
// 8.4403971629217267 24.937639036215842
// 8.4403911279514432 24.937597545795143
// 8.4402880724519491 24.937522737309337
// 8.4403881942853332 24.937575333751738
// 8.440379393287003 24.937514481134713
// 8.4402541676536202 24.937455137260258
// 8.4403708437457681 24.937470559962094
// 8.4403508948162198 24.937434350140393
// 8.4402511920779943 24.937382591888309
// 8.4402534132823348 24.937353967688978
// 8.4403016930446029 24.937345082871616
// 8.4402890363708138 24.937322200275958
// 8.4402742004022002 24.937295042909682
// 8.4402695065364242 24.937286828644574
// 8.4403689997270703 24.936646115966141
// 8.4403697540983558 24.936623065732419
// 8.4403703827410936 24.936590166762471
// 8.4403306106105447 24.936556681059301
// 8.4403199655935168 24.936497840099037
// 8.4403722686693072 24.936530026607215
// 8.4403733583167195 24.936479399912059
// 8.4403254138305783 24.936424079351127
// 8.440374112688005 24.936456433497369
// 8.4403755376115441 24.93640664499253
// 8.440331113524735 24.93635140825063
// 8.4403768787160516 24.936352665536106
// 8.4403774654492736 24.936331459321082
// 8.4403901221230626 24.936318215914071
// 8.4403360588476062 24.936290387995541
// 8.4403404174372554 24.936234396882355
// 8.440430941991508 24.93633967358619
// 8.4404444368556142 24.936321317218244
// 8.4404273377731442 24.936258452944458
// 8.4400602523237467 24.935434469953179
// 8.4400460030883551 24.93538954295218
// 8.4400317119434476 24.935329821892083
// 8.4400636050850153 24.935329863801599
// 8.4400643594563007 24.93530111387372
// 8.4400654071941972 24.93527299258858
// 8.4400026267394423 24.935200992040336
// 8.4400008665397763 24.93516796734184
// 8.440000070258975 24.935145294293761
// 8.4400706039741635 24.935105689801276
// 8.4400714002549648 24.935076478868723
// 8.440072531811893 24.935046597383916
// 8.4399920655414462 24.934974010102451
// 8.4399913530796766 24.934956366196275
// 8.4400566061958671 24.934969148598611
// 8.4399891318753362 24.934912486933172
// 8.4399898024275899 24.934891699813306
// 8.4399770619347692 24.934651390649378
// 8.439975050278008 24.934606798924506
// 8.4399935742840171 24.934648373164237
// 8.4403430158272386 24.936197935603559
// 8.440405922010541 24.936179453507066
// 8.4404026949778199 24.936167006380856
// 8.4403502242639661 24.936106740497053
// 8.4403517749160528 24.93608876131475
// 8.4403710113838315 24.936049575917423
// 8.4403669880703092 24.936034656129777
// 8.4457375248894095 24.936889442615211
// 8.4457196714356542 24.93683269713074
// 8.4457029914483428 24.93676430080086
// 8.4457381116226315 24.936699508689344
// 8.445730023086071 24.936688654124737
// 8.4456967888399959 24.93663873989135
// 8.4456769237294793 24.936609654687345
// 8.4460273711010814 24.937594025395811
// 8.4460232639685273 24.937569047324359
// 8.4459110302850604 24.93729789275676
// 8.4458858845755458 24.937250032089651
// 8.4459102340042591 24.937243368476629
// 8.4458637563511729 24.937196052633226
// 8.4459100244566798 24.937175014056265
// 8.4458474116399884 24.937156825326383
// 8.4458319889381528 24.937119022943079
// 8.4458093577995896 24.937064205296338
// 8.4457902889698744 24.937017140910029
// 8.4459084738045931 24.937025690451264
// 8.4457680350169539 24.936963371001184
// 8.4459082642570138 24.936990444548428
// 8.4458953561261296 24.936929340474308
// 8.4458625828847289 24.936881479807198
// 8.4458397002890706 24.93684786837548
// 8.4458002215251327 24.936789949424565
// 8.4457888640463352 24.93677431717515
// 8.4457359323278069 24.935930049978197
// 8.4457236109301448 24.935893504880369
// 8.4457309870049357 24.935871879570186
// 8.4457183303311467 24.935836507938802
// 8.4408794576302171 24.932668316178024
// 8.4408806310966611 24.932651468552649
// 8.442909219302237 24.933090680278838
// 8.442919529043138 24.933053296990693
// 8.4428814332932234 24.932997347787023
// 8.4429253963753581 24.93302823510021
// 8.4429352032020688 24.932986660860479
// 8.442862699739635 24.93293494451791
// 8.4428492886945605 24.932889933697879
// 8.4429490333423018 24.932927987538278
// 8.4429589239880443 24.932886413298547
// 8.4428336983546615 24.932837379164994
// 8.4429666353389621 24.93285380769521
// 8.4429761487990618 24.932811940088868
// 8.4428116539493203 24.932763869874179
// 8.4427934652194381 24.932703101076186
// 8.4427740192040801 24.932637722231448
// 8.4429883444681764 24.932762193493545
// 8.4429694851860404 24.932717937044799
// 8.4429586725309491 24.932696144096553
// 8.4429248934611678 24.932627999223769
// 8.4427530225366354 24.932567020878196
// 8.4427288407459855 24.932486680336297
// 8.4427365940064192 24.932511867955327
// 8.4428860014304519 24.932549963705242
// 8.4428619034588337 24.932502899318933
// 8.4428502945229411 24.932478382252157
// 8.4426460275426507 24.932209239341319
// 8.4426301019266248 24.932155930437148
// 8.4427105681970716 24.932425073347986
// 8.4426964027807117 24.932377464137971
// 8.4428026014938951 24.932382996194065
// 8.4426813153550029 24.93232708889991
// 8.4426645515486598 24.932270678691566
// 8.4427668107673526 24.932311247102916
// 8.4428295912221074 24.932437059469521
// 8.4426659345626831 24.93223249912262
// 8.4427140885964036 24.932205216027796
// 8.4426913736388087 24.932159869931638
// 8.442678633145988 24.93213405366987
// 8.442602944560349 24.932064400054514
// 8.4425986697897315 24.932050318457186
// 8.4426342090591788 24.932044702582061
// 8.4425857616588473 24.932006816379726
// 8.4426129190251231 24.93200212251395
// 8.4425880247727036 24.931952334009111
// 8.4425577661022544 24.931913358159363
// 8.4425512701272964 24.93188314139843
// 8.4425722667947412 24.931920315138996
// 8.4425153536722064 24.931472805328667
// 8.4425227297469974 24.931487389840186
// 8.4425091510638595 24.93143433239311
// 8.4423046326264739 24.930973243899643
// 8.4422891261056066 24.930909289978445
// 8.4422747092321515 24.930850029923022
// 8.4422563528642058 24.930774089880288
// 8.4422538382932544 24.930763193406165
// 8.4422780619934201 24.930743663571775
// 8.4424626315012574 24.931372557766736
// 8.4424778865650296 24.931327211670578
// 8.4424771321937442 24.931324110366404
// 8.4424060117453337 24.931263299658895
// 8.442454794421792 24.931248044595122
// 8.4424923034384847 24.931376161985099
// 8.4423872781917453 24.931228389032185
// 8.4423648566007614 24.931181743741035
// 8.4424447361379862 24.931213678792119
// 8.4423475479707122 24.931149682961404
// 8.4423321252688766 24.931086231954396
// 8.4424127591773868 24.931102828122675
// 8.4423211449757218 24.931041388772428
// 8.4423079853877425 24.930986403487623
// 8.4423966240137815 24.931048220023513
// 8.4423637250438333 24.930935106240213
// 8.4423371963202953 24.930858369916677
// 8.442331706173718 24.930853801779449
// 8.4399285307154059 24.929491239599884
// 8.4399121860042214 24.929446983151138
// 8.4399268962442875 24.92942338809371
// 8.4399264771491289 24.929392961785197
// 8.4406230552121997 24.929452766664326
// 8.4422412654384971 24.930711728520691
// 8.4422516170889139 24.930685954168439
// 8.4422448696568608 24.930670657195151
// 8.4422198077663779 24.930615168996155
// 8.4429802978411317 24.929784857667983
// 8.442984321154654 24.929755856283009
// 8.4429723350331187 24.929724256508052
// 8.4429376339539886 24.929684442467988
// 8.4429098479449749 24.929644335061312
// 8.4428728418424726 24.929564162157476
// 8.4429784119129181 24.929530173540115
// 8.4428539825603366 24.929495346732438
// 8.4429750591516495 24.929517433047295
// 8.44295724760741 24.929468273185194
// 8.4428253164514899 24.929391914047301
// 8.4429278271272779 24.929391327314079
// 8.440584079362452 24.929218157194555
// 8.4405665611848235 24.929113048128784
// 8.4406055370345712 24.929347322322428
// 8.4405451035127044 24.928984469734132
// 8.4405293455347419 24.928889838047326
// 8.4405115759000182 24.928783136419952
// 8.4428186528384686 24.929329846054316
// 8.4429025137796998 24.929325277917087
// 8.4428289206698537 24.929290073923767
// 8.4428934194147587 24.92930268868804
// 8.4428363805636764 24.929262665100396
// 8.4428435051813722 24.929235843010247
// 8.4428692795336246 24.929238986223936
// 8.44285121653229 24.929207344539464
// 8.4433334693312645 24.930519573390484
// 8.4432907216250896 24.93043189868331
// 8.4433278953656554 24.930437137372792
// 8.4433223633095622 24.930422636680305
// 8.4433500235900283 24.930555657483637
// 8.4433374926447868 24.930528290569782
// 8.4433406358584762 24.930470497347414
// 8.4432398853823543 24.930309480987489
// 8.4433036716654897 24.930373937822878
// 8.4432536317035556 24.930302440188825
// 8.4431198565289378 24.929893570952117
// 8.4430761868134141 24.929843530990183
// 8.4430560283362865 24.929820019751787
// 8.4430859936401248 24.92985459510237
// 8.4430904360488057 24.929816708900034
// 8.4430209081619978 24.929779702797532
// 8.4430552320554852 24.929724591784179
// 8.4430431202054024 24.929694123566151
// 8.4430159209296107 24.929621829651296
// 8.4433328406885266 24.929398619569838
// 8.4433718165382743 24.929485288448632
// 8.4433602076023817 24.929458843544126
// 8.4433390432968736 24.929412365891039
// 8.4433836350217462 24.929366265423596
// 8.4432887937873602 24.92929975502193
// 8.4432370774447918 24.929183665663004
// 8.4431607183068991 24.929014267399907
// 8.4431965509429574 24.92909477557987
// 8.4431814216077328 24.929059948772192
// 8.4433340141549706 24.929081867448986
// 8.4432933619245887 24.929049764759839
// 8.4433840541169047 24.929345813579857
// 8.4433856466785073 24.929266520775855
// 8.443385437130928 24.929187521338463
// 8.4433674579486251 24.929107767529786
// 8.443348640576005 24.92909356020391
// 8.4431320941075683 24.928950774483383
// 8.443144247867167 24.928933423943818
// 8.4432003227993846 24.928977093659341
// 8.443230246193707 24.929000646807253
// 8.4520820807665586 24.933645436540246
// 8.4521128004416823 24.933645646087825
// 8.4520386205986142 24.933611112646759
// 8.4520253352820873 24.933600258082151
// 8.4519814560189843 24.933508685790002
// 8.4521103696897626 24.933627373538911
// 8.4520999761298299 24.933552942238748
// 8.4519166639074683 24.933291343040764
// 8.4518957091495395 24.933220432139933
// 8.4518993971869349 24.933195537887514
// 8.4519687993451953 24.933466608636081
// 8.451946503482759 24.933391003869474
// 8.4520740760490298 24.933449761010706
// 8.4520290652289987 24.93340156506747
// 8.4520029556006193 24.933373695239425
// 8.4519263869151473 24.933323697187006
// 8.4519680449739099 24.933306179009378
// 8.451965362764895 24.933297880925238
// 8.4519374510273337 24.933215570636094
// 8.4519236208871007 24.933174583129585
// 8.4590178960934281 24.929645801894367
// 8.4590113582089543 24.929610597901046
// 8.4590141242370009 24.929579333402216
// 8.4590123640373349 24.929560809396207
// 8.4589055785909295 24.929414880461991
// 8.4588945982977748 24.929377497173846
// 8.4589939238503575 24.92951697204262
// 8.4590068319812417 24.929490401409566
// 8.4590085921809077 24.929462154395878
// 8.4590103523805737 24.929434075020254
// 8.4589650062844157 24.92936106864363
// 8.4587813587859273 24.929062086157501
// 8.4587578056380153 24.929006430320442
// 8.4587305644527078 24.928942727856338
// 8.4587318636476994 24.928891640156507
// 8.4587483759969473 24.928844450041652
// 8.4587651398032904 24.928797176107764
// 8.4587815264239907 24.928749524988234
// 8.4588821511715651 24.929335126653314
// 8.4589026449248195 24.929317818023264
// 8.4588997112587094 24.92927364539355
// 8.4588568797335029 24.92925067897886
// 8.4588355896994472 24.92918907199055
// 8.4589391062036157 24.929257300682366
// 8.4588945982977748 24.929187814705074
// 8.4589600609615445 24.929335336200893
// 8.4589929599314928 24.92929975502193
// 8.4589771600440145 24.929235088638961
// 8.4588254895061255 24.929164806380868
// 8.4588035708293319 24.929113802500069
// 8.4588923351839185 24.929152275435627
// 8.4588912455365062 24.929135427810252
// 8.4588920837268233 24.929094607941806
// 8.4587931772693992 24.929089327342808
// 8.4589380165562034 24.929077592678368
// 8.4589218813925982 24.929013596847653
// 8.4589165588840842 24.928991259075701
// 8.4588957298547029 24.928907984867692
// 8.4588795946910977 24.928843067027628
// 8.45885771792382 24.928754637949169
// 8.4587948536500335 24.92871172260493
// 8.4588005533441901 24.928696299903095
// 8.4588410379365087 24.92868775036186
// 8.4588223462924361 24.928634106181562
// 8.4393849642947316 24.926856975071132
// 8.4393685776740313 24.926822567358613
// 8.4393563820049167 24.926795870997012
// 8.4393367683514953 24.926737030036747
// 8.4393347566947341 24.926730073057115
// 8.4393486706539989 24.926726049743593
// 8.4393183700740337 24.926667753607035
// 8.4393234411254525 24.926635106094182
// 8.4392135543748736 24.926291783340275
// 8.4392911707982421 24.926572074182332
// 8.439276753924787 24.9265201902017
// 8.4393050009384751 24.92656905669719
// 8.4392672823742032 24.926485740579665
// 8.4392620017752051 24.926466294564307
// 8.4392487583681941 24.926418350078166
// 8.4392624208703637 24.92641516495496
// 8.439231994561851 24.926358251832426
// 8.4392409631982446 24.926338470540941
// 8.4392293961718678 24.92629639338702
// 8.4392144763842225 24.92624266538769
// 8.4391880733892322 24.926199750043452
// 8.4391964552924037 24.926177621819079
// 8.4391744527965784 24.926150003448129
// 8.4391583176329732 24.92609262932092
// 8.4391705552116036 24.926083995960653
// 8.4391608322039247 24.926049211062491
// 8.439136273227632 24.926012917421758
// 8.4391204314306378 24.92595583666116
// 8.4391317050904036 24.925995105877519
// 8.4391311602666974 24.925942341797054
// 8.4396272012963891 24.923477475531399
// 8.4396091802045703 24.923369432799518
// 8.4395910752937198 24.923260635696352
// 8.4427818981930614 24.923232472501695
// 8.4427855862304568 24.923224593512714
// 8.4427903639152646 24.923215205781162
// 8.4427912021055818 24.923212775029242
// 8.4427943872287869 24.92320145945996
// 8.4427983267232776 24.923193077556789
// 8.4428020985797048 24.923183270730078
// 8.4428065409883857 24.923173966817558
// 8.4426228096708655 24.922871799208224
// 8.4426488354802132 24.922843761742115
// 8.4427176089957356 24.923086795024574
// 8.4428083850070834 24.923170111142099
// 8.4427958121523261 24.92313691880554
// 8.4427829878404737 24.923111186362803
// 8.4426904516294599 24.923025188036263
// 8.4427280863747001 24.923000880517066
// 8.4427438024431467 24.923032941296697
// 8.442666563205421 24.92297078948468
// 8.4427157649770379 24.922976489178836
// 8.4427062096074224 24.922956707887352
// 8.4426681557670236 24.922880851663649
// 8.4426018549129367 24.922824189998209
// 8.4426343766972423 24.922813125886023
// 8.4425735240802169 24.922759900800884
// 8.4426112845540047 24.922767989337444
// 8.4425397450104356 24.922683290205896
// 8.4425656031817198 24.922741251066327
// 8.4425732726231217 24.922690163366497
// 8.4425543714314699 24.922652905806899
// 8.4425439359620214 24.922631741501391
// 8.4425303572788835 24.922604165039957
// 8.4440147085115314 24.927109186537564
// 8.4440214559435844 24.9270373955369
// 8.4440508345142007 24.927111365832388
// 8.4440977731719613 24.927091500721872
// 8.4441334381699562 24.92706086486578
// 8.4440261917188764 24.926969376392663
// 8.4441421972587705 24.926993935368955
// 8.4440296702086926 24.926933627575636
// 8.4440357051789761 24.926862884312868
// 8.4441550215706229 24.926891424693167
// 8.4440380940213799 24.926827135495842
// 8.4441608050838113 24.926845743320882
// 8.4441678458824754 24.926788494922221
// 8.4440470626577735 24.926720014773309
// 8.444173545576632 24.926743400283158
// 8.4440500801429152 24.926684559322894
// 8.4440743876621127 24.926684307865798
// 8.4441007068380713 24.926670729182661
// 8.4440552769228816 24.926623539067805
// 8.4441228350624442 24.926659413613379
// 8.4441820112988353 24.926674333401024
// 8.4441606374457479 24.926639464683831
// 8.4441870404407382 24.926634351722896
// 8.4440603060647845 24.926604931242764
// 8.4435490099713206 24.925916357897222
// 8.4435620019212365 24.9258898710832
// 8.4435646841302514 24.925864222459495
// 8.4435127163305879 24.925794987939298
// 8.4435735689476132 24.925775290466845
// 8.4434874029830098 24.925709911622107
// 8.4434718964621425 24.925658027641475
// 8.443445242010057 24.925575968809426
// 8.4435840463265777 24.925672528333962
// 8.4435916738584638 24.925597510300577
// 8.4434359380975366 24.925548727624118
// 8.4434102475643158 24.925466626882553
// 8.4435941884294152 24.925572699867189
// 8.443601899780333 24.925496676005423
// 8.4436095273122191 24.925421071238816
// 8.4434081939980388 24.925383771769702
// 8.4434518637135625 24.925370193086565
// 8.4434953657910228 24.925356614403427
// 8.4435393707826734 24.925343035720289
// 8.4435832919552922 24.925329624675214
// 8.4436170710250735 24.925346220843494
// 8.445710870437324 24.925837651826441
// 8.4457152290269732 24.925810326822102
// 8.4457083558663726 24.92576917167753
// 8.4457237785682082 24.925755257718265
// 8.4457064280286431 24.925716449506581
// 8.4457053383812308 24.925686526112258
// 8.4457060089334846 24.925659033469856
// 8.4415997983887792 24.921775194816291
// 8.4416811028495431 24.921961189247668
// 8.4416700806468725 24.921936253085732
// 8.4416546998545527 24.921902264468372
// 8.4417111100628972 24.921916932798922
// 8.441633996553719 24.921855828724802
// 8.4416276263073087 24.921841328032315
// 8.4416692005470395 24.921802519820631
// 8.4416461922228336 24.921741541475058
// 8.4416351700201631 24.921710570342839
// 8.4427969437092543 24.92009692825377
// 8.4428882645443082 24.92017584387213
// 8.442974891513586 24.92024989798665
// 8.4428388951346278 24.920133431442082
// 8.4426462789997458 24.919967637397349
// 8.4426239831373096 24.919948275201023
// 8.4425474563613534 24.919882477261126
// 8.4425254538655281 24.919862486422062
// 8.4425202570855618 24.919795598834753
// 8.4427296789363027 24.920039386488497
// 8.4427000908181071 24.920013821683824
// 8.4427465265616775 24.920053803361952
// 8.4429457644000649 24.919744259677827
// 8.4429769869893789 24.919766178354621
// 8.4429654618725181 24.919757838360965
// 8.4425601130351424 24.919708636589348
// 8.4425873123109341 24.919651430100203
// 8.4426137572154403 24.919593301601708
// 8.4426407469436526 24.919535717926919
// 8.442690116353333 24.919567736797035
// 8.4427079698070884 24.919579974375665
// 8.4427149267867208 24.919584668241441
// 8.4427618654444814 24.919617525301874
// 8.4427931299433112 24.919638731516898
// 8.4427800541743636 24.919629595242441
// 8.4428803017362952 24.919698997400701
// 8.4428975684568286 24.919710899703205
// 8.4428577544167638 24.919683909974992
// 8.4428264899179339 24.919661865569651
// 8.442928665317595 24.919732525013387
// 8.4429303416982293 24.919733447022736
// 8.4426622884348035 24.919548290781677
// 8.4426516434177756 24.919541249983013
// 8.4432471776381135 24.92047197651118
// 8.4432123927399516 24.920455128885806
// 8.4431638615205884 24.92041330318898
// 8.4431072836741805 24.92036443669349
// 8.4430311759933829 24.920298806391656
// 8.4430115623399615 24.920281958766282
// 8.4431762667372823 24.920423948206007
// 8.4432295337319374 24.920371435582638
// 8.4432213613763452 24.920313809998333
// 8.4432121412828565 24.920256896875799
// 8.4432030888274312 24.920200486667454
// 8.4431938687339425 24.920143573544919
// 8.4431871632114053 24.920102334581316
// 8.4431490674614906 24.919913448393345
// 8.4431755961850286 24.920031591318548
// 8.4431657893583179 24.919971493072808
// 8.4431485226377845 24.919909634627402
// 8.4431344410404563 24.919874430634081
// 8.4431140730157495 24.919860768131912
// 8.4430851554498076 24.919840064831078
// 8.443011143244803 24.919789186678827
// 8.4430155018344522 24.919792287983
// 8.4430362889543176 24.919806704856455
// 8.4441370004788041 24.920151284895837
// 8.4441282832995057 24.920114488340914
// 8.4441481903195381 24.920091144740582
// 8.4441167581826448 24.920066082850099
// 8.4441542671993375 24.920040140859783
// 8.4440957615152001 24.919979455880821
// 8.4440813865512609 24.91991856135428
// 8.4441354917362332 24.919940144754946
// 8.4440718730911613 24.919879878871143
// 8.444107579998672 24.919838136993349
// 8.4441134054213762 24.919860558584332
// 8.4441032214090228 24.919822714291513
// 8.4440450929105282 24.919766429811716
// 8.4440810093656182 24.919741661287844
// 8.4440093440935016 24.919618447311223
// 8.4439948434010148 24.919558684341609
// 8.4439862100407481 24.919522223062813
// 8.4440107690170407 24.919486013241112
// 8.4440057817846537 24.919468117877841
// 8.4439557837322354 24.919395907782018
// 8.4440357470884919 24.919729507528245
// 8.4440713282674551 24.919706834480166
// 8.4440587135031819 24.919660440646112
// 8.4440431231632829 24.919604030437768
// 8.4440263593569398 24.919542255811393
// 8.4439461445435882 24.919355171732605
// 8.4439410315826535 24.919334636069834
// 8.443934409879148 24.91930655669421
// 8.4439197415485978 24.919245955534279
// 8.4439515927806497 24.919270011596382
// 8.443910269998014 24.919205973856151
// 8.4439276205375791 24.919182839803398
// 8.4438953502103686 24.919144199229777
// 8.4438867168501019 24.919107905589044
// 8.4438818553462625 24.919087872840464
// 8.4438997926190495 24.919081921689212
// 8.4438419155776501 24.918920192867517
// 8.4438446396961808 24.918880504556
// 8.4438636666163802 24.919012100435793
// 8.4438756527379155 24.918993492610753
// 8.4438662650063634 24.918959294445813
// 8.4438278339803219 24.918861519545317
// 8.4438364254310727 24.918850581161678
// 8.4438153868541121 24.918810012750328
// 8.4438023949041963 24.918756536208093
// 8.4438008861616254 24.918749998323619
// 8.4437932586297393 24.918718817643821
// 8.4437915403395891 24.918688097968698
// 8.4437837870791554 24.918659809045494
// 8.4437749022617936 24.918627203442156
// 8.4437592281028628 24.918569955043495
// 8.4437499241903424 24.918537684716284
// 8.4437480801716447 24.918530224822462
// 8.4573910944163799 24.926472622901201
// 8.4571924852207303 24.926261943764985
// 8.4573841374367476 24.926431803032756
// 8.4573841793462634 24.926396976225078
// 8.4573683375492692 24.926352803595364
// 8.4573268052190542 24.926341278478503
// 8.4573073172941804 24.926301338709891
// 8.4573615062981844 24.926315462216735
// 8.4573547588661313 24.926276528276503
// 8.4570642840117216 24.925986053422093
// 8.4570343187078834 24.925919962115586
// 8.4571842709556222 24.926242413930595
// 8.4571620170027018 24.926202977076173
// 8.4571471391245723 24.926170245744288
// 8.4571240050718188 24.926118780858815
// 8.4572076564654708 24.926146441139281
// 8.4572154516354203 24.926114003174007
// 8.457286236807704 24.926257627084851
// 8.4573510708287358 24.926256076432765
// 8.4573849337175488 24.926221710629761
// 8.4573850175365806 24.926216010935605
// 8.457396668381989 24.926195391453803
// 8.4573346422985196 24.9261644622311
// 8.4571095043793321 24.926086594350636
// 8.457091567106545 24.92604719940573
// 8.4573144419118762 24.92605256382376
// 8.4573008213192225 24.92597515694797
// 8.4574189642444253 24.926531338132918
// 8.4574415115639567 24.926526308991015
// 8.4574624663218856 24.926507952623069
// 8.457483840174973 24.926489177159965
// 8.4574801521375775 24.926449111662805
// 8.4574522404000163 24.926364202983677
// 8.4574387455359101 24.926323215477169
// 8.457418461330235 24.926261273212731
// 8.4570126095786691 24.925872017629445
// 8.456971999257803 24.925780612975359
// 8.4569860389456153 24.925812841393054
// 8.4569461410865188 24.925724328495562
// 8.4569170977920294 24.925649939104915
// 8.4568989090621471 24.925595875829458
// 8.4572870749980211 24.925873735919595
// 8.4572620131075382 24.925786983221769
// 8.4572359034791589 24.925706475041807
// 8.457220564596355 24.9256602069363
// 8.457200531847775 24.925599019043148
// 8.4568808879703283 24.925543321296573
// 8.4568621544167399 24.925488042645156
// 8.4568920778110623 24.925450407899916
// 8.4569343226030469 24.925417550839484
// 8.456976399756968 24.925384777598083
// 8.4570190217345953 24.925351878628135
// 8.4570608893409371 24.925318979658186
// 8.4571741707623005 24.925520438700914
// 8.4571475582197309 24.925438254140317
// 8.4571335604414344 24.925395841710269
// 8.4571202332153916 24.925354938022792
// 8.4571053134277463 24.925309759564698
// 8.4544853819534183 24.921189551241696
// 8.454468660056591 24.921133853495121
// 8.4544983739033341 24.921231041662395
// 8.4544705878943205 24.921106277033687
// 8.45444540027529 24.921034821309149
// 8.4544251160696149 24.920993582345545
// 8.4544207574799657 24.920979249291122
// 8.4544796822592616 24.920946978963912
// 8.454390331171453 24.920879839919508
// 8.4544760780408978 24.920892496593297
// 8.4543722681701183 24.920820202678442
// 8.4544693725183606 24.920838517136872
// 8.4544549975544214 24.92079078219831
// 8.4543087333440781 24.920608475804329
// 8.4542942326515913 24.92054452188313
// 8.4542989684268832 24.920482453890145
// 8.4543535346165299 24.920760146342218
// 8.4543351782485843 24.920700467191637
// 8.4544298937544227 24.920704574324191
// 8.4543235274031758 24.920662329532206
// 8.4544164407998323 24.92065985687077
// 8.4543904149904847 24.920571050606668
// 8.4543636767193675 24.920480777509511
// 8.4543513134121895 24.920441843569279
// 8.454307266511023 24.920382793061435
// 8.4543192107230425 24.920330783352256
// 8.4543045843020082 24.920295872725546
// 8.4543443145230412 24.920415482483804
// 8.454323192127049 24.920343817211688
// 8.4544328274205327 24.920349852181971
// 8.4544385690242052 24.920322401449084
// 8.454436850734055 24.920295453630388
// 8.4543973719701171 24.920228314585984
// 8.4544340847060084 24.920252119190991
// 8.4544288041070104 24.920171150006354
// 8.4543596534058452 24.92009914945811
// 8.4544252837076783 24.920117505826056
// 8.454346158541739 24.92005321662873
// 8.4544220147654414 24.920067298226058
// 8.4543384471908212 24.919991777278483
// 8.4543756628409028 24.919956657104194
// 8.4544167341664433 24.919987670145929
// 8.4543983777984977 24.919906365685165
// 8.4559143288061023 24.917342341504991
// 8.4558524703606963 24.917182330973446
// 8.4559101378545165 24.917309819720685
// 8.4558934578672051 24.917288278229535
// 8.4559009177610278 24.917261456139386
// 8.455869066528976 24.917225413955748
// 8.4558433340862393 24.917159364558756
// 8.4558293363079429 24.917123154737055
// 8.4558147098869085 24.917084639891982
// 8.4557804698124528 24.916997007094324
// 8.4557968145236373 24.917038665153086
// 8.4558107284829021 24.9170344742015
// 8.4635147033259273 24.937642975710332
// 8.4635336045175791 24.937614100053906
// 8.4635051479563117 24.937513726763427
// 8.4635551879182458 24.937576842494309
// 8.4635811718180776 24.937531077302992
// 8.4635011246427894 24.937460669316351
// 8.4634964726865292 24.937395583838224
// 8.4635887993499637 24.937374084256589
// 8.4634901443496346 24.937314153648913
// 8.4635703591629863 24.937331504188478
// 8.4635308384895325 24.937267005443573
// 8.4634826006367803 24.937213654629886
// 8.4635003702715039 24.937170990742743
// 8.4635132784023881 24.937200746499002
// 8.463477068580687 24.937139223329723
// 8.4635964268818498 24.937504171393812
// 8.4636153280735016 24.937445372343063
// 8.4635961754247546 24.937390848062932
// 8.4595911344513297 24.928943566046655
// 8.459589877165854 24.928905763663352
// 8.4595851833000779 24.928866703994572
// 8.4595805732533336 24.928828901611269
// 8.4600634546950459 24.922227985225618
// 8.46002162899822 24.922171155922115
// 8.4601029334589839 24.922203761525452
// 8.4600968984887004 24.922144836746156
// 8.4600075474008918 24.922073255293071
// 8.4600856667384505 24.922095970250666
// 8.4600008418783545 24.922026819549501
// 8.4599958965554833 24.921991699375212
// 8.4600765304639935 24.922055653296411
// 8.4599796356633306 24.921878459863365
// 8.459969493560493 24.921807800419629
// 8.4600521810352802 24.921949077397585
// 8.4600380156189203 24.921886464580894
// 8.4600239340215921 24.921823935583234
// 8.4602133231237531 24.922111895866692
// 8.460218058899045 24.922085953876376
// 8.4601989900693297 24.922041152603924
// 8.4602023847401142 24.922019150108099
// 8.4601932065561414 24.921988598071039
// 8.4599622851237655 24.92175608407706
// 8.4599518915638328 24.921684167347848
// 8.4599451860412955 24.921636725775898
// 8.4600104810670018 24.921763376332819
// 8.4599957289174199 24.921699254773557
// 8.4599394863471389 24.921596660278738
// 8.4599362593144178 24.921573651954532
// 8.4599622013047338 24.921550140716136
// 8.4599566692486405 24.921526168473065
// 8.4599219681695104 24.921475038863719
// 8.4599175257608294 24.921444193460047
// 8.5097392229363322 24.92802910041064
// 8.5075362073257565 24.925427692942321
// 8.5075217066332698 24.925391818396747
// 8.5075388895347714 24.925442696548998
// 8.5074846586212516 24.92516668047756
// 8.5088155372068286 24.924289681948721
// 8.5088113462552428 24.924255483783782
// 8.5088064847514033 24.924216927029192
// 8.508815998211503 24.924191990867257
// 8.5087982704862952 24.92414886597544
// 8.5087944148108363 24.924116930924356
// 8.5087923612445593 24.92409928701818
// 8.5087913135066628 24.924076278693974
// 8.5095647117123008 24.927825587801635
// 8.5095426673069596 24.927799603901803
// 8.5094699962064624 24.927714862860739
// 8.5095719201490283 24.927608328871429
// 8.5095385601744056 24.927567257545888
// 8.509492794983089 24.927511014975607
// 8.5094748577103019 24.927489473484457
// 8.50942297372967 24.927326361648738
// 8.5094360494986176 24.927441948093474
// 8.5094264941290021 24.927371540106833
// 8.5096439206972718 24.927917956374586
// 8.5096699884161353 24.927728273905814
// 8.5096875904127955 24.927749396301806
// 8.5096300067380071 24.92767923977226
// 8.5096284560859203 24.927676264196634
// 8.5096675157546997 24.927640557289124
// 8.5096754366531968 24.927630792371929
// 8.5096610197797418 24.927564156241715
// 8.5096390591934323 24.927463908679783
// 8.5096219182014465 24.927423298358917
// 8.5096162604168057 24.927360727451742
// 8.5096033522859216 24.927300713025033
// 8.5094150109216571 24.927223934791982
// 8.5094088921323419 24.927149252034724
// 8.5095889354124665 24.927235417999327
// 8.5095777036622167 24.927184036932886
// 8.509405036456883 24.927099631167948
// 8.5093995463103056 24.927028091624379
// 8.5093932179734111 24.926950517110527
// 8.5095492471009493 24.927055416628718
// 8.5095330281183124 24.926979434676468
// 8.5092335427179933 24.926756476052105
// 8.5092246579006314 24.926720266230404
// 8.5092104924842715 24.926648936234415
// 8.509211833588779 24.926656563766301
// 8.5092246579006314 24.926638375036418
// 8.5093904100358486 24.926908146589994
// 8.5093842493370175 24.926836439408362
// 8.509508385322988 24.926867536269128
// 8.5095127439126372 24.926886814646423
// 8.509485125541687 24.926792979240417
// 8.5093756159767509 24.926726217381656
// 8.5093694971874356 24.926651786081493
// 8.5094826109707355 24.926751907914877
// 8.5094677330926061 24.926681709475815
// 8.509453902952373 24.926618342287838
// 8.5091946506872773 24.926570481620729
// 8.5091907111927867 24.926550448872149
// 8.509168247692287 24.926437879912555
// 8.5092139709740877 24.926501037552953
// 8.5091701755300164 24.926446848548949
// 8.5091625899076462 24.926404729485512
// 8.5092085646465421 24.926426815800369
// 8.5091950697824359 24.926361856050789
// 8.5091410484164953 24.926300039514899
// 8.5091604525223374 24.926274768076837
// 8.5091740312054753 24.926308798603714
// 8.5093619953840971 24.926554514095187
// 8.5094244824722409 24.926484567113221
// 8.5094182379543781 24.926456529647112
// 8.5094415815547109 24.926561848260462
// 8.5094267455860972 24.926494457758963
// 8.5094084730371833 24.926410974003375
// 8.5094013903290033 24.926379667595029
// 8.5093423398211598 24.926308379508555
// 8.5093465307727456 24.92628809530288
// 8.5093759931623936 24.926265086978674
// 8.5091474605724216 24.926241911016405
// 8.5091204708442092 24.926197989843786
// 8.5091273859143257 24.92619451135397
// 8.5093591874465346 24.926259596832097
// 8.5089880367740989 24.924774491228163
// 8.5089864442124963 24.924757308326662
// 8.5057913046330214 24.920322066172957
// 8.5058017401024699 24.920317162759602
// 8.5057872394099832 24.920277097262442
// 8.505773157812655 24.920238456688821
// 8.5057488502934575 24.92019830737263
// 8.5057506943121552 24.920176430605352
// 8.5057317512109876 24.920123456977308
// 8.5057181306183338 24.920087959617376
// 8.5061623295769095 24.920193781144917
// 8.5061480803415179 24.920123624615371
// 8.5057112155482173 24.920066962949932
// 8.5056910151615739 24.920028657652438
// 8.5056927334517241 24.920032890513539
// 8.5056702280417085 24.919967972673476
// 8.505659750662744 24.919937127269804
// 8.5056492732837796 24.919906533323228
// 8.5056399274617434 24.919870281592011
// 8.5056237084791064 24.919831096194685
// 8.5056188469752669 24.919811398722231
// 8.5056027537211776 24.919769740663469
// 8.5056501952931285 24.919909131713212
// 8.5061291372403502 24.920029914937913
// 8.5061145946383476 24.919955693185329
// 8.5061195818707347 24.919918435625732
// 8.5061295563355088 24.91992664989084
// 8.5064828535541892 24.920834829099476
// 8.5064586717635393 24.920808719471097
// 8.5065872082486749 24.920946308411658
// 8.5066582867875695 24.921022080816329
// 8.5066117253154516 24.920972166582942
// 8.5066500725224614 24.920948152430356
// 8.50655447691679 24.920909889042377
// 8.5066478094086051 24.920936250127852
// 8.5066381702199578 24.920888221822679
// 8.506619562394917 24.920794176869094
// 8.5063108569011092 24.920651181600988
// 8.5062624933198094 24.920610948465765
// 8.5064024291932583 24.920748118311167
// 8.5063507547602057 24.920693845488131
// 8.5062379343435168 24.920566943474114
// 8.5062237689271569 24.920497625134885
// 8.5062094358727336 24.920426295138896
// 8.5066013736650348 24.920701640658081
// 8.5065844422206283 24.920615977607667
// 8.5065743420273066 24.920566147193313
// 8.5065608052536845 24.920497122220695
// 8.506550956517458 24.920449387282133
// 8.506195773370564 24.920358736999333
// 8.5061813564971089 24.920288077555597
// 8.506167191080749 24.920217166654766
// 8.506507370620966 24.92024252191186
// 8.5064951749518514 24.920231499709189
// 8.5064352443441749 24.920181878842413
// 8.5064002918079495 24.920152626000345
// 8.5063820611685514 24.920137664303184
// 8.506360393948853 24.920119349844754
// 8.5065354919061065 24.92036887910217
// 8.5065218294039369 24.920299896039069
// 8.506249082274735 24.920026729814708
// 8.5062311450019479 24.920011307112873
// 8.5063034808263183 24.920071992091835
// 8.5062628285959363 24.920038129203022
// 8.5061796801164746 24.919968727044761
// 8.5055868281051517 24.919723556376994
// 8.5059783468022943 24.918200732208788
// 8.5060995491221547 24.918327550403774
// 8.506124778650701 24.918353701941669
// 8.5061302268877625 24.918320844881237
// 8.5060190828517079 24.9182433122769
// 8.5060006426647305 24.918223950080574
// 8.5061116190627217 24.918226380832493
// 8.5059474175795913 24.918168461881578
// 8.5059509798884392 24.918171353638172
// 8.5058540431782603 24.918070728890598
// 8.5058335913345218 24.918049606494606
// 8.5060968669131398 24.918152620084584
// 8.506074738688767 24.918040805496275
// 8.5057335114106536 24.917944916523993
// 8.5058019077405334 24.918016497977078
// 8.5057384567335248 24.917950113303959
// 8.5056970501318574 24.917906778864563
// 8.5056457528844476 24.917771914042532
// 8.5056245885789394 24.917688723653555
// 8.5058107087388635 24.917722544632852
// 8.5057610040530562 24.917682311497629
// 8.5060705477371812 24.918019347824156
// 8.5060557955875993 24.917945000343025
// 8.5060435580089688 24.917882387526333
// 8.5059614153578877 24.917770405299962
// 8.5058268019929528 24.917727573774755
// 8.5058553004637361 24.917736877687275
// 8.5059057595208287 24.917752803303301
// 8.5059302765876055 24.917760891839862
// 8.5060365172103047 24.917847267352045
// 8.5059935180470347 24.917780715040863
// 8.5056009097024798 24.917598157189786
// 8.5055856546387076 24.917539400048554
// 8.5057045519351959 24.917594343423843
// 8.5057449107989669 24.917654902674258
// 8.5057044262066483 24.917586757801473
// 8.5056698089465499 24.917528084479272
// 8.5055748419836164 24.917498077265918
// 8.5056334314867854 24.917466812767088
// 8.5056174639612436 24.917440367862582
// 8.5055430745705962 24.917374611832201
// 8.5056002391502261 24.917410486377776
// 8.5055726626887918 24.917363966815174
// 8.5055517079308629 24.91732859518379
// 8.5055353632196784 24.917301186360419
// 8.5055239638313651 24.917281740345061
// 8.4409069921821356 24.913647891953588
// 8.4409299166873097 24.913616837002337
// 8.4408712014555931 24.913563318550587
// 8.4409010829403996 24.913565120659769
// 8.4409444173797965 24.913645000196993
// 8.4408337762579322 24.913479792885482
// 8.440849450416863 24.91351633798331
// 8.4408657951280475 24.913501753471792
// 8.4408217063173652 24.913452384062111
// 8.4408355364575982 24.913447522558272
// 8.4408103907480836 24.913426567800343
// 8.440807624720037 24.913396895863116
// 8.4407909447327256 24.91336680483073
// 8.4407713310793042 24.913336462341249
// 8.4413001453503966 24.911756054498255
// 8.4412861056625843 24.911705385893583
// 8.4412780171260238 24.911673995666206
// 8.4499160712584853 24.913312741555274
// 8.4499085694551468 24.913277998566628
// 8.4498948650434613 24.913225234486163
// 8.4498887462541461 24.913199585862458
// 8.449928225018084 24.913175529800355
// 8.4499255428090692 24.913167566992342
// 8.4498980501666665 24.913118197582662
// 8.4498599963262677 24.913081568665802
// 8.4556880174204707 24.916758206672966
// 8.4556901128962636 24.916730378754437
// 8.4556781267747283 24.916699784807861
// 8.4556691581383348 24.916677824221551
// 8.4557701600715518 24.916970101185143
// 8.4557753568515182 24.916945374570787
// 8.4557623649016023 24.916912517510355
// 8.4557304298505187 24.91686784196645
// 8.4557461878284812 24.916871446184814
// 8.455718862824142 24.91683800239116
// 8.4557078406214714 24.916807450354099
// 8.4557128278538585 24.916787459515035
// 8.4556390251964331 24.916631514206529
// 8.4556426713243127 24.916610685177147
// 8.455619621090591 24.916581935249269
// 8.4556195372715592 24.9165526824072
// 8.4559339424595237 24.908014540560544
// 8.4559269016608596 24.907984868623316
// 8.4559135744348168 24.907948491163552
// 8.4474852774292231 24.90211539901793
// 8.4474695613607764 24.902072860859334
// 8.4474824694916606 24.90205651614815
// 8.4474800806492567 24.902014648541808
// 8.4501418797299266 24.905482702888548
// 8.4501280495896935 24.905446576885879
// 8.4501639241352677 24.90541732404381
// 8.4501044964417815 24.905340294353664
// 8.4501800173893571 24.905370469205081
// 8.4500979585573077 24.905310035683215
// 8.4500817814841866 24.905237699858844
// 8.4500694600865245 24.9051812896505
// 8.4500612458214164 24.905144576914608
// 8.4500454878434539 24.905074252746999
// 8.4502049116417766 24.905299474485219
// 8.4502322366461158 24.905226300470531
// 8.4502589330077171 24.905153252184391
// 8.4502866351976991 24.905080539174378
// 8.4502811869606376 24.904990936629474
// 8.4500182466581464 24.904951206408441
// 8.4500029496848583 24.904880505055189
// 8.4499908797442913 24.904825519770384
// 8.4499628003686666 24.904741449281573
// 8.4499362716451287 24.904664042405784
// 8.4502769121900201 24.904965874738991
// 8.4502665186300874 24.904905357398093
// 8.4502561250701547 24.904844504781067
// 8.4502425463870168 24.904763954691589
// 8.4502359246835113 24.90472489502281
// 8.4502257825806737 24.904664880596101
// 8.4488125517964363 24.904044158756733
// 8.4487954946234822 24.904003799892962
// 8.4487963328137994 24.903971697203815
// 8.4498526202514768 24.904416943900287
// 8.4498328389599919 24.904358605854213
// 8.4498182963579893 24.904314810410142
// 8.4494715789332986 24.904019641689956
// 8.4494842356070876 24.904009415768087
// 8.4495027596130967 24.903994160704315
// 8.4495092974975705 24.903988628648221
// 8.4497970482334495 24.904253161512315
// 8.4497800748795271 24.904190422967076
// 8.4495178051292896 24.903980288654566
// 8.4495367063209414 24.903965159319341
// 8.4495546016842127 24.903949359431863
// 8.4497749200090766 24.904110166244209
// 8.4497678792104125 24.903974798507988
// 8.4494446730241179 24.903927273117006
// 8.4494948387145996 24.903881549835205
// 8.4494331059977412 24.903851333074272
// 8.449414330534637 24.90372568834573
// 8.4494039369747043 24.903658130206168
// 8.4495626064017415 24.903943450190127
// 8.4495807951316237 24.903927776031196
// 8.4495782805606723 24.903861642815173
// 8.4495717426761985 24.903786876238883
// 8.4496709005907178 24.9038429511711
// 8.4496375406160951 24.90378285292536
// 8.4497657837346196 24.903936828486621
// 8.449761257506907 24.903854266740382
// 8.4495698986575007 24.903766592033207
// 8.4495637798681855 24.903698447160423
// 8.4496673801913857 24.903759970329702
// 8.4496063599362969 24.903690819628537
// 8.449599570594728 24.903670200146735
// 8.4495570743456483 24.903620579279959
// 8.4496040968224406 24.903683611191809
// 8.4496612614020705 24.903613706119359
// 8.449753588065505 24.90370444022119
// 8.4497492294758558 24.90362330339849
// 8.4493862511590123 24.903540783561766
// 8.4493778692558408 24.903484624810517
// 8.4493683138862252 24.903421509079635
// 8.4493583394214511 24.903354453854263
// 8.4493480296805501 24.903286979533732
// 8.4495758917182684 24.903600169345737
// 8.4495499497279525 24.903540699742734
// 8.4496603393927217 24.90358981769532
// 8.4496579924598336 24.903508680872619
// 8.4497478464618325 24.903601217083633
// 8.449743571691215 24.903519996441901
// 8.4497391292825341 24.9034388596192
// 8.4496625605970621 24.903363967314363
// 8.4496650332584977 24.903285722248256
// 8.4497357765212655 24.903376162983477
// 8.449849602766335 24.903388484381139
// 8.4497328009456396 24.903315184637904
// 8.4498382033780217 24.903335510753095
// 8.4499228186905384 24.904623348265886
// 8.4499091142788529 24.904583827592432
// 8.4498891234397888 24.904506504535675
// 8.4501999663189054 24.904513503424823
// 8.4498657379299402 24.904455291107297
// 8.4501810232177377 24.904401688836515
// 8.4501727251335979 24.904353325255215
// 8.4501623315736651 24.904292053543031
// 8.4502103598788381 24.90457443986088
// 8.4501570509746671 24.904261040501297
// 8.4501482080668211 24.904210036620498
// 8.4501368505880237 24.904141849838197
// 8.4499811986461282 24.903995585627854
// 8.4500050032511353 24.903998770751059
// 8.450011876411736 24.903985275886953
// 8.4500309033319354 24.903949401341379
// 8.450122601352632 24.904058617539704
// 8.4501111600548029 24.903993112966418
// 8.4499657340347767 24.903924632817507
// 8.4499562624841928 24.903880963101983
// 8.4499503113329411 24.903855230659246
// 8.4500432247295976 24.903925345279276
// 8.4500993834808469 24.90392308216542
// 8.4500672807916999 24.903878574259579
// 8.4500759979709983 24.903861558996141
// 8.4499334217980504 24.903774219565094
// 8.4499179990962148 24.903703979216516
// 8.4499003132805228 24.90362208802253
// 8.4498883271589875 24.903566348366439
// 8.4498729044571519 24.903495605103672
// 8.4493430843576789 24.903252949006855
// 8.4493349120020866 24.903193898499012
// 8.4493244765326381 24.903129483573139
// 8.4493119036778808 24.903045413084328
// 8.4492988279089332 24.902959414757788
// 8.4492923738434911 24.902916834689677
// 8.449668469838798 24.90318086463958
// 8.4496710682287812 24.903101488016546
// 8.4497258858755231 24.903191677294672
// 8.4498102916404605 24.903206345625222
// 8.4497228683903813 24.903133171610534
// 8.4497976349666715 24.903148678131402
// 8.4496719064190984 24.903070977889001
// 8.4496742952615023 24.902991643175483
// 8.4497199347242713 24.903078521601856
// 8.449715911410749 24.903002413921058
// 8.4497776860371232 24.903056309558451
// 8.4497623471543193 24.902985231019557
// 8.4497560607269406 24.9029570678249
// 8.4492881409823895 24.902886282652617
// 8.4492774540558457 24.902818012051284
// 8.449267647229135 24.902751795016229
// 8.4492627857252955 24.902719440869987
// 8.4492485783994198 24.902624096721411
// 8.4496777737513185 24.902889677323401
// 8.4496802883222699 24.902810133062303
// 8.4497105469927192 24.902902501635253
// 8.4497088706120849 24.902872326783836
// 8.4497330104932189 24.902850366197526
// 8.4497235389426351 24.90280703175813
// 8.4497025841847062 24.902754393406212
// 8.449683808721602 24.902699743397534
// 8.4496835572645068 24.902622294612229
// 8.4497014107182622 24.902731762267649
// 8.4491728479042649 24.902122649364173
// 8.4491617837920785 24.902049391530454
// 8.4491508034989238 24.901975379325449
// 8.4491425892338157 24.901920813135803
// 8.4492356283590198 24.902539649046957
// 8.4492254862561822 24.902472761459649
// 8.4492165176197886 24.902412579394877
// 8.4492053696885705 24.902338902465999
// 8.4491942217573524 24.902264974080026
// 8.4496653266251087 24.902539607137442
// 8.4496526280418038 24.902479466982186
// 8.4496372053399682 24.902409142814577
// 8.4496244648471475 24.902349798940122
// 8.4496110118925571 24.902289491146803
// 8.4491850016638637 24.902202864177525
// 8.4491750271990895 24.902136730961502
// 8.4495864948257804 24.902174868620932
// 8.449578364379704 24.902103957720101
// 8.4495696472004056 24.902027933858335
// 8.4495631931349635 24.901971607469022
// 8.4495540568605065 24.901891979388893
// 8.4491283819079399 24.901821278035641
// 8.4491194551810622 24.901767089031637
// 8.4491078043356538 24.901690394617617
// 8.4490864304825664 24.901547818444669
// 8.4490894060581923 24.901566551998258
// 8.4490774618461728 24.901489061303437
// 8.449067403562367 24.901421838440001
// 8.449057093821466 24.901354447938502
// 8.4490467002615333 24.9012854648754
// 8.4490369772538543 24.901220253668725
// 8.4495039330795407 24.901625099591911
// 8.4494855767115951 24.90156592335552
// 8.4495484409853816 24.901842945255339
// 8.4495402267202735 24.901772034354508
// 8.4495288273319602 24.901704979129136
// 8.4494673879817128 24.901507417671382
// 8.4494547313079238 24.901467184536159
// 8.4494409011676908 24.901422508992255
// 8.4494168031960726 24.901345437392592
// 8.4493986982852221 24.901287769898772
// 8.4493807191029191 24.901228635571897
// 8.4490293078124523 24.901165645569563
// 8.4490185370668769 24.901098045520484
// 8.449008478783071 24.901030990295112
// 8.4489902900531888 24.900910709984601
// 8.449007305316627 24.901023195125163
// 8.4489783039316535 24.900829824618995
// 8.4489679103717208 24.900761512108147
// 8.4489600313827395 24.90070887375623
// 8.4489473747089505 24.900624635629356
// 8.448937819339335 24.900561436079443
// 8.4491679864004254 24.900545007549226
// 8.4493366302922368 24.901086813770235
// 8.449360728263855 24.901193976402283
// 8.4493533940985799 24.901140877045691
// 8.4493081318214536 24.900995618663728
// 8.449289440177381 24.900935268960893
// 8.4492712933570147 24.900877727195621
// 8.4494494507089257 24.900997211225331
// 8.4494414879009128 24.900976424105465
// 8.44925029668957 24.90081004332751
// 8.4492373047396541 24.900767463259399
// 8.4492242289707065 24.900725889019668
// 8.4491995442658663 24.900646889582276
// 8.4491820679977536 24.900589934550226
// 8.4489264618605375 24.900485286489129
// 8.4489135956391692 24.900400587357581
// 8.4489164454862475 24.900419195182621
// 8.4491414995864034 24.900459763593972
// 8.449121885932982 24.90039715077728
// 8.4491087682545185 24.900355283170938
// 8.4488937305286527 24.900268823839724
// 8.4488845942541957 24.900207719765604
// 8.4490790544077754 24.900259184651077
// 8.4490876877680421 24.900286761112511
// 8.4490611171349883 24.900201265700161
// 8.448876547627151 24.900153656490147
// 8.4488658187910914 24.900084002874792
// 8.448855928145349 24.900017785839736
// 8.4490486280992627 24.900160948745906
// 8.4490221412852407 24.900075788609684
// 8.4490053774788976 24.900022395886481
// 8.4488451154902577 24.899945450015366
// 8.4489883622154593 24.899967410601676
// 8.4488396672531962 24.899909324012697
// 8.4489476680755615 24.899901151657104
// 8.4489532420411706 24.89985425490886
// 8.4488217299804091 24.899790552444756
// 8.4488114202395082 24.899722407571971
// 8.448801445774734 24.899655687622726
// 8.4487919323146343 24.89958917722106
// 8.448781413026154 24.899523253552616
// 8.4489358076825738 24.899798850528896
// 8.4489180380478501 24.899741266854107
// 8.4488977957516909 24.899676600471139
// 8.4488842589780688 24.899632385931909
// 8.4488613763824105 24.899558625184
// 8.4488452831283212 24.899507076479495
// 8.4487698879092932 24.899444421753287
// 8.4487654035910964 24.899415378458798
// 8.4487597038969398 24.899377911351621
// 8.4487995179370046 24.899360644631088
// 8.4487829217687249 24.899316472001374
// 8.4487421019002795 24.899261989630759
// 8.4487788146361709 24.899306078441441
// 8.4487690078094602 24.899281519465148
// 8.4487506933510303 24.899236131459475
// 8.4487387491390109 24.899205327965319
// 8.4488372365012765 24.89948142785579
// 8.5092879412695765 24.910130971111357
// 8.5092619573697448 24.909993675537407
// 8.5093259951099753 24.909657561220229
// 8.5093181580305099 24.909631535410881
// 8.5093117458745837 24.909590757451952
// 8.5093198763206601 24.909580782987177
// 8.5093133384361863 24.909543651156127
// 8.509307554922998 24.90951104555279
// 8.5092968260869384 24.909464525990188
// 8.5092974966391921 24.909470896236598
// 8.5092940600588918 24.909435021691024
// 8.5090631386265159 24.908944345079362
// 8.5075284959748387 24.905176009051502
// 8.5075116483494639 24.905111300759017
// 8.5074946330860257 24.90504642482847
// 8.5075334412977099 24.905039384029806
// 8.507530759088695 24.90501759108156
// 8.5074701579287648 24.904952212236822
// 8.5074640391394496 24.9049291620031
// 8.5075158393010497 24.904900412075222
// 8.5074399830773473 24.904836290515959
// 8.5075112292543054 24.904864034615457
// 8.5074290446937084 24.904792997986078
// 8.5074703255668283 24.904792956076562
// 8.5075682261958718 24.905328643508255
// 8.5075588803738356 24.905291637405753
// 8.5075627779588103 24.905273071490228
// 8.5075433319434524 24.905232754535973
// 8.5075517138466239 24.905184474773705
// 8.5075433319434524 24.90511876065284
// 8.4576924657449126 24.86055436078459
// 8.4577306034043431 24.860542709939182
// 8.4576896158978343 24.860479175113142
// 8.4577044518664479 24.860472301952541
// 8.4579515503719449 24.860438271425664
// 8.458015713840723 24.86045541241765
// 8.4580692322924733 24.860439612530172
// 8.4579481137916446 24.860409270040691
// 8.4580000815913081 24.860395607538521
// 8.4580523846670985 24.860381945036352
// 8.4581046877428889 24.860428632237017
// 8.4581512911245227 24.860412119887769
// 8.4581528836861253 24.860389321111143
// 8.4581528836861253 24.860386135987937
// 8.4581431606784463 24.86035839188844
// 8.5228856513276696 24.639974939636886
// 8.5228715697303414 24.639944094233215
// 8.5228763474151492 24.639921295456588
// 8.5228546382859349 24.63988181669265
// 8.5228625172749162 24.639860861934721
// 8.5228351084515452 24.639810821972787
// 8.5228470945730805 24.639792549423873
// 8.5228149918839335 24.639736809767783
// 8.5227975575253367 24.639673610217869
// 8.5228115553036332 24.63963555637747
// 8.5227755969390273 24.639593060128391
// 8.5228386288508773 24.639754914678633
// 8.5228212783113122 24.639678806997836
// 8.5227737529203296 24.639586354605854
// 8.5227622697129846 24.639541427604854
// 8.5583253437653184 24.67841015662998
// 8.5583107592537999 24.678383502177894
// 8.558287457562983 24.678341089747846
// 8.5582724120467901 24.678312549367547
// 8.5582577018067241 24.678286188282073
// 8.5582366213202477 24.678246416151524
// 8.558250074274838 24.67823279555887
// 8.5583400120958686 24.678268921561539
// 8.5582829313352704 24.678224832750857
// 8.5583352344110608 24.678248888812959
// 8.5583245055750012 24.678215109743178
// 8.5590209579095244 24.684408665634692
// 8.5589824849739671 24.684344544075429
// 8.5589460236951709 24.684283607639372
// 8.5589135019108653 24.684229292906821
// 8.5590777453035116 24.684503087773919
// 8.5590999992564321 24.684499022550881
// 8.5590383922681212 24.684438002295792
// 8.5591053636744618 24.684404223226011
// 8.559109722264111 24.684325181879103
// 8.559114164672792 24.684247146360576
// 8.5588432615622878 24.684112281538546
// 8.5588285932317376 24.684087722562253
// 8.5588875180110335 24.684185707010329
// 8.5587563412263989 24.68396685551852
// 8.5587827442213893 24.684011028148234
// 8.5587287647649646 24.683901225216687
// 8.5589840775355697 24.683877085335553
// 8.559030219912529 24.683918282389641
// 8.5590016795322299 24.683892172761261
// 8.5586918005719781 24.683801061473787
// 8.5586638050153852 24.683725624345243
// 8.5586335463449359 24.68364339787513
// 8.5586881125345826 24.683622946031392
// 8.5585977556183934 24.683545916341245
// 8.5586335463449359 24.68357642646879
// 8.5586583567783237 24.683598135598004
// 8.5586785571649671 24.683614815585315
// 8.5586071433499455 24.683572235517204
// 8.5586094902828336 24.683556309901178
// 8.5587116237729788 24.683854160830379
// 8.558859690092504 24.683770551346242
// 8.558847033418715 24.683759403415024
// 8.5588098177686334 24.683727552182972
// 8.5587964067235589 24.683715649880469
// 8.5588012682273984 24.683720679022372
// 8.5588245699182153 24.683740460313857
// 8.5589434672147036 24.683842593804002
// 8.5589027730748057 24.683807180263102
// 8.5588878532871604 24.683793936856091
// 8.5589119093492627 24.683814807794988
// 8.5589600214734674 24.68385596293956
// 8.5589796351268888 24.683872894383967
// 8.5589505499228835 24.683848251588643
// 8.558867652900517 24.683777508325875
// 8.558773691765964 24.683696706779301
// 8.5587454447522759 24.683672818355262
// 8.5587432654574513 24.683670471422374
// 8.5587243223562837 24.683653959073126
// 8.5587165271863341 24.683647002093494
// 8.5586940636858344 24.683628561906517
// 8.5591183556243777 24.684172128327191
// 8.5591227142140269 24.684093589894474
// 8.559119151905179 24.683993300423026
// 8.5590883484110236 24.68396635260433
// 8.5591077106073499 24.683982948772609
// 8.5591261507943273 24.683998706750572
// 8.5590673098340631 24.683948415331542
// 8.5590549046173692 24.683937099762261
// 8.5590372188016772 24.683922347612679
// 8.5583792813122272 24.67844070866704
// 8.5583652416244149 24.678378640674055
// 8.5583517467603087 24.678320218808949
// 8.5442551039159298 24.625377226620913
// 8.5442561516538262 24.625372490845621
// 8.5442545590922236 24.625365030951798
// 8.5442484822124243 24.625342106446624
// 8.5442537209019065 24.625353547744453
// 8.5442537209019065 24.625346926040947
// 8.5442514577880502 24.625337873585522
// 8.5442527988925576 24.625336867757142
// 8.5428978642448783 24.618354155682027
// 8.5429074196144938 24.618484829552472
// 8.5429075034335256 24.618449206463993
// 8.542907084338367 24.618411068804562
// 8.5429062461480498 24.618358849547803
// 8.5428926255553961 24.618281861767173
// 8.5428869677707553 24.618206466548145
// 8.5428818129003048 24.618131574243307
// 8.5428760712966323 24.618057101033628
// 8.5428704554215074 24.617980658076704
// 8.5429034382104874 24.618249759078026
// 8.5429034801200032 24.618173693306744
// 8.5429411148652434 24.618147457949817
// 8.5429945914074779 24.618141003884375
// 8.5430480679497123 24.618134717456996
// 8.5430491995066404 24.61810483597219
// 8.5430292086675763 24.618072439916432
// 8.5429941723123193 24.618012509308755
// 8.5428648395463824 24.617904466576874
// 8.5428594751283526 24.617830538190901
// 8.5428786696866155 24.617814696393907
// 8.542933571152389 24.617908573709428
// 8.5430315556004643 24.617920643649995
// 8.5430034762248397 24.61788275744766
// 8.5429836111143231 24.617852414958179
// 8.542948323301971 24.617798351682723
// 8.5430067870765924 24.617849858477712
// 8.542937426827848 24.617781252600253
// 8.5429813480004668 24.617775804363191
// 8.5429024742916226 24.617718304507434
// 8.5429095989093184 24.617700283415616
// 8.5429537715390325 24.617695757187903
// 8.5429340740665793 24.617639011703432
// 8.5434129321947694 24.618721869774163
// 8.5433954978361726 24.618664369918406
// 8.5434214817360044 24.618663615547121
// 8.5433888761326671 24.618593542836607
// 8.543405095115304 24.618564834818244
// 8.5434250021353364 24.618638553656638
// 8.5431994451209903 24.616362028755248
// 8.5431966790929437 24.616346103139222
// 8.5431943321600556 24.616335961036384
// 8.5431941645219922 24.61632892023772
// 8.5431944997981191 24.616323304362595
// 8.5431931586936116 24.616316934116185
// 8.543192152865231 24.616310982964933
// 8.5431922366842628 24.616305534727871
// 8.5431914823129773 24.616298326291144
// 8.5431888001039624 24.616286172531545
// 8.5431898897513747 24.616284412331879
// 8.5431873751804233 24.616276952438056
// 8.543188045732677 24.616272007115185
// 8.543186285533011 24.616264798678458
// 8.5431860340759158 24.616259266622365
// 8.5431851958855987 24.6162522258237
// 8.5431838547810912 24.616244346834719
// 8.5431843576952815 24.616240910254419
// 8.5431837709620595 24.616233701817691
// 8.5431837709620595 24.61622775066644
// 8.5431726230308414 24.616214926354587
// 8.543181256391108 24.616216099821031
// 8.5431817593052983 24.616210232488811
// 8.5431792447343469 24.616200928576291
// 8.543178322724998 24.616191373206675
// 8.5431768978014588 24.616184416227043
// 8.543177149258554 24.616177626885474
// 8.5431773168966174 24.616175699047744
// 8.5431745508685708 24.616166814230382
// 8.5431749699637294 24.616161617450416
// 8.5431560687720776 24.616120252758265
// 8.5431732935830951 24.616153654642403
// 8.5431736288592219 24.616146781481802
// 8.5431732935830951 24.616141836158931
// 8.5431719524785876 24.616134292446077
// 8.543170946650207 24.616127335466444
// 8.5431714495643973 24.616121803410351
// 8.5431686835363507 24.616113253869116
// 8.543169773183763 24.61611048784107
// 8.5431676777079701 24.616098501719534
// 8.5431684320792556 24.616100178100169
// 8.5431658336892724 24.616085845045745
// 8.5431638220325112 24.616076541133225
// 8.5431645764037967 24.6160709252581
// 8.5431574517861009 24.616021472029388
// 8.5431556915864348 24.616007055155933
// 8.5431558592244983 24.616002612747252
// 8.5431558592244983 24.615995404310524
// 8.5431647440418601 24.616069165058434
// 8.5431634867563844 24.616062208078802
// 8.5431609721854329 24.616053574718535
// 8.543160636909306 24.616046282462776
// 8.5431598825380206 24.616037984378636
// 8.5431585414335132 24.616031697951257
// 8.5431586252525449 24.616024657152593
// 8.5431578708812594 24.616015520878136
// 8.5431332280859351 24.615967408753932
// 8.6501822015270591 24.771435451693833
// 8.6501734843477607 24.771425225771964
// 8.6502202553674579 24.771480546332896
// 8.6502223508432508 24.771482306532562
// 8.650211077183485 24.771468099206686
// 8.6502006417140365 24.771457160823047
// 8.6501918407157063 24.771446683444083
// 8.6501661920920014 24.77141676004976
// 8.6501605762168765 24.771391530521214
// 8.6501523619517684 24.771332270465791
// 8.650142764672637 24.771259808912873
// 8.6502309842035174 24.771380214951932
// 8.6502310680225492 24.771318188868463
// 8.65014071110636 24.771247864700854
// 8.6501324968412519 24.771188520826399
// 8.6501250369474292 24.77113286498934
// 8.6502311518415809 24.771241242997348
// 8.6502313194796443 24.771173349581659
// 8.6502314871177077 24.77110696490854
// 8.6501124640926719 24.771043010987341
// 8.6501013999804854 24.770961957983673
// 8.6501046689227223 24.770987438969314
// 8.6502317385748029 24.771024151705205
// 8.6502318223938346 24.770955168642104
// 8.650091802701354 24.77089217863977
// 8.6500838818028569 24.770836313255131
// 8.6500764219090343 24.770782836712897
// 8.6501831235364079 24.770814185030758
// 8.6501620849594474 24.770763306878507
// 8.650209316983819 24.770878432318568
// 8.6501919664442539 24.770836774259806
// 8.6500589875504375 24.770656521432102
// 8.6501382384449244 24.770706435665488
// 8.65012361202389 24.770670267753303
// 8.6500532040372491 24.770615366287529
// 8.6500469176098704 24.770570271648467
// 8.6501130508258939 24.770644619129598
// 8.6500431457534432 24.770542024634778
// 8.6500699259340763 24.770541731268167
// 8.6503348359838128 24.766148314811289
// 8.6502742348238826 24.766053599305451
// 8.6502969497814775 24.766088970936835
// 8.6502365162596107 24.765994674526155
// 8.6501996358856559 24.765936923213303
// 8.6508635664358735 24.766974435187876
// 8.6509397579357028 24.767093709670007
// 8.6509030451998115 24.767036293633282
// 8.6508514964953065 24.766955659724772
// 8.6508084135130048 24.766888269223273
// 8.6507970141246915 24.766870583407581
// 8.6504021426662803 24.766253340058029
// 8.6503844568505883 24.766225763596594
// 8.6499902559444308 24.765609945170581
// 8.6501715565100312 24.765893002040684
// 8.6501008132472634 24.765782444737852
// 8.6501159006729722 24.765806249342859
// 8.650082373060286 24.765753694809973
// 8.6500414693728089 24.765690159983933
// 8.6499598296359181 24.76556250359863
// 8.6407357128337026 24.74655678961426
// 8.6407201224938035 24.746552431024611
// 8.6407253192737699 24.746551928110421
// 8.640727330930531 24.746552514843643
// 8.6407327791675925 24.746533739380538
// 8.6407174821943045 24.746492458507419
// 8.724472769536078 24.775491203181446
// 8.7244707997888327 24.775452604517341
// 8.7244948139414191 24.775420879013836
// 8.7244902458041906 24.775408348068595
// 8.7244719313457608 24.77535608690232
// 8.7090563122183084 24.699640637263656
// 8.7090484332293272 24.699623705819249
// 8.7090534204617143 24.699596841819584
// 8.7090262630954385 24.699568846262991
// 8.709012265317142 24.699534145183861
// 8.7090397579595447 24.699522578157485
// 8.7089711939916015 24.69943146687001
// 8.7089834734797478 24.699460007250309
// 8.7090238323435187 24.69943733420223
// 8.7089623091742396 24.699409757740796
// 8.7089438689872622 24.699331386946142
// 8.7090103374794126 24.699364495463669
// 8.7089462159201503 24.699308252893388
// 8.7090026261284947 24.699323424138129
// 8.708993406035006 24.699272881262004
// 8.7089562322944403 24.699213663116097
// 8.7089780671522021 24.699190235696733
// 8.7089718645438552 24.699156791903079
// 8.7089685956016183 24.69913977663964
// 8.6359353130683303 24.694256647489965
// 8.6359239974990487 24.694185149855912
// 8.6359128495678306 24.694113903678954
// 8.6358970915898681 24.694014075212181
// 8.635890050791204 24.693970908410847
// 8.6358789866790175 24.693899829871953
// 8.6359516577795148 24.694360666908324
// 8.6358680063858628 24.693830679170787
// 8.6358570260927081 24.693760355003178
// 8.6358454590663314 24.693688522092998
// 8.6358331376686692 24.693610235117376
// 8.6358230793848634 24.693546113558114
// 8.6358095007017255 24.693460282869637
// 8.6358011187985539 24.693406638689339
// 8.6357892164960504 24.693331788294017
// 8.6357867019250989 24.693315611220896
// 8.6357753863558173 24.693244113586843
// 8.6356473108753562 24.692432661540806
// 8.6356361629441381 24.692361834459007
// 8.635624679736793 24.692289750091732
// 8.6356135318055749 24.692218755371869
// 8.6356022162362933 24.692147257737815
// 8.63559081684798 24.692075341008604
// 8.6407419992610812 24.687834433279932
// 8.6407203739508986 24.687772742472589
// 8.6406948929652572 24.687699568457901
// 8.6406611138954759 24.687603428028524
// 8.6406703339889646 24.687629663385451
// 8.6406355490908027 24.687530254013836
// 8.6405723495408893 24.687349540181458
// 8.6406121635809541 24.687463366426528
// 8.6405907897278666 24.687402346171439
// 8.6405569268390536 24.687305283732712
// 8.6405368940904737 24.687248286791146
// 8.6405095690861344 24.68716983217746
// 8.6414231127128005 24.6897805435583
// 8.6413998110219836 24.689713488332927
// 8.6415784293785691 24.690223527140915
// 8.641556384973228 24.690160662867129
// 8.6415366875007749 24.690104587934911
// 8.6415169900283217 24.69004834536463
// 8.6414952808991075 24.689986654557288
// 8.6414774274453521 24.689935357309878
// 8.6414579814299941 24.689879450015724
// 8.6413906747475266 24.689687923528254
// 8.6413780180737376 24.689651210792363
// 8.6413663672283292 24.68961785081774
// 8.6413386231288314 24.689538725651801
// 8.6413152376189828 24.689471670426428
// 8.641306352801621 24.689446189440787
// 8.6412573186680675 24.689306295476854
// 8.641234771348536 24.689241754822433
// 8.6412758426740766 24.68935935292393
// 8.6412118887528777 24.689177046529949
// 8.6411926941946149 24.689121642149985
// 8.6411889223381877 24.689111416228116
// 8.6410808796063066 24.688802124001086
// 8.6410610983148217 24.688745546154678
// 8.641047771088779 24.688707995228469
// 8.6411428218707442 24.688979568891227
// 8.6411180952563882 24.688908322714269
// 8.6410955479368567 24.688844536431134
// 8.6410269839689136 24.688648148439825
// 8.6409994075074792 24.688570029102266
// 8.6410083761438727 24.688595593906939
// 8.6409604316577315 24.688458046875894
// 8.640941740013659 24.688404905609787
// 8.6409214558079839 24.688346902839839
// 8.6409007525071502 24.688287978060544
// 8.6408810550346971 24.688231484033167
// 8.6408323561772704 24.688092595897615
// 8.6408414924517274 24.688118663616478
// 8.6408161791041493 24.688046076335013
// 8.6407870939001441 24.687963095493615
// 8.6407751915976405 24.687928562052548
// 8.6407542368397117 24.68786905054003
// 8.6433176742866635 24.683537953533232
// 8.6433685524389148 24.68368103262037
// 8.643353465013206 24.683633591048419
// 8.6433449992910028 24.683607439510524
// 8.6433258885517716 24.683561925776303
// 8.6433086218312383 24.6835119696334
// 8.6432951269671321 24.68347332905978
// 8.6432942049577832 24.683449356816709
// 8.6432843981310725 24.683419349603355
// 8.6432600067928433 24.683372494764626
// 8.6432511219754815 24.68334726523608
// 8.6432586656883359 24.683339134790003
// 8.6432232521474361 24.683266337960958
// 8.643225934356451 24.683238174766302
// 8.6432123556733131 24.683197103440762
// 8.6431321827694774 24.683005199767649
// 8.6431173468008637 24.68296320643276
// 8.6431300034746528 24.682938982732594
// 8.6431202804669738 24.68290897551924
// 8.6431035166606307 24.682857091538608
// 8.6431938735768199 24.683182812295854
// 8.6431931192055345 24.683135538361967
// 8.6431646207347512 24.68309857416898
// 8.6431751819327474 24.683079547248781
// 8.6431530537083745 24.683011318556964
// 8.6430704919621348 24.682828593067825
// 8.6430830229073763 24.682793850079179
// 8.6430352879688144 24.682727423496544
// 8.6430552368983626 24.682706720195711
// 8.643064540810883 24.682735973037779
// 8.6430122377350926 24.682661374099553
// 8.6430323543027043 24.682635809294879
// 8.6430273251608014 24.682620386593044
// 8.6430074600502849 24.682558528147638
// 8.6429539835080504 24.682493736036122
// 8.6429385608062148 24.682449814863503
// 8.642921419814229 24.682400235906243
// 8.6429485352709889 24.682374880649149
// 8.6429401952773333 24.682349776849151
// 8.6428875988349319 24.682303466834128
// 8.6429311847314239 24.682321320287883
// 8.6429109843447804 24.682258539833128
// 8.6428426718339324 24.68217455316335
// 8.6429058713838458 24.682242614217103
// 8.6427971580997109 24.682043879292905
// 8.642771802842617 24.681968651711941
// 8.6427539074793458 24.681893424130976
// 8.6427959846332669 24.68186819460243
// 8.6427845014259219 24.681826955638826
// 8.6427763709798455 24.681798373349011
// 8.642684924416244 24.681489164941013
// 8.6428239801898599 24.682120908983052
// 8.6428153049200773 24.68209563754499
// 8.6428080126643181 24.682072587311268
// 8.6428360501304269 24.682010016404092
// 8.6428180290386081 24.681946313939989
// 8.6426231078803539 24.681370686739683
// 8.6425993451848626 24.681326053105295
// 8.6426760395988822 24.681441304273903
// 8.6426621675491333 24.681424498558044
// 8.6426554201170802 24.681367794983089
// 8.6426410870626569 24.681317335925996
// 8.6425673263147473 24.681264949031174
// 8.6425618780776858 24.681254304014146
// 8.642614264972508 24.681221698410809
// 8.6425014026463032 24.681138340383768
// 8.6426034523174167 24.681183393113315
// 8.6424609180539846 24.681061310693622
// 8.6424310365691781 24.680992788635194
// 8.6424050107598305 24.680916555225849
// 8.6423652386292815 24.680803441442549
// 8.6424854351207614 24.681108207441866
// 8.642583335749805 24.681111476384103
// 8.6425644345581532 24.681046474725008
// 8.6425567651167512 24.681017431430519
// 8.6425292724743485 24.68091978225857
// 8.6425141850486398 24.680865802802145
// 8.6424930626526475 24.68079128768295
// 8.6438342509791255 24.681976153515279
// 8.643828802742064 24.681947403587401
// 8.6438080994412303 24.681917144916952
// 8.6438029026612639 24.681901638396084
// 8.6438146373257041 24.68187112826854
// 8.6437761643901467 24.681821339763701
// 8.6438056686893106 24.68182226177305
// 8.6437624180689454 24.681779849343002
// 8.6437962390482426 24.681774359196424
// 8.6437897430732846 24.681737688370049
// 8.6437343386933208 24.681695527397096
// 8.6437868094071746 24.681721762754023
// 8.6437789304181933 24.681679685600102
// 8.643707181327045 24.68161363620311
// 8.6436972906813025 24.681584048084915
// 8.6437277169898152 24.68156083021313
// 8.6436837119981647 24.681543144397438
// 8.6437159823253751 24.681535349227488
// 8.6436990508809686 24.681497714482248
// 8.6436505196616054 24.681443148292601
// 8.6436325823888183 24.681389085017145
// 8.6436262959614396 24.681370561011136
// 8.6436164053156972 24.681340553797781
// 8.6436107894405723 24.681303002871573
// 8.6436770902946591 24.681449518539011
// 8.6436030780896544 24.681285819970071
// 8.6435866495594382 24.681251454167068
// 8.6423431104049087 24.680740074254572
// 8.6423079064115882 24.68063882086426
// 8.6424524104222655 24.680646448396146
// 8.6422976804897189 24.68060998711735
// 8.6424345150589943 24.68058530241251
// 8.6423020390793681 24.680519546382129
// 8.6424177931621671 24.680523150600493
// 8.6423978442326188 24.680452323518693
// 8.6424781428650022 24.680738146416843
// 8.6423274362459779 24.680425585247576
// 8.6423745425418019 24.680370013229549
// 8.6423785239458084 24.680391177535057
// 8.6423637298867106 24.680331372655928
// 8.6444900510832667 24.678597659803927
// 8.6444898834452033 24.678596067242324
// 8.6444344371557236 24.678485468029976
// 8.644479070790112 24.678537980653346
// 8.6444430286064744 24.678509901277721
// 8.64441545214504 24.678451144136488
// 8.6443932401016355 24.678404456935823
// 8.6444654921069741 24.678464471362531
// 8.6444532545283437 24.678397583775222
// 8.6443373328074813 24.678286020644009
// 8.6443040566518903 24.678216367028654
// 8.6443759733811021 24.678368330933154
// 8.6443558987230062 24.678325122222304
// 8.6444437829777598 24.678346202708781
// 8.6444282764568925 24.678262802772224
// 8.6442965967580676 24.678200525231659
// 8.6442809225991368 24.678167249076068
// 8.6442690202966332 24.678118131123483
// 8.6442787013947964 24.678083639591932
// 8.6442876700311899 24.678049189969897
// 8.6444098362699151 24.678161717019975
// 8.6443970957770944 24.678093655966222
// 8.6442926153540611 24.67803318053484
// 8.6443010391667485 24.67799826990813
// 8.6443104268983006 24.67796407174319
// 8.6443195631727576 24.67792886774987
// 8.6443291185423732 24.677894418127835
// 8.644383349455893 24.678018135018647
// 8.6443735845386982 24.677966963499784
// 8.6443595448508859 24.677888969890773
// 8.6443423619493842 24.677845048718154
// 8.6443542642518878 24.677860639058053
// 8.6587524460628629 24.664687975309789
// 8.6588169867172837 24.66470415238291
// 8.6588600696995854 24.664715048857033
// 8.658893178217113 24.664723430760205
// 8.6589257838204503 24.664731393568218
// 8.6589594790711999 24.664739943109453
// 8.6589927552267909 24.664748073555529
// 8.6590256961062551 24.664756455458701
// 8.6594478925690055 24.664862235076725
// 8.6594778159633279 24.664869611151516
// 8.6595217371359468 24.664880675263703
// 8.6595483915880322 24.664887464605272
// 8.6595800751820207 24.664895259775221
// 8.659615027718246 24.664904060773551
// 8.6596497287973762 24.664912526495755
// 8.659693649969995 24.664923590607941
// 8.6597177898511291 24.664929541759193
// 8.6597499763593078 24.664937420748174
// 8.659780235029757 24.664945299737155
// 8.6598098231479526 24.664952424354851
// 8.6616520816460252 24.665413261391222
// 8.6616872018203139 24.665422062389553
// 8.661724585108459 24.665431366302073
// 8.6617603758350015 24.665440251119435
// 8.6617975076660514 24.665449471212924
// 8.6618351424112916 24.665459194220603
// 8.6618653172627091 24.665466570295393
// 8.661894821561873 24.665473946370184
// 8.6619234876707196 24.66548107098788
// 8.6619536625221372 24.665488530881703
// 8.6619826639071107 24.665495823137462
// 8.662013509310782 24.665503702126443
// 8.6620428459718823 24.665510910563171
// 8.662072685547173 24.665518370456994
// 8.662101267836988 24.665525327436626
// 8.6621307721361518 24.665532703511417
// 8.662160444073379 24.665540079586208
// 8.6621899483725429 24.665547455660999
// 8.6622192012146115 24.665555167011917
// 8.6622487893328071 24.665562040172517
// 8.6622783774510026 24.665569919161499
// 8.6623082170262933 24.665577462874353
// 8.6623363802209496 24.665583916939795
// 8.6623682314530015 24.665592131204903
// 8.6623969813808799 24.665599088184536
// 8.662426401861012 24.665606883354485
// 8.6624557385221124 24.665614175610244
// 8.662485578097403 24.665621635504067
// 8.6625145794823766 24.665628760121763
// 8.6625440837815404 24.665636052377522
// 8.6625737557187676 24.665643512271345
// 8.6626039305701852 24.665651307441294
// 8.662633434869349 24.665658180601895
// 8.6626627715304494 24.665665891952813
// 8.6626921081915498 24.665673184208572
// 8.6657317215576768 24.669394330121577
// 8.6627226183190942 24.665680727921426
// 8.662752122618258 24.665688103996217
// 8.6627787770703435 24.665694558061659
// 8.6628159927204251 24.665704113431275
// 8.6628419766202569 24.665710818953812
// 8.6628704750910401 24.665717775933444
// 8.6654659314081073 24.666019692085683
// 8.665454532019794 24.665951966308057
// 8.6654429649934173 24.665883821435273
// 8.6654313979670405 24.665814419277012
// 8.6654202919453382 24.66574807651341
// 8.6654086830094457 24.665680392645299
// 8.6653973674401641 24.665612750686705
// 8.6653867224231362 24.665549048222601
// 8.6653745686635375 24.665476628579199
// 8.6653632530942559 24.665409824810922
// 8.6653519375249743 24.665342350490391
// 8.6653417116031051 24.665281497873366
// 8.6653293063864112 24.665207234211266
// 8.6653192900121212 24.665146674960852
// 8.6653134226799011 24.665081799030304
// 8.6654249439015985 24.665085864253342
// 8.6653786338865757 24.665054474025965
// 8.6653324915096164 24.665022329427302
// 8.6653385264798999 24.665026520378888
// 8.665529633872211 24.666382377035916
// 8.6655723815783858 24.666393105871975
// 8.6656261933967471 24.666406684555113
// 8.6656794603914022 24.666419634595513
// 8.6657329788431525 24.666433255188167
// 8.6657864134758711 24.666446456685662
// 8.6658399319276214 24.666460077278316
// 8.6658763093873858 24.666454545222223
// 8.6658598808571696 24.666393944062293
// 8.6655177315697074 24.666329068131745
// 8.6655061226338148 24.66625870205462
// 8.6658095894381404 24.666206021793187
// 8.6654855450615287 24.666137374006212
// 8.6654749419540167 24.666072288528085
// 8.6658022133633494 24.666178696788847
// 8.6657848628237844 24.666114072315395
// 8.6657644947990775 24.666038216091692
// 8.6658455478027463 24.666340467520058
// 8.6658294545486569 24.666280369274318
// 8.6658131936565042 24.666219432838261
// 8.6657432466745377 24.665962234139442
// 8.6657176399603486 24.665863956324756
// 8.6657252674922347 24.665891365148127
// 8.6656986968591809 24.665793129242957
// 8.6656839866191149 24.665738688781857
// 8.6656365869566798 24.665560782887042
// 8.6656665103510022 24.66567259747535
// 8.6656505847349763 24.665613588877022
// 8.6656182305887341 24.665493224747479
// 8.6656019696965814 24.665432623587549
// 8.6655857507139444 24.665372064337134
// 8.6655696993693709 24.665311840362847
// 8.6655536061152816 24.665251490660012
// 8.6655300110578537 24.665166959166527
// 8.6654988722875714 24.665136658586562
// 8.6997138010337949 24.670829982496798
// 8.6996836261823773 24.670809865929186
// 8.6997126275673509 24.670828641392291
// 8.6996915051713586 24.670815062709153
// 8.6996732326224446 24.670798047445714
// 8.6997122084721923 24.670769129879773
// 8.6997169023379683 24.670797041617334
// 8.6997033655643463 24.67073991894722
// 8.6997091909870505 24.67070500832051
// 8.6997137172147632 24.670700482092798
// 8.6997275473549962 24.670690004713833
// 8.6997416289523244 24.670679024420679
// 8.6997546209022403 24.670667541213334
// 8.6996252043172717 24.670579195953906
// 8.6996102845296264 24.67051147017628
// 8.6996331671252847 24.670615741051733
// 8.6997749051079154 24.670652118511498
// 8.6997880646958947 24.670640886761248
// 8.6997899087145925 24.670618842355907
// 8.6997110350057483 24.670512056909502
// 8.6997333308681846 24.670542064122856
// 8.6996003100648522 24.670466124080122
// 8.6995833786204457 24.670389094389975
// 8.6996042914688587 24.670368600636721
// 8.6995783913880587 24.670333145186305
// 8.6996614141389728 24.670445169322193
// 8.6996503500267863 24.670430249534547
// 8.7009921250864863 24.667850718833506
// 8.7009969865903258 24.667818699963391
// 8.7002571998164058 24.666719497181475
// 8.7001161323860288 24.666440882720053
// 8.7001026794314384 24.666407816112041
// 8.7001990294083953 24.666628888808191
// 8.70028305798769 24.666671343147755
// 8.7001792900264263 24.666582997888327
// 8.7001650827005506 24.666551942937076
// 8.7002972234040499 24.666552236303687
// 8.7002942059189081 24.666521055623889
// 8.7002866202965379 24.666444570757449
// 8.7002790765836835 24.666370558552444
// 8.7001076247543097 24.666319722309709
// 8.7001390988007188 24.666271819733083
// 8.700272454880178 24.66630291659385
// 8.7001662980765104 24.666231209412217
// 8.7002683477476239 24.666262180544436
// 8.7001934973523021 24.666189677082002
// 8.7002250133082271 24.666142067871988
// 8.7002553977072239 24.666137751191854
// 8.7002520449459553 24.666104223579168
// 8.7008119141682982 24.665923048742115
// 8.7007920071482658 24.6658780798316
// 8.7007888220250607 24.665804486721754
// 8.7007860979065299 24.665743676014245
// 8.7008393229916692 24.66588465962559
// 8.7008751137182117 24.665835122577846
// 8.7009104853495955 24.665785585530102
// 8.7009464437142015 24.665735797025263
// 8.7007824936881661 24.665660192258656
// 8.7007793923839927 24.665586682967842
// 8.7007763748988509 24.665514011867344
// 8.700773105956614 24.665439915843308
// 8.700770172290504 24.665367077104747
// 8.7009403249248862 24.66565893497318
// 8.7009176937863231 24.665596322156489
// 8.700908892787993 24.665535720996559
// 8.7009325297549367 24.665581318549812
// 8.7009289255365729 24.665543432347476
// 8.7009031092748046 24.665450812317431
// 8.700898583047092 24.665383254177868
// 8.7007691664621234 24.665319970808923
// 8.7008004309609532 24.665272361598909
// 8.7008680729195476 24.66530857142061
// 8.7008510995656252 24.665277348831296
// 8.6235674796625972 24.631566046737134
// 8.6235411604866385 24.631526567973197
// 8.6235161824151874 24.631489184685051
// 8.6234699143096805 24.631419279612601
// 8.6234401585534215 24.63137477170676
// 8.6235719220712781 24.631349961273372
// 8.623748067766428 24.631815869361162
// 8.6236612731590867 24.63170703034848
// 8.6236814735457301 24.631737121380866
// 8.6236706608906388 24.631720944307745
// 8.6236410727724433 24.63167677167803
// 8.6236116522923112 24.631632431410253
// 8.6237015901133418 24.631654643453658
// 8.6236830661073327 24.631611392833292
// 8.6236530588939786 24.63154090102762
// 8.6236673081293702 24.631574428640306
// 8.623618190176785 24.631458423100412
// 8.6235961457714438 24.631406455300748
// 8.6228846898302436 24.630540437065065
// 8.6228051455691457 24.630421246401966
// 8.6228245915845037 24.630450331605971
// 8.6227877950295806 24.630395178683102
// 8.6227403115481138 24.630323303863406
// 8.6225344939157367 24.630014305002987
// 8.6227119388058782 24.630281268619001
// 8.6226299637928605 24.630157970823348
// 8.6226643295958638 24.630209770984948
// 8.6226134514436126 24.630133076570928
// 8.6225813487544656 24.630085048265755
// 8.6225512577220798 24.630039618350565
// 8.6232034536078572 24.631019211374223
// 8.623383161611855 24.631289192475379
// 8.6233095685020089 24.631178886629641
// 8.6233456945046782 24.631232698448002
// 8.6235634982585907 24.631335586309433
// 8.6235456867143512 24.631287851370871
// 8.6235176492482424 24.631222346797585
// 8.6232964927330613 24.631158937700093
// 8.6232679104432464 24.631116189993918
// 8.6232376517727971 24.63107084389776
// 8.6234737280756235 24.631118914112449
// 8.6234589340165257 24.631083752028644
// 8.6234310222789645 24.631017618812621
// 8.6231688363477588 24.630966992117465
// 8.623135476373136 24.630917287431657
// 8.6230987636372447 24.630861883051693
// 8.6230420600622892 24.63077642954886
// 8.622969095595181 24.630667422898114
// 8.6230030423030257 24.630718217231333
// 8.6234058765694499 24.630958610214293
// 8.623380814678967 24.630899685434997
// 8.6233562137931585 24.630841976031661
// 8.6233200458809733 24.630756522528827
// 8.6233323672786355 24.630785356275737
// 8.6233047489076853 24.630720773711801
// 8.6229543853551149 24.63064500130713
// 8.6229261383414268 24.630600996315479
// 8.6228947481140494 24.630555524490774
// 8.6232143500819802 24.630507328547537
// 8.6231959937140346 24.630464077927172
// 8.6231444031000137 24.630349203944206
// 8.6231597000733018 24.630378666333854
// 8.6232632165774703 24.630622328259051
// 8.6232386576011777 24.630564660765231
// 8.6231156950816512 24.630274982191622
// 8.623091890476644 24.6302191587165
// 8.6230686726048589 24.630164760164917
// 8.6230399226769805 24.6300965314731
// 8.6230149446055293 24.630037858150899
// 8.6229861527681351 24.629976376891136
// 8.6224884772673249 24.629945405758917
// 8.6224674805998802 24.629858694970608
// 8.622470791451633 24.629774750210345
// 8.6224746471270919 24.629691014997661
// 8.6228889646008611 24.629741138778627
// 8.6228611366823316 24.629675676114857
// 8.6224777484312654 24.629623121581972
// 8.6224815202876925 24.629539554007351
// 8.6224853759631515 24.629455148242414
// 8.6224890640005469 24.629371664486825
// 8.6224931292235851 24.629288222640753
// 8.622820945456624 24.629581505432725
// 8.6227950872853398 24.62952044326812
// 8.6227698577567935 24.629461015574634
// 8.6227053171023726 24.629308884032071
// 8.6227421974763274 24.629395804367959
// 8.6227256851270795 24.629356996156275
// 8.6224961886182427 24.629212743602693
// 8.6225005052983761 24.629128631204367
// 8.6225038161501288 24.629044937901199
// 8.622507588006556 24.628960532136261
// 8.6226774472743273 24.629244050011039
// 8.6226321430876851 24.6291363844648
// 8.6226435843855143 24.629164254292846
// 8.6226061591878533 24.629075448028743
// 8.6225822707638144 24.629018870182335
// 8.6225578375160694 24.628962334245443
// 8.6225095158442855 24.628918287344277
// 8.622525567188859 24.628886310383677
// 8.6229792796075344 24.629954751580954
// 8.6229540081694722 24.629894527606666
// 8.6229436146095395 24.629870052449405
// 8.6229162896052003 24.629805511794984
// 8.6503453971818089 24.623556886799634
// 8.650338901206851 24.623536309227347
// 8.6503343330696225 24.623494525440037
// 8.6503187008202076 24.623470846563578
// 8.6503015598282218 24.623416322283447
// 8.6502933036535978 24.623389290645719
// 8.6503122886642814 24.623371730558574
// 8.6502596503123641 24.623281038366258
// 8.6503064213320613 24.623338957317173
// 8.6502966983243823 24.623284894041717
// 8.6502407072111964 24.623219431377947
// 8.6502891546115279 24.623243152163923
// 8.6502407072111964 24.623177773319185
// 8.6502701276913285 24.623137707822025
// 8.6502780066803098 24.62318095844239
// 8.6502417968586087 24.623082554899156
// 8.6502553755417466 24.623055648989975
// 8.6502489214763045 24.623018600977957
// 8.6520739551633596 24.625253761187196
// 8.6520559759810567 24.625207702629268
// 8.6521196784451604 24.625372658483684
// 8.6521187564358115 24.625319768674672
// 8.6521175829693675 24.625295628793538
// 8.652114481665194 24.625234776176512
// 8.6520312493667006 24.625143078155816
// 8.6520195147022605 24.62511298712343
// 8.6520471749827266 24.6251041861251
// 8.6520015774294734 24.625066886655986
// 8.6520073609426618 24.625048530288041
// 8.6520132282748818 24.62504945229739
// 8.6520517012104392 24.625055654905736
// 8.6520728236064315 24.625058840028942
// 8.6521077761426568 24.625100162811577
// 8.6521067703142762 24.625079962424934
// 8.6626689741387963 24.649099814705551
// 8.6626716563478112 24.64906997513026
// 8.6626719916239381 24.649033094756305
// 8.6626716144382954 24.649004470556974
// 8.6626512045040727 24.64895028155297
// 8.6626726621761918 24.648921531625092
// 8.6626728298142552 24.648893452249467
// 8.6623726738616824 24.648526995442808
// 8.6626730812713504 24.648836036212742
// 8.662644918076694 24.648801335133612
// 8.6623661359772086 24.648510147817433
// 8.6623678542673588 24.648483116179705
// 8.6623397329822183 24.648443846963346
// 8.6623244779184461 24.648405374027789
// 8.6623096419498324 24.648367655463517
// 8.6623478634282947 24.648358016274869
// 8.6622674809768796 24.648262043483555
// 8.6623420799151063 24.6483218902722
// 8.6622643796727061 24.648254164494574
// 8.6622405331581831 24.648193186149001
// 8.6623239750042558 24.648216278292239
// 8.6623013857752085 24.648175416514277
// 8.6622239788994193 24.648151989094913
// 8.6622827360406518 24.648140673525631
// 8.6622386891394854 24.648091932758689
// 8.6622981587424874 24.64816892053932
// 8.6613348266109824 24.645343380980194
// 8.6613256903365254 24.645332735963166
// 8.6612758180126548 24.645272721536458
// 8.6612319806590676 24.645220418460667
// 8.6612048652023077 24.645171677693725
// 8.6613296298310161 24.645183202810585
// 8.661202141083777 24.645107430405915
// 8.6613075016066432 24.645127798430622
// 8.6618400039151311 24.645832884125412
// 8.6618273472413421 24.645800949074328
// 8.6618286883458495 24.645777898840606
// 8.6618226952850819 24.645752292126417
// 8.6613810947164893 24.645398701541126
// 8.6613575415685773 24.645370873622596
// 8.661388554610312 24.645330389030278
// 8.6613691924139857 24.645282193087041
// 8.6612010514363647 24.645077758468688
// 8.6611978663131595 24.644998130388558
// 8.661272800527513 24.645040878094733
// 8.6611964832991362 24.644957603886724
// 8.6611952679231763 24.644931997172534
// 8.6612205393612385 24.644911754876375
// 8.6612086789682508 24.64488095138222
// 8.6611919151619077 24.64484381955117
// 8.6608159868046641 24.644183996133506
// 8.6608182499185205 24.644173351116478
// 8.6608225246891379 24.644163963384926
// 8.6608259612694383 24.644153653644025
// 8.6608510231599212 24.64420713018626
// 8.6608539568260312 24.644208806566894
// 8.6608468322083354 24.644178966991603
// 8.6603901861235499 24.643520317040384
// 8.6603737575933337 24.643492237664759
// 8.6603849055245519 24.643466086126864
// 8.660382516682148 24.643448106944561
// 8.6603310098871589 24.64338427875191
// 8.6603160900995135 24.64334714692086
// 8.6602895194664598 24.643280426971614
// 8.6602766951546073 24.643247905187309
// 8.6602605180814862 24.643207169137895
// 8.6602758569642901 24.643196775577962
// 8.6602545669302344 24.643192081712186
// 8.6602494539692998 24.643151429481804
// 8.6602415749803185 24.643137599341571
// 8.6603587539866567 24.643339603208005
// 8.6603424930945039 24.643311523832381
// 8.7081984663382173 24.696857971139252
// 8.7081825407221913 24.696833244524896
// 8.708146414719522 24.69677624758333
// 8.7081940239295363 24.696756885387003
// 8.7082132184877992 24.696881105192006
// 8.7082313233986497 24.696838022209704
// 8.7082154396921396 24.696804033592343
// 8.7081307824701071 24.696709150448442
// 8.7081270525231957 24.696692680008709
// 8.7081207241863012 24.696662379428744
// 8.7081233644858003 24.696603748016059
// 8.7081514438614249 24.696664516814053
// 8.7081001466140151 24.696567202918231
// 8.7080949079245329 24.696542182937264
// 8.7110889656469226 24.694851762615144
// 8.7110870378091931 24.694829215295613
// 8.7110916478559375 24.694806835614145
// 8.7110977666452527 24.694776576943696
// 8.7111167935654521 24.694721675477922
// 8.7111407658085227 24.694796274416149
// 8.711144202388823 24.694735337980092
// 8.7111402628943324 24.694684543646872
// 8.7075370503589511 24.693471849896014
// 8.7075476115569472 24.693393730558455
// 8.7075579212978482 24.693315359763801
// 8.7075684824958444 24.693237072788179
// 8.7075788760557771 24.693158785812557
// 8.7085357960313559 24.693151032552123
// 8.7087056552991271 24.693297171033919
// 8.7087040627375245 24.69329574611038
// 8.708644132129848 24.693244365043938
// 8.7085859617218375 24.693194325082004
// 8.7085983669385314 24.693205389194191
// 8.7085677310824394 24.693177603185177
// 8.7088520033285022 24.693422899581492
// 8.708863821811974 24.693432790227234
// 8.7087837746366858 24.693363890983164
// 8.7087662564590573 24.693348971195519
// 8.7087536416947842 24.693337697535753
// 8.7088147038593888 24.693390629254282
// 8.7088871235027909 24.693348719738424
// 8.7089077010750771 24.69346459954977
// 8.7087250174954534 24.693313767202199
// 8.7088689347729087 24.693249142728746
// 8.7088520871475339 24.6931565226987
// 8.7083312356844544 24.692976227961481
// 8.7083663558587432 24.693005899898708
// 8.7082843808457255 24.69292149413377
// 8.7083097780123353 24.692957536317408
// 8.7082705507054925 24.692867682315409
// 8.7082546250894666 24.692805572412908
// 8.7084377696737647 24.693067255429924
// 8.7084989575669169 24.693120061419904
// 8.7085154699161649 24.693133807741106
// 8.7084125401452184 24.693045713938773
// 8.7083870591595769 24.6930235857144
// 8.7082420522347093 24.692756203003228
// 8.7082265457138419 24.692695015110075
// 8.7082084827125072 24.692623559385538
// 8.7081908388063312 24.692555707879364
// 8.7081743264570832 24.692491251043975
// 8.7088435376062989 24.693110422231257
// 8.7088302103802562 24.693036661483347
// 8.7088096747174859 24.692923841066658
// 8.7088125245645642 24.692940353415906
// 8.7087923241779208 24.692829041741788
// 8.7087776139378548 24.692752473056316
// 8.7087705312296748 24.692709012888372
// 8.7087538931518793 24.692619116976857
// 8.7087409431114793 24.692547242157161
// 8.7087287893518806 24.692480019293725
// 8.7081536231562495 24.692409946583211
// 8.7081384938210249 24.692350225523114
// 8.7081181677058339 24.69227206427604
// 8.7081144796684384 24.69219780061394
// 8.7081211851909757 24.692127895541489
// 8.7087122350931168 24.692398086190224
// 8.7087042303755879 24.692345238290727
// 8.708689478226006 24.692264688201249
// 8.7086765700951219 24.692193525843322
// 8.7086643325164914 24.692126135341823
// 8.7081361887976527 24.692060421220958
// 8.7081504380330443 24.691995712928474
// 8.7081646034494042 24.691930920816958
// 8.7081789365038276 24.691866296343505
// 8.7081931857392192 24.691801671870053
// 8.7086551124230027 24.692075843922794
// 8.7086354987695813 24.691967465914786
// 8.7086299248039722 24.691938925534487
// 8.7086158012971282 24.691860009916127
// 8.7086049886420369 24.691800163127482
// 8.7100881664082408 24.694482958875597
// 8.7100764317438006 24.694472816772759
// 8.71000946033746 24.694415652193129
// 8.7099848175421357 24.694380196742713
// 8.7100159144029021 24.694420848973095
// 8.7099731666967273 24.694280452094972
// 8.709964114241302 24.694205685518682
// 8.7099559418857098 24.694134648889303
// 8.7099469313398004 24.69406093005091
// 8.7099244678393006 24.69387233722955
// 8.7099361186847091 24.693970489315689
// 8.7099275691434741 24.693896980024874
// 8.7101283157244325 24.694502237252891
// 8.7101350212469697 24.694455885328352
// 8.7101332610473037 24.694388075731695
// 8.7101315008476377 24.694322193972766
// 8.7101295730099082 24.694254971109331
// 8.7101278128102422 24.6941874967888
// 8.7101260526105762 24.694121279753745
// 8.7101242085918784 24.694054140709341
// 8.7101225322112441 24.693987588398159
// 8.7101206881925464 24.693919443525374
// 8.7101187603548169 24.693852975033224
// 8.7099136551842093 24.693781058304012
// 8.7099057342857122 24.693712620064616
// 8.7098973523825407 24.693634333088994
// 8.7098920298740268 24.693560865707695
// 8.7098865816369653 24.693487607873976
// 8.7098813010379672 24.69341300893575
// 8.7098762718960643 24.693340589292347
// 8.7100832210853696 24.69336858484894
// 8.7098740926012397 24.693311336450279
// 8.7098687281832099 24.693237072788179
// 8.7098635314032435 24.693163312040269
// 8.7100555608049035 24.693296835757792
// 8.7100065685808659 24.693171065300703
// 8.7100193509832025 24.693202371709049
// 8.7101167906075716 24.693785542622209
// 8.7101146951317787 24.693719409406185
// 8.7101134797558188 24.693653150461614
// 8.7101115519180894 24.693585340864956
// 8.7101098755374551 24.693518788553774
// 8.7101080315187573 24.693451900966465
// 8.7098608491942286 24.693125425837934
// 8.7098554847761989 24.693050240166485
// 8.7098500365391374 24.692976479418576
// 8.7099650362506509 24.693061807192862
// 8.7099553132429719 24.693036074750125
// 8.7099319277331233 24.69297572504729
// 8.7099195225164294 24.69294345472008
// 8.7099107634276152 24.692921033129096
// 8.7098385533317924 24.692814205773175
// 8.70989462826401 24.692878746427596
// 8.7098697759211063 24.692815002053976
// 8.7098347814753652 24.692763327620924
// 8.7098329374566674 24.692719071172178
// 8.7098440015688539 24.692747150547802
// 8.7098669679835439 24.692677077837288
// 8.7098896829411387 24.692686800844967
// 8.7100089574232697 24.692738349549472
// 8.7100659543648362 24.692763076163828
// 8.710014196112752 24.692740486934781
// 8.7100889626890421 24.692746018990874
// 8.7099517090246081 24.69271379057318
// 8.7100867414847016 24.692658889107406
// 8.7098222086206079 24.69258772674948
// 8.7098170118406415 24.692514049820602
// 8.7100855680182576 24.69261362683028
// 8.7100837239995599 24.69254715833813
// 8.7100819637998939 24.692480270750821
// 8.7103962851688266 24.692905903793871
// 8.7104293936863542 24.6929199853912
// 8.7103343429043889 24.692858210764825
// 8.7106083473190665 24.692996428348124
// 8.7106192857027054 24.692986831068993
// 8.7105119554325938 24.692955776117742
// 8.7104417150840163 24.692925433628261
// 8.7106076767668128 24.692941275425255
// 8.7105891946703196 24.692877111956477
// 8.7105738976970315 24.692823006771505
// 8.7107013026252389 24.69291168730706
// 8.7106909928843379 24.692866844125092
// 8.7107268674299121 24.692887379787862
// 8.7107480736449361 24.692830382846296
// 8.710330780595541 24.692761022597551
// 8.7103266315534711 24.692677496932447
// 8.7103231949731708 24.692595941014588
// 8.7103205546736717 24.692513085901737
// 8.7105595227330923 24.692772505804896
// 8.7105491710826755 24.692735415883362
// 8.710533119738102 24.692682735621929
// 8.71066739782691 24.692762698978186
// 8.7107658432796597 24.692782270722091
// 8.71065444778651 24.69270842615515
// 8.7106401147320867 24.692645980976522
// 8.710502777248621 24.692573938518763
// 8.7104880250990391 24.692521970719099
// 8.710612035356462 24.692523269914091
// 8.7106333253905177 24.692616728134453
// 8.7106198305264115 24.692557887174189
// 8.7107764882966876 24.692528801970184
// 8.7107635801658034 24.692469877190888
// 8.7098077917471528 24.692385974340141
// 8.7098025949671865 24.692311710678041
// 8.7100801197811961 24.69241380225867
// 8.7100783595815301 24.692347585223615
// 8.7098003318533301 24.692280110903084
// 8.7097947997972369 24.692204589955509
// 8.7097895191982388 24.692130326293409
// 8.7100754259154201 24.692235100083053
// 8.710073665715754 24.692168883047998
// 8.7096375552937388 24.691798319108784
// 8.7097866693511605 24.692089171148837
// 8.7097813049331307 24.692015326581895
// 8.7100719893351197 24.692114652134478
// 8.7100703129544854 24.692049105651677
// 8.7100685527548194 24.691982301883399
// 8.7097739288583398 24.691911223344505
// 8.7097683129832149 24.691834361292422
// 8.7100672954693437 24.691935447044671
// 8.7100656190887094 24.691868810914457
// 8.7100634817034006 24.691801881417632
// 8.7103156512603164 24.692414975725114
// 8.7103128852322698 24.692351859994233
// 8.7104403739795089 24.692352279089391
// 8.7103709718212485 24.692306094802916
// 8.7104253703728318 24.692300143651664
// 8.710308107547462 24.692241386510432
// 8.7103418866172433 24.692211882211268
// 8.7103768391534686 24.69225303735584
// 8.7103757495060563 24.69223593827337
// 8.7104009790346026 24.692213726229966
// 8.710332247428596 24.692180114798248
// 8.7103247037157416 24.692155388183892
// 8.7103931000456214 24.692185898311436
// 8.7103654397651553 24.692138540558517
// 8.7103784317150712 24.692135187797248
// 8.7104543717578053 24.692401648499072
// 8.7105877278372645 24.69241866376251
// 8.7105697067454457 24.692339873872697
// 8.7105611572042108 24.692302742041647
// 8.7107494147494435 24.692405839450657
// 8.7107338244095445 24.692335012368858
// 8.7105531105771661 24.69226770568639
// 8.7105270428583026 24.692154633812606
// 8.7105313595384359 24.692172361537814
// 8.7107117800042033 24.692234597168863
// 8.7106914119794965 24.692141474224627
// 8.7103092391043901 24.692105976864696
// 8.7103527411818504 24.692073874175549
// 8.7103492626920342 24.692031755112112
// 8.7103620870038867 24.692076849751174
// 8.7103339238092303 24.691988755948842
// 8.710329900495708 24.691969896666706
// 8.7105163978412747 24.692108617164195
// 8.7105022324249148 24.692046674899757
// 8.7104826187714934 24.691961598582566
// 8.7106796773150563 24.692088416777551
// 8.7106629554182291 24.692013440653682
// 8.710656207986176 24.691981379874051
// 8.7104623345658183 24.691872918047011
// 8.7104464927688241 24.69180494081229
// 8.7105701258406043 24.691772838123143
// 8.710644724778831 24.69192907679826
// 8.7106227641925216 24.691864200867712
// 8.7107986165210605 24.6926937578246
// 8.7107994547113776 24.692633408121765
// 8.7116005131974816 24.692803141660988
// 8.7054545665159822 24.686515121720731
// 8.7054264452308416 24.686461435630918
// 8.7054910277947783 24.686528281308711
// 8.7055398942902684 24.686532975174487
// 8.7055322667583823 24.686469524167478
// 8.7055813008919358 24.686525431461632
// 8.7053761957213283 24.6863958472386
// 8.705410142429173 24.686447815038264
// 8.705385415814817 24.686410180293024
// 8.7054210808128119 24.686439139768481
// 8.7053982401266694 24.686367935501039
// 8.7054528063163161 24.68637824524194
// 8.7053375551477075 24.686337341554463
// 8.7053727591410279 24.686286714859307
// 8.7053927080705762 24.686336168088019
// 8.7054408621042967 24.686365043744445
// 8.7053940910845995 24.686311734840274
// 8.7054988229647279 24.686431218869984
// 8.7054707435891032 24.686398948542774
// 8.7082086922600865 24.691730341874063
// 8.7082229414954782 24.691665885038674
// 8.7082372745499015 24.691601009108126
// 8.7082514399662614 24.691536384634674
// 8.7082932656630874 24.691499420441687
// 8.7083495082333684 24.691477627493441
// 8.7085983250290155 24.691765671595931
// 8.7085815612226725 24.691673303022981
// 8.708569030277431 24.691603188402951
// 8.7083977879956365 24.691458935849369
// 8.7084542820230126 24.691437059082091
// 8.7084687827154994 24.691431359387934
// 8.7085659289732575 24.691591537557542
// 8.7084940960630774 24.691421636380255
// 8.7096287542954087 24.691756912507117
// 8.7096188636496663 24.691705363802612
// 8.7096130801364779 24.691675691865385
// 8.7096264073625207 24.691657167859375
// 8.7096230546012521 24.691617018543184
// 8.7095808098092675 24.691508472897112
// 8.7095669796690345 24.691436556167901
// 8.7095908680930734 24.691560524515808
// 8.7095851683989167 24.691530517302454
// 8.709748825058341 24.691558303311467
// 8.7096125353127718 24.691484207287431
// 8.709744717925787 24.691498372703791
// 8.7097634514793754 24.691764540039003
// 8.7097581708803773 24.691691366024315
// 8.7100623501464725 24.691747021861374
// 8.7100605899468064 24.691680553369224
// 8.7100587459281087 24.69161391723901
// 8.7100569857284427 24.691546862013638
// 8.7100555608049035 24.69149858225137
// 8.7095630820840597 24.691415140405297
// 8.7095490423962474 24.691343433223665
// 8.7095347931608558 24.691269253380597
// 8.7096036924049258 24.691369500942528
// 8.7097364198416471 24.691383624449372
// 8.7095989985391498 24.691309402696788
// 8.7097316002473235 24.691318874247372
// 8.7095292611047626 24.691241425462067
// 8.7095198733732104 24.691191636957228
// 8.7095037382096052 24.691107356920838
// 8.7095927959308028 24.691231450997293
// 8.7097259843721986 24.691242179833353
// 8.7095878506079316 24.691167832352221
// 8.7097196141257882 24.691152074374259
// 8.7100536329671741 24.691423061303794
// 8.7100517051294446 24.691356844268739
// 8.7100498611107469 24.691289034672081
// 8.7100393837317824 24.691227762959898
// 8.7100101308897138 24.691132544539869
// 8.710016836412251 24.691154756583273
// 8.7104270467534661 24.691720115952194
// 8.7104134261608124 24.691653102636337
// 8.7103947764262557 24.691580054350197
// 8.7103802757337689 24.691516938619316
// 8.7103773420676589 24.691503862850368
// 8.7104020686820149 24.691478214226663
// 8.710361709818244 24.691435592249036
// 8.7105579720810056 24.691751967184246
// 8.7105318205431104 24.691706369630992
// 8.7104825349524617 24.69162120949477
// 8.7104673637077212 24.691594890318811
// 8.710536933504045 24.69144971575588
// 8.7107429606840014 24.691448877565563
// 8.7103446526452899 24.69136178959161
// 8.7103760009631515 24.691417780704796
// 8.7103392463177443 24.691338362172246
// 8.7104245321825147 24.691308648325503
// 8.7104049185290933 24.691283837892115
// 8.7103205965831876 24.691178225912154
// 8.7103072693571448 24.691161378286779
// 8.7102859793230891 24.691107482649386
// 8.7104988796636462 24.691402022726834
// 8.7104598619043827 24.691352192312479
// 8.710516900755465 24.691347540356219
// 8.7105125421658158 24.691328261978924
// 8.7104973290115595 24.69125940464437
// 8.7107302201911807 24.691389282234013
// 8.7107356265187263 24.691363759338856
// 8.7107338244095445 24.691327423788607
// 8.7107105227187276 24.691294063813984
// 8.7104835407808423 24.691195576451719
// 8.7104714708402753 24.691140674985945
// 8.7094947276636958 24.691061549820006
// 8.7094978289678693 24.691077978350222
// 8.7095753196626902 24.691013311967254
// 8.7094719288870692 24.690943532623351
// 8.7095711706206203 24.690956440754235
// 8.7097126571461558 24.691055933944881
// 8.709707292728126 24.690979993902147
// 8.7094657262787223 24.69091126229614
// 8.7094559194520116 24.690861222334206
// 8.7095615733414888 24.690837292000651
// 8.7094397423788905 24.690776648931205
// 8.7095579272136092 24.690790227614343
// 8.709701132029295 24.690887499600649
// 8.709695222787559 24.690812691114843
// 8.7099900562316179 24.691068632528186
// 8.709976184181869 24.691022406332195
// 8.7099564867094159 24.690958284772933
// 8.709920234978199 24.690842740237713
// 8.7099018786102533 24.690781636163592
// 8.7099339812994003 24.690889343619347
// 8.7094258284196258 24.690704816021025
// 8.7095526466146111 24.690723256208003
// 8.7094266666099429 24.690651088021696
// 8.7094601104035974 24.690605574287474
// 8.7095461087301373 24.690638682805002
// 8.7096896069124341 24.690733565948904
// 8.7096844101324677 24.690659386105835
// 8.7096791295334697 24.690586044453084
// 8.7095044506713748 24.690545643679798
// 8.7095369724556804 24.690524186007679
// 8.7096757767722011 24.690539189614356
// 8.709668442606926 24.690426662564278
// 8.7098818039521575 24.690715712495148
// 8.7098679319024086 24.690673090517521
// 8.7098512938246131 24.690616303123534
// 8.709829836152494 24.690546481870115
// 8.7098129885271192 24.690484791062772
// 8.7097925785928965 24.690407300367951
// 8.7102596601471305 24.690993656404316
// 8.7102645635604858 24.690919518470764
// 8.7104373564943671 24.690985609777272
// 8.7104221014305949 24.690916207619011
// 8.7102486798539758 24.690844207070768
// 8.7102447403594851 24.690752006135881
// 8.7104081036522985 24.690852421335876
// 8.7103931838646531 24.690784276463091
// 8.7104533659294248 24.691058532334864
// 8.7102436926215887 24.690723130479455
// 8.7102417647838593 24.690641909837723
// 8.7103500589728355 24.690681807696819
// 8.7103702174499631 24.690714874304831
// 8.7103223567828536 24.690633988939226
// 8.7102946126833558 24.69058730173856
// 8.7102351849898696 24.690526868216693
// 8.7102339696139097 24.690495142713189
// 8.7096648802980781 24.690386136062443
// 8.7096701608970761 24.690320170484483
// 8.709703772328794 24.690274740569293
// 8.7097304686903954 24.690239913761616
// 8.7097882619127631 24.690389991737902
// 8.7097718333825469 24.690327378921211
// 8.7100240448489785 24.69032637309283
// 8.7099987315014005 24.69025747384876
// 8.7100124778226018 24.690295024774969
// 8.7100215721875429 24.690237147733569
// 8.7099675508216023 24.690171726979315
// 8.7100208597257733 24.690203745849431
// 8.709954977966845 24.690137025900185
// 8.709940267726779 24.690095828846097
// 8.7099927803501487 24.690078604035079
// 8.7099241325631738 24.690052284859121
// 8.7099106376990676 24.689993779174984
// 8.7099787825718522 24.690055134706199
// 8.7099331011995673 24.689978021197021
// 8.7106856284663081 24.689067495055497
// 8.7106888135895133 24.689037655480206
// 8.7069315416738391 24.686796753667295
// 8.7069711042568088 24.686795664019883
// 8.7068968405947089 24.68673397321254
// 8.7069724453613162 24.686789964325726
// 8.7069824198260903 24.686742019839585
// 8.7068825494498014 24.68668875284493
// 8.706879741512239 24.68663380946964
// 8.7069375766441226 24.686667839996517
// 8.706878568045795 24.686611513607204
// 8.7085308926180005 24.686648813076317
// 8.7086243508383632 24.686666666530073
// 8.7085815193131566 24.686658536083996
// 8.7086393125355244 24.686669055372477
// 8.7086881371214986 24.686678987927735
// 8.7085097283124924 24.686604514718056
// 8.7084949342533946 24.686551582999527
// 8.7084796791896224 24.686490227468312
// 8.708473895676434 24.686445971019566
// 8.7085098540410399 24.686410683207214
// 8.7085458543151617 24.686377448961139
// 8.7087073316797614 24.686411269940436
// 8.7087225867435336 24.686368354596198
// 8.7085936730727553 24.686332899145782
// 8.7086298828944564 24.686299371533096
// 8.708686544559896 24.686336419545114
// 8.7086463533341885 24.686284493654966
// 8.7087125284597278 24.686284787021577
// 8.7088824296370149 24.686716119758785
// 8.708761939778924 24.686692776158452
// 8.7087976885959506 24.6866997750476
// 8.7088403524830937 24.686707989312708
// 8.7089351937174797 24.686724878847599
// 8.7089516641572118 24.686729111708701
// 8.7090121814981103 24.686733721755445
// 8.7089608842507005 24.686649148352444
// 8.7089909752830863 24.686698936857283
// 8.7087385961785913 24.68652383890003
// 8.708728370256722 24.686487042345107
// 8.7088840641081333 24.686523545533419
// 8.7088469322770834 24.686461603268981
// 8.7089261831715703 24.686592151410878
// 8.7089057313278317 24.686558204703033
// 8.708726610057056 24.686401295475662
// 8.7088309647515416 24.686435074545443
// 8.7088109320029616 24.686401966027915
// 8.7087613949552178 24.686320326291025
// 8.7106718821451068 24.689013096503913
// 8.7106846226379275 24.688984262757003
// 8.7106821918860078 24.688955345191061
// 8.7147487560287118 24.689882718957961
// 8.714755461551249 24.689878192730248
// 8.7154198531061411 24.689714116975665
// 8.7154198111966252 24.689710135571659
// 8.7144143180921674 24.686405151151121
// 8.7144084507599473 24.68637288082391
// 8.7143927766010165 24.686339939944446
// 8.7019509309902787 24.684414030052722
// 8.7019874760881066 24.684405061416328
// 8.7020235182717443 24.684395506046712
// 8.7019249470904469 24.684364576824009
// 8.7019122904166579 24.684304394759238
// 8.7018949398770928 24.684222755022347
// 8.7020106101408601 24.684225101955235
// 8.7020717142149806 24.684369186870754
// 8.7020510947331786 24.684320571832359
// 8.7018573051318526 24.684044304303825
// 8.7018435588106513 24.683980518020689
// 8.7018306087702513 24.683917863294482
// 8.7018200056627393 24.683869457803667
// 8.7018111208453774 24.683827632106841
// 8.701833919622004 24.683808940462768
// 8.7017960753291845 24.683755086734891
// 8.7017902499064803 24.683728977106512
// 8.7017966201528907 24.683720511384308
// 8.7018903298303485 24.684201045893133
// 8.7018775893375278 24.684141199104488
// 8.7019849615171552 24.684164584614336
// 8.7018707999959588 24.684109012596309
// 8.7019426329061389 24.684064923785627
// 8.7019557924941182 24.68409585300833
// 8.7019257433712482 24.6840257383883
// 8.7018961552530527 24.683955917134881
// 8.7018671119585633 24.683886975981295
// 8.7023459700867534 24.68398739118129
// 8.7023365404456854 24.683965472504497
// 8.7023458024486899 24.683960652910173
// 8.702309844084084 24.68390382360667
// 8.7023316789418459 24.683901434764266
// 8.7021794216707349 24.683601320721209
// 8.7021525157615542 24.683538791723549
// 8.7022758554667234 24.683824656531215
// 8.7022918229922652 24.683862081728876
// 8.7023130292072892 24.683821345679462
// 8.702249494381249 24.6837640972808
// 8.7022254383191466 24.683708273805678
// 8.7022937508299947 24.683738616295159
// 8.7025348143652081 24.683834505267441
// 8.7025203974917531 24.683768707327545
// 8.7022227142006159 24.683701442554593
// 8.7022826028987765 24.683691090904176
// 8.7022697785869241 24.683636608533561
// 8.7022533500567079 24.683566787280142
// 8.7025045556947589 24.683696036227047
// 8.7024847324937582 24.683605385944247
// 8.7024690164253116 24.683534684590995
// 8.7026454554870725 24.684237171895802
// 8.7026141909882426 24.684196352027357
// 8.7026655301451683 24.684215672314167
// 8.7026845151558518 24.684157795272768
// 8.7025920208543539 24.684094386175275
// 8.7026977585628629 24.684116472490132
// 8.7027163663879037 24.684057966805995
// 8.7025698088109493 24.683992881327868
// 8.7025549309328198 24.683926203288138
// 8.7027255864813924 24.684028965421021
// 8.7027440266683698 24.683970375917852
// 8.7027627183124423 24.683911954052746
// 8.7027835054323077 24.683871301822364
// 8.7028058851137757 24.68384908977896
// 8.7028195476159453 24.68381782528013
// 8.7027897080406547 24.683754458092153
// 8.7027156120166183 24.683597632683814
// 8.7026866944506764 24.683536780066788
// 8.7027420150116086 24.683653959073126
// 8.7052809773012996 24.685219028033316
// 8.705257005058229 24.68517619650811
// 8.7052362179383636 24.68513906467706
// 8.7052075518295169 24.68508827034384
// 8.7051908718422055 24.685058598406613
// 8.7051750300452113 24.685030351392925
// 8.7052673986181617 24.685042086057365
// 8.705257591791451 24.68502716626972
// 8.7051373114809394 24.684962625615299
// 8.7051985831931233 24.68493680935353
// 8.7052296800538898 24.684984418563545
// 8.7053124932572246 24.686237177811563
// 8.7053566658869386 24.686268274672329
// 8.7053275806829333 24.686234998516738
// 8.7057946622371674 24.686130434274673
// 8.7058185087516904 24.686156627722085
// 8.7057550577446818 24.68606551643461
// 8.7057439517229795 24.686045190319419
// 8.7056993180885911 24.685965687967837
// 8.7057256372645497 24.686013045720756
// 8.7058419780805707 24.686054536141455
// 8.7058577360585332 24.685986139811575
// 8.7056331010535359 24.685847503133118
// 8.7055879225954413 24.685766785405576
// 8.7055410677567124 24.685683636926115
// 8.7055595079436898 24.685716242529452
// 8.7055234657600522 24.685651953332126
// 8.7055123178288341 24.685632255859673
// 8.7056688498705626 24.685910912230611
// 8.7056433269754052 24.685865859501064
// 8.7057926086708903 24.685847670771182
// 8.7057527108117938 24.685786734335124
// 8.705843067727983 24.68592528719455
// 8.7058216100558639 24.685892094857991
// 8.7057096278294921 24.685720349662006
// 8.7057372042909265 24.685763265006244
// 8.7056660000234842 24.685654258355498
// 8.705646931193769 24.685624376870692
// 8.705420452170074 24.685468305833638
// 8.7054149201139808 24.685458079911768
// 8.7054897705093026 24.68559202272445
// 8.7056258087977767 24.68559202272445
// 8.7055849889293313 24.685529242269695
// 8.7055440433323383 24.685467761009932
// 8.705517933703959 24.68542639631778
// 8.7053719209507108 24.685381385497749
// 8.7053931271657348 24.685419104062021
// 8.7053293408825994 24.685305361635983
// 8.7053143372759223 24.685278874821961
// 8.7054447596892715 24.685314246453345
// 8.705407795496285 24.685257668606937
// 8.7054962245747447 24.685393287800252
// 8.7054745992645621 24.685360263101757
// 8.7053665984421968 24.685194762423635
// 8.7053945520892739 24.685237216763198
// 8.7053236411884427 24.685128503479064
// 8.7053176062181592 24.685119451023638
// 8.7050998443737626 24.684895821847022
// 8.7050610361620784 24.684826168231666
// 8.7050668196752667 24.684785264544189
// 8.7051007663831115 24.684786521829665
// 8.7050896184518933 24.68476967420429
// 8.7051786342635751 24.684905880130827
// 8.7051296839490533 24.684831113554537
// 8.7021455587819219 24.683523033745587
// 8.7021236820146441 24.683472071774304
// 8.7020983686670661 24.683413146995008
// 8.7020296370610595 24.683253639377654
// 8.7020031502470374 24.683192283846438
// 8.7020733905956149 24.683354892767966
// 8.7021989515051246 24.683334692381322
// 8.7020369293168187 24.683270906098187
// 8.7021738896146417 24.683228409849107
// 8.7022383464500308 24.683502917177975
// 8.7022214150056243 24.6834308328107
// 8.7022078363224864 24.683372327126563
// 8.7024660827592015 24.683521441183984
// 8.7024419428780675 24.683411554433405
// 8.7024318426847458 24.683359041810036
// 8.7024200661107898 24.683311390690506
// 8.7024112651124597 24.683271995745599
// 8.7023935792967677 24.683190691284835
// 8.7025074055418372 24.683257243596017
// 8.702459461055696 24.683192200027406
// 8.7019795132800937 24.683137214742601
// 8.7019368493929505 24.68303847592324
// 8.701950260438025 24.683069824241102
// 8.7021530186757445 24.68313863966614
// 8.7021347461268306 24.683061023242772
// 8.701927880756557 24.683017604984343
// 8.7018928444013 24.682936216704547
// 8.701876332052052 24.682897911407053
// 8.7021140428259969 24.68297251034528
// 8.7021188205108047 24.682993381284177
// 8.7020914116874337 24.682875867001712
// 8.7023670086637139 24.68306974042207
// 8.702450031414628 24.68317992053926
// 8.7023789947852492 24.683125144802034
// 8.7024240056052804 24.683144171722233
// 8.701850431971252 24.682837896980345
// 8.7018278846517205 24.682785426266491
// 8.7018053792417049 24.682732243090868
// 8.7017801916226745 24.682674617506564
// 8.7017497653141618 24.682604712434113
// 8.7017384497448802 24.682578393258154
// 8.7017060955986381 24.682503123767674
// 8.7016706820577383 24.682420352473855
// 8.7016413873061538 24.682353087700903
// 8.7017000606283545 24.682489125989377
// 8.7018438940867782 24.682360212318599
// 8.7016288144513965 24.682323667220771
// 8.7016049260273576 24.682268095202744
// 8.7015796964988112 24.682209924794734
// 8.7017616676166654 24.68224931973964
// 8.7018186645582318 24.682326014153659
// 8.7017585663124919 24.682244877330959
// 8.701705508865416 24.682173463515937
// 8.7020748574286699 24.682806758210063
// 8.7020596442744136 24.682740583084524
// 8.7020440539345145 24.682674533687532
// 8.7019991269335151 24.682570095174015
// 8.7019600672647357 24.682517456822097
// 8.7020334089174867 24.682629355229437
// 8.7019000528380275 24.682436068542302
// 8.701871931552887 24.68240886926651
// 8.7026688409969211 24.683498893864453
// 8.7026484729722142 24.683455727063119
// 8.7026139814406633 24.683401538059115
// 8.7025801185518503 24.683355772867799
// 8.7015151558443904 24.682060140185058
// 8.7014925247058272 24.682007166557014
// 8.7014748388901353 24.681966765783727
// 8.7015144433826208 24.681915258988738
// 8.7014136929064989 24.681824231520295
// 8.7014902615919709 24.681882276199758
// 8.7014676304534078 24.681851514615119
// 8.701553251594305 24.682146850973368
// 8.7015279801562428 24.682089728303254
// 8.7016435666009784 24.682089644484222
// 8.7015177961438894 24.682065797969699
// 8.7015831330791116 24.682007837109268
// 8.7016944447532296 24.682158376090229
// 8.701561507768929 24.681978416629136
// 8.7014027545228601 24.681799379177392
// 8.7014115555211902 24.681775993667543
// 8.701389511115849 24.681768366135657
// 8.7014409760013223 24.681815640069544
// 8.7086704513058066 24.686278165318072
// 8.708718353882432 24.686249708756804
// 8.7087273644283414 24.686264167539775
// 8.7089908076450229 24.683795780874789
// 8.7089752173051238 24.683751440607011
// 8.709064107388258 24.683587532490492
// 8.7090642331168056 24.683549185283482
// 8.7091144407168031 24.683829476125538
// 8.7091098306700587 24.683786393143237
// 8.7090972578153014 24.683747668750584
// 8.7090917257592082 24.683720846660435
// 8.7090909294784069 24.683690126985312
// 8.7090846430510283 24.683656683191657
// 8.7090777279809117 24.68362043146044
// 8.7105240253731608 24.684192999266088
// 8.7105128774419427 24.684103061445057
// 8.7105016456916928 24.684013039804995
// 8.710490413941443 24.683923018164933
// 8.7104790983721614 24.683832745067775
// 8.7104676989838481 24.683742304332554
// 8.7104564672335982 24.683652534149587
// 8.7104452354833484 24.683562344871461
// 8.7090465473011136 24.68350559938699
// 8.7090519955381751 24.68348506372422
// 8.7090330524370074 24.683441980741918
// 8.7090263469144702 24.683409375138581
// 8.7090348964557052 24.683396299369633
// 8.7090112594887614 24.683337626047432
// 8.7090064818039536 24.683314911089838
// 8.7090051826089621 24.683293914422393
// 8.707759422250092 24.681069566868246
// 8.7104321597144008 24.683457571081817
// 8.7104210117831826 24.683367549441755
// 8.7103949440643191 24.683158840052783
// 8.7103844666853547 24.683075356297195
// 8.7103745760396123 24.682997320778668
// 8.7103648530319333 24.682919536717236
// 8.7100222008302808 24.682351830415428
// 8.7100059818476439 24.682316249236465
// 8.7099978933110833 24.682288630865514
// 8.7099803751334548 24.682259713299572
// 8.7099602585658431 24.682208248414099
// 8.7099580373615026 24.682195214554667
// 8.7101772660389543 24.682638826780021
// 8.7101735780015588 24.682618374936283
// 8.7101301597431302 24.682244039140642
// 8.7101442413404584 24.68222685623914
// 8.7101045530289412 24.682159507647157
// 8.7100967997685075 24.682075311429799
// 8.7099931994453073 24.682028121314943
// 8.7100292835384607 24.682055739685893
// 8.7100257212296128 24.682005406357348
// 8.7099031778052449 24.681892753578722
// 8.7098994897678494 24.681819411925972
// 8.7099327659234405 24.681941620074213
// 8.7100192252546549 24.681922132149339
// 8.709995336830616 24.681870080530643
// 8.709972370415926 24.681825656443834
// 8.710091938264668 24.681860986165702
// 8.7097503757104278 24.681503749452531
// 8.7098973104730248 24.681778927333653
// 8.7098947959020734 24.681726288981736
// 8.7099023396149278 24.681693683378398
// 8.7098968075588346 24.681683289818466
// 8.7099421536549926 24.68176803085953
// 8.7100698100402951 24.681770629249513
// 8.709778287447989 24.681593268178403
// 8.709856322966516 24.68162243720144
// 8.7097582127898932 24.681529859080911
// 8.709755907766521 24.681478603743017
// 8.7099963007494807 24.681617156602442
// 8.709993869997561 24.681586646474898
// 8.7099530501291156 24.681534762494266
// 8.7099359510466456 24.681495199911296
// 8.7099801236763597 24.68148220796138
// 8.7101008230820298 24.682118729688227
// 8.7101228255778551 24.682107036933303
// 8.7101191794499755 24.681974141858518
// 8.7101232027634978 24.68196249101311
// 8.7100992305204272 24.681917144916952
// 8.7097406527027488 24.681469635106623
// 8.7097504595294595 24.681445411406457
// 8.7097211228683591 24.681401993148029
// 8.7097171833738685 24.681379697285593
// 8.7099022557958961 24.681416996754706
// 8.7098974362015724 24.681402705609798
// 8.7099732924252748 24.681461127474904
// 8.7065734248608351 24.67821934260428
// 8.7065618997439742 24.67816783580929
// 8.7066112691536546 24.678202872164547
// 8.7066033063456416 24.67816196847707
// 8.7065535597503185 24.678088333457708
// 8.706564330495894 24.678066750057042
// 8.7065834412351251 24.678113521076739
// 8.7068515783175826 24.679504162631929
// 8.7068623071536422 24.679493517614901
// 8.7068419391289353 24.679444315843284
// 8.7082695448771119 24.679626119323075
// 8.7082612467929721 24.679583203978837
// 8.7082534935325384 24.679542006924748
// 8.7082588160410523 24.679512795992196
// 8.7092810729518533 24.679869278334081
// 8.7093005189672112 24.679863327182829
// 8.7092800671234727 24.679810940288007
// 8.709257603622973 24.67978763859719
// 8.7092583579942584 24.679761989973485
// 8.709367741830647 24.679758888669312
// 8.7093727709725499 24.679762073792517
// 8.7092546699568629 24.679753691889346
// 8.7093178695067763 24.679743046872318
// 8.7093090685084462 24.67972167301923
// 8.7068540928885341 24.67827386688441
// 8.7143779406324029 24.685943727381527
// 8.7143701454624534 24.685904332436621
// 8.7143680499866605 24.685863344930112
// 8.7143685529008508 24.68584758695215
// 8.6027311580255628 24.522401648573577
// 8.6027262965217233 24.522386309690773
// 8.6515864217653871 24.557266174815595
// 8.6515867570415139 24.557251674123108
// 8.6515868408605456 24.557228875346482
// 8.6515867151319981 24.557204525917768
// 8.6515561630949378 24.55712175462395
// 8.6515501281246543 24.557089735753834
// 8.6515434226021171 24.557056040503085
// 8.6515367589890957 24.557020124047995
// 8.6515649640932679 24.557166765443981
// 8.6515878466889262 24.557137931697071
// 8.6515882657840848 24.557077833451331
// 8.6515355436131358 24.557017735205591
// 8.6515285028144717 24.556981944479048
// 8.6515217134729028 24.55694783013314
// 8.651514588855207 24.556911368854344
// 8.6515077156946063 24.556876751594245
// 8.6515890201553702 24.557012203149498
// 8.6515895230695605 24.556950009427965
// 8.6515900259837508 24.556889575906098
// 8.6514995852485299 24.55683542881161
// 8.6514930473640561 24.556800811551511
// 8.6514852521941066 24.556763260625303
// 8.6514704581350088 24.556685099378228
// 8.6514802230522037 24.556736187078059
// 8.6515528103336692 24.556742222048342
// 8.6515174387022853 24.55667759757489
// 8.6515217134729028 24.556686147116125
// 8.6515886848792434 24.556807684712112
// 8.6515665985643864 24.556768666952848
// 8.6514653032645583 24.556660247035325
// 8.6514571728184819 24.556619678623974
// 8.6514746071770787 24.556599813513458
// 8.651496316306293 24.556639711372554
// 8.6514850845560431 24.556618756614625
// 8.6514479527249932 24.556572488509119
// 8.6514456057921052 24.5565613405779
// 8.6514559155330062 24.556566034443676
// 8.6143844341859221 24.527779812924564
// 8.6143932351842523 24.527754751034081
// 8.6143984319642186 24.527799510397017
// 8.6143900500610471 24.527729856781662
// 8.6143493559211493 24.527679355815053
// 8.614383595995605 24.527676715515554
// 8.6142914788797498 24.527515112422407
// 8.6142638185992837 24.527436322532594
// 8.6142388405278325 24.527365160174668
// 8.6143012018874288 24.527338840998709
// 8.6143804946914315 24.527651150710881
// 8.614320270717144 24.527595452964306
// 8.6143724480643868 24.527586274780333
// 8.6143672931939363 24.527545580640435
// 8.614362389780581 24.527502120472491
// 8.6143562290817499 24.527455726638436
// 8.6143548460677266 24.52744101639837
// 8.6143337655812502 24.527377607300878
// 8.614200996235013 24.527256907895207
// 8.6142608849331737 24.5272909803316
// 8.6142327217385173 24.527257452718914
// 8.6141984397545457 24.527217051945627
// 8.6265733977779746 24.521590028889477
// 8.6265846295282245 24.521578629501164
// 8.6297532403841615 24.522829963825643
// 8.6297332914546132 24.522804734297097
// 8.6296706786379218 24.522726195864379
// 8.6296460358425975 24.522695182822645
// 8.6296845087781549 24.522743294946849
// 8.6295762145891786 24.522607256658375
// 8.6295605404302478 24.522587223909795
// 8.6295318743214011 24.522551014088094
// 8.6296255839988589 24.522669198922813
// 8.6296339659020305 24.522679676301777
// 8.6295146076008677 24.522501141764224
// 8.6295109195634723 24.522451856173575
// 8.6295080697163939 24.522415311075747
// 8.629504214040935 24.522366276942194
// 8.6294991848990321 24.522304083220661
// 8.6294953292235732 24.522255635820329
// 8.6294918088242412 24.522206601686776
// 8.629752486012876 24.522247673012316
// 8.6297125043347478 24.522181539796293
// 8.62948686350137 24.522147006355226
// 8.6294832592830062 24.522098894231021
// 8.6294794036075473 24.522049776278436
// 8.6294755479320884 24.522000742144883
// 8.6295452015474439 24.522032509557903
// 8.6295297788456082 24.522020104341209
// 8.6296244105324149 24.522096714936197
// 8.6296569742262363 24.522123914211988
// 8.6296802340075374 24.522141977213323
// 8.6294750450178981 24.521994371898472
// 8.6294842651113868 24.521982972510159
// 8.6311223404482007 24.525688192807138
// 8.6311006313189864 24.525655587203801
// 8.6311213346198201 24.525642176158726
// 8.6314762244001031 24.526853361167014
// 8.6314731230959296 24.526844560168684
// 8.6314632324501872 24.526824275963008
// 8.6314154556021094 24.526777504943311
// 8.6314083309844136 24.526761411689222
// 8.6313924891874194 24.52672662679106
// 8.6313759768381715 24.526690165512264
// 8.6313816765323281 24.526658901013434
// 8.6314022121950984 24.526700475253165
// 8.6313547706231475 24.526625457219779
// 8.6313509987667203 24.526596707291901
// 8.6311521800234914 24.525730353780091
// 8.6311444686725736 24.525707890279591
// 8.6311070015653968 24.525601523928344
// 8.6310887290164828 24.525552657432854
// 8.6300847446545959 24.523247466422617
// 8.630071165971458 24.52323095407337
// 8.6302615189924836 24.52347042504698
// 8.6302201962098479 24.52341862488538
// 8.6302347807213664 24.523436729796231
// 8.6301967268809676 24.523389036767185
// 8.6303037637844682 24.523523231036961
// 8.6302979802712798 24.523502192460001
// 8.6302875028923154 24.523465395905077
// 8.630173341371119 24.523359532468021
// 8.6301464354619384 24.523325250484049
// 8.6301292525604367 24.523303625173867
// 8.6302486946806312 24.523326340131462
// 8.6301054479554296 24.523274204693735
// 8.6302198609337211 24.523223494179547
// 8.6299171065911651 24.52303649391979
// 8.6299995006993413 24.523140429519117
// 8.6300329444929957 24.523182758130133
// 8.6299749417230487 24.523109416477382
// 8.6299596866592765 24.523090221919119
// 8.6298441840335727 24.522944963537157
// 8.6298987921327353 24.523013150319457
// 8.6298722214996815 24.522979203611612
// 8.6298371013253927 24.522935366258025
// 8.6298147635534406 24.52290749642998
// 8.6297873547300696 24.522872879169881
// 8.6302030133083463 24.523163731209934
// 8.6301835672929883 24.523093826137483
// 8.6301647918298841 24.523026770912111
// 8.6301510455086827 24.522978407330811
// 8.630128582008183 24.522897941060364
// 8.6297612870112062 24.522840441204607
// 8.6300817271694541 24.522730302996933
// 8.6299261171370745 24.522536052390933
// 8.6299738939851522 24.522604281082749
// 8.6300517199561 24.522623433731496
// 8.6299733491614461 24.522588648833334
// 8.6299728462472558 24.522560820914805
// 8.6299722595140338 24.522522515617311
// 8.6300279991701245 24.5225386088714
// 8.6301059508696198 24.522817307151854
// 8.6298875184729695 24.522471386007965
// 8.6298396158963442 24.522392554208636
// 8.6298150988295674 24.522351860068738
// 8.6299723014235497 24.522490538656712
// 8.6299714213237166 24.522466105408967
// 8.6300043622031808 24.522454789839685
// 8.6299700802192092 24.522405336610973
// 8.6299746902659535 24.522392177022994
// 8.6299702478572726 24.522387147881091
// 8.6299928789958358 24.522420004941523
// 8.6299886042252183 24.522414808161557
// 8.6299886042252183 24.522412209771574
// 8.6299883527681231 24.522407264448702
// 8.6299856705591083 24.522404414601624
// 8.6299802223220468 24.522400726564229
// 8.6299809766933322 24.522400978021324
// 8.6299861734732985 24.52240324113518
// 8.6299761990085244 24.522391338832676
// 8.6297974130138755 24.522322355769575
// 8.6297733569517732 24.52228254172951
// 8.6212923796847463 24.517200007103384
// 8.621426154859364 24.517207299359143
// 8.6214985745027661 24.517276785336435
// 8.621478290297091 24.517257087863982
// 8.6212835786864161 24.517181064002216
// 8.6212960677221417 24.517164467833936
// 8.621271844021976 24.517121552489698
// 8.6213351273909211 24.517119708471
// 8.6212559603154659 24.517037440091372
// 8.6212640907615423 24.517080774530768
// 8.6213827366009355 24.517165306024253
// 8.62136194948107 24.5171456085518
// 8.6212415853515267 24.516967409290373
// 8.6212305212393403 24.516911082901061
// 8.6212177807465196 24.516845368780196
// 8.6212049564346671 24.516780409030616
// 8.6211919644847512 24.516714443452656
// 8.6211717640981078 24.51661151368171
// 8.621155503205955 24.516527862288058
// 8.6211466183885932 24.5164825161919
// 8.6211333330720663 24.516414077952504
// 8.621119880117476 24.516346896998584
// 8.6211145156994462 24.516319069080055
// 8.6211011046543717 24.516250840388238
// 8.6210962431505322 24.516226029954851
// 8.6210754979401827 24.516119370236993
// 8.6210622126236558 24.516052189283073
// 8.6218624329194427 24.517624969594181
// 8.6218491895124316 24.517613151110709
// 8.6218223255127668 24.517587209120393
// 8.621802250854671 24.517567888833582
// 8.6218480160459876 24.517539641819894
// 8.6217682622373104 24.517473299056292
// 8.6218392150476575 24.517488176934421
// 8.621772788465023 24.517417140305042
// 8.6218295339494944 24.517430970445275
// 8.6220307415351272 24.51764106284827
// 8.6220102058723569 24.517546598799527
// 8.6219937773421407 24.51747149694711
// 8.6215214151889086 24.517237851396203
// 8.6217776080593467 24.517344259656966
// 8.6217796197161078 24.517316096462309
// 8.6218051007017493 24.517284412868321
// 8.6217851098626852 24.517244892194867
// 8.6217876663431525 24.517207886092365
// 8.6215380532667041 24.51716220472008
// 8.621551631949842 24.517100346274674
// 8.6215651268139482 24.517038152553141
// 8.6219576513394713 24.51730587054044
// 8.6219357745721936 24.517205958254635
// 8.6219184240326285 24.517126497812569
// 8.6218954576179385 24.517021304927766
// 8.6215814715251327 24.51696380507201
// 8.6215947987511754 24.516901443712413
// 8.6218610079959035 24.516863222233951
// 8.6216176394373178 24.516796795651317
// 8.6216311762109399 24.5167346438393
// 8.6218563979491591 24.5168416807428
// 8.6218360299244523 24.516748893074691
// 8.6218908475711942 24.516999595798552
// 8.621870563365519 24.516906808130443
// 8.6216530529782176 24.516635150648654
// 8.6216664221137762 24.516572998836637
// 8.6216740496456623 24.516509044915438
// 8.6217992333695292 24.516579997725785
// 8.6216740077361465 24.516505817882717
// 8.62166000995785 24.516423256136477
// 8.6216466827318072 24.516342873685062
// 8.6217651190236211 24.516423507593572
// 8.6217496963217854 24.516352596692741
// 8.6216357024386525 24.516277830116451
// 8.6216238001361489 24.516207170672715
// 8.6217382969334722 24.516300125978887
// 8.6217178450897336 24.516207003034651
// 8.621615250594914 24.516156208701432
// 8.6216002469882369 24.516066941432655
// 8.6215880094096065 24.515994437970221
// 8.6217081220820546 24.51616199221462
// 8.6210456164553761 24.515968034975231
// 8.6210343008860946 24.515909277833998
// 8.6210208898410201 24.515841803513467
// 8.6209955764934421 24.515724205411971
// 8.6209804890677333 24.51565379742533
// 8.6209759628400207 24.515632423572242
// 8.6209635995328426 24.515573289245367
// 8.6209466680884361 24.515492655336857
// 8.620934933423996 24.51542392373085
// 8.6209122184664011 24.515337171033025
// 8.6215119855478406 24.515584059990942
// 8.6214865045621991 24.515543743036687
// 8.6214450141415 24.515478364191949
// 8.6214268254116178 24.515449195168912
// 8.6213981593027711 24.515404184348881
// 8.6213673138990998 24.515354982577264
// 8.6208304530009627 24.514958770014346
// 8.620815952308476 24.51489154715091
// 8.6208004457876086 24.514820384792984
// 8.6207923991605639 24.514782498590648
// 8.6207708995789289 24.514682376757264
// 8.620904297567904 24.515300751663744
// 8.6208892520517111 24.515230553224683
// 8.620873955078423 24.515160606242716
// 8.6208590352907777 24.515091539360583
// 8.6208441993221641 24.515022472478449
// 8.6211677826941013 24.51503986492753
// 8.6211255798116326 24.51497218105942
// 8.6213286314159632 24.515294088050723
// 8.6212946427986026 24.515239982865751
// 8.6212446866557002 24.515160690061748
// 8.6212674854323268 24.515196983702481
// 8.6211988795548677 24.515088899061084
// 8.6210802337154746 24.514900180511177
// 8.6211151024326682 24.514955836348236
// 8.6210615001618862 24.514871221035719
// 8.6210177885368466 24.514801609329879
// 8.6209629708901048 24.514714605174959
// 8.6209165351465344 24.514641012065113
// 8.6209359811618924 24.514672192744911
// 8.6207451252266765 24.514563228003681
// 8.6207488132640719 24.514580243267119
// 8.620723751373589 24.514464740641415
// 8.6208190536126494 24.514486701227725
// 8.6207136092707515 24.514417466707528
// 8.6207447061315179 24.514369019307196
// 8.6207928182557225 24.514445210807025
// 8.6206962587311864 24.514337335713208
// 8.6207135254517198 24.514319398440421
// 8.6206924868747592 24.514286457560956
// 8.6208965862169862 24.514609747566283
// 8.6208629328757524 24.514556815847754
// 8.6208347277715802 24.514511427842081
// 8.621575771830976 24.515921431593597
// 8.6216545617207885 24.515916653908789
// 8.6215610196813941 24.515834175981581
// 8.6216403963044286 24.515851526521146
// 8.6215501232072711 24.515769383870065
// 8.6216232972219586 24.515773910097778
// 8.6215344909578562 24.515678146854043
// 8.6215227143839002 24.515607613138855
// 8.6254052957519889 24.520429889671504
// 8.6254149349406362 24.520414718426764
// 8.6254221433773637 24.520404995419085
// 8.6254299385473132 24.520393260754645
// 8.6254399968311191 24.520378173328936
// 8.6253717681393027 24.520342047326267
// 8.6254466185346246 24.520367695949972
// 8.6254569282755256 24.520352859981358
// 8.6254665674641728 24.520338024012744
// 8.6254769610241055 24.520323355682194
// 8.6254856362938881 24.520307891070843
// 8.625496574677527 24.520293013192713
// 8.6253485502675176 24.520271220244467
// 8.6253244942054152 24.520197627134621
// 8.6253297328948975 24.520143270492554
// 8.6255112430080771 24.520271974615753
// 8.625521301291883 24.520257054828107
// 8.6255311919376254 24.520241883583367
// 8.6255410825833678 24.520226963795722
// 8.6255512246862054 24.520212044008076
// 8.6255611991509795 24.520197040401399
// 8.6255713412538171 24.520182372070849
// 8.6255644680932164 24.520136523060501
// 8.625283339060843 24.520071563310921
// 8.6252628872171044 24.520009034313262
// 8.6252404237166047 24.519940135069191
// 8.6252187984064221 24.519874337129295
// 8.6251966701820493 24.519806778989732
// 8.6255488777533174 24.520077598281205
// 8.6255315691232681 24.520019218325615
// 8.625518954358995 24.519962598569691
// 8.6255031963810325 24.51990300323