0: 1 5 14 6 19, zy
1: 1 5 16 6 21, zy
2: 1 7 20 6 15, zy
3: 1 5 10 4 14 6 17, zy
4: 1 5 12 4 12 6 19, zy
5: 1 5 12 4 14 6 19, zy
6: 1 5 15 1 6 1 20, zy
7: 1 5 14 6 21 1 5 16 6 19, zy
8: 1 5 12 4 14 4 10 4 16 6 19, zy
9: 1 5 14 4 8 2 6 4 16 6 19, zy
10: 1 5 14 4 10 4 15 1 6 1 20, zy
11: 1 5 14 5 1 19 6 16 5 1 20, zy
12: 1 7 18 6 14 4 10 4 10 4 13, zy
13: 1 7 18 6 18 6 14 4 10 4 13, zy
14: 1 7 20 6 14 4 10 4 12 4 13, zy
15: 1 5 12 4 10 2 4 2 6 2 6 4 17, zy
16: 1 5 12 4 12 4 12 4 10 4 14 6 19, zy
17: 1 5 12 4 14 4 12 4 14 4 10 4 17, zy
18: 1 5 12 4 14 6 20 6 17 1 6 1 18, zy
19: 1 5 14 4 10 4 16 6 18 6 18 6 19, zy
20: 1 5 14 4 12 4 10 4 15 1 6 1 20, zy
21: 1 5 14 4 12 4 12 4 16 6 20 6 19, zy
22: 1 5 12 4 12 5 1 19 7 1 14 1 7 19, zy
23: 1 5 16 5 1 21 7 1 13 4 13 1 7 21, zy
24: 1 5 12 2 2 2 10 4 14 6 20 6 16 6 19, zy
25: 1 5 12 4 12 4 14 6 20 6 16 4 8 4 17, zy
26: 1 5 12 4 12 4 14 6 20 6 17 1 6 1 18, zy
27: 1 5 12 4 14 4 10 4 14 4 10 4 16 6 19, zy
28: 1 5 12 4 14 6 19 1 6 1 16 1 6 1 18, zy
29: 1 5 14 4 10 2 4 2 8 4 15 1 6 1 20, zy
30: 1 5 14 4 10 4 16 6 19 1 5 14 5 1 20, zy
31: 1 7 20 6 14 4 8 2 6 4 16 6 18 6 15, zy
32: 1 7 20 6 14 4 10 4 14 6 18 6 18 6 15, zy
33: 1 5 10 2 4 2 8 4 16 6 18 6 18 6 18 6 17, zy
34: 1 5 12 2 2 2 8 2 4 2 6 2 8 4 14 6 19, zy
35: 1 5 12 2 2 2 10 4 14 4 10 4 16 6 18 6 19, zy
36: 1 5 12 4 10 2 4 2 6 2 6 2 6 2 6 4 17, zy
37: 1 5 12 4 12 2 2 2 8 2 6 4 17 1 6 1 18, zy
38: 1 5 12 4 12 4 12 4 10 2 2 2 10 4 14 6 19, zy
39: 1 5 12 4 12 4 12 4 12 4 10 4 15 1 6 1 18, zy
40: 1 5 12 4 12 4 12 4 14 6 20 6 16 4 8 4 17, zy
41: 1 5 12 4 14 4 10 4 14 4 10 4 16 6 18 6 19, zy
42: 1 5 12 4 14 4 10 4 14 5 1 20 1 5 16 6 19, zy
43: 1 5 12 4 14 4 10 4 16 6 20 6 17 1 6 1 18, zy
44: 1 5 12 4 14 5 1 20 1 5 14 4 10 4 16 6 19, zy
45: 1 5 12 4 14 6 18 6 18 6 16 6 18 6 16 6 19, zy
46: 1 5 12 4 14 6 20 6 14 4 10 4 15 1 6 1 18, zy
47: 1 5 14 4 10 2 2 2 12 4 10 4 15 1 6 1 20, zy
48: 1 5 14 4 10 2 4 2 6 2 8 4 15 1 6 1 20, zy
49: 1 5 14 4 10 4 16 6 18 6 18 6 18 6 18 6 19, zy
50: 1 5 14 4 12 4 10 4 16 6 19 1 5 14 5 1 20, zy
51: 1 5 14 4 12 4 12 4 14 6 21 1 5 15 1 7 21, zy
52: 1 5 14 4 12 4 14 4 10 2 4 2 8 2 6 4 19, zy
53: 1 5 14 5 1 18 1 6 1 17 6 20 6 16 5 1 20, zy
54: 1 5 14 6 19 1 6 1 15 4 8 4 16 6 16 6 19, zy
55: 1 5 16 4 8 2 6 2 8 4 16 4 10 4 16 6 21, zy
56: 1 5 16 4 8 4 18 6 18 6 18 6 20 6 16 6 21, zy
57: 1 6 1 15 4 8 2 6 4 16 6 20 7 1 15 6 19, zy
58: 1 7 20 6 14 4 10 4 12 4 13 1 7 20 7 1 14, zy
59: 1 5 12 2 2 2 10 4 15 1 6 1 19 6 17 1 6 1 18, zy
60: 1 5 12 4 10 2 2 2 10 4 14 6 18 6 16 6 18 6 17, zy
61: 1 5 12 4 10 4 14 4 8 4 16 6 18 6 16 6 18 6 17, zy
62: 1 5 12 4 12 4 12 4 12 4 10 4 16 6 17 1 6 1 18, zy
63: 1 5 12 4 12 4 12 5 1 19 6 14 4 10 4 13 1 7 19, zy
64: 1 5 12 4 14 4 10 4 15 1 6 1 19 6 17 1 6 1 18, zy
65: 1 5 12 4 14 6 18 6 18 6 16 6 18 6 17 1 6 1 18, zy
66: 1 5 14 4 10 2 4 2 8 4 16 4 8 2 6 4 18 6 19, zy
67: 1 5 14 4 10 4 14 4 8 2 6 4 17 1 6 1 17 6 19, zy
68: 1 5 14 4 10 4 15 1 6 1 19 6 18 6 18 6 18 6 19, zy
69: 1 5 14 4 10 4 16 6 18 4 6 2 8 4 15 1 6 1 20, zy
70: 1 5 14 4 10 4 16 6 18 6 18 6 18 6 18 6 18 6 19, zy
71: 1 5 14 4 12 4 10 4 16 6 18 6 19 1 5 14 5 1 20, zy
72: 1 5 14 4 12 4 12 4 12 4 14 6 21 1 5 15 1 7 21, zy
73: 1 5 14 5 1 19 6 16 4 8 2 6 4 18 6 16 5 1 20, zy
74: 1 5 14 5 1 19 6 16 6 17 1 6 1 17 6 16 5 1 20, zy
75: 1 5 14 5 1 19 6 16 6 18 6 16 6 18 6 16 5 1 20, zy
76: 1 5 16 6 18 4 8 4 16 6 19 1 6 1 16 1 6 1 20, zy
77: 1 5 16 6 18 6 18 6 18 6 16 6 20 6 15 1 6 1 20, zy
78: 1 5 16 6 19 1 6 1 17 6 18 6 16 4 10 4 14 6 21, zy
79: 1 5 16 6 19 1 6 1 17 6 19 1 6 1 16 1 6 1 20, zy
80: 1 5 16 6 20 6 16 4 10 4 14 4 10 4 15 1 6 1 20, zy
81: 1 6 1 15 4 8 4 16 6 18 6 16 6 20 7 1 15 6 19, zy
82: 1 6 1 16 1 6 1 17 6 18 6 16 6 18 6 15 1 7 19, zy
83: 1 5 12 4 12 4 12 4 12 4 13 1 7 20 6 16 4 8 4 17, zy
84: 1 5 14 6 17 1 6 1 17 6 14 5 1 19 6 12 4 12 6 19, zy
85: 1 5 14 6 21 1 5 16 5 1 21 6 14 5 1 19 6 16 6 19, zy
86: 1 7 20 6 15 1 7 20 6 16 6 20 7 1 15 6 20 7 1 14, zy
87: 1 5 10 2 4 2 8 4 16 6 18 4 6 2 6 2 6 4 18 6 17, zy
88: 1 5 12 2 2 2 10 4 14 4 10 4 14 4 10 4 16 6 18 6 19, zy
89: 1 5 12 4 12 2 2 2 10 4 12 4 14 6 20 6 17 1 6 1 18, zy
90: 1 5 12 4 12 4 10 4 14 4 10 4 12 4 10 4 15 1 6 1 18, zy
91: 1 5 12 4 12 4 12 4 8 2 6 2 4 2 8 4 16 6 16 6 19, zy
92: 1 5 12 4 12 4 12 4 10 2 4 2 8 4 15 1 6 1 19 6 17, zy
93: 1 5 12 4 12 4 12 4 12 4 12 4 10 4 16 6 17 1 6 1 18, zy
94: 1 5 12 4 12 4 12 4 14 6 20 6 16 6 20 6 16 4 8 4 17, zy
95: 1 5 12 4 14 4 10 4 14 4 10 2 4 2 6 2 8 4 16 6 19, zy
96: 1 5 12 4 14 4 10 4 14 4 10 4 14 4 10 4 16 6 18 6 19, zy
97: 1 5 12 4 14 5 1 19 6 19 1 5 14 4 10 2 4 2 8 4 17, zy
98: 1 5 12 4 14 5 1 20 1 5 14 4 10 2 4 2 8 4 16 6 19, zy
99: 1 5 14 4 8 4 16 6 18 6 16 6 18 6 16 6 18 6 16 6 19, zy
100: 1 5 14 4 10 2 4 2 6 2 8 4 16 6 19 1 5 14 5 1 20, zy
101: 1 5 14 4 10 4 14 4 10 4 14 5 1 19 6 18 6 16 5 1 20, zy
102: 1 5 14 4 10 4 16 6 19 1 5 14 5 1 19 6 18 6 18 6 19, zy
103: 1 5 14 4 10 4 16 6 19 1 6 1 17 6 19 1 5 14 5 1 20, zy
104: 1 5 14 4 10 4 16 6 20 6 16 4 8 2 6 2 6 4 18 6 19, zy
105: 1 5 14 4 12 4 10 4 16 6 18 4 6 2 8 4 15 1 6 1 20, zy
106: 1 5 14 4 12 4 12 4 14 4 8 2 6 2 8 4 15 1 6 1 20, zy
107: 1 5 14 5 1 19 6 16 6 18 6 17 1 6 1 17 6 16 5 1 20, zy
108: 1 5 14 5 1 19 6 18 6 16 4 8 2 6 4 18 6 16 5 1 20, zy
109: 1 5 14 6 20 6 16 6 18 6 16 5 1 20 1 6 1 15 5 1 20, zy
110: 1 5 16 4 8 4 17 1 6 1 17 6 20 6 16 6 20 6 16 6 21, zy
111: 1 5 16 6 18 4 6 2 8 4 16 6 19 1 6 1 16 1 6 1 20, zy
112: 1 5 16 6 18 6 16 4 8 4 15 1 6 1 19 6 15 1 6 1 20, zy
113: 1 5 16 6 19 1 6 1 17 6 18 6 19 1 6 1 16 1 6 1 20, zy
114: 1 6 1 17 4 8 4 16 6 20 6 16 6 20 6 15 1 7 20 6 17, zy
115: 1 6 1 17 6 16 4 6 2 8 4 14 6 20 7 1 15 6 18 6 17, zy
116: 1 5 12 2 2 2 10 4 12 4 14 6 19 1 5 14 6 20 6 16 6 19, zy
117: 1 5 12 4 12 4 8 4 15 1 6 1 19 7 1 15 6 18 6 14 6 19, zy
118: 1 5 12 4 12 4 14 6 21 1 5 16 4 8 2 4 2 8 2 6 4 17, zy
119: 1 5 12 4 12 5 1 17 6 20 7 1 15 6 20 6 15 1 7 20 6 17, zy
120: 1 5 12 4 14 4 10 4 14 6 21 1 5 14 4 12 4 10 4 16 6 19, zy
121: 1 5 12 4 14 6 18 6 18 6 15 1 7 20 6 14 4 10 4 14 6 19, zy
122: 1 5 14 4 10 4 14 4 10 4 12 4 13 1 7 20 6 16 6 18 6 19, zy
123: 1 5 10 2 4 2 6 2 6 2 4 2 10 4 10 4 14 4 8 4 16 6 17, zy
124: 1 5 10 2 4 2 8 2 4 2 8 4 16 6 19 1 5 14 5 1 19 6 17, zy
125: 1 5 12 2 2 2 8 2 4 2 6 2 8 4 12 4 12 4 10 4 14 6 19, zy
126: 1 5 12 2 2 2 10 2 4 2 6 2 8 4 16 6 20 6 17 1 6 1 18, zy
127: 1 5 12 4 10 4 14 4 8 4 16 6 17 1 6 1 17 6 16 6 18 6 17, zy
128: 1 5 12 4 12 4 10 2 4 2 8 4 14 4 10 4 14 4 8 2 6 4 17, zy
129: 1 5 12 4 12 4 10 2 4 2 8 4 16 6 19 1 5 14 5 1 19 6 17, zy
130: 1 5 12 4 12 4 12 4 10 4 14 5 1 20 1 5 14 4 10 4 14 6 19, zy
131: 1 5 12 4 12 4 12 4 12 4 10 2 4 2 8 4 15 1 6 1 19 6 17, zy
132: 1 5 12 4 14 4 10 2 4 2 6 2 8 4 16 6 20 6 17 1 6 1 18, zy
133: 1 5 12 4 14 4 10 4 14 5 1 20 1 5 14 4 12 4 10 4 16 6 19, zy
134: 1 5 12 4 14 5 1 20 1 5 14 4 10 4 15 1 6 1 19 6 16 6 19, zy
135: 1 5 12 4 14 5 1 20 1 6 1 15 4 10 4 14 6 21 1 5 16 6 19, zy
136: 1 5 12 4 14 6 18 6 18 6 14 4 10 4 14 6 19 1 6 1 15 6 19, zy
137: 1 5 12 4 14 6 19 1 6 1 16 1 6 1 18 1 6 1 16 1 6 1 18, zy
138: 1 5 12 4 14 6 21 1 5 16 6 20 6 15 1 7 20 6 17 1 6 1 18, zy
139: 1 5 14 4 8 2 6 2 6 4 17 1 6 1 17 6 17 1 6 1 17 6 19, zy
140: 1 5 14 4 10 2 2 2 12 4 10 4 16 6 18 6 19 1 5 14 5 1 20, zy
141: 1 5 14 4 12 4 10 2 2 2 12 4 10 2 4 2 8 4 15 1 6 1 20, zy
142: 1 5 14 4 12 4 10 2 4 2 6 2 8 4 16 6 19 1 5 14 5 1 20, zy
143: 1 5 14 4 12 4 10 4 16 6 18 4 6 2 6 2 8 4 15 1 6 1 20, zy
144: 1 5 14 4 12 4 10 4 16 6 19 1 5 14 5 1 20 1 5 15 1 7 21, zy
145: 1 5 14 4 12 4 12 2 4 2 6 2 8 4 18 6 18 4 8 2 6 4 19, zy
146: 1 5 14 4 12 4 12 4 12 2 2 2 10 4 14 4 10 4 15 1 6 1 20, zy
147: 1 5 14 4 12 4 12 4 12 4 12 4 12 4 14 6 21 1 5 15 1 7 21, zy
148: 1 5 14 6 20 6 14 5 1 19 6 14 4 10 4 14 6 20 7 1 15 6 19, zy
149: 1 5 16 4 8 4 18 6 17 1 6 1 18 1 6 1 17 6 20 6 16 6 21, zy
150: 1 5 16 6 18 4 6 2 6 2 8 4 14 4 10 4 14 4 10 4 14 6 21, zy
151: 1 5 16 6 18 4 6 2 8 4 16 6 18 4 6 2 8 4 15 1 6 1 20, zy
152: 1 5 16 6 20 6 16 6 20 6 16 4 8 2 4 2 10 4 12 4 14 6 21, zy
153: 1 6 1 15 4 8 2 6 2 4 2 8 2 6 4 16 6 20 7 1 15 6 19, zy
154: 1 6 1 15 4 10 4 12 2 2 2 8 2 6 4 16 6 20 7 1 15 6 19, zy
155: 1 6 1 17 4 6 2 8 4 16 6 20 6 15 1 7 20 6 17 1 6 1 18, zy
156: 1 5 12 2 2 2 10 4 12 4 13 1 7 20 6 15 1 7 21 1 5 16 6 19, zy
157: 1 5 12 4 12 4 10 4 15 1 6 1 20 1 5 16 6 18 6 17 1 6 1 18, zy
158: 1 5 12 4 12 4 12 4 12 4 12 5 1 17 6 20 7 1 14 1 7 20 6 17, zy
159: 1 5 12 4 12 4 13 1 7 20 6 16 6 20 7 1 13 4 12 4 12 5 1 18, zy
160: 1 5 12 4 14 4 10 4 15 1 6 1 20 1 5 16 6 19 1 6 1 17 6 19, zy
161: 1 5 12 4 14 4 10 4 15 1 6 1 20 1 5 16 6 20 6 17 1 6 1 18, zy
162: 1 5 14 4 10 4 15 1 6 1 20 1 5 16 6 18 6 19 1 5 14 5 1 20, zy
163: 1 6 1 17 6 18 7 1 13 4 10 4 12 4 12 4 10 4 13 1 7 18 6 17, zy
164: 1 6 1 17 6 20 7 1 13 4 12 4 12 4 12 4 12 4 13 1 7 20 6 17, zy
165: 1 5 12 2 2 2 10 4 12 4 12 4 12 4 10 4 16 6 18 6 17 1 6 1 18, zy
166: 1 5 12 4 10 4 14 4 8 2 4 2 8 4 15 1 6 1 17 4 6 2 6 4 17, zy
167: 1 5 12 4 12 4 10 2 4 2 6 2 6 4 17 1 6 1 17 6 17 1 6 1 18, zy
168: 1 5 12 4 12 4 10 2 4 2 6 2 8 4 14 4 10 4 14 4 8 2 6 4 17, zy
169: 1 5 12 4 12 4 10 2 4 4 18 6 14 4 10 4 12 4 12 4 10 4 14 6 19, zy
170: 1 5 12 4 12 4 10 4 14 6 19 1 6 1 15 4 8 4 16 6 17 1 6 1 18, zy
171: 1 5 12 4 12 4 12 4 8 2 6 2 4 2 8 2 4 2 6 2 8 4 14 6 19, zy
172: 1 5 12 4 12 4 12 4 12 2 2 2 8 2 4 2 8 2 6 4 16 4 8 4 17, zy
173: 1 5 12 4 12 4 12 4 12 4 10 4 16 6 18 6 18 6 18 6 16 4 8 4 17, zy
174: 1 5 12 4 12 4 12 5 1 19 6 15 1 6 1 19 6 14 4 10 4 13 1 7 19, zy
175: 1 5 12 4 12 4 14 5 1 20 1 5 14 4 10 2 4 2 8 4 16 4 8 4 17, zy
176: 1 5 12 4 14 4 10 4 14 4 10 2 4 2 8 4 16 6 20 6 17 1 6 1 18, zy
177: 1 5 12 4 14 4 10 4 14 4 10 4 14 4 10 2 4 2 6 2 8 4 16 6 19, zy
178: 1 5 12 4 14 4 10 4 16 6 19 1 6 1 16 1 6 1 19 6 17 1 6 1 18, zy
179: 1 5 12 4 14 5 1 19 6 19 1 5 14 4 10 4 16 6 20 6 17 1 6 1 18, zy
180: 1 5 12 4 14 5 1 20 1 5 14 4 10 4 14 4 10 4 14 6 20 6 16 6 19, zy
181: 1 5 12 4 14 5 1 20 1 5 14 4 10 4 15 1 6 1 19 6 17 1 6 1 18, zy
182: 1 5 14 4 8 2 4 2 8 2 4 2 6 2 6 2 6 4 16 6 18 6 16 6 19, zy
183: 1 5 14 4 8 2 6 4 16 6 18 6 16 6 18 6 16 6 19 1 5 14 5 1 20, zy
184: 1 5 14 4 8 2 6 4 16 6 18 6 16 6 19 1 5 14 5 1 19 6 16 6 19, zy
185: 1 5 14 4 10 2 2 2 12 4 10 4 16 6 18 4 6 2 8 4 15 1 6 1 20, zy
186: 1 5 14 4 10 2 2 2 12 4 12 4 12 4 14 5 1 20 1 6 1 15 5 1 20, zy
187: 1 5 14 4 10 4 14 4 8 2 6 2 6 2 6 4 18 6 17 1 6 1 17 6 19, zy
188: 1 5 14 4 10 4 14 6 18 6 18 6 16 6 18 6 16 6 19 1 5 14 5 1 20, zy
189: 1 5 14 4 10 4 15 1 6 1 19 6 16 4 8 4 17 1 6 1 17 6 18 6 19, zy
190: 1 5 14 4 10 4 16 6 19 1 6 1 17 6 19 1 5 14 5 1 19 6 18 6 19, zy
191: 1 5 14 4 12 4 10 2 2 2 12 4 10 2 4 2 6 2 8 4 15 1 6 1 20, zy
192: 1 5 14 4 12 4 10 2 2 2 12 4 10 4 15 1 6 1 20 1 5 15 1 7 21, zy
193: 1 5 14 4 12 4 10 2 4 2 6 2 8 4 15 1 6 1 20 1 5 15 1 7 21, zy
194: 1 5 14 4 12 4 10 4 16 6 18 6 19 1 5 14 5 1 20 1 5 15 1 7 21, zy
195: 1 5 14 4 12 4 10 4 16 6 19 1 6 1 17 6 18 6 19 1 5 14 5 1 20, zy
196: 1 5 14 5 1 18 1 6 1 17 6 17 1 6 1 17 6 18 6 18 6 16 5 1 20, zy
197: 1 5 14 5 1 19 6 16 6 17 1 6 1 17 6 17 1 6 1 17 6 16 5 1 20, zy
198: 1 5 14 5 1 19 6 16 6 18 6 16 6 18 6 17 1 6 1 17 6 16 5 1 20, zy
199: 1 5 14 5 1 19 6 16 6 19 1 5 14 6 20 6 15 1 6 1 19 6 16 6 19, zy
200: 1 5 16 4 8 4 16 4 8 2 4 2 8 2 4 2 10 4 12 4 12 4 14 6 21, zy
201: 1 5 16 4 10 4 16 6 21 1 5 16 5 1 21 6 17 1 6 1 19 6 18 6 21, zy
202: 1 5 16 6 16 4 8 4 16 6 16 4 8 4 15 1 6 1 19 6 15 1 6 1 20, zy
203: 1 5 16 6 18 4 6 2 8 4 16 6 18 4 6 2 6 2 8 4 15 1 6 1 20, zy
204: 1 5 16 6 20 6 16 4 8 2 6 2 4 2 10 4 14 4 10 4 15 1 6 1 20, zy
205: 1 6 1 17 6 18 6 18 6 18 6 17 1 6 1 19 6 15 1 7 20 6 16 6 19, zy
206: 1 5 10 4 15 1 6 1 18 1 6 1 15 4 10 5 1 17 6 17 1 6 1 17 6 17, zy
207: 1 5 12 2 2 2 6 2 6 2 6 4 15 1 6 1 19 7 1 15 6 18 6 14 6 19, zy
208: 1 5 12 2 2 2 12 4 12 2 2 2 12 5 1 19 6 18 5 1 22 1 5 18 6 19, zy
209: 1 5 12 4 12 5 1 17 6 19 1 5 15 1 6 1 18 1 6 1 15 5 1 19 6 17, zy
210: 1 5 14 4 8 2 6 2 6 2 4 2 10 4 12 4 13 1 7 20 6 16 6 18 6 19, zy
211: 1 5 14 4 10 2 2 2 10 2 2 2 10 4 12 4 13 1 7 20 6 16 6 18 6 19, zy
212: 1 5 14 4 10 2 2 2 12 4 12 4 14 6 21 1 5 14 4 14 6 20 6 18 6 19, zy
213: 1 5 14 4 10 2 4 2 8 4 16 6 21 1 5 16 4 8 2 6 2 6 4 18 6 19, zy
214: 1 5 16 4 8 4 17 1 6 1 17 4 8 4 16 5 1 21 6 14 4 12 4 14 6 21, zy
215: 1 5 16 4 8 4 17 1 6 1 17 6 20 6 16 5 1 21 6 16 6 20 6 16 6 21, zy
216: 1 5 17 1 6 1 17 4 8 4 17 1 6 1 17 5 1 21 6 17 1 6 1 17 6 21, zy
217: 1 5 10 2 4 2 6 2 6 4 17 1 6 1 17 6 16 6 18 6 17 1 6 1 17 6 17, zy
218: 1 5 12 2 2 2 8 2 2 2 12 5 1 18 1 6 1 16 1 6 1 18 1 5 14 6 19, zy
219: 1 5 12 2 2 2 10 4 12 4 12 4 12 4 12 4 10 4 15 1 6 1 19 6 16 6 19, zy
220: 1 5 12 2 2 2 10 4 12 4 12 4 12 4 12 4 10 4 16 6 18 6 17 1 6 1 18, zy
221: 1 5 12 2 2 2 10 4 12 4 14 6 19 1 6 1 15 4 10 4 14 6 20 6 16 6 19, zy
222: 1 5 12 2 2 2 10 4 14 4 10 4 14 4 10 2 4 2 6 2 6 2 8 4 16 6 19, zy
223: 1 5 12 2 2 2 10 4 14 5 1 20 1 5 14 4 10 2 2 2 12 4 10 4 16 6 19, zy
224: 1 5 12 4 10 2 4 2 6 2 6 2 4 2 10 4 10 2 4 2 6 2 6 2 6 4 17, zy
225: 1 5 12 4 12 2 2 2 8 2 4 2 8 2 4 2 8 4 16 6 18 6 17 1 6 1 18, zy
226: 1 5 12 4 12 4 10 2 2 2 10 4 12 4 12 4 10 4 12 4 12 4 10 4 14 6 19, zy
227: 1 5 12 4 12 4 10 2 4 2 8 2 4 2 8 4 16 6 19 1 5 14 5 1 19 6 17, zy
228: 1 5 12 4 12 4 10 4 14 6 19 1 6 1 15 6 18 6 17 1 6 1 16 1 6 1 18, zy
229: 1 5 12 4 12 4 12 4 10 4 12 4 12 4 10 2 4 4 18 6 14 4 10 4 14 6 19, zy
230: 1 5 12 4 12 4 12 4 12 4 12 4 12 4 12 2 2 2 8 2 4 2 8 2 6 4 17, zy
231: 1 5 12 4 12 4 12 4 14 6 20 6 16 5 1 21 7 1 15 6 20 6 16 4 8 4 17, zy
232: 1 5 12 4 12 4 14 5 1 20 1 5 14 4 12 4 10 2 4 2 8 4 16 4 8 4 17, zy
233: 1 5 12 4 12 4 14 6 19 1 6 1 16 1 6 1 18 1 6 1 17 6 17 1 6 1 18, zy
234: 1 5 12 4 14 4 10 4 14 4 10 2 4 2 6 2 8 4 16 6 19 1 6 1 17 6 19, zy
235: 1 5 12 4 14 4 10 4 14 5 1 20 1 5 14 4 10 2 2 2 12 4 10 4 16 6 19, zy
236: 1 5 12 4 14 4 10 4 14 5 1 20 1 5 14 4 10 2 4 2 6 2 8 4 16 6 19, zy
237: 1 5 12 4 14 5 1 20 1 5 14 4 10 4 15 1 6 1 19 6 18 6 17 1 6 1 18, zy
238: 1 5 12 4 14 6 20 6 16 5 1 21 6 14 4 12 5 1 19 6 16 6 20 6 16 6 19, zy
239: 1 5 14 4 8 2 4 2 8 2 4 2 6 2 6 2 6 2 6 4 16 6 18 6 16 6 19, zy
240: 1 5 14 4 8 4 16 6 18 6 16 6 17 1 6 1 17 6 17 1 6 1 17 6 16 6 19, zy
241: 1 5 14 4 10 2 2 2 12 4 12 4 14 5 1 21 6 14 4 12 4 12 4 14 5 1 20, zy
242: 1 5 14 4 10 2 4 2 6 2 8 4 16 6 19 1 6 1 17 6 19 1 5 14 5 1 20, zy
243: 1 5 14 4 10 4 16 6 20 6 16 5 1 21 6 14 4 12 4 12 4 12 4 14 5 1 20, zy
244: 1 5 14 4 12 4 10 2 4 2 6 2 8 4 16 6 18 4 6 2 8 4 15 1 6 1 20, zy
245: 1 5 14 4 12 4 12 4 12 4 14 5 1 20 1 5 15 1 6 1 20 1 5 15 1 7 21, zy
246: 1 5 14 5 1 19 6 16 6 18 6 16 6 19 1 6 1 15 6 19 1 6 1 15 5 1 20, zy
247: 1 5 14 6 20 6 14 6 20 7 1 14 1 7 19 1 6 1 15 4 8 4 16 6 16 6 19, zy
248: 1 5 15 1 6 1 19 6 16 4 8 2 6 4 17 1 6 1 17 6 18 6 18 6 18 6 19, zy
249: 1 5 16 6 19 1 6 1 17 6 19 1 6 1 17 6 18 6 19 1 6 1 16 1 6 1 20, zy
250: 1 5 16 6 20 6 14 4 10 2 4 2 6 2 8 4 14 4 10 4 14 4 10 4 14 6 21, zy
251: 1 5 16 6 20 6 16 6 20 6 16 6 20 6 16 4 8 2 4 2 10 4 12 4 14 6 21, zy
252: 1 5 16 6 20 6 18 6 17 1 6 1 19 6 16 4 10 4 14 4 10 4 15 1 6 1 20, zy
253: 1 7 20 6 16 6 18 4 6 2 6 2 6 2 6 2 6 2 6 2 4 2 10 4 12 4 13, zy
254: 1 5 10 2 4 2 8 4 16 6 18 6 19 1 5 14 4 10 2 4 2 6 2 6 4 18 6 17, zy
255: 1 5 12 2 2 2 10 4 16 6 18 4 8 4 17 1 5 12 4 12 4 14 4 10 4 16 6 19, zy
256: 1 5 12 2 4 2 6 2 8 2 6 2 4 2 12 5 1 19 6 18 5 1 22 1 5 18 6 19, zy
257: 1 5 12 4 10 4 14 4 8 4 16 6 16 6 19 1 5 12 4 14 6 18 6 16 6 18 6 17, zy
258: 1 5 12 4 12 4 10 2 2 2 10 4 14 6 19 1 5 12 4 12 4 12 4 10 4 14 6 19, zy
259: 1 5 12 4 14 6 21 1 5 16 6 20 6 16 5 1 21 6 14 4 12 5 1 17 4 8 4 17, zy
260: 1 5 14 4 8 2 6 4 16 6 19 1 5 14 5 1 20 1 5 15 1 6 1 19 6 16 6 19, zy
261: 1 5 14 4 14 6 21 1 5 16 5 1 21 6 14 4 14 5 1 21 6 14 4 12 4 14 6 21, zy
262: 1 5 14 6 18 6 15 1 7 20 7 1 15 6 18 6 14 5 1 19 6 14 4 8 4 14 6 19, zy
263: 1 5 15 1 6 1 19 7 1 13 4 10 2 2 2 10 4 13 1 7 19 1 6 1 15 5 1 20, zy
264: 1 5 15 1 6 1 20 1 5 15 1 6 1 20 1 6 1 15 5 1 20 1 6 1 15 5 1 20, zy
265: 1 5 16 4 8 4 16 5 1 21 7 1 14 1 7 21 1 5 16 5 1 21 7 1 14 1 7 21, zy
266: 1 5 12 2 2 2 8 2 2 2 12 5 1 19 6 14 5 1 19 7 1 13 4 10 4 13 1 7 19, zy
267: 1 5 12 2 2 2 10 4 14 4 10 4 14 5 1 20 1 5 16 6 18 4 6 2 8 4 16 6 19, zy
268: 1 5 12 4 12 2 2 2 10 4 12 4 12 4 14 6 20 6 16 6 20 6 16 6 20 6 16 6 19, zy
269: 1 5 12 4 12 4 10 2 2 2 10 4 12 4 10 2 4 2 4 2 10 4 12 4 10 4 14 6 19, zy
270: 1 5 12 4 12 4 10 4 14 6 19 1 5 12 4 12 4 12 5 1 18 1 6 1 16 1 6 1 18, zy
271: 1 5 12 4 12 4 12 4 10 4 12 4 12 4 10 2 2 2 10 4 12 4 12 4 10 4 14 6 19, zy
272: 1 5 12 4 12 4 12 4 12 4 12 4 10 4 16 6 17 1 6 1 18 1 6 1 16 1 6 1 18, zy
273: 1 5 12 4 12 4 12 4 12 4 14 6 20 6 16 5 1 21 7 1 15 6 20 6 16 4 8 4 17, zy
274: 1 5 12 4 14 4 10 4 14 4 10 4 16 6 19 1 6 1 16 1 6 1 19 6 17 1 6 1 18, zy
275: 1 5 12 4 14 5 1 20 1 5 14 4 10 2 2 2 10 2 2 2 10 4 14 6 20 6 16 6 19, zy
276: 1 5 12 4 14 5 1 20 1 5 16 6 20 6 16 5 1 20 1 5 14 4 10 2 4 2 8 4 17, zy
277: 1 5 12 4 14 5 1 20 1 6 1 15 4 10 4 12 2 2 2 10 4 14 6 21 1 5 16 6 19, zy
278: 1 5 12 4 14 6 20 6 16 6 20 6 14 4 10 4 15 1 6 1 18 1 6 1 16 1 6 1 18, zy
279: 1 5 12 5 1 17 6 17 1 6 1 17 6 16 4 6 2 8 4 14 6 20 7 1 15 6 18 6 17, zy
280: 1 5 14 4 8 2 4 2 8 2 4 2 6 2 6 2 6 4 16 6 18 6 16 6 18 6 16 6 19, zy
281: 1 5 14 4 10 2 2 2 12 4 10 4 16 6 19 1 6 1 17 6 18 6 19 1 5 14 5 1 20, zy
282: 1 5 14 4 10 2 4 2 6 2 8 4 16 6 19 1 6 1 17 6 18 6 19 1 5 14 5 1 20, zy
283: 1 5 14 4 10 4 16 6 18 4 6 2 8 4 16 6 19 1 6 1 17 6 19 1 5 14 5 1 20, zy
284: 1 5 14 4 10 4 16 6 20 6 17 1 6 1 17 4 8 4 16 4 8 2 6 2 6 4 18 6 19, zy
285: 1 5 14 4 12 4 10 2 2 2 12 4 10 2 4 2 6 2 8 4 16 6 19 1 5 14 5 1 20, zy
286: 1 5 14 4 12 4 10 2 4 2 8 4 16 6 18 4 6 2 8 4 16 6 19 1 5 14 5 1 20, zy
287: 1 5 14 4 12 4 10 2 4 2 8 4 16 6 19 1 6 1 16 1 6 1 20 1 5 15 1 7 21, zy
288: 1 5 14 4 12 4 10 2 4 2 8 4 16 6 19 1 6 1 17 6 19 1 6 1 16 1 6 1 20, zy
289: 1 5 14 4 12 4 12 4 12 4 12 4 14 4 8 2 6 2 6 2 6 2 8 4 15 1 6 1 20, zy
290: 1 5 14 4 12 4 12 4 14 5 1 20 1 5 14 4 12 4 12 4 14 6 21 1 5 15 1 7 21, zy
291: 1 5 14 5 1 19 6 16 4 8 2 4 2 8 4 16 6 19 1 5 14 5 1 19 6 16 5 1 20, zy
292: 1 5 14 5 1 19 6 18 6 16 4 8 2 6 4 18 6 16 4 8 2 6 4 18 6 16 5 1 20, zy
293: 1 5 14 6 19 1 6 1 15 4 8 4 15 1 6 1 18 1 6 1 15 4 8 4 16 6 16 6 19, zy
294: 1 5 14 6 20 6 14 5 1 19 6 15 1 6 1 19 6 16 6 16 4 8 4 16 6 16 5 1 20, zy
295: 1 5 16 6 20 6 14 4 12 4 10 4 16 6 18 6 18 6 18 6 16 4 10 4 12 4 14 6 21, zy
296: 1 5 16 6 20 6 16 6 20 6 16 6 20 6 16 4 8 2 4 2 10 4 12 4 12 4 14 6 21, zy
297: 1 6 1 15 4 8 4 17 1 6 1 16 1 6 1 19 6 15 1 7 20 6 16 4 8 4 16 6 19, zy
298: 1 6 1 17 6 16 4 8 4 14 4 10 4 12 4 12 4 10 4 14 6 20 7 1 15 6 18 6 17, zy
299: 1 7 20 6 16 6 18 4 6 2 6 2 6 2 6 2 6 2 6 2 6 2 4 2 10 4 12 4 13, zy
300: 1 5 12 4 12 4 10 4 14 6 19 1 5 14 5 1 20 1 5 16 6 16 4 8 4 15 1 6 1 18, zy
301: 1 5 12 4 12 4 14 6 21 1 5 16 6 20 6 16 6 20 6 16 5 1 21 6 14 4 12 5 1 18, zy
302: 1 5 12 4 14 6 20 6 15 1 6 1 20 1 5 16 6 19 1 5 14 5 1 19 6 16 4 8 4 17, zy
303: 1 5 12 4 14 6 20 6 16 6 19 1 5 14 5 1 20 1 5 16 6 18 6 18 6 17 1 6 1 18, zy
304: 1 5 12 4 14 6 21 1 5 14 4 12 4 12 4 12 4 12 4 14 5 1 21 6 14 4 12 5 1 18, zy
305: 1 5 12 4 14 6 21 1 5 14 4 12 4 12 4 14 5 1 21 6 14 4 12 5 1 17 4 8 4 17, zy
306: 1 5 14 4 8 2 6 4 16 6 18 6 16 6 19 1 5 14 6 20 6 14 4 8 2 6 4 16 6 19, zy
307: 1 5 14 4 10 4 14 4 10 4 15 1 6 1 20 1 5 16 6 18 4 6 2 8 4 15 1 6 1 20, zy
308: 1 5 14 4 10 4 16 6 20 6 17 1 6 1 17 5 1 21 6 16 4 8 2 6 2 6 4 18 6 19, zy
309: 1 5 14 5 1 19 6 14 4 10 4 14 6 20 7 1 15 6 18 6 17 1 6 1 17 6 16 5 1 20, zy
310: 1 5 16 4 8 2 6 4 17 1 6 1 17 4 6 2 8 4 16 5 1 21 6 16 6 20 6 16 6 21, zy
311: 1 5 16 6 20 6 17 1 6 1 17 6 20 6 16 5 1 21 6 14 4 12 4 12 4 12 4 14 6 21, zy
312: 1 5 10 2 4 2 6 2 6 2 4 2 8 2 4 2 8 4 14 4 8 4 16 6 17 1 6 1 17 6 17, zy
313: 1 5 12 2 2 2 10 4 12 5 1 18 1 5 12 4 12 4 10 4 14 4 8 4 16 6 18 6 16 6 19, zy
314: 1 5 12 4 10 2 4 2 8 4 15 1 6 1 19 6 16 4 8 4 16 6 19 1 5 14 5 1 19 6 17, zy
315: 1 5 12 4 10 2 4 2 8 4 16 6 18 6 18 6 17 1 6 1 17 6 19 1 5 14 5 1 19 6 17, zy
316: 1 5 12 4 10 4 14 4 8 2 4 2 8 4 14 4 8 2 4 2 8 2 4 2 6 2 6 2 6 4 17, zy
317: 1 5 12 4 10 4 14 4 8 2 4 2 8 4 15 1 6 1 19 6 14 4 8 2 6 4 16 6 18 6 17, zy
318: 1 5 12 4 12 2 2 2 10 4 12 4 14 6 21 1 5 16 6 20 6 15 1 7 20 6 17 1 6 1 18, zy
319: 1 5 12 4 12 4 10 4 14 6 19 1 6 1 15 6 19 1 6 1 15 6 19 1 5 12 4 13 1 7 19, zy
320: 1 5 12 4 12 4 12 4 10 4 14 4 10 4 14 5 1 20 1 5 14 4 10 4 14 4 8 2 6 4 17, zy
321: 1 5 12 4 14 5 1 20 1 5 14 4 10 4 15 1 6 1 19 6 17 1 6 1 17 4 8 4 16 6 19, zy
322: 1 5 12 4 14 5 1 20 1 5 14 4 10 4 15 1 6 1 20 1 5 14 4 12 5 1 18 1 6 1 18, zy
323: 1 5 12 4 14 6 18 6 18 6 16 6 19 1 5 14 6 20 6 14 4 10 4 14 6 20 7 1 15 6 19, zy
324: 1 5 12 4 14 6 20 6 14 4 12 4 10 4 16 6 17 1 6 1 18 1 6 1 17 6 17 1 6 1 18, zy
325: 1 5 12 4 15 1 6 1 19 6 18 6 18 4 6 2 8 2 4 2 10 4 12 2 2 2 10 4 16 6 19, zy
326: 1 5 14 4 8 4 16 6 18 6 16 6 18 6 16 6 19 1 5 14 5 1 19 6 16 6 18 6 16 6 19, zy
327: 1 5 14 4 10 2 2 2 12 4 10 2 4 2 8 4 16 6 19 1 6 1 17 6 19 1 5 14 5 1 20, zy
328: 1 5 14 4 10 2 4 2 6 2 6 2 6 2 6 2 6 2 6 4 18 6 17 1 6 1 17 6 18 6 19, zy
329: 1 5 14 4 10 2 4 2 8 4 16 5 1 21 6 16 6 20 6 18 6 17 1 6 1 19 6 16 5 1 20, zy
330: 1 5 14 4 10 4 14 4 8 2 6 2 6 4 17 1 6 1 17 6 18 6 18 6 17 1 6 1 17 6 19, zy
331: 1 5 14 4 10 4 16 6 20 6 16 6 21 1 5 16 6 21 1 5 16 4 8 2 6 4 18 6 18 6 19, zy
332: 1 5 14 4 12 4 12 4 12 4 12 4 12 4 12 4 14 6 21 1 5 15 1 7 21 1 5 15 1 7 21, zy
333: 1 5 14 5 1 19 6 18 6 16 4 10 4 12 4 14 6 21 1 5 16 6 19 1 6 1 17 6 18 6 19, zy
334: 1 5 14 6 19 1 6 1 16 1 6 1 17 4 6 2 6 2 4 2 10 4 10 2 2 2 10 4 14 6 19, zy
335: 1 5 16 4 8 4 17 1 6 1 17 6 19 1 6 1 16 1 6 1 19 6 16 5 1 21 7 1 15 6 21, zy
336: 1 5 16 4 8 4 18 6 18 6 18 6 19 1 6 1 16 1 6 1 18 1 6 1 17 6 20 6 16 6 21, zy
337: 1 5 16 6 18 4 6 2 6 2 6 2 6 2 6 2 6 2 6 4 18 6 16 6 20 6 15 1 6 1 20, zy
338: 1 5 16 6 18 4 8 4 16 6 18 4 6 2 8 4 16 6 18 6 19 1 6 1 15 4 10 4 14 6 21, zy
339: 1 5 16 6 18 6 18 6 18 6 17 1 6 1 17 6 18 6 18 6 18 6 16 6 20 6 15 1 6 1 20, zy
340: 1 6 1 15 4 8 2 4 2 10 4 12 4 12 4 13 1 7 20 6 16 4 8 4 16 4 8 4 16 6 19, zy
341: 1 6 1 17 6 20 6 14 4 12 4 10 2 4 2 8 4 16 6 20 6 15 1 7 20 6 17 1 6 1 18, zy
342: 1 7 20 6 14 4 10 4 12 2 2 2 8 4 16 6 18 6 16 6 18 6 18 6 16 6 18 6 18 6 15, zy
343: 1 5 12 2 2 2 8 4 16 6 16 6 19 1 5 12 4 13 1 7 19 1 5 12 4 12 4 10 4 14 6 19, zy
344: 1 5 12 4 10 2 4 2 4 2 10 4 12 4 10 4 14 6 19 1 5 12 4 14 6 18 6 16 6 18 6 17, zy
345: 1 5 12 4 12 4 14 6 20 6 14 4 12 4 12 5 1 19 6 16 6 20 7 1 14 1 7 20 6 16 6 19, zy
346: 1 5 12 4 14 4 8 2 6 2 6 2 6 2 6 4 19 1 5 14 4 10 2 4 2 6 2 8 4 16 6 19, zy
347: 1 5 12 4 14 4 10 4 14 4 10 4 15 1 6 1 20 1 5 14 4 10 4 16 6 19 1 6 1 17 6 19, zy
348: 1 5 12 4 14 6 21 1 5 14 4 12 4 10 2 4 2 10 4 12 4 14 5 1 21 6 14 4 12 5 1 18, zy
349: 1 5 12 5 1 17 6 18 6 18 6 16 5 1 20 1 6 1 15 6 20 6 14 4 10 4 14 5 1 19 6 17, zy
350: 1 5 12 5 1 17 6 20 6 15 1 7 20 6 17 1 6 1 18 1 6 1 17 6 20 7 1 15 6 20 6 17, zy
351: 1 5 14 4 10 2 2 2 12 4 10 4 15 1 6 1 20 1 5 16 6 18 4 6 2 8 4 15 1 6 1 20, zy
352: 1 5 14 4 10 4 16 6 20 6 16 4 10 4 14 5 1 19 6 18 6 20 7 1 14 1 7 20 6 18 6 19, zy
353: 1 5 14 4 10 4 16 6 20 6 16 6 21 1 5 16 5 1 21 7 1 13 4 14 6 20 6 18 6 18 6 19, zy
354: 1 5 14 4 12 4 12 4 12 4 12 4 14 6 21 1 5 16 6 20 6 16 4 8 2 6 2 6 2 6 4 19, zy
355: 1 5 14 5 1 19 6 16 4 10 4 14 6 21 1 5 16 6 19 1 6 1 16 1 6 1 19 6 16 5 1 20, zy
356: 1 5 14 6 19 1 6 1 16 1 6 1 19 7 1 15 6 18 6 16 6 19 1 5 14 6 20 7 1 15 6 19, zy
357: 1 5 15 1 6 1 21 6 16 5 1 21 6 16 4 10 4 16 6 21 1 5 16 6 21 1 6 1 15 5 1 20, zy
358: 1 5 16 4 8 4 16 4 8 2 4 2 10 4 12 4 14 6 21 1 5 16 6 20 6 16 6 20 6 16 6 21, zy
359: 1 5 16 6 20 6 16 5 1 21 6 16 6 20 7 1 13 4 12 4 12 4 12 4 13 1 7 20 6 16 6 21, zy
360: 1 7 20 6 16 4 8 2 4 2 10 4 12 4 12 4 12 4 13 1 7 20 6 16 6 20 6 16 6 20 6 15, zy
361: 1 5 10 2 4 2 8 4 16 6 18 6 18 6 18 6 16 4 8 4 16 4 8 4 16 6 18 6 18 6 18 6 17, zy
362: 1 5 12 2 2 2 10 4 14 5 1 20 1 5 14 4 10 4 14 4 10 4 14 6 20 6 16 4 8 4 16 6 19, zy
363: 1 5 12 4 10 2 2 2 10 2 2 2 10 4 10 2 2 2 10 2 2 2 10 4 10 2 4 2 6 2 6 4 17, zy
364: 1 5 12 4 10 2 4 2 6 2 4 2 10 4 10 2 2 2 10 2 2 2 10 4 10 2 4 2 6 2 6 4 17, zy
365: 1 5 12 4 10 2 4 2 6 2 4 2 10 4 10 2 4 2 6 2 4 2 10 4 10 2 4 2 6 2 6 4 17, zy
366: 1 5 12 4 10 4 12 4 10 4 12 4 10 4 12 4 8 2 6 4 15 1 6 1 18 1 6 1 16 1 6 1 18, zy
367: 1 5 12 4 12 4 12 4 10 4 15 1 6 1 18 1 6 1 16 1 6 1 18 1 6 1 15 4 8 2 6 4 17, zy
368: 1 5 12 4 12 4 12 4 12 4 10 2 4 2 8 4 16 6 18 6 18 6 18 6 18 6 16 4 8 2 6 4 17, zy
369: 1 5 12 4 12 4 12 4 12 4 12 4 10 4 15 1 6 1 19 6 16 6 20 7 1 13 4 12 4 12 5 1 18, zy
370: 1 5 12 4 13 1 7 19 1 6 1 15 4 8 4 16 6 18 6 14 4 12 5 1 19 6 14 4 10 4 14 6 19, zy
371: 1 5 12 4 14 4 8 2 4 2 10 4 14 6 20 6 17 1 6 1 17 4 6 2 8 2 4 2 8 4 16 6 19, zy
372: 1 5 12 4 14 4 8 2 6 2 6 2 6 2 6 2 6 2 6 2 8 4 14 4 10 2 4 2 8 4 16 6 19, zy
373: 1 5 12 4 14 4 8 2 6 2 6 4 18 6 18 6 17 1 6 1 18 1 6 1 17 4 6 2 8 4 16 6 19, zy
374: 1 5 12 4 14 4 10 4 15 1 6 1 19 6 17 1 6 1 18 1 6 1 16 1 6 1 19 6 17 1 6 1 18, zy
375: 1 5 12 4 14 5 1 20 1 5 14 5 1 19 6 16 4 10 4 12 2 2 2 10 4 14 6 21 1 5 16 6 19, zy
376: 1 5 12 4 14 6 18 6 17 1 6 1 17 6 17 1 6 1 17 6 18 6 16 6 18 6 16 6 18 6 16 6 19, zy
377: 1 5 12 4 14 6 20 6 16 4 8 4 17 1 6 1 17 6 19 1 6 1 16 1 6 1 19 6 17 1 6 1 18, zy
378: 1 5 12 4 14 6 20 6 16 6 19 1 6 1 15 4 8 2 6 4 17 1 6 1 17 6 18 6 17 1 6 1 18, zy
379: 1 5 12 5 1 17 6 19 1 5 14 4 10 4 14 6 20 6 16 4 8 4 16 6 19 1 5 14 5 1 19 6 17, zy
380: 1 5 14 4 8 2 6 4 16 6 19 1 5 14 4 10 4 12 4 12 4 10 4 14 6 19 1 6 1 15 5 1 20, zy
381: 1 5 14 4 10 4 14 4 10 4 15 1 6 1 19 6 17 1 6 1 18 1 6 1 17 6 19 1 5 14 5 1 20, zy
382: 1 5 14 4 10 4 15 1 6 1 18 1 6 1 16 1 6 1 19 6 14 4 12 4 12 4 10 4 16 6 18 6 19, zy
383: 1 5 14 4 12 4 10 4 16 6 18 4 6 2 6 2 8 4 14 4 10 4 15 1 6 1 20 1 5 15 1 7 21, zy
384: 1 5 14 4 12 4 12 4 10 2 4 2 10 4 12 4 12 4 14 6 21 1 5 15 1 7 21 1 5 15 1 7 21, zy
385: 1 5 14 5 1 19 6 16 6 18 6 16 4 6 2 8 4 14 6 20 6 14 5 1 19 6 16 6 18 6 16 6 19, zy
386: 1 5 14 6 20 7 1 15 6 18 6 16 4 6 2 8 4 14 6 19 1 6 1 15 4 8 4 16 6 16 5 1 20, zy
387: 1 5 16 4 8 2 4 2 8 2 6 4 17 1 6 1 18 1 6 1 17 4 6 2 8 4 16 6 20 6 16 6 21, zy
388: 1 5 16 6 20 6 18 6 17 1 6 1 19 6 16 4 8 2 6 2 6 2 6 2 6 2 8 4 15 1 6 1 20, zy
389: 1 5 17 1 6 1 17 4 8 2 4 2 10 4 12 2 2 2 10 4 16 6 18 4 8 4 17 1 6 1 17 6 21, zy
390: 1 6 1 15 4 8 4 16 6 18 6 16 4 8 4 15 1 6 1 19 6 15 1 7 20 6 16 6 18 6 16 6 19, zy
391: 1 6 1 17 6 17 1 6 1 17 6 18 6 14 4 10 4 13 1 7 18 6 18 6 14 4 10 4 14 6 18 6 17, zy
392: 1 7 20 6 16 4 8 2 4 2 10 4 12 4 12 4 12 4 12 4 14 6 20 6 16 6 20 6 16 6 20 6 15, zy
393: 1 5 12 2 2 2 10 4 12 2 2 2 8 2 4 2 8 4 16 6 19 1 5 14 4 10 4 14 6 20 6 16 6 19, zy
394: 1 5 12 2 2 2 10 4 16 6 19 1 5 12 4 14 4 12 5 1 18 1 6 1 17 5 1 21 6 17 1 6 1 18, zy
395: 1 5 12 4 12 2 2 2 10 4 14 4 10 4 15 1 6 1 20 1 5 16 6 20 6 17 1 6 1 17 4 8 4 17, zy
396: 1 5 12 4 12 4 10 4 14 6 19 1 6 1 15 6 20 7 1 15 4 8 4 14 4 10 4 12 4 10 4 14 6 19, zy
397: 1 5 12 4 12 4 14 6 21 1 5 16 6 20 6 14 4 14 6 20 6 16 5 1 21 6 14 4 12 4 12 5 1 18, zy
398: 1 5 12 4 14 4 8 2 6 2 6 2 6 2 6 2 6 4 19 1 5 14 4 10 2 2 2 12 4 10 4 16 6 19, zy
399: 1 5 12 4 14 6 18 6 17 1 6 1 17 6 18 6 14 4 12 5 1 19 6 16 6 18 6 16 6 18 6 16 6 19, zy
400: 1 5 12 4 14 6 18 6 18 6 16 6 19 1 5 14 5 1 20 1 5 15 1 6 1 19 6 16 6 18 6 16 6 19, zy
401: 1 5 12 4 14 6 20 6 17 1 6 1 17 6 20 6 14 4 12 5 1 19 6 16 6 20 6 16 6 20 6 16 6 19, zy
402: 1 5 12 4 14 6 21 1 5 16 6 20 7 1 14 1 7 20 6 16 5 1 21 6 14 4 12 5 1 18 1 6 1 18, zy
403: 1 5 14 4 10 2 2 2 12 4 10 4 15 1 6 1 20 1 5 14 4 10 4 16 6 18 6 19 1 5 14 5 1 20, zy
404: 1 5 14 4 10 2 4 2 6 2 8 4 15 1 6 1 20 1 5 14 4 12 4 10 4 16 6 19 1 5 14 5 1 20, zy
405: 1 5 14 4 10 4 14 4 10 4 14 4 10 4 15 1 6 1 20 1 5 16 6 19 1 6 1 17 6 18 6 18 6 19, zy
406: 1 5 14 4 12 4 12 4 12 4 12 4 12 4 14 6 21 1 5 16 6 20 6 16 4 8 2 4 2 10 4 14 6 21, zy
407: 1 5 14 4 12 4 12 4 14 5 1 20 1 5 15 1 6 1 20 1 5 14 4 12 4 14 6 21 1 5 15 1 7 21, zy
408: 1 5 14 6 19 1 6 1 15 4 8 4 15 1 6 1 19 6 14 5 1 19 6 16 6 17 1 6 1 17 6 16 6 19, zy
409: 1 6 1 17 4 8 4 16 6 20 7 1 15 6 20 6 16 6 20 6 16 6 20 6 15 1 7 20 6 16 4 8 4 17, zy
410: 1 5 12 2 2 2 10 4 12 4 14 6 19 1 6 1 16 1 6 1 18 1 5 12 4 12 4 13 1 7 20 6 16 6 19, zy
411: 1 5 12 2 2 2 10 4 14 5 1 20 1 5 14 4 10 4 15 1 6 1 19 6 17 1 6 1 17 4 8 4 16 6 19, zy
412: 1 5 12 4 10 4 14 4 8 4 16 6 16 4 8 4 14 4 10 4 12 4 10 4 14 6 19 1 6 1 15 6 18 6 17, zy
413: 1 5 12 4 12 4 10 2 2 2 10 4 12 4 10 2 2 2 10 4 13 1 7 19 1 5 12 4 12 4 10 4 14 6 19, zy
414: 1 5 12 4 12 4 10 2 2 2 10 4 12 4 10 4 14 6 19 1 6 1 15 6 18 6 17 1 6 1 16 1 6 1 18, zy
415: 1 5 12 4 12 4 10 2 4 2 8 4 16 6 18 6 17 1 6 1 18 1 5 12 4 14 6 20 6 15 1 7 20 6 17, zy
416: 1 5 12 4 12 4 10 4 14 6 19 1 5 12 4 12 4 12 5 1 19 6 15 1 6 1 19 6 16 6 17 1 6 1 18, zy
417: 1 5 12 4 12 4 12 4 10 4 12 4 12 4 10 4 14 5 1 20 1 5 14 4 10 4 12 4 12 4 10 4 14 6 19, zy
418: 1 5 12 4 12 4 12 5 1 18 1 6 1 17 6 16 6 19 1 5 12 4 14 6 18 6 18 6 14 4 10 4 14 6 19, zy
419: 1 5 12 4 14 4 8 2 6 4 18 6 16 5 1 20 1 5 14 4 10 4 15 1 6 1 19 6 16 6 20 6 16 6 19, zy
420: 1 5 12 4 14 5 1 20 1 5 14 4 10 4 15 1 6 1 18 1 6 1 16 1 6 1 18 1 6 1 16 1 6 1 18, zy
421: 1 5 12 4 14 5 1 21 7 1 15 4 8 2 6 4 18 6 18 6 17 1 6 1 19 6 17 1 6 1 18 1 6 1 18, zy
422: 1 5 12 4 14 6 18 6 17 1 6 1 17 6 16 6 19 1 5 14 6 20 6 14 5 1 19 6 14 4 10 4 14 6 19, zy
423: 1 5 12 4 14 6 18 6 17 1 6 1 17 6 17 1 6 1 17 6 18 6 15 1 7 20 7 1 15 6 18 6 16 6 19, zy
424: 1 5 12 4 14 6 18 6 17 1 6 1 17 6 17 1 6 1 17 6 18 6 16 6 18 6 16 6 19 1 6 1 15 6 19, zy
425: 1 5 12 4 14 6 20 6 14 4 12 4 10 4 14 4 10 4 14 4 8 2 6 4 17 1 6 1 17 6 17 1 6 1 18, zy
426: 1 5 14 4 10 4 15 1 6 1 19 6 18 6 16 4 10 4 12 4 14 5 1 20 1 6 1 15 4 10 4 14 5 1 20, zy
427: 1 5 14 4 10 4 16 6 19 1 6 1 16 1 6 1 18 1 6 1 17 6 19 1 5 14 5 1 19 6 18 6 18 6 19, zy
428: 1 5 14 4 10 4 16 6 20 6 16 6 20 6 17 1 6 1 18 1 6 1 17 6 19 1 5 14 5 1 19 6 18 6 19, zy
429: 1 5 14 4 10 4 16 6 20 6 16 6 21 1 5 16 5 1 21 6 16 6 20 6 16 4 8 2 6 2 6 4 18 6 19, zy
430: 1 5 14 4 12 4 10 2 2 2 12 4 10 2 2 2 12 4 10 4 16 6 18 4 6 2 6 2 8 4 15 1 6 1 20, zy
431: 1 5 14 4 12 4 10 2 2 2 12 4 10 2 4 2 8 4 16 6 18 4 6 2 8 4 16 6 19 1 5 14 5 1 20, zy
432: 1 5 14 4 12 4 10 2 4 2 8 4 16 6 19 1 6 1 16 1 6 1 20 1 5 15 1 7 21 1 5 15 1 7 21, zy
433: 1 5 14 6 19 1 6 1 15 4 8 4 16 6 17 1 6 1 17 6 17 1 6 1 17 6 18 6 14 4 10 4 14 6 19, zy
434: 1 5 14 6 19 1 6 1 15 6 19 1 5 14 6 20 7 1 15 6 18 6 16 6 18 6 16 4 6 2 8 4 14 6 19, zy
435: 1 5 14 6 20 7 1 14 1 7 19 1 6 1 15 4 8 4 15 1 6 1 18 1 6 1 15 4 8 4 16 6 16 6 19, zy
436: 1 5 16 6 18 6 19 1 6 1 16 1 6 1 19 6 17 1 6 1 18 1 6 1 17 6 19 1 6 1 16 1 6 1 20, zy
437: 1 5 17 1 6 1 17 6 20 6 16 4 8 2 4 2 10 4 14 4 8 2 8 4 14 4 10 2 4 2 8 4 16 6 21, zy
438: 1 5 10 2 4 2 6 2 6 2 6 4 16 4 6 2 6 2 6 4 17 1 5 12 4 10 2 2 2 10 4 14 6 18 6 17, zy
439: 1 5 10 2 4 2 6 2 6 2 6 4 16 6 18 6 16 6 19 1 5 14 4 10 4 12 4 10 4 14 4 8 4 16 6 17, zy
440: 1 5 12 2 2 2 10 4 14 6 20 6 14 4 10 2 2 2 12 5 1 19 6 16 6 20 7 1 14 1 7 20 6 16 6 19, zy
441: 1 5 12 4 10 4 15 1 6 1 18 1 6 1 15 4 10 4 12 5 1 17 6 18 6 17 1 5 12 5 1 17 6 18 6 17, zy
442: 1 5 12 4 12 4 10 2 2 2 10 4 14 6 18 6 18 6 15 1 7 20 6 14 4 10 4 12 4 12 4 10 4 14 6 19, zy
443: 1 5 12 4 12 4 10 2 4 2 8 4 16 6 18 6 19 1 5 14 4 8 2 6 2 6 2 6 4 18 6 16 4 8 4 17, zy
444: 1 5 12 4 12 4 10 4 13 1 7 18 4 4 2 10 4 12 4 10 2 4 4 18 7 1 13 4 10 4 12 4 12 5 1 18, zy
445: 1 5 12 4 12 4 14 6 21 1 5 16 6 20 6 16 5 1 21 6 14 4 12 4 12 5 1 17 4 8 4 16 4 8 4 17, zy
446: 1 5 12 4 14 4 10 4 14 4 12 5 1 19 6 16 4 10 4 14 5 1 19 6 18 6 19 1 5 14 4 10 4 16 6 19, zy
447: 1 5 12 4 14 4 10 4 14 6 21 1 5 15 1 7 21 1 5 15 1 7 21 1 5 16 6 18 4 6 2 8 4 16 6 19, zy
448: 1 5 12 4 14 5 1 20 1 5 14 4 10 4 16 6 19 1 5 14 5 1 20 1 5 14 4 10 2 4 2 8 4 16 6 19, zy
449: 1 5 12 4 14 6 19 1 5 14 6 20 6 14 4 10 4 12 4 13 1 7 19 1 6 1 17 6 16 6 20 7 1 15 6 19, zy
450: 1 5 14 4 8 2 6 4 16 6 18 6 16 6 19 1 5 14 5 1 20 1 5 16 6 17 1 6 1 17 6 18 6 16 6 19, zy
451: 1 5 14 4 10 2 2 2 12 4 12 4 12 4 12 4 14 6 21 1 5 16 6 20 6 16 4 8 2 6 2 6 4 18 6 19, zy
452: 1 5 14 4 10 4 15 1 6 1 20 1 6 1 15 4 10 4 14 5 1 19 6 18 6 19 1 5 14 5 1 19 6 18 6 19, zy
453: 1 5 14 4 12 4 12 4 12 4 14 6 21 1 5 14 4 12 4 12 4 14 6 21 1 5 15 1 7 21 1 5 15 1 7 21, zy
454: 1 5 14 4 12 4 14 6 21 1 5 16 5 1 21 6 14 4 12 4 14 5 1 21 6 14 4 12 4 12 4 12 4 14 6 21, zy
455: 1 5 14 5 1 19 6 16 4 8 4 16 5 1 21 6 14 4 10 4 14 4 10 4 14 6 21 1 5 16 4 8 4 16 6 19, zy
456: 1 5 14 5 1 19 6 16 6 20 7 1 15 6 18 4 6 2 6 2 6 2 6 2 6 4 18 6 15 1 7 20 6 16 6 19, zy
457: 1 5 16 4 8 4 17 1 6 1 18 1 6 1 17 4 8 4 16 5 1 21 6 16 6 21 1 5 16 5 1 21 6 16 6 21, zy
458: 1 5 16 5 1 21 6 16 6 20 6 16 5 1 21 6 16 6 20 6 16 6 20 6 16 6 21 1 5 16 6 20 6 16 6 21, zy
459: 1 5 10 2 4 2 8 4 16 6 18 6 18 6 18 6 16 4 8 2 4 2 8 2 4 2 8 4 16 6 18 6 18 6 18 6 17, zy
460: 1 5 12 2 2 2 8 4 16 6 16 6 19 1 5 14 5 1 19 6 16 6 17 1 6 1 17 6 17 1 6 1 16 1 6 1 18, zy
461: 1 5 12 2 2 2 10 4 10 2 4 2 6 2 6 2 6 2 6 4 17 1 6 1 17 6 16 4 8 4 16 6 18 6 16 6 19, zy
462: 1 5 12 2 2 2 10 4 14 5 1 20 1 5 14 4 10 4 15 1 6 1 19 6 17 1 6 1 17 4 6 2 8 4 16 6 19, zy
463: 1 5 12 2 2 2 10 4 14 6 20 6 15 1 7 21 1 5 16 6 19 1 6 1 15 4 8 2 4 2 8 2 6 4 16 6 19, zy
464: 1 5 12 2 2 2 10 4 14 6 21 1 5 16 5 1 21 6 14 4 10 4 16 6 18 6 18 6 18 6 18 6 17 1 6 1 18, zy
465: 1 5 12 4 10 2 4 2 6 2 6 4 16 4 6 2 6 2 6 4 17 1 5 12 4 12 5 1 18 1 5 12 4 12 5 1 18, zy
466: 1 5 12 4 10 2 4 2 8 4 16 6 18 6 18 6 16 4 8 2 6 4 16 4 8 4 16 6 19 1 5 14 5 1 19 6 17, zy
467: 1 5 12 4 10 2 4 2 8 4 16 6 18 6 18 6 18 6 16 4 8 4 16 4 8 4 16 6 19 1 5 14 5 1 19 6 17, zy
468: 1 5 12 4 10 4 14 4 8 2 4 2 8 4 14 4 10 4 10 2 4 2 6 2 6 2 6 4 16 4 6 2 6 2 6 4 17, zy
469: 1 5 12 4 12 2 2 2 10 4 12 4 12 4 12 4 12 4 12 4 12 4 12 4 12 5 1 17 6 20 6 14 4 12 5 1 18, zy
470: 1 5 12 4 12 2 2 2 10 4 14 6 21 1 5 14 4 12 5 1 19 6 16 5 1 21 6 14 4 12 5 1 18 1 6 1 18, zy
471: 1 5 12 4 12 4 10 2 2 2 12 6 20 6 16 6 17 1 6 1 18 1 6 1 16 1 6 1 19 6 14 4 10 4 14 6 19, zy
472: 1 5 12 4 12 4 10 4 14 6 19 1 5 14 6 19 1 6 1 15 6 19 1 5 14 5 1 19 6 14 4 10 4 13 1 7 19, zy
473: 1 5 12 4 12 4 12 4 10 2 4 2 6 2 8 4 14 4 10 4 14 6 20 6 16 6 19 1 6 1 15 4 8 2 6 4 17, zy
474: 1 5 12 4 12 4 12 4 12 4 12 4 12 4 10 2 4 2 8 4 16 6 19 1 6 1 16 1 6 1 19 6 16 4 8 4 17, zy
475: 1 5 12 4 12 4 12 4 12 4 12 4 12 4 12 4 12 4 14 6 20 6 16 6 20 6 16 4 8 2 4 2 8 2 6 4 17, zy
476: 1 5 12 4 14 4 10 4 14 4 10 2 2 2 12 4 10 2 4 2 8 2 4 2 8 2 4 2 8 2 6 4 17 1 6 1 18, zy
477: 1 5 12 4 14 4 10 4 14 4 10 4 16 6 19 1 6 1 16 1 6 1 19 6 18 6 17 1 6 1 19 6 17 1 6 1 18, zy
478: 1 5 12 4 14 4 10 4 16 6 18 4 6 2 8 2 4 2 8 2 4 2 10 4 12 4 14 4 10 4 14 4 10 4 16 6 19, zy
479: 1 5 12 4 14 4 10 4 16 6 18 4 8 4 16 4 8 4 18 6 17 1 6 1 19 6 16 4 10 4 14 4 10 4 16 6 19, zy
480: 1 5 12 4 14 5 1 20 1 5 14 4 10 2 2 2 12 4 10 2 4 2 8 4 16 6 20 6 16 6 20 6 17 1 6 1 18, zy
481: 1 5 12 4 14 5 1 20 1 5 14 4 10 4 16 6 19 1 6 1 17 6 20 6 16 6 20 6 17 1 6 1 18 1 6 1 18, zy
482: 1 5 12 4 14 5 1 20 1 5 14 5 1 19 6 16 6 20 6 14 4 12 5 1 18 1 6 1 17 6 18 6 17 1 6 1 18, zy
483: 1 5 12 4 14 6 20 6 15 1 7 21 1 5 16 6 19 1 5 14 5 1 19 6 17 1 6 1 17 6 18 6 17 1 6 1 18, zy
484: 1 5 14 4 8 2 4 2 8 4 15 1 6 1 18 1 6 1 16 1 6 1 17 6 18 6 16 6 18 6 16 6 18 6 16 6 19, zy
485: 1 5 14 4 8 2 6 2 6 2 6 4 18 6 16 4 8 2 4 2 8 2 4 2 8 2 4 2 8 2 4 2 8 4 16 6 19, zy
486: 1 5 14 4 10 2 2 2 12 4 10 4 16 6 19 1 6 1 17 6 18 6 19 1 6 1 17 6 18 6 19 1 5 14 5 1 20, zy
487: 1 5 14 4 10 2 4 2 6 2 8 4 16 6 19 1 6 1 17 6 18 6 19 1 6 1 17 6 18 6 19 1 5 14 5 1 20, zy
488: 1 5 14 4 10 4 12 4 12 4 10 4 14 6 20 7 1 15 6 18 6 17 1 6 1 16 1 6 1 18 1 6 1 15 5 1 20, zy
489: 1 5 14 4 10 4 14 4 10 2 4 2 6 2 8 4 16 6 19 1 6 1 16 1 6 1 19 6 18 6 18 6 18 6 18 6 19, zy
490: 1 5 14 4 10 4 14 4 10 4 14 4 8 2 6 2 6 2 6 2 6 4 18 6 17 1 6 1 18 1 6 1 17 6 18 6 19, zy
491: 1 5 14 4 10 4 16 6 18 4 6 2 8 4 16 6 19 1 6 1 17 6 18 6 18 4 6 2 6 2 8 4 15 1 6 1 20, zy
492: 1 5 14 4 10 4 16 6 20 6 16 6 20 6 16 4 8 2 6 2 4 2 10 4 14 4 10 4 14 4 10 4 15 1 6 1 20, zy
493: 1 5 14 4 12 4 10 2 2 2 12 4 10 2 2 2 12 4 10 4 16 6 18 6 19 1 5 14 5 1 20 1 5 15 1 7 21, zy
494: 1 5 14 5 1 18 1 6 1 17 6 18 6 16 4 10 4 12 4 12 4 13 1 7 20 6 16 5 1 20 1 6 1 15 5 1 20, zy
495: 1 5 14 5 1 19 6 16 6 16 4 8 4 16 6 16 6 19 1 5 14 5 1 19 6 16 6 17 1 6 1 17 6 16 5 1 20, zy
496: 1 5 16 6 20 6 14 4 12 4 10 2 4 2 8 4 16 6 18 6 19 1 6 1 15 4 10 4 12 2 2 2 10 4 14 6 21, zy
497: 1 6 1 15 4 10 4 12 2 2 2 10 4 12 4 12 2 2 2 8 2 4 2 8 2 4 2 8 4 16 6 20 7 1 15 6 19, zy
498: 1 5 12 2 2 2 10 4 10 2 4 2 6 2 6 2 6 2 6 4 16 6 19 1 5 14 4 8 2 6 4 16 6 18 6 16 6 19, zy
499: 1 5 12 2 2 2 10 4 12 4 12 4 12 4 12 4 10 2 2 2 12 5 1 19 6 16 6 20 7 1 14 1 7 20 6 16 6 19, zy
500: 1 5 12 2 2 2 10 4 14 4 10 4 14 5 1 20 1 5 15 1 6 1 20 1 5 14 4 10 2 4 2 6 2 8 4 16 6 19, zy
501: 1 5 12 2 2 2 10 4 14 5 1 20 1 5 14 4 10 4 15 1 6 1 20 1 5 14 4 10 2 4 2 6 2 8 4 16 6 19, zy
502: 1 5 12 4 10 2 2 2 10 4 13 1 7 19 1 5 12 4 12 4 10 4 14 6 19 1 5 12 4 14 6 18 6 16 6 18 6 17, zy
503: 1 5 12 4 10 2 4 2 8 4 16 6 18 6 17 1 6 1 18 1 5 12 4 14 6 20 6 16 6 19 1 5 14 5 1 19 6 17, zy
504: 1 5 12 4 12 4 12 4 12 4 12 4 12 5 1 17 4 8 4 16 6 20 7 1 15 6 20 6 15 1 7 20 6 16 4 8 4 17, zy
505: 1 5 12 4 12 4 12 4 12 4 12 4 12 5 1 17 6 20 7 1 14 1 7 21 1 5 16 5 1 21 7 1 14 1 7 20 6 17, zy
506: 1 5 12 4 12 4 12 4 14 6 21 1 5 16 6 20 6 14 4 12 4 14 6 20 6 16 5 1 21 6 14 4 12 4 12 5 1 18, zy
507: 1 5 12 4 12 4 14 5 1 20 1 5 14 4 10 4 15 1 6 1 20 1 5 14 4 12 4 10 2 4 2 8 2 4 2 8 4 17, zy
508: 1 5 12 4 12 4 14 5 1 21 6 14 4 12 5 1 18 1 6 1 18 1 5 12 4 14 6 21 1 5 14 4 12 4 12 5 1 18, zy
509: 1 5 12 4 12 4 14 6 20 6 16 6 19 1 5 14 5 1 20 1 5 16 6 18 6 19 1 5 14 5 1 19 6 16 4 8 4 17, zy
510: 1 5 12 4 12 4 14 6 20 6 17 1 6 1 19 6 16 5 1 21 6 14 4 12 4 12 4 10 2 4 2 8 2 4 2 8 4 17, zy
511: 1 5 12 4 12 4 14 6 21 1 5 14 4 12 4 12 4 12 4 12 4 14 5 1 21 6 14 4 12 4 12 5 1 17 4 8 4 17, zy
512: 1 5 12 4 12 5 1 17 4 6 2 6 2 8 4 14 5 1 19 6 16 4 8 4 16 6 19 1 5 14 4 8 2 6 2 6 4 17, zy
513: 1 5 12 4 12 5 1 18 1 6 1 17 6 16 5 1 20 1 6 1 15 4 8 4 15 1 6 1 20 1 5 16 6 17 1 6 1 18, zy
514: 1 5 12 4 14 4 8 2 6 2 6 2 6 4 18 6 18 6 19 1 5 14 4 10 4 14 4 10 2 2 2 12 4 10 4 16 6 19, zy
515: 1 5 12 4 14 5 1 19 6 18 4 6 2 8 4 16 5 1 21 6 16 6 20 6 18 6 19 1 5 14 4 10 2 4 2 8 4 17, zy
516: 1 5 12 4 14 6 20 6 17 1 6 1 17 6 20 6 14 4 12 5 1 19 6 16 4 8 4 16 4 8 4 16 4 8 4 16 6 19, zy
517: 1 5 14 4 8 2 4 2 8 2 4 2 6 2 6 2 6 2 6 4 16 6 19 1 5 14 4 8 2 6 4 16 6 18 6 16 6 19, zy
518: 1 5 14 4 8 2 6 4 16 6 17 1 6 1 17 6 16 4 6 2 8 4 14 5 1 19 6 16 6 18 6 16 6 18 6 16 6 19, zy
519: 1 5 14 4 8 2 6 4 16 6 18 6 16 6 18 6 16 6 19 1 5 14 6 20 6 14 4 8 2 6 4 16 6 18 6 16 6 19, zy
520: 1 5 14 4 10 2 2 2 12 4 12 4 12 2 2 2 10 4 14 5 1 19 6 18 6 20 7 1 13 4 13 1 7 20 6 18 6 19, zy
521: 1 5 14 4 10 2 4 2 8 4 16 4 8 2 4 2 10 4 14 5 1 19 6 18 6 20 7 1 13 4 13 1 7 20 6 18 6 19, zy
522: 1 5 14 4 10 4 14 4 10 2 4 2 6 2 6 2 8 4 15 1 6 1 20 1 5 16 6 19 1 6 1 17 6 18 6 18 6 19, zy
523: 1 5 14 4 10 4 16 4 8 4 17 1 6 1 17 4 8 4 16 4 10 4 14 5 1 19 6 18 6 20 6 16 6 20 6 18 6 19, zy
524: 1 5 14 4 12 4 12 4 12 4 12 4 14 5 1 19 4 6 2 6 2 8 4 16 6 20 6 16 5 1 20 1 6 1 15 5 1 20, zy
525: 1 5 14 4 12 4 14 4 10 4 17 1 6 1 17 4 10 4 14 4 12 4 14 5 1 19 6 20 6 18 6 20 6 18 6 20 6 19, zy
526: 1 5 16 4 8 2 6 2 8 4 17 1 6 1 17 4 8 2 6 2 8 4 16 5 1 21 6 16 4 10 4 16 4 10 4 16 6 21, zy
527: 1 5 16 4 8 4 17 1 6 1 17 4 8 4 16 5 1 21 6 15 1 7 21 1 5 16 6 20 6 16 5 1 21 7 1 15 6 21, zy
528: 1 5 12 2 2 2 8 2 2 2 12 5 1 18 1 6 1 16 1 6 1 17 4 6 4 17 1 6 1 16 1 6 1 18 1 5 14 6 19, zy
529: 1 5 12 2 2 2 8 2 4 2 6 2 8 4 12 4 12 4 10 4 14 6 19 1 5 14 6 19 1 5 12 4 12 4 10 4 14 6 19, zy
530: 1 5 12 2 2 2 8 2 4 2 8 4 14 4 8 4 16 6 17 1 6 1 17 6 16 4 6 2 8 4 14 6 19 1 6 1 15 6 19, zy
531: 1 5 12 2 2 2 10 2 2 2 12 4 10 2 4 2 8 2 4 2 10 4 14 5 1 20 1 5 16 6 20 6 16 4 10 4 16 6 19, zy
532: 1 5 12 2 2 2 10 4 12 4 10 4 14 4 8 2 6 4 16 6 18 6 17 1 6 1 17 6 17 1 6 1 17 6 18 6 16 6 19, zy
533: 1 5 12 4 10 2 2 2 10 2 2 2 8 2 4 2 8 4 14 4 8 2 4 2 8 4 14 4 10 4 10 2 4 2 6 2 6 4 17, zy
534: 1 5 12 4 10 2 4 2 6 2 4 2 10 4 12 4 10 4 14 6 20 7 1 15 6 19 1 5 14 6 19 1 6 1 16 1 6 1 18, zy
535: 1 5 12 4 10 2 4 2 6 4 17 1 6 1 16 1 6 1 17 6 18 6 14 4 10 2 2 2 10 4 10 2 4 2 6 2 6 4 17, zy
536: 1 5 12 4 12 4 10 4 14 5 1 20 1 5 14 4 10 4 12 4 10 2 2 2 10 4 14 6 18 6 17 1 6 1 16 1 6 1 18, zy
537: 1 5 12 4 12 4 10 4 14 5 1 20 1 5 14 5 1 20 1 5 15 1 6 1 19 6 15 1 6 1 19 6 16 6 17 1 6 1 18, zy
538: 1 5 12 4 12 4 12 4 10 2 4 2 8 4 14 4 10 4 14 4 8 2 6 4 17 1 6 1 17 6 18 6 16 4 8 2 6 4 17, zy
539: 1 5 12 4 12 4 12 4 12 4 12 4 12 4 12 4 12 2 2 2 8 2 4 2 8 2 6 4 16 4 8 2 4 2 8 2 6 4 17, zy
540: 1 5 12 4 12 4 12 4 14 6 20 6 16 4 8 2 4 2 10 4 12 4 12 4 14 6 20 6 16 4 8 2 4 2 8 2 6 4 17, zy
541: 1 5 12 4 14 4 8 2 6 4 17 1 6 1 18 1 6 1 17 6 18 6 18 6 18 6 18 6 17 1 6 1 18 1 6 1 17 6 19, zy
542: 1 5 12 4 14 5 1 20 1 6 1 15 5 1 20 1 6 1 15 5 1 20 1 5 14 4 10 4 15 1 6 1 19 6 17 1 6 1 18, zy
543: 1 5 12 4 14 6 20 6 14 4 10 2 4 2 6 4 18 6 16 4 8 4 16 6 18 6 18 6 17 1 6 1 17 6 17 1 6 1 18, zy
544: 1 5 14 4 10 4 14 4 8 2 6 4 17 1 6 1 17 6 17 1 6 1 18 1 6 1 15 4 10 4 14 6 20 6 16 6 18 6 19, zy
545: 1 5 14 4 10 4 16 6 20 6 17 1 6 1 18 1 6 1 17 6 19 1 6 1 17 6 19 1 6 1 16 1 6 1 19 6 18 6 19, zy
546: 1 5 14 5 1 19 6 16 6 17 1 6 1 17 6 18 6 14 4 10 2 2 2 10 4 12 4 10 4 14 6 19 1 6 1 15 5 1 20, zy
547: 1 5 14 6 20 6 14 6 20 7 1 14 1 7 19 1 6 1 15 4 8 4 15 1 6 1 18 1 6 1 15 4 8 4 16 6 16 6 19, zy
548: 1 5 16 4 8 4 16 4 8 2 4 2 8 2 4 2 8 2 4 2 10 4 12 4 12 4 12 4 12 4 12 4 14 6 20 6 16 6 21, zy
549: 1 5 16 6 18 6 18 6 17 1 6 1 17 6 18 6 16 4 8 2 4 2 8 2 4 2 8 4 15 1 6 1 19 6 15 1 6 1 20, zy
550: 1 5 16 6 20 6 16 4 8 2 4 2 8 2 6 4 17 1 6 1 18 1 6 1 17 4 8 4 16 6 20 6 16 6 20 6 16 6 21, zy
551: 1 7 20 6 14 4 8 2 4 2 8 2 4 2 6 2 6 2 6 2 4 2 8 2 4 2 6 2 6 2 6 2 6 4 16 6 18 6 15, zy
552: 1 5 10 2 4 2 6 2 8 4 12 4 13 1 7 20 7 1 13 4 12 4 8 2 6 2 4 2 10 5 1 17 6 18 6 16 6 18 6 17, zy
553: 1 5 10 2 4 2 8 4 16 6 18 6 16 4 8 2 4 2 8 4 16 6 19 1 5 14 4 10 4 14 6 20 6 16 6 18 6 18 6 17, zy
554: 1 5 12 2 2 2 8 2 4 2 6 2 8 4 12 4 12 4 10 4 14 6 19 1 5 12 4 14 6 18 6 16 4 6 2 8 4 14 6 19, zy
555: 1 5 12 2 2 2 8 4 14 6 18 6 14 4 8 2 2 2 12 5 1 19 6 14 4 8 4 14 5 1 20 1 5 14 4 8 4 14 6 19, zy
556: 1 5 12 2 2 2 10 2 2 2 12 4 10 4 16 4 8 4 17 1 6 1 18 1 5 12 4 14 4 10 4 16 6 19 1 6 1 17 6 19, zy
557: 1 5 12 2 2 2 10 4 14 4 8 2 6 2 4 2 10 4 14 6 21 1 5 16 4 8 4 16 4 6 2 8 2 4 2 8 4 16 6 19, zy
558: 1 5 12 2 2 2 10 4 14 4 10 4 14 4 10 4 14 4 12 5 1 19 6 16 4 10 4 14 5 1 20 1 5 14 4 10 4 16 6 19, zy
559: 1 5 12 2 2 2 10 4 14 4 10 4 14 4 10 4 15 1 6 1 20 1 5 14 4 10 2 4 2 8 4 16 6 19 1 6 1 17 6 19, zy
560: 1 5 12 2 2 2 10 4 14 4 10 4 15 1 6 1 20 1 5 14 4 12 5 1 19 6 16 5 1 20 1 6 1 17 6 18 6 18 6 19, zy
561: 1 5 12 2 2 2 10 4 14 6 20 6 16 5 1 21 7 1 15 6 20 7 1 13 4 12 5 1 18 1 5 12 4 14 6 20 6 16 6 19, zy
562: 1 5 12 2 2 2 10 4 14 6 20 6 16 6 20 6 15 1 6 1 20 1 5 16 6 20 6 14 4 10 4 15 1 6 1 19 6 16 6 19, zy
563: 1 5 12 4 10 2 2 2 10 4 14 6 18 6 16 6 19 1 5 14 4 8 2 4 2 8 4 14 4 10 4 10 2 4 2 6 2 6 4 17, zy
564: 1 5 12 4 10 2 4 2 4 2 10 4 12 4 10 4 14 6 19 1 5 14 5 1 20 1 5 16 6 17 1 6 1 17 6 16 6 18 6 17, zy
565: 1 5 12 4 10 2 4 2 6 2 6 2 6 2 4 2 10 4 12 5 1 17 4 6 2 8 4 14 5 1 20 1 5 14 4 8 2 6 4 17, zy
566: 1 5 12 4 10 4 14 4 8 4 16 6 16 4 8 4 15 1 6 1 18 1 5 12 4 12 4 10 4 14 6 19 1 6 1 15 6 18 6 17, zy
567: 1 5 12 4 12 4 10 2 4 2 8 4 14 4 10 4 12 4 14 6 19 1 5 12 4 14 6 20 6 14 4 10 4 14 4 8 2 6 4 17, zy
568: 1 5 12 4 12 4 10 4 14 6 19 1 5 12 4 12 4 12 5 1 19 6 14 4 10 4 13 1 7 18 6 18 6 16 6 17 1 6 1 18, zy
569: 1 5 12 4 12 4 10 4 14 6 19 1 5 14 6 20 6 14 6 20 6 14 6 20 6 14 5 1 19 6 14 4 10 4 12 4 12 5 1 18, zy
570: 1 5 12 4 12 4 10 4 14 6 19 1 6 1 15 4 8 2 4 2 8 4 14 5 1 19 6 16 6 18 6 16 4 6 2 8 4 14 6 19, zy
571: 1 5 12 4 12 4 12 4 12 4 10 2 4 2 8 4 16 6 18 6 19 1 5 14 4 10 4 14 4 10 4 14 4 10 4 14 6 20 6 17, zy
572: 1 5 12 4 12 4 12 4 12 4 12 4 12 4 12 4 12 4 12 4 13 1 7 20 6 16 4 8 2 4 2 10 4 12 4 14 6 20 6 17, zy
573: 1 5 12 4 12 4 12 4 12 4 12 4 12 4 12 4 12 4 12 5 1 17 4 8 4 16 6 20 7 1 14 1 7 20 6 16 4 8 4 17, zy
574: 1 5 12 4 12 4 12 4 12 4 12 4 12 4 12 4 12 4 12 5 1 17 6 20 6 14 4 12 5 1 18 1 5 12 4 14 6 20 6 17, zy
575: 1 5 12 4 12 4 12 4 14 6 21 1 5 16 5 1 21 6 14 4 12 4 12 4 12 5 1 17 6 20 6 16 6 20 6 16 6 20 6 17, zy
576: 1 5 12 4 12 4 12 4 14 6 21 1 5 16 6 20 6 16 5 1 21 6 14 4 12 4 12 4 12 5 1 17 6 20 6 16 6 20 6 17, zy
577: 1 5 12 4 12 4 12 4 14 6 21 1 5 16 6 20 6 16 6 20 6 16 6 20 6 16 5 1 21 6 14 4 12 4 12 4 12 5 1 18, zy
578: 1 5 12 4 12 4 14 6 21 1 5 16 6 20 6 16 5 1 21 6 14 4 12 4 12 5 1 17 4 6 2 8 2 4 2 8 2 6 4 17, zy
579: 1 5 12 4 14 4 8 2 6 2 6 2 8 4 14 4 12 5 1 19 6 16 4 10 4 14 5 1 19 6 19 1 5 14 4 10 4 16 6 19, zy
580: 1 5 12 4 14 4 8 2 8 4 14 4 12 5 1 17 4 8 2 4 2 10 4 14 5 1 19 6 19 1 5 14 4 10 2 4 2 8 4 17, zy
581: 1 5 12 4 14 4 10 2 2 2 12 4 10 2 2 2 12 4 12 4 14 6 21 1 5 16 6 20 6 16 4 10 4 14 4 10 4 16 6 19, zy
582: 1 5 12 4 14 5 1 20 1 5 14 4 10 2 4 2 6 2 8 4 15 1 6 1 20 1 5 14 4 12 4 10 2 4 2 8 4 16 6 19, zy
583: 1 5 12 4 14 5 1 20 1 5 14 4 10 4 14 4 10 4 15 1 6 1 20 1 5 14 4 12 4 10 2 4 2 6 2 8 4 16 6 19, zy
584: 1 5 12 4 14 6 20 6 15 1 6 1 19 6 16 6 20 6 14 5 1 19 6 16 6 18 4 6 2 6 2 6 2 6 4 18 6 16 6 19, zy
585: 1 5 12 5 1 17 4 6 2 8 4 16 6 20 7 1 15 6 20 6 16 6 20 6 16 6 20 6 15 1 7 20 6 16 4 8 2 6 4 17, zy
586: 1 5 14 4 10 2 4 2 6 2 8 4 15 1 6 1 20 1 5 15 1 7 21 1 5 14 4 12 4 10 2 4 2 8 4 15 1 6 1 20, zy
587: 1 5 14 4 10 4 14 6 20 6 16 4 8 4 16 6 19 1 5 14 5 1 20 1 5 16 6 18 6 18 6 18 6 17 1 6 1 17 6 19, zy
588: 1 5 14 4 10 4 14 6 21 1 5 16 5 1 21 6 14 4 10 4 14 5 1 19 6 16 4 8 2 4 2 8 2 4 2 8 4 16 6 19, zy
589: 1 5 14 4 12 4 10 2 4 2 6 2 8 4 15 1 6 1 20 1 5 16 6 18 4 6 2 8 4 15 1 6 1 20 1 5 15 1 7 21, zy
590: 1 5 14 4 12 4 10 4 15 1 6 1 20 1 5 15 1 7 21 1 5 15 1 7 21 1 5 16 6 18 4 6 2 8 4 15 1 6 1 20, zy
591: 1 5 14 4 12 4 10 4 16 6 19 1 5 14 5 1 19 6 16 4 10 4 12 4 14 5 1 19 6 18 6 18 6 18 6 18 6 18 6 19, zy
592: 1 5 14 4 12 4 12 4 14 6 21 1 5 16 6 20 6 18 6 18 6 18 6 20 6 16 5 1 21 6 14 4 12 4 12 4 14 5 1 20, zy
593: 1 5 14 5 1 19 6 16 6 20 6 14 5 1 19 6 14 4 12 4 10 4 14 4 10 4 12 4 14 6 19 1 5 14 6 20 6 16 6 19, zy
594: 1 5 14 5 1 19 6 16 6 20 7 1 13 4 12 4 10 2 4 2 6 2 6 2 6 2 4 2 10 4 12 4 13 1 7 20 6 16 6 19, zy
595: 1 5 14 6 20 6 14 6 20 6 14 5 1 19 6 16 6 18 6 15 1 7 19 1 6 1 16 1 6 1 19 7 1 15 6 18 6 16 6 19, zy
596: 1 5 16 4 10 4 16 6 21 1 5 16 5 1 21 6 16 4 10 4 16 5 1 21 6 16 4 10 2 4 2 8 2 4 2 10 4 16 6 21, zy
597: 1 5 16 5 1 21 6 16 5 1 21 6 16 6 21 1 5 16 5 1 21 6 16 6 21 1 5 16 6 21 1 5 16 5 1 21 6 16 6 21, zy
598: 1 5 16 5 1 21 6 16 6 20 6 16 5 1 21 6 14 4 12 4 12 4 12 4 12 4 12 4 14 6 21 1 5 16 6 20 6 16 6 21, zy
599: 1 6 1 17 4 8 4 16 6 20 7 1 13 4 12 4 12 4 12 4 12 4 12 4 12 4 12 4 12 4 13 1 7 20 6 16 4 8 4 17, zy
600: 1 7 20 6 14 4 10 4 12 4 13 1 7 20 7 1 13 4 12 4 10 4 14 6 20 7 1 15 6 18 6 18 6 16 6 18 6 18 6 15, zy
601: 1 7 20 6 16 4 8 4 16 4 8 4 16 4 8 4 16 6 20 7 1 15 6 20 6 16 6 20 7 1 14 1 7 20 6 16 6 20 6 15, zy
602: 1 5 10 2 2 2 12 5 1 19 6 16 6 17 1 6 1 18 1 5 12 4 12 4 10 2 2 2 10 4 14 6 18 6 17 1 6 1 17 6 17, zy
603: 1 5 12 2 2 2 10 4 12 4 12 4 12 5 1 19 6 14 4 12 5 1 19 6 15 1 7 20 6 14 4 10 2 2 2 10 4 14 5 1 20, zy
604: 1 5 12 2 2 2 10 4 14 5 1 20 1 6 1 15 4 10 4 12 2 2 2 10 4 14 6 21 1 5 16 6 18 4 6 2 8 4 16 6 19, zy
605: 1 5 12 2 4 2 6 2 6 2 6 2 8 4 16 6 20 6 16 6 21 1 5 16 6 21 1 5 16 4 8 2 6 4 18 6 18 6 18 6 19, zy
606: 1 5 12 4 10 2 4 2 8 4 16 6 18 6 18 6 18 6 16 4 8 2 4 2 8 2 4 2 8 4 16 6 19 1 5 14 5 1 19 6 17, zy
607: 1 5 12 4 10 4 14 4 8 2 4 2 8 4 14 4 8 2 4 2 8 2 4 2 6 2 6 2 4 2 10 4 10 2 4 2 6 2 6 4 17, zy
608: 1 5 12 4 12 4 10 2 4 2 6 2 6 2 4 2 10 4 12 4 10 2 4 2 6 2 6 2 6 4 17 1 6 1 17 6 17 1 6 1 18, zy
609: 1 5 12 4 12 4 10 2 4 2 6 2 8 4 14 5 1 19 6 16 5 1 20 1 6 1 15 6 20 6 14 4 10 4 14 4 8 2 6 4 17, zy
610: 1 5 12 4 12 4 12 4 10 2 4 2 6 2 8 4 14 4 10 4 14 4 8 2 6 4 17 1 6 1 17 6 18 6 16 4 8 2 6 4 17, zy
611: 1 5 12 4 12 4 12 4 12 4 10 2 4 2 6 2 8 4 14 4 8 2 6 2 6 4 17 1 6 1 17 6 18 6 18 6 16 4 8 4 17, zy
612: 1 5 12 4 12 4 12 4 12 4 10 2 4 2 6 2 8 4 14 4 10 4 14 5 1 20 1 5 16 6 18 6 18 6 18 6 16 4 8 4 17, zy
613: 1 5 12 4 12 4 12 4 12 4 10 4 16 6 17 1 6 1 18 1 6 1 16 1 6 1 18 1 5 12 4 12 4 12 4 12 4 12 5 1 18, zy
614: 1 5 12 4 14 4 8 2 6 2 6 2 8 4 14 4 12 4 10 2 4 2 8 4 17 1 5 12 4 14 5 1 20 1 5 14 4 12 5 1 18, zy
615: 1 5 12 4 14 4 10 4 14 4 10 4 14 4 10 4 16 6 18 6 20 6 14 4 12 4 12 4 12 4 12 4 14 6 20 6 17 1 6 1 18, zy
616: 1 5 12 4 14 4 10 4 14 5 1 19 6 18 6 18 6 17 1 6 1 19 6 16 5 1 21 6 14 4 10 2 4 2 6 2 8 4 16 6 19, zy
617: 1 5 12 4 14 5 1 20 1 6 1 15 4 10 4 14 4 10 4 14 4 10 4 15 1 6 1 20 1 5 14 4 10 2 4 2 8 4 16 6 19, zy
618: 1 5 14 4 10 2 4 2 6 2 6 2 8 4 14 4 10 4 14 4 10 4 14 5 1 19 6 17 1 6 1 17 6 19 1 6 1 15 5 1 20, zy
619: 1 5 14 4 10 2 4 2 8 2 4 2 8 2 4 2 10 4 14 5 1 20 1 5 14 4 12 4 12 4 14 5 1 20 1 6 1 15 5 1 20, zy
620: 1 5 14 4 12 4 10 2 4 2 8 2 2 2 12 4 12 4 12 4 14 6 20 6 17 1 6 1 18 1 6 1 17 6 19 1 5 14 5 1 20, zy
621: 1 5 14 4 12 4 10 2 4 2 8 4 16 6 19 1 6 1 16 1 6 1 20 1 5 15 1 7 21 1 5 15 1 7 21 1 5 15 1 7 21, zy
622: 1 5 10 2 4 2 6 2 6 2 6 4 17 1 5 12 4 12 5 1 17 4 6 2 6 2 6 2 4 2 10 5 1 17 6 16 4 8 4 16 6 17, zy
623: 1 5 10 4 14 6 17 1 6 1 17 6 16 6 17 1 6 1 17 6 14 4 10 5 1 17 6 16 6 16 6 17 1 6 1 17 6 16 6 16 6 17, zy
624: 1 5 12 2 2 2 8 2 4 2 8 4 14 4 8 2 4 2 8 4 15 1 6 1 18 1 5 12 4 12 4 10 4 14 6 19 1 6 1 15 6 19, zy
625: 1 5 12 2 2 2 10 4 14 4 10 4 14 5 1 20 1 5 14 4 10 4 15 1 6 1 20 1 5 16 6 18 4 6 2 8 4 16 6 18 6 19, zy
626: 1 5 12 2 2 2 10 4 14 5 1 20 1 5 14 4 10 4 15 1 6 1 20 1 5 14 4 10 4 15 1 7 21 1 5 14 4 10 4 16 6 19, zy
627: 1 5 12 2 4 2 8 4 17 1 6 1 17 4 10 4 14 4 12 4 14 5 1 19 6 20 6 18 6 19 1 6 1 17 5 1 22 1 5 18 6 19, zy
628: 1 5 12 4 10 2 4 2 6 2 6 4 17 1 5 12 4 12 5 1 18 1 5 12 4 12 4 10 4 14 6 19 1 5 12 4 12 4 12 5 1 18, zy
629: 1 5 12 4 10 4 14 4 8 4 16 6 18 6 16 6 18 6 16 6 19 1 5 14 6 20 6 14 4 8 2 6 4 16 6 18 6 16 6 18 6 17, zy
630: 1 5 12 4 12 2 2 2 8 2 6 4 17 1 5 12 4 12 5 1 17 4 6 2 8 2 2 2 12 4 12 5 1 19 6 16 6 20 6 16 6 19, zy
631: 1 5 12 4 12 4 12 4 12 5 1 17 4 6 2 8 4 16 6 20 7 1 15 6 20 6 16 6 20 6 15 1 7 20 6 16 4 8 2 6 4 17, zy
632: 1 5 12 4 12 4 12 4 12 5 1 19 6 14 4 12 4 10 4 14 5 1 19 6 18 6 16 6 18 6 19 1 5 14 4 10 4 12 4 14 6 19, zy
633: 1 5 12 4 12 4 12 4 14 6 21 1 5 16 6 20 6 14 4 14 6 20 6 16 5 1 21 6 14 4 12 4 12 4 12 5 1 17 4 8 4 17, zy
634: 1 5 12 4 14 4 8 2 6 2 4 2 10 4 14 6 20 6 17 1 6 1 18 1 5 12 4 14 6 20 6 16 4 8 4 17 1 6 1 17 6 19, zy
635: 1 5 12 4 14 4 8 2 6 4 18 6 16 4 8 2 6 4 17 1 6 1 18 1 5 12 4 14 6 20 6 16 4 8 4 17 1 6 1 17 6 19, zy
636: 1 5 12 4 14 4 8 2 6 4 18 6 16 4 10 4 12 4 14 6 21 1 5 16 6 20 6 14 4 12 4 12 4 10 2 4 2 8 4 16 6 19, zy
637: 1 5 12 4 14 4 10 4 16 6 19 1 5 14 5 1 19 6 18 6 19 1 5 14 4 10 2 4 2 8 4 16 4 8 4 18 6 17 1 6 1 18, zy
638: 1 5 12 4 14 6 18 6 17 1 6 1 17 6 18 6 14 4 12 5 1 19 6 14 4 10 2 2 2 10 4 12 4 10 2 2 2 10 4 14 6 19, zy
639: 1 5 14 4 8 2 6 4 16 6 19 1 5 14 4 10 4 12 4 12 4 10 4 14 5 1 19 6 16 4 6 2 8 4 14 5 1 19 6 16 6 19, zy
640: 1 5 14 4 10 2 4 2 8 4 16 5 1 21 6 16 4 8 4 18 6 16 4 10 4 14 5 1 19 6 18 4 6 2 6 2 8 4 15 1 7 21, zy
641: 1 5 14 4 12 4 12 4 12 4 12 4 14 5 1 19 6 18 4 6 2 8 4 16 5 1 21 6 16 6 21 1 5 16 4 8 2 6 4 18 6 19, zy
642: 1 5 14 4 14 6 20 6 18 4 6 2 8 4 16 6 21 1 5 16 4 8 2 6 2 4 2 10 2 2 2 12 4 10 2 2 2 12 4 14 6 21, zy
643: 1 5 14 5 1 19 6 16 6 18 6 16 4 6 2 8 4 14 6 20 7 1 15 6 18 6 17 1 6 1 17 6 16 4 8 4 16 6 16 5 1 20, zy
644: 1 5 16 4 8 2 6 2 8 4 17 1 6 1 17 4 8 2 6 2 8 4 16 5 1 21 6 16 4 10 2 2 2 12 2 2 2 10 4 16 6 21, zy
645: 1 5 16 4 8 2 6 2 8 4 17 1 6 1 17 4 8 2 6 2 8 4 16 5 1 21 6 16 4 10 2 4 2 8 2 4 2 10 4 16 6 21, zy
646: 1 5 16 6 20 6 16 4 8 4 17 1 6 1 17 4 8 4 16 6 20 6 16 5 1 21 6 16 6 20 6 14 4 12 4 14 6 20 6 16 6 21, zy
647: 1 5 16 6 20 6 16 5 1 21 6 15 1 7 21 1 5 16 6 20 7 1 13 4 12 4 12 4 13 1 7 20 6 16 5 1 21 7 1 15 6 21, zy
648: 1 5 17 1 6 1 17 4 8 4 17 1 6 1 17 4 8 4 17 1 6 1 17 5 1 21 6 17 1 6 1 17 4 8 4 17 1 6 1 17 6 21, zy
649: 1 5 10 2 4 2 6 2 6 2 4 2 8 2 4 2 8 4 14 4 8 4 16 6 17 1 6 1 17 6 17 1 6 1 17 6 17 1 6 1 17 6 17, zy
650: 1 5 10 2 4 2 6 2 6 2 6 2 4 2 8 2 4 2 8 4 14 5 1 20 1 5 14 4 10 4 12 4 10 2 2 2 10 4 14 6 18 6 17, zy
651: 1 5 12 4 10 2 4 2 6 2 4 2 10 4 10 2 2 2 10 2 2 2 10 4 10 2 2 2 10 2 2 2 10 4 10 2 4 2 6 2 6 4 17, zy
652: 1 5 12 4 12 4 14 5 1 20 1 5 14 5 1 19 6 17 1 6 1 19 6 16 5 1 21 6 14 4 12 4 10 2 4 2 8 2 4 2 8 4 17, zy
653: 1 5 12 4 14 4 8 2 6 2 4 2 10 4 14 6 21 1 5 16 6 20 7 1 13 4 12 4 12 4 12 4 12 4 10 2 4 2 8 4 16 6 19, zy
654: 1 5 12 4 14 4 8 2 6 4 18 6 16 4 10 4 12 4 14 6 20 6 17 1 6 1 17 4 8 4 16 6 20 6 14 4 12 4 10 4 16 6 19, zy
655: 1 5 12 4 14 4 10 4 14 5 1 19 6 18 6 18 6 18 6 18 6 18 4 6 2 6 2 8 4 16 6 19 1 5 14 5 1 20 1 5 16 6 19, zy
656: 1 5 14 4 10 2 4 2 6 2 8 4 16 6 18 6 19 1 6 1 16 1 6 1 19 6 17 1 6 1 18 1 6 1 17 6 19 1 5 14 5 1 20, zy
657: 1 5 14 5 1 19 6 16 4 8 4 16 6 20 6 14 4 10 4 14 4 8 2 6 2 6 4 17 1 6 1 17 6 18 6 18 6 18 6 16 5 1 20, zy
658: 1 5 16 6 20 6 16 5 1 21 6 14 4 12 4 10 2 4 2 8 2 4 2 8 2 4 2 8 2 6 4 17 1 6 1 17 6 20 6 15 1 7 21, zy
659: 1 5 10 2 4 2 6 2 6 2 6 2 4 2 10 5 1 17 6 18 6 14 4 12 5 1 19 6 14 4 10 4 14 6 19 1 5 12 4 14 6 18 6 17, zy
660: 1 5 10 2 4 2 6 2 8 4 14 6 19 1 5 12 4 12 4 12 5 1 19 6 14 4 8 2 6 2 4 2 10 5 1 17 6 18 6 16 6 18 6 17, zy
661: 1 5 12 2 2 2 8 2 4 2 6 2 6 2 6 2 4 2 8 2 4 2 8 4 14 6 19 1 5 12 4 12 4 10 4 12 4 12 4 10 4 14 6 19, zy
662: 1 5 12 2 2 2 10 4 12 2 2 2 8 2 4 2 8 2 2 2 12 4 10 2 2 2 12 5 1 19 6 16 6 20 7 1 14 1 7 20 6 16 6 19, zy
663: 1 5 12 2 2 2 10 4 12 2 2 2 8 2 6 4 16 4 8 4 16 6 18 6 19 1 5 14 4 10 4 14 4 10 4 12 4 14 6 20 6 16 6 19, zy
664: 1 5 12 2 2 2 10 4 12 4 12 4 12 4 10 2 2 2 12 5 1 19 6 16 6 20 6 14 5 1 19 6 16 6 19 1 5 14 6 20 6 16 6 19, zy
665: 1 5 12 2 2 2 10 4 12 4 14 6 19 1 5 14 6 20 6 16 6 20 6 14 5 1 19 6 14 4 12 4 10 2 2 2 12 5 1 19 6 16 6 19, zy
666: 1 5 12 2 2 2 10 4 12 4 14 6 21 1 5 16 5 1 21 6 14 4 12 4 10 2 2 2 12 5 1 19 6 16 6 20 6 16 6 20 6 16 6 19, zy
667: 1 5 12 2 2 2 10 4 14 4 10 2 4 2 6 2 8 4 16 6 19 1 5 12 4 14 5 1 20 1 5 14 4 10 4 16 6 19 1 6 1 17 6 19, zy
668: 1 5 12 2 2 2 10 4 14 5 1 20 1 5 14 4 10 2 2 2 12 5 1 19 6 16 5 1 20 1 5 12 2 2 2 12 5 1 20 1 5 16 6 19, zy
669: 1 5 12 2 2 2 12 5 1 19 6 18 6 16 4 10 4 14 5 1 19 6 18 6 18 6 18 6 18 6 18 6 19 1 5 14 4 10 4 16 6 18 6 19, zy
670: 1 5 12 2 2 2 12 5 1 20 1 5 15 1 6 1 21 7 1 15 4 10 4 14 5 1 20 1 5 14 4 10 4 15 1 7 21 1 6 1 15 5 1 20, zy
671: 1 5 12 4 10 2 2 2 10 4 14 6 19 1 5 14 6 20 6 14 5 1 19 6 14 4 10 2 2 2 10 4 12 5 1 17 6 18 6 16 6 18 6 17, zy
672: 1 5 12 4 10 2 4 2 6 2 6 4 17 1 5 12 4 10 4 14 4 10 4 12 5 1 17 4 6 2 6 2 4 2 10 4 12 5 1 17 6 18 6 17, zy
673: 1 5 12 4 12 4 10 4 14 6 19 1 5 12 4 12 4 12 5 1 19 6 14 4 10 4 12 4 12 5 1 19 6 14 4 10 4 12 4 10 4 14 6 19, zy
674: 1 5 12 4 12 4 10 4 14 6 19 1 5 12 4 14 6 18 6 16 6 18 6 16 6 19 1 5 14 4 10 4 12 4 10 4 14 6 19 1 5 14 6 19, zy
675: 1 5 12 4 12 4 10 4 14 6 19 1 5 14 6 20 7 1 15 6 18 6 16 6 19 1 5 14 4 8 2 6 4 16 6 16 4 8 4 15 1 6 1 18, zy
676: 1 5 12 4 12 4 12 4 10 4 16 6 18 6 18 6 16 4 8 4 17 1 5 12 4 12 4 12 4 12 4 10 4 16 6 18 6 16 4 8 2 6 4 17, zy
677: 1 5 12 4 12 4 12 4 12 4 12 4 12 4 12 4 12 4 12 4 12 4 13 1 7 20 6 16 4 8 2 4 2 10 4 12 4 12 4 14 6 20 6 17, zy
678: 1 5 12 4 12 4 12 4 12 4 12 4 12 4 12 5 1 17 4 6 2 8 4 16 6 20 7 1 15 6 20 6 15 1 7 20 6 16 4 8 2 6 4 17, zy
679: 1 5 12 4 12 4 12 4 12 4 12 4 13 1 7 20 6 16 6 20 6 16 6 20 6 16 6 20 7 1 13 4 12 4 12 4 12 4 12 4 12 5 1 18, zy
680: 1 5 12 4 12 4 12 4 14 6 20 6 17 1 6 1 19 6 16 6 21 1 5 16 6 20 6 16 4 8 4 17 1 6 1 17 4 8 4 16 4 8 4 17, zy
681: 1 5 12 4 12 4 12 4 14 6 21 1 5 16 6 20 6 16 5 1 21 6 14 4 12 4 12 4 12 5 1 17 4 8 4 16 4 8 4 16 4 8 4 17, zy
682: 1 5 12 4 12 4 12 5 1 18 1 6 1 17 6 16 5 1 20 1 5 14 5 1 19 6 16 6 19 1 5 14 5 1 20 1 5 16 6 17 1 6 1 18, zy
683: 1 5 12 4 12 4 12 5 1 19 6 14 4 10 4 14 6 20 7 1 15 6 18 6 18 6 16 6 18 6 18 6 15 1 7 20 6 14 4 10 4 14 6 19, zy
684: 1 5 12 4 12 5 1 17 4 6 2 8 4 14 5 1 19 6 17 1 5 12 5 1 17 6 19 1 5 14 4 8 2 6 4 17 1 5 12 4 12 5 1 18, zy
685: 1 5 12 4 14 4 8 2 6 2 6 2 6 2 6 2 6 2 8 4 14 4 12 5 1 19 6 16 4 10 4 14 5 1 20 1 5 14 4 10 4 16 6 19, zy
686: 1 5 12 4 14 4 8 2 6 2 6 4 18 6 17 1 6 1 18 1 5 12 4 14 5 1 20 1 5 14 4 10 4 15 1 6 1 19 6 17 1 6 1 18, zy
687: 1 5 12 4 14 4 10 4 16 6 19 1 5 12 4 14 4 12 5 1 19 6 16 4 10 4 14 4 12 5 1 19 6 16 4 10 4 14 4 10 4 16 6 19, zy
688: 1 5 12 4 14 5 1 20 1 5 15 1 6 1 20 1 5 14 4 12 4 12 4 12 4 14 5 1 20 1 6 1 15 5 1 20 1 5 14 4 12 5 1 18, zy
689: 1 5 12 4 14 6 18 6 16 6 19 1 5 14 6 20 6 14 5 1 19 6 16 6 18 6 14 4 12 5 1 19 6 16 6 16 4 8 4 16 6 16 6 19, zy
690: 1 5 12 4 14 6 18 6 18 6 14 4 12 5 1 19 6 14 4 10 4 14 6 20 7 1 15 6 18 6 18 6 15 1 7 20 6 14 4 10 4 14 6 19, zy
691: 1 5 12 4 16 6 20 6 19 1 5 14 4 10 2 6 4 18 4 6 2 8 2 6 4 18 4 6 2 10 4 14 5 1 19 6 20 6 16 4 12 5 1 18, zy
692: 1 5 14 4 8 2 6 4 16 4 6 2 8 4 14 5 1 19 6 16 4 6 2 8 4 14 5 1 19 6 16 6 19 1 5 14 4 8 2 6 4 16 6 19, zy
693: 1 5 14 4 8 2 6 4 16 6 19 1 5 14 5 1 19 6 16 4 6 2 8 4 14 5 1 19 6 16 4 6 2 8 4 14 4 8 2 6 4 16 6 19, zy
694: 1 5 14 4 10 2 2 2 12 4 10 4 15 1 6 1 20 1 5 15 1 7 21 1 5 14 4 12 4 10 2 4 2 8 4 16 6 19 1 5 14 5 1 20, zy
695: 1 5 14 4 10 2 2 2 12 4 12 4 12 4 14 5 1 21 7 1 15 5 1 21 6 14 4 12 4 12 4 12 4 14 5 1 20 1 6 1 15 5 1 20, zy
696: 1 5 14 4 10 2 2 2 12 4 12 4 14 5 1 20 1 6 1 15 5 1 20 1 5 14 4 12 4 12 4 12 4 14 5 1 20 1 6 1 15 5 1 20, zy
697: 1 5 14 4 10 2 4 2 6 2 8 4 16 6 20 6 16 5 1 21 6 14 4 12 4 12 4 12 4 12 4 12 4 14 5 1 20 1 6 1 15 5 1 20, zy
698: 1 5 14 4 10 4 14 4 10 4 12 4 13 1 7 20 6 16 6 18 6 18 6 18 6 16 6 20 7 1 13 4 12 4 10 4 14 4 10 4 14 5 1 20, zy
699: 1 5 14 4 10 4 15 1 6 1 19 6 17 1 6 1 17 4 6 2 8 4 16 6 20 7 1 15 6 20 6 16 6 19 1 6 1 17 6 18 6 18 6 19, zy
700: 1 5 14 4 10 4 15 1 6 1 20 1 5 14 4 10 4 15 1 6 1 20 1 6 1 15 4 10 4 14 5 1 20 1 6 1 15 4 10 4 14 5 1 20, zy
701: 1 5 14 4 10 4 16 6 19 1 6 1 16 1 6 1 19 6 16 4 10 4 14 5 1 19 6 18 6 18 6 19 1 5 14 5 1 19 6 18 6 18 6 19, zy
702: 1 5 14 4 10 4 16 6 20 6 16 4 10 4 14 5 1 19 6 18 6 18 4 8 4 16 5 1 21 6 16 6 21 1 5 16 4 8 4 18 6 18 6 19, zy
703: 1 5 14 4 12 2 2 2 10 4 16 6 21 1 5 16 6 22 6 16 5 1 21 6 16 4 10 2 2 2 12 4 14 5 1 19 6 20 6 18 6 20 6 19, zy
704: 1 5 14 4 12 4 10 2 4 2 8 2 4 2 10 4 12 4 14 5 1 19 6 18 4 6 2 8 4 16 6 20 6 16 5 1 20 1 6 1 15 5 1 20, zy
705: 1 5 14 4 12 4 10 2 4 2 10 4 12 4 14 5 1 19 6 18 4 6 2 8 4 16 5 1 21 6 16 6 21 1 5 16 4 8 2 6 4 18 6 19, zy
706: 1 5 14 4 12 4 12 4 10 2 4 2 8 4 16 6 20 6 15 1 7 20 6 18 6 16 4 10 4 14 6 21 1 5 15 1 7 21 1 5 15 1 7 21, zy
707: 1 5 14 4 12 4 12 4 12 4 12 4 12 4 12 4 12 4 12 4 14 6 21 1 5 16 6 20 6 16 6 20 6 16 4 8 2 4 2 10 4 14 6 21, zy
708: 1 5 14 4 12 4 12 4 12 4 12 4 14 4 10 4 15 1 6 1 20 1 5 16 6 20 6 16 4 8 2 6 2 6 2 6 2 8 4 15 1 6 1 20, zy
709: 1 5 14 4 12 4 12 4 12 4 12 4 14 5 1 21 7 1 15 6 21 1 5 16 6 20 6 17 1 6 1 17 6 20 6 16 5 1 21 6 15 1 7 21, zy
710: 1 5 14 5 1 19 6 18 4 8 2 4 2 10 4 16 5 1 21 6 18 6 20 6 18 6 20 6 18 6 21 1 5 16 4 10 2 4 2 8 4 18 6 19, zy
711: 1 5 14 6 19 1 6 1 15 6 19 1 5 14 6 20 6 14 6 20 6 14 5 1 19 6 15 1 6 1 19 6 14 5 1 18 1 6 1 16 1 6 1 18, zy
712: 1 5 14 6 20 6 15 1 6 1 20 1 5 16 6 17 1 6 1 18 1 6 1 17 6 16 5 1 20 1 6 1 15 6 20 6 14 5 1 19 6 16 6 19, zy
713: 1 5 14 6 21 1 5 16 6 20 7 1 15 6 19 1 6 1 15 4 10 4 12 4 14 6 20 7 1 13 4 12 4 10 4 15 1 6 1 19 6 16 6 19, zy
714: 1 5 16 6 19 1 6 1 17 6 20 7 1 14 1 7 20 6 17 1 6 1 19 6 16 5 1 21 6 14 4 12 4 12 4 12 4 12 4 12 4 14 6 21, zy
715: 1 6 1 17 6 20 6 16 6 20 7 1 13 4 12 4 12 4 12 4 12 4 12 4 12 4 12 4 12 4 12 4 12 4 13 1 7 20 6 16 6 20 6 17, zy
716: 1 7 18 6 18 6 14 4 10 4 13 1 7 18 6 18 6 14 4 10 4 14 6 18 6 18 7 1 13 4 10 4 14 6 18 6 18 7 1 13 4 10 4 13, zy
717: 1 7 18 6 18 6 14 4 10 4 13 1 7 18 6 18 7 1 13 4 10 4 14 6 18 6 18 7 1 13 4 10 4 14 6 18 6 18 6 14 4 10 4 13, zy
718: 1 7 20 6 14 4 10 4 12 4 12 4 12 4 10 4 14 6 20 7 1 13 4 12 4 10 4 14 6 20 7 1 14 1 7 20 6 14 4 10 4 12 4 13, zy
719: 1 5 12 2 2 2 10 4 15 1 6 1 19 6 17 1 6 1 18 1 6 1 17 6 18 4 6 2 8 2 4 2 8 2 4 2 8 2 6 4 17 1 6 1 18, zy
720: 1 5 12 4 12 4 12 2 2 2 10 4 12 4 14 6 21 1 5 16 6 19 1 5 12 4 14 6 21 1 5 14 4 12 4 12 4 12 5 1 17 4 8 4 17, zy
721: 1 5 12 4 12 4 12 4 10 4 14 4 10 4 14 5 1 20 1 5 14 4 10 2 2 2 10 4 14 5 1 20 1 5 14 4 10 4 14 4 8 2 6 4 17, zy
722: 1 5 12 4 14 4 8 2 6 2 6 2 6 2 6 2 6 2 6 2 6 2 6 2 6 2 6 2 6 2 8 4 14 4 10 2 4 2 6 2 8 4 16 6 19, zy
723: 1 5 12 4 14 5 1 20 1 5 15 1 6 1 19 6 16 4 8 2 4 2 8 2 4 2 8 4 16 6 20 6 14 4 10 4 15 1 6 1 19 6 16 6 19, zy
724: 1 5 14 4 10 2 2 2 10 2 2 2 10 4 12 2 2 2 8 2 4 2 8 4 16 6 18 6 17 1 6 1 17 6 19 1 5 14 4 10 4 14 5 1 20, zy
725: 1 5 14 4 10 2 4 2 8 4 17 1 6 1 17 6 20 6 16 4 10 4 14 4 10 4 15 1 6 1 20 1 5 14 4 12 4 12 4 12 4 14 5 1 20, zy
726: 1 5 14 5 1 19 6 16 6 17 1 6 1 17 6 16 6 19 1 5 14 6 20 6 14 6 20 6 14 5 1 19 6 16 6 17 1 6 1 17 6 16 5 1 20, zy
727: 1 5 16 6 20 6 14 4 12 4 10 4 15 1 6 1 19 6 16 6 20 6 14 4 12 4 10 2 2 2 12 4 10 4 14 4 10 4 14 4 10 4 14 6 21, zy
728: 1 5 10 2 4 2 8 4 14 6 19 1 5 12 4 12 4 12 5 1 18 1 6 1 15 4 8 2 4 2 8 4 14 5 1 19 6 16 6 17 1 6 1 17 6 17, zy
729: 1 5 12 2 2 2 8 2 4 2 8 4 14 4 10 4 10 2 4 2 6 2 6 2 6 4 17 1 5 12 4 12 4 10 4 12 2 2 2 8 4 16 6 16 6 19, zy
730: 1 5 12 2 2 2 10 2 2 2 12 4 10 2 4 2 8 4 17 1 6 1 17 4 8 4 17 1 5 12 4 12 4 14 4 10 4 16 6 19 1 6 1 17 6 19, zy
731: 1 5 12 2 2 2 10 2 4 2 6 2 8 4 16 6 21 1 5 16 4 10 4 14 5 1 19 6 18 6 19 1 5 14 4 10 4 16 6 20 6 17 1 6 1 18, zy
732: 1 5 12 2 2 2 10 4 14 6 20 6 17 1 5 12 4 10 2 4 2 8 2 4 2 8 4 16 6 19 1 5 14 6 21 1 5 15 1 7 21 1 5 16 6 19, zy
733: 1 5 12 2 4 2 6 2 6 2 8 4 16 5 1 21 6 16 5 1 21 6 15 1 7 21 1 5 14 4 12 4 14 6 21 1 5 16 6 20 6 18 6 18 6 19, zy
734: 1 5 12 4 10 4 12 4 12 6 19 1 5 12 4 12 5 1 19 6 12 4 12 4 10 4 12 5 1 19 6 12 4 12 4 8 2 4 2 8 4 12 4 12 6 19, zy
735: 1 5 12 4 10 4 14 4 8 4 16 6 17 1 6 1 17 6 16 4 8 4 14 4 10 4 12 5 1 17 6 18 6 16 6 18 6 16 6 18 6 16 6 18 6 17, zy
736: 1 5 12 4 12 4 10 4 14 6 19 1 5 12 4 12 4 12 4 10 4 12 4 12 4 10 4 12 4 12 4 12 5 1 19 6 14 4 10 4 12 4 12 5 1 18, zy
737: 1 5 12 4 12 4 12 4 10 4 12 4 12 4 10 2 2 2 10 4 13 1 7 19 1 6 1 15 5 1 20 1 5 14 4 10 4 12 4 12 4 10 4 14 6 19, zy
738: 1 5 12 4 12 4 12 4 14 5 1 21 6 14 4 12 5 1 18 1 6 1 18 1 5 12 4 14 6 21 1 5 14 4 12 4 12 4 12 5 1 17 4 8 4 17, zy
739: 1 5 12 4 12 5 1 17 6 19 1 5 14 5 1 19 6 16 5 1 20 1 6 1 15 6 20 6 15 1 6 1 20 1 5 16 6 19 1 5 14 5 1 19 6 17, zy
740: 1 5 12 4 12 5 1 19 6 14 6 18 6 15 1 7 19 1 6 1 15 4 6 2 8 4 12 4 8 2 6 4 15 1 6 1 19 7 1 15 6 18 6 14 6 19, zy
741: 1 5 12 4 14 5 1 20 1 5 14 4 10 4 14 4 10 2 4 2 6 2 8 4 15 1 6 1 20 1 5 14 4 10 4 16 6 18 4 6 2 8 4 16 6 19, zy
742: 1 5 14 4 8 2 4 2 8 4 15 1 6 1 17 6 18 6 15 1 6 1 19 6 14 5 1 19 6 14 4 8 2 6 4 16 6 17 1 6 1 17 6 16 6 19, zy
743: 1 5 14 4 10 2 4 2 8 4 16 6 20 6 17 1 6 1 18 1 5 14 5 1 20 1 5 16 6 19 1 6 1 17 6 19 1 5 14 5 1 19 6 18 6 19, zy
744: 1 5 14 4 10 4 14 4 10 4 14 4 10 4 14 5 1 19 6 18 6 18 6 18 6 16 4 10 4 12 4 14 5 1 20 1 6 1 15 4 10 4 14 5 1 20, zy
745: 1 5 14 4 10 4 14 4 10 4 14 4 10 4 14 6 21 1 5 16 6 20 6 14 4 12 4 10 4 15 1 6 1 19 6 16 5 1 20 1 6 1 15 5 1 20, zy
746: 1 5 14 4 10 4 14 4 10 4 14 5 1 19 6 18 6 18 6 16 4 10 4 12 4 14 5 1 21 7 1 15 5 1 20 1 6 1 15 4 10 4 14 5 1 20, zy
747: 1 5 14 4 10 4 16 6 20 6 17 1 6 1 17 6 20 6 16 4 10 4 14 5 1 19 6 18 4 6 2 8 4 16 6 20 6 16 4 8 2 6 4 18 6 19, zy
748: 1 5 14 4 12 4 10 2 2 2 12 4 12 4 12 4 12 4 12 4 12 4 14 6 21 1 5 16 6 20 6 16 6 20 6 16 4 8 2 4 2 10 4 14 6 21, zy
749: 1 5 14 4 12 4 14 4 12 4 12 4 14 4 12 4 14 5 1 19 6 20 6 18 6 21 1 5 17 1 6 1 18 1 6 1 17 5 1 21 6 18 6 20 6 19, zy
750: 1 5 14 4 12 4 14 5 1 21 6 14 4 12 4 12 4 14 6 21 1 5 14 4 12 4 14 5 1 21 7 1 15 6 21 1 5 16 5 1 21 6 15 1 7 21, zy
751: 1 5 15 1 6 1 19 6 16 5 1 21 7 1 15 6 20 6 15 1 7 21 1 5 16 6 19 1 6 1 15 5 1 19 6 18 6 17 1 6 1 17 6 18 6 19, zy
752: 1 5 16 4 8 4 17 1 6 1 17 6 20 7 1 13 4 13 1 7 20 6 17 1 6 1 17 4 8 4 16 5 1 21 6 16 6 20 6 16 6 20 6 16 6 21, zy
753: 1 6 1 17 4 6 2 8 4 16 6 20 7 1 13 4 12 4 12 4 12 4 12 4 12 4 12 4 12 4 12 4 12 4 13 1 7 20 6 16 4 8 2 6 4 17, zy
754: 1 6 1 17 6 16 6 16 6 18 7 1 13 4 10 4 12 4 8 2 6 4 14 4 8 4 14 4 6 2 8 4 12 4 10 4 13 1 7 18 6 16 6 16 6 17, zy
755: 1 5 12 4 10 2 2 2 10 2 2 2 10 4 10 2 4 2 6 2 6 4 17 1 6 1 16 1 6 1 18 1 5 12 4 12 5 1 18 1 5 12 4 12 5 1 18, zy
756: 1 5 12 4 10 2 2 2 10 2 2 2 10 4 12 4 10 4 14 4 8 2 4 2 8 4 15 1 6 1 18 1 6 1 16 1 6 1 17 4 6 2 6 2 6 4 17, zy
757: 1 5 12 4 12 4 10 4 14 5 1 20 1 5 14 4 8 2 4 2 8 2 4 2 6 2 6 2 6 4 17 1 5 12 4 12 5 1 18 1 6 1 16 1 6 1 18, zy
758: 1 5 10 2 4 2 6 2 6 2 6 4 17 1 5 12 4 10 2 4 2 6 2 6 2 4 2 10 4 12 5 1 17 4 6 2 6 2 6 2 4 2 10 5 1 17 6 17, zy
759: 1 5 12 2 2 2 10 2 2 2 12 5 1 19 6 16 4 10 4 14 4 12 5 1 19 6 16 4 10 4 14 4 10 4 16 6 19 1 5 12 4 14 4 10 4 16 6 19, zy
760: 1 5 12 2 2 2 10 4 10 4 14 4 10 4 10 2 2 2 12 5 1 19 6 16 6 18 6 15 1 7 19 1 6 1 16 1 6 1 19 7 1 15 6 18 6 16 6 19, zy
761: 1 5 12 2 2 2 10 4 10 4 15 1 6 1 18 1 6 1 15 4 10 4 10 2 2 2 12 5 1 19 6 16 6 18 6 15 1 7 20 7 1 15 6 18 6 16 6 19, zy
762: 1 5 12 2 2 2 10 4 12 2 2 2 8 2 4 2 10 4 10 2 4 2 8 4 16 6 19 1 5 14 4 8 2 6 2 6 2 4 2 10 4 14 6 20 6 16 6 19, zy
763: 1 5 12 2 2 2 10 4 14 4 10 4 14 4 10 4 14 4 12 5 1 19 6 18 6 16 4 10 4 14 5 1 19 6 18 6 19 1 5 14 4 10 4 16 6 18 6 19, zy
764: 1 5 12 2 2 2 10 4 14 4 12 5 1 18 1 6 1 17 6 20 6 16 5 1 21 6 15 1 6 1 20 1 6 1 15 6 21 1 5 16 6 20 6 17 1 6 1 18, zy
765: 1 5 12 2 2 2 12 5 1 19 6 18 6 18 6 20 6 16 5 1 21 6 14 4 14 6 20 6 18 6 20 6 14 4 14 6 21 1 5 16 6 20 6 18 6 18 6 19, zy
766: 1 5 12 4 10 2 2 2 10 2 2 2 10 4 12 5 1 17 4 6 2 6 2 4 2 10 4 12 5 1 17 6 18 6 17 1 5 12 4 10 2 4 2 6 2 6 4 17, zy
767: 1 5 12 4 10 2 2 2 10 4 14 6 19 1 5 12 4 12 4 12 4 10 4 12 4 12 4 12 5 1 19 6 14 4 10 2 2 2 10 4 12 5 1 17 6 18 6 17, zy
768: 1 5 12 4 10 2 4 2 6 2 6 4 17 1 5 12 4 10 4 14 4 8 2 4 2 8 4 14 4 10 4 12 5 1 17 4 6 2 6 2 4 2 10 4 12 5 1 18, zy
769: 1 5 12 4 10 2 4 2 6 2 6 4 17 1 5 12 4 10 4 14 4 10 4 12 5 1 17 4 6 2 6 2 4 2 10 4 12 5 1 17 4 6 2 6 2 6 4 17, zy
770: 1 5 12 4 10 2 4 2 8 4 14 4 10 4 14 4 8 2 4 2 10 4 12 5 1 17 6 18 4 4 2 10 4 14 5 1 20 1 5 14 4 10 2 4 4 18 6 17, zy
771: 1 5 12 4 12 2 2 2 8 2 6 4 17 1 6 1 17 4 6 2 8 4 16 6 19 1 5 12 4 14 4 8 2 6 4 18 6 16 4 8 2 6 4 17 1 6 1 18, zy
772: 1 5 12 4 12 2 2 2 8 4 16 6 18 6 16 4 8 2 2 2 12 4 12 5 1 19 6 14 4 12 4 10 4 14 5 1 20 1 5 14 4 10 4 12 4 14 6 19, zy
773: 1 5 12 4 12 2 2 2 10 4 14 4 10 2 4 2 8 4 16 6 21 1 5 16 4 8 2 6 2 4 2 10 2 2 2 10 2 2 2 12 4 10 2 4 2 8 4 17, zy
774: 1 5 12 4 12 4 10 2 4 2 8 4 14 4 12 5 1 19 6 16 6 20 6 14 4 12 5 1 19 6 16 6 19 1 5 14 5 1 20 1 5 15 1 6 1 19 6 17, zy
775: 1 5 12 4 12 4 10 4 14 6 19 1 5 12 4 12 4 12 5 1 19 6 14 4 10 4 12 4 12 5 1 19 6 14 4 8 2 4 2 8 2 4 2 8 4 14 6 19, zy
776: 1 5 12 4 12 4 12 4 10 4 14 6 20 6 14 4 10 4 12 4 12 4 12 5 1 19 6 14 4 10 4 14 6 20 7 1 14 1 7 20 6 14 4 10 4 14 6 19, zy
777: 1 5 12 4 12 4 12 4 12 4 12 4 10 2 4 2 8 4 16 6 19 1 6 1 15 5 1 19 6 18 6 18 6 17 1 6 1 17 6 20 7 1 14 1 7 20 6 17, zy
778: 1 5 12 4 12 4 12 4 12 4 12 4 12 4 12 4 12 4 12 4 12 4 12 5 1 17 6 20 6 14 4 12 4 12 5 1 18 1 5 12 4 12 4 14 6 20 6 17, zy
779: 1 5 12 4 12 4 12 4 12 4 12 4 12 4 12 4 12 4 12 4 12 5 1 17 6 20 7 1 14 1 7 20 6 17 1 6 1 17 6 20 7 1 14 1 7 20 6 17, zy
780: 1 5 12 4 12 4 12 4 12 4 12 5 1 18 1 5 12 4 12 4 13 1 7 20 6 16 6 20 7 1 14 1 7 20 6 16 6 20 7 1 13 4 12 4 12 5 1 18, zy
781: 1 5 12 4 12 4 12 5 1 18 1 6 1 17 6 16 6 20 7 1 15 6 19 1 6 1 15 4 8 4 15 1 6 1 19 6 15 1 7 20 6 16 6 17 1 6 1 18, zy
782: 1 5 12 4 12 4 12 5 1 19 6 14 4 10 4 12 4 10 4 14 5 1 19 6 16 6 18 6 16 6 18 6 16 6 19 1 5 14 4 10 4 12 4 10 4 14 6 19, zy
783: 1 5 12 4 12 4 14 5 1 20 1 5 14 4 12 4 12 5 1 17 6 20 6 16 5 1 20 1 6 1 15 5 1 20 1 5 15 1 6 1 20 1 5 16 6 20 6 17, zy
784: 1 5 12 4 12 4 14 5 1 20 1 5 15 1 6 1 20 1 5 16 6 20 6 16 5 1 20 1 6 1 15 5 1 20 1 5 14 4 12 4 12 5 1 17 6 20 6 17, zy
785: 1 5 12 4 14 4 10 4 14 4 10 4 14 4 10 2 4 2 6 2 8 4 15 1 6 1 20 1 5 16 6 19 1 6 1 17 6 18 6 18 4 6 2 8 4 16 6 19, zy
786: 1 5 12 4 14 4 10 4 14 4 10 4 14 4 10 4 14 4 10 4 14 4 12 5 1 19 6 18 6 16 4 10 4 14 5 1 20 1 5 14 4 10 4 16 6 18 6 19, zy
787: 1 5 12 4 14 4 10 4 14 4 10 4 14 4 12 5 1 19 6 16 4 8 2 4 2 10 4 14 5 1 19 6 18 6 19 1 5 14 4 10 2 4 2 8 4 16 6 19, zy
788: 1 5 12 4 14 4 10 4 14 4 10 4 14 4 12 5 1 19 6 17 1 6 1 19 6 16 5 1 20 1 6 1 16 1 6 1 20 1 5 16 6 19 1 6 1 17 6 19, zy
789: 1 5 12 4 14 4 10 4 14 4 10 4 16 6 18 6 20 7 1 15 6 20 6 16 4 8 2 6 2 4 2 10 4 14 5 1 19 6 19 1 5 14 4 10 4 16 6 19, zy
790: 1 5 12 4 14 4 10 4 14 4 12 5 1 19 6 17 1 6 1 19 6 16 5 1 20 1 6 1 15 4 10 4 15 1 6 1 20 1 5 16 6 19 1 6 1 17 6 19, zy
791: 1 5 12 4 14 4 10 4 15 1 6 1 20 1 5 16 6 20 6 17 1 6 1 18 1 6 1 17 6 20 6 16 5 1 20 1 6 1 15 4 10 4 14 4 12 5 1 18, zy
792: 1 5 12 4 14 4 10 4 16 6 19 1 5 12 4 14 4 12 5 1 19 6 16 4 10 4 14 4 12 5 1 19 6 16 4 8 2 6 2 6 2 6 2 8 4 16 6 19, zy
793: 1 5 12 4 14 4 12 4 14 5 1 20 1 5 15 1 6 1 21 6 16 4 10 4 16 6 21 1 5 16 6 22 6 14 2 2 2 10 4 14 4 12 4 14 4 10 4 17, zy
794: 1 5 12 4 14 4 12 5 1 19 6 17 1 6 1 19 6 16 5 1 20 1 6 1 15 4 10 4 14 4 10 4 15 1 6 1 20 1 5 16 6 19 1 6 1 17 6 19, zy
795: 1 5 12 4 14 5 1 20 1 5 14 4 10 2 2 2 12 4 10 4 16 6 19 1 5 14 5 1 20 1 5 14 4 10 2 2 2 12 4 10 2 4 2 8 4 16 6 19, zy
796: 1 5 12 4 14 6 18 6 16 6 19 1 5 14 5 1 19 6 16 6 18 6 14 4 12 5 1 19 6 14 4 10 4 12 4 12 4 10 4 12 4 12 4 10 4 14 6 19, zy
797: 1 5 12 4 14 6 20 6 16 4 8 4 16 6 20 6 14 4 12 5 1 19 6 16 6 20 6 16 6 20 7 1 15 6 20 6 15 1 7 20 6 16 6 20 6 16 6 19, zy
798: 1 5 14 4 8 2 4 2 8 4 14 4 8 2 4 2 8 4 15 1 6 1 17 6 18 6 15 1 7 20 6 14 4 8 2 6 4 16 6 17 1 6 1 17 6 16 6 19, zy
799: 1 5 14 4 8 2 4 2 8 4 15 1 6 1 19 7 1 14 1 7 19 1 6 1 15 4 8 2 4 2 8 4 14 5 1 19 6 16 6 18 6 16 6 18 6 16 6 19, zy
800: 1 5 14 4 8 2 6 2 6 2 6 4 18 6 16 6 19 1 6 1 15 4 10 4 12 4 13 1 7 20 6 14 4 12 4 10 4 15 1 6 1 19 6 16 6 18 6 19, zy
801: 1 5 14 4 8 2 6 4 16 6 19 1 5 14 4 10 4 12 4 10 2 2 2 10 2 2 2 10 4 12 4 10 4 14 5 1 19 6 16 4 6 2 8 4 14 5 1 20, zy
802: 1 5 14 4 10 2 2 2 10 4 14 5 1 19 6 18 6 16 5 1 20 1 5 14 5 1 20 1 5 16 6 18 6 19 1 5 14 4 10 2 2 2 10 4 14 5 1 20, zy
803: 1 5 14 4 10 2 2 2 12 4 10 2 4 2 6 2 8 4 16 6 20 6 15 1 7 20 6 18 6 16 4 10 4 14 5 1 20 1 5 14 4 10 4 15 1 6 1 20, zy
804: 1 5 14 4 10 2 2 2 12 4 12 4 12 2 2 2 10 4 14 4 10 4 15 1 6 1 20 1 5 16 6 20 6 18 6 18 6 19 1 5 14 5 1 19 6 18 6 19, zy
805: 1 5 14 4 10 2 4 2 8 2 2 2 14 6 21 1 5 16 5 1 21 6 14 2 2 2 8 2 4 2 10 4 14 5 1 19 6 18 6 20 6 16 6 20 6 18 6 19, zy
806: 1 5 14 4 10 2 4 2 8 2 2 2 14 6 21 1 5 16 6 20 6 18 6 18 6 20 6 16 5 1 21 6 14 2 2 2 8 2 4 2 10 4 14 5 1 19 6 19, zy
807: 1 5 14 4 10 2 4 2 8 2 4 2 8 2 4 2 10 4 14 5 1 19 6 18 4 6 2 8 4 16 5 1 21 6 16 6 21 1 5 16 4 8 2 6 4 18 6 19, zy
808: 1 5 14 4 10 2 4 2 8 4 16 4 8 2 4 2 10 4 14 4 10 4 15 1 6 1 20 1 5 16 6 20 6 18 6 18 6 19 1 5 14 5 1 19 6 18 6 19, zy
809: 1 5 14 4 10 4 14 4 10 4 12 4 13 1 7 20 6 14 4 12 4 10 4 14 4 10 4 12 4 14 6 20 7 1 13 4 12 4 10 4 14 4 10 4 14 5 1 20, zy
810: 1 5 14 4 10 4 14 4 10 4 14 4 10 4 14 4 10 4 14 4 10 4 14 5 1 19 6 18 6 16 4 10 4 14 5 1 20 1 5 14 4 10 4 16 6 18 6 19, zy
811: 1 5 14 4 10 4 16 6 20 6 16 4 10 4 14 5 1 19 6 18 6 18 6 20 6 16 5 1 21 6 14 4 12 4 14 6 21 1 5 16 6 20 6 18 6 18 6 19, zy
812: 1 5 14 4 12 4 10 4 16 6 19 1 6 1 16 1 6 1 19 6 16 5 1 21 6 14 4 10 2 2 2 12 4 10 2 4 2 8 4 16 6 19 1 5 14 5 1 20, zy
813: 1 5 14 4 12 4 12 2 2 2 12 4 12 4 12 2 2 2 12 4 12 4 14 5 1 19 4 6 2 8 4 18 6 18 5 1 22 1 5 18 6 18 4 8 2 6 4 19, zy
814: 1 5 14 4 12 4 12 4 10 2 2 2 12 4 12 4 10 2 4 2 8 4 16 6 20 6 15 1 7 20 6 18 6 16 4 8 2 6 4 18 6 16 4 10 4 14 6 21, zy
815: 1 5 14 4 12 4 12 4 12 4 12 4 12 4 12 4 12 4 12 4 12 4 14 6 21 1 5 16 6 20 6 16 6 20 6 16 4 8 2 4 2 10 4 12 4 14 6 21, zy
816: 1 5 14 4 12 4 12 4 12 4 12 4 12 4 12 4 14 6 21 1 5 16 6 20 6 16 4 8 2 4 2 10 4 14 6 21 1 5 15 1 7 21 1 5 15 1 7 21, zy
817: 1 5 14 4 12 4 12 4 12 4 12 4 14 5 1 20 1 5 15 1 6 1 20 1 5 16 6 20 6 17 1 6 1 17 6 20 6 16 5 1 20 1 6 1 15 5 1 20, zy
818: 1 5 14 4 12 4 14 5 1 21 6 14 4 12 4 14 6 21 1 5 16 6 20 6 17 1 6 1 18 1 6 1 17 6 20 6 16 5 1 21 6 14 4 12 4 14 6 21, zy
819: 1 5 14 5 1 19 6 16 6 18 6 18 6 15 1 7 20 6 15 1 6 1 19 6 16 6 18 6 16 6 19 1 6 1 15 6 20 7 1 15 6 18 6 18 6 16 6 19, zy
820: 1 5 15 1 6 1 19 6 16 4 8 4 16 5 1 21 6 14 4 10 4 14 4 10 4 14 4 10 4 14 6 21 1 5 16 4 8 4 16 6 19 1 6 1 15 5 1 20, zy
821: 1 5 16 4 8 4 16 4 8 2 6 4 17 1 6 1 17 4 6 2 8 4 16 4 8 4 16 5 1 21 6 14 4 12 4 12 4 12 4 12 4 12 4 12 4 14 6 21, zy
822: 1 7 20 6 16 4 8 2 4 2 8 2 4 2 8 2 4 2 8 2 4 2 8 4 16 6 20 7 1 15 6 20 6 16 6 20 7 1 14 1 7 20 6 16 6 20 6 15, zy
823: 1 5 12 4 10 2 2 2 10 2 2 2 10 4 10 2 4 2 6 2 6 2 4 2 10 4 10 4 14 4 8 2 4 2 8 4 15 1 6 1 18 1 5 12 4 12 5 1 18, zy
824: 1 5 12 4 10 2 4 2 6 2 4 2 10 4 10 2 2 2 10 2 2 2 10 4 10 4 14 4 10 4 10 2 2 2 10 2 2 2 10 4 10 2 4 2 6 2 6 4 17, zy
825: 1 5 12 4 14 4 10 4 15 1 6 1 19 6 18 6 19 1 5 14 5 1 19 6 17 1 6 1 18 1 6 1 17 6 19 1 6 1 16 1 6 1 19 6 17 1 6 1 18, zy
826: 1 5 14 4 10 2 4 2 8 4 16 6 20 6 17 1 6 1 18 1 6 1 17 4 8 4 16 4 8 2 4 2 10 4 12 2 2 2 10 4 14 4 10 4 15 1 6 1 20, zy
827: 1 5 10 2 4 2 6 2 6 2 6 4 17 1 5 12 4 12 5 1 18 1 5 12 4 12 5 1 17 4 6 2 6 2 6 2 4 2 10 5 1 17 6 17 1 6 1 17 6 17, zy
828: 1 5 12 2 2 2 10 4 14 4 10 4 14 4 10 4 14 4 10 4 15 1 6 1 20 1 5 14 4 10 2 2 2 12 4 10 2 4 2 8 4 16 6 19 1 6 1 17 6 19, zy
829: 1 5 12 2 2 2 10 4 14 6 20 6 16 6 19 1 6 1 15 4 8 2 6 4 17 1 5 12 4 12 4 10 2 4 2 8 4 15 1 6 1 19 6 16 4 8 4 16 6 19, zy
830: 1 5 12 2 2 2 10 4 16 6 19 1 5 12 4 14 4 12 5 1 18 1 6 1 17 4 8 4 17 1 6 1 17 5 1 21 6 17 1 6 1 17 4 8 4 17 1 6 1 18, zy
831: 1 5 12 2 4 2 6 2 6 2 8 4 16 5 1 21 6 16 5 1 20 1 6 1 15 4 10 4 14 4 10 2 4 2 8 4 16 5 1 21 6 16 6 20 6 18 6 18 6 19, zy
832: 1 5 12 4 10 2 2 2 10 4 14 6 19 1 5 12 4 12 4 12 4 10 4 12 4 12 4 10 4 12 4 12 4 12 5 1 19 6 14 4 10 2 2 2 10 4 12 5 1 18, zy
833: 1 5 12 4 12 4 10 2 4 2 4 2 10 4 12 4 10 2 2 2 10 4 14 6 19 1 5 14 5 1 20 1 5 14 4 10 4 14 6 18 6 18 6 16 6 17 1 6 1 18, zy
834: 1 5 12 4 12 4 12 4 12 4 12 2 2 2 8 2 4 2 8 2 6 4 16 4 8 4 17 1 5 12 4 12 4 12 4 14 6 20 6 16 4 8 2 4 2 8 2 6 4 17, zy
835: 1 5 12 4 12 4 12 4 12 4 14 6 21 1 5 16 6 20 6 14 4 14 6 20 6 16 5 1 21 6 14 4 12 4 12 4 12 4 12 5 1 17 4 8 4 16 4 8 4 17, zy
836: 1 5 12 4 12 4 12 4 12 5 1 17 4 8 4 16 6 20 6 14 4 12 5 1 19 6 16 6 20 6 16 6 20 6 16 6 19 1 5 12 4 14 6 20 6 16 4 8 4 17, zy
837: 1 5 12 4 12 4 12 4 14 6 20 6 17 1 6 1 17 6 20 6 14 4 12 4 12 4 12 5 1 17 4 8 4 16 6 20 6 16 6 20 6 16 6 20 6 16 4 8 4 17, zy
838: 1 5 12 4 12 4 14 5 1 20 1 5 15 1 6 1 20 1 5 14 4 12 4 12 4 14 5 1 20 1 6 1 15 5 1 20 1 5 14 4 12 4 12 5 1 17 6 20 6 17, zy
839: 1 5 12 4 12 5 1 17 4 6 2 8 4 14 6 20 7 1 15 6 18 6 17 1 6 1 17 6 18 6 15 1 7 20 6 14 4 8 2 6 4 17 1 5 12 4 12 5 1 18, zy
840: 1 5 12 4 12 5 1 18 1 6 1 17 6 16 6 19 1 5 14 6 19 1 6 1 16 1 6 1 18 1 6 1 16 1 6 1 19 6 14 5 1 19 6 16 6 17 1 6 1 18, zy
841: 1 5 12 4 14 4 8 2 6 2 4 2 10 4 14 5 1 20 1 5 14 4 10 4 15 1 6 1 20 1 5 14 4 12 4 10 2 2 2 12 4 10 2 4 2 8 4 16 6 19, zy
842: 1 5 12 4 14 4 10 4 14 5 1 20 1 5 14 4 10 2 4 2 6 2 8 4 15 1 6 1 20 1 5 14 4 12 4 10 2 2 2 12 4 10 2 4 2 8 4 16 6 19, zy
843: 1 5 12 4 14 4 10 4 14 5 1 20 1 5 14 4 10 4 15 1 6 1 20 1 5 14 4 12 5 1 19 6 16 5 1 21 6 14 4 10 2 4 2 6 2 8 4 16 6 19, zy
844: 1 5 12 4 14 4 10 4 14 5 1 20 1 5 14 4 12 4 10 4 16 6 19 1 5 14 5 1 20 1 5 14 4 12 4 10 2 2 2 12 4 10 2 4 2 8 4 16 6 19, zy
845: 1 5 12 4 14 4 10 4 15 1 6 1 20 1 5 16 6 20 6 16 5 1 21 6 14 4 12 4 12 4 12 4 14 5 1 20 1 6 1 15 4 10 4 14 4 10 4 16 6 19, zy
846: 1 5 12 4 14 5 1 19 6 18 4 6 2 8 4 16 4 8 2 4 2 10 4 14 5 1 19 6 18 6 20 6 16 6 20 6 18 6 19 1 5 14 4 10 2 4 2 8 4 17, zy
847: 1 5 12 4 14 5 1 21 7 1 15 4 8 2 6 2 4 2 10 4 14 4 10 4 15 1 6 1 20 1 5 14 4 12 4 10 2 4 2 8 4 16 4 8 4 17 1 6 1 18, zy
848: 1 5 14 4 10 2 4 2 6 2 8 4 15 1 6 1 20 1 5 15 1 7 21 1 5 15 1 7 21 1 5 14 4 12 4 10 2 4 2 8 4 16 6 19 1 5 14 5 1 20, zy
849: 1 5 14 4 10 2 4 2 6 4 18 6 17 1 6 1 17 6 18 4 6 2 4 2 10 4 14 5 1 19 6 18 6 16 4 8 2 4 2 8 2 4 2 8 4 16 6 18 6 19, zy
850: 1 5 14 4 10 4 14 4 10 2 2 2 10 2 2 2 10 4 14 4 10 4 14 5 1 19 6 18 6 16 4 10 4 12 4 14 6 20 6 16 5 1 20 1 6 1 15 5 1 20, zy
851: 1 5 14 4 10 4 14 6 19 1 6 1 16 1 6 1 19 7 1 13 4 12 4 10 4 14 6 19 1 6 1 17 6 16 5 1 20 1 6 1 15 5 1 20 1 5 14 5 1 20, zy
852: 1 5 14 4 10 4 15 1 6 1 19 6 16 6 20 6 16 6 19 1 6 1 15 4 10 4 14 5 1 19 6 18 6 16 4 10 4 14 6 20 6 17 1 6 1 17 6 18 6 19, zy
853: 1 5 14 4 10 4 16 6 20 6 17 1 6 1 18 1 6 1 17 6 20 6 16 5 1 21 6 14 4 12 2 2 2 8 2 6 2 4 2 10 4 15 1 6 1 19 6 18 6 19, zy
854: 1 5 14 5 1 19 6 16 6 18 6 16 6 18 6 16 6 19 1 5 14 5 1 20 1 5 16 6 17 1 6 1 17 6 17 1 6 1 17 6 17 1 6 1 17 6 16 5 1 20, zy
855: 1 5 16 5 1 21 6 15 1 7 21 1 5 16 6 20 6 16 5 1 21 6 14 4 12 4 12 4 12 4 12 4 14 6 21 1 5 16 6 20 6 16 5 1 21 7 1 15 6 21, zy
856: 1 5 16 6 20 6 16 4 8 4 17 1 6 1 17 4 8 4 16 6 20 6 16 5 1 21 6 14 4 12 4 12 4 10 2 4 2 8 2 4 2 10 4 12 4 12 4 14 6 21, zy
857: 1 5 16 6 20 6 16 6 20 6 16 6 20 6 16 6 20 6 16 5 1 21 6 14 4 12 4 10 4 16 6 20 7 1 13 4 13 1 7 20 6 16 4 10 4 12 4 14 6 21, zy
858: 1 6 1 17 4 6 2 8 2 4 2 8 4 16 6 20 7 1 15 6 20 6 16 6 20 6 16 6 20 6 16 6 20 6 15 1 7 20 6 16 4 8 2 4 2 8 2 6 4 17, zy
859: 1 5 12 2 2 2 10 2 2 2 12 5 1 18 1 6 1 17 4 8 4 17 1 6 1 17 4 8 4 17 1 6 1 17 6 21 1 5 17 1 6 1 17 4 8 4 17 1 6 1 18, zy
860: 1 5 14 4 10 2 4 2 6 2 6 2 6 2 6 4 18 6 16 4 8 4 16 4 8 4 16 6 18 6 18 6 18 6 17 1 6 1 17 6 19 1 5 14 4 10 4 14 5 1 20, zy
861: 1 5 14 4 10 2 4 2 8 2 4 2 8 2 6 2 4 2 10 4 14 4 12 4 10 2 4 2 8 2 4 2 10 4 14 5 1 20 1 5 15 1 7 21 1 6 1 15 5 1 20, zy
862: 1 5 14 4 10 4 16 6 20 6 16 4 8 2 4 2 10 4 14 4 10 4 14 4 10 2 2 2 12 4 12 4 10 2 4 2 10 4 12 4 14 5 1 20 1 6 1 15 5 1 20, zy
863: 1 5 10 2 4 2 8 4 16 6 18 6 19 1 5 14 4 10 2 2 2 10 2 2 2 10 4 14 5 1 19 6 18 6 16 4 8 2 4 2 10 5 1 17 6 18 6 18 6 18 6 17, zy
864: 1 5 10 4 15 1 6 1 18 1 6 1 15 4 10 4 10 4 15 1 6 1 18 1 6 1 15 4 10 5 1 17 6 17 1 6 1 17 6 17 1 6 1 17 6 17 1 6 1 17 6 17, zy
865: 1 5 12 2 2 2 8 2 2 2 12 5 1 19 6 14 4 10 4 12 4 12 5 1 19 6 14 4 8 2 4 2 8 2 4 2 8 4 14 6 19 1 5 12 4 12 4 10 4 14 6 19, zy
866: 1 5 12 2 2 2 8 2 4 2 8 4 14 4 8 2 4 2 8 2 2 2 12 5 1 19 6 16 6 18 6 15 1 7 19 1 6 1 16 1 6 1 19 7 1 15 6 18 6 16 6 19, zy
867: 1 5 12 2 2 2 8 2 4 2 8 4 15 1 6 1 18 1 6 1 15 4 8 2 4 2 8 2 2 2 12 5 1 19 6 16 6 18 6 15 1 7 20 7 1 15 6 18 6 16 6 19, zy
868: 1 5 12 2 2 2 8 2 4 2 8 4 15 1 6 1 18 1 6 1 15 4 8 2 4 2 8 4 14 4 10 4 12 5 1 17 6 18 6 16 6 18 6 17 1 6 1 17 6 16 6 19, zy
869: 1 5 12 2 2 2 10 2 2 2 10 2 2 2 10 2 2 2 12 5 1 19 6 18 6 16 4 10 4 14 5 1 19 6 18 6 18 6 18 6 19 1 5 14 4 10 4 16 6 18 6 19, zy
870: 1 5 12 2 2 2 10 2 2 2 10 4 14 4 10 4 14 4 10 2 2 2 12 5 1 19 6 18 6 16 4 10 4 14 5 1 19 6 18 6 19 1 5 14 4 10 4 16 6 18 6 19, zy
871: 1 5 12 2 2 2 10 2 2 2 12 5 1 19 6 16 4 10 4 14 4 12 5 1 19 6 16 4 8 2 6 2 6 2 6 2 8 4 16 6 19 1 5 12 4 14 4 10 4 16 6 19, zy
872: 1 5 12 2 2 2 10 4 10 2 2 2 12 5 1 19 6 16 6 18 6 14 4 12 5 1 19 6 14 4 10 4 12 4 12 4 10 4 14 6 19 1 5 12 4 14 6 18 6 16 6 19, zy
873: 1 5 12 2 2 2 10 4 12 4 12 4 12 4 10 2 2 2 12 5 1 19 6 14 4 12 4 10 2 2 2 12 5 1 19 6 16 6 19 1 5 12 2 2 2 10 4 12 4 14 6 19, zy
874: 1 5 12 2 2 2 10 4 14 4 8 2 6 2 6 4 18 6 18 6 17 1 6 1 19 6 16 5 1 21 6 14 4 10 2 4 2 6 2 8 4 16 6 18 4 6 2 8 4 16 6 19, zy
875: 1 5 12 2 2 2 10 4 14 4 10 2 2 2 12 5 1 19 6 17 1 6 1 19 6 16 5 1 20 1 6 1 15 4 10 4 15 1 6 1 20 1 5 16 6 19 1 6 1 17 6 19, zy
876: 1 5 12 2 2 2 10 4 14 4 10 4 14 4 10 2 2 2 12 5 1 19 6 16 4 8 2 4 2 10 4 14 5 1 19 6 18 6 19 1 5 14 4 10 2 4 2 8 4 16 6 19, zy
877: 1 5 12 2 2 2 10 4 14 4 10 4 14 4 10 2 2 2 12 5 1 19 6 17 1 6 1 19 6 16 5 1 20 1 6 1 16 1 6 1 20 1 5 16 6 19 1 6 1 17 6 19, zy
878: 1 5 12 2 2 2 10 4 14 4 10 4 14 4 10 4 14 4 10 4 14 4 10 2 2 2 12 5 1 19 6 18 6 16 4 10 4 14 5 1 20 1 5 14 4 10 4 16 6 18 6 19, zy
879: 1 5 12 2 2 2 10 4 14 5 1 20 1 5 14 5 1 20 1 5 14 4 10 2 2 2 12 5 1 19 6 18 6 16 5 1 20 1 6 1 16 1 6 1 20 1 5 16 6 18 6 19, zy
880: 1 5 12 4 10 2 2 2 10 2 2 2 10 4 12 5 1 17 4 6 2 6 2 4 2 10 4 12 5 1 17 4 6 2 6 2 6 4 17 1 5 12 4 10 2 4 2 6 2 6 4 17, zy
881: 1 5 12 4 10 2 4 2 6 2 4 2 10 4 12 5 1 17 4 6 2 6 2 4 2 10 4 12 5 1 17 4 6 2 6 2 6 4 17 1 5 12 4 10 2 4 2 6 2 6 4 17, zy
882: 1 5 12 4 10 4 14 4 8 4 16 6 16 4 8 4 16 6 16 6 19 1 5 12 4 12 4 12 4 8 2 6 4 16 4 6 2 6 2 4 2 10 4 10 2 4 2 6 2 6 4 17, zy
883: 1 5 12 4 10 4 14 4 10 4 12 5 1 17 4 6 2 6 2 6 4 16 4 8 4 14 5 1 19 6 16 6 18 6 16 6 19 1 5 14 4 8 4 16 4 6 2 6 2 6 4 17, zy
884: 1 5 12 4 12 2 2 2 10 4 12 4 14 6 21 1 5 16 6 20 6 16 6 20 6 16 6 20 6 16 5 1 21 6 14 4 12 4 10 2 2 2 12 4 12 5 1 17 4 8 4 17, zy
885: 1 5 12 4 12 4 10 2 2 2 10 4 12 4 12 4 10 4 12 4 12 4 10 4 14 6 19 1 5 12 4 12 4 10 2 4 4 18 6 14 4 10 4 12 4 12 4 10 4 14 6 19, zy
886: 1 5 12 4 12 4 10 2 2 2 10 4 12 4 12 5 1 19 6 14 4 10 4 12 4 10 4 14 5 1 19 6 16 6 18 6 16 6 19 1 5 14 4 10 4 12 4 10 4 14 6 19, zy
887: 1 5 12 4 12 4 10 2 4 2 4 2 10 4 12 4 10 2 4 2 4 2 10 4 12 4 12 5 1 19 6 14 4 10 4 12 4 12 5 1 18 1 5 12 4 12 4 10 4 14 6 19, zy
888: 1 5 12 4 12 4 10 4 14 6 19 1 5 12 4 12 4 12 4 8 2 6 2 4 2 8 2 4 2 6 2 8 4 12 4 12 4 12 5 1 19 6 14 4 10 4 12 4 12 5 1 18, zy
889: 1 5 12 4 12 4 10 4 14 6 19 1 5 12 4 12 4 12 5 1 19 6 14 4 10 4 12 4 12 5 1 17 4 6 2 6 2 6 2 6 4 16 4 6 2 6 2 6 2 6 4 17, zy
890: 1 5 12 4 12 4 12 4 10 4 12 4 12 4 12 5 1 19 6 14 4 10 4 12 4 12 4 12 5 1 19 6 14 4 10 4 14 6 19 1 5 12 4 12 4 12 4 10 4 14 6 19, zy
891: 1 5 12 4 12 4 12 4 12 4 12 4 12 4 12 5 1 17 4 8 4 16 6 20 6 14 4 12 5 1 19 6 16 6 20 6 16 6 19 1 5 12 4 14 6 20 6 16 4 8 4 17, zy
892: 1 5 12 4 12 4 12 4 14 6 21 1 5 16 5 1 21 6 14 4 12 4 12 4 12 5 1 17 4 6 2 8 2 4 2 8 4 16 4 8 4 16 4 8 2 4 2 8 2 6 4 17, zy
893: 1 5 12 4 12 4 12 4 14 6 21 1 5 16 6 20 6 16 5 1 21 6 14 4 12 4 12 4 12 5 1 17 4 6 2 8 2 4 2 8 2 4 2 8 2 4 2 8 2 6 4 17, zy
894: 1 5 12 4 12 4 12 5 1 17 4 6 2 8 2 4 2 8 4 16 6 20 7 1 15 6 20 6 16 6 20 6 16 6 20 6 15 1 7 20 6 16 4 8 2 4 2 8 2 6 4 17, zy
895: 1 5 12 4 12 4 12 5 1 19 6 14 4 10 4 14 6 19 1 5 14 6 19 1 6 1 15 4 8 2 4 2 8 4 15 1 6 1 19 6 14 5 1 19 6 14 4 10 4 14 6 19, zy
896: 1 5 12 4 12 4 14 5 1 20 1 5 15 1 6 1 20 1 5 16 6 20 6 16 5 1 20 1 6 1 15 5 1 20 1 5 14 4 12 4 12 5 1 17 4 6 2 8 2 6 4 17, zy
897: 1 5 12 4 12 4 14 6 21 1 5 15 1 7 21 1 5 14 4 12 4 12 4 12 4 12 4 12 4 14 5 1 21 7 1 15 5 1 21 6 14 4 12 4 12 5 1 17 4 8 4 17, zy
898: 1 5 12 4 14 4 8 2 4 2 10 4 12 4 14 6 20 6 16 6 20 6 15 1 7 20 6 16 4 8 2 4 2 8 2 4 2 8 2 4 2 8 4 16 4 6 2 8 4 16 6 19, zy
899: 1 5 12 4 14 4 10 4 14 4 8 2 6 2 6 2 6 2 8 4 14 4 10 4 14 4 12 5 1 19 6 18 6 16 4 10 4 14 5 1 20 1 5 14 4 10 4 16 6 18 6 19, zy
900: 1 5 12 4 14 5 1 20 1 5 16 6 20 6 16 4 8 2 6 4 18 6 19 1 5 14 4 10 2 2 2 12 4 12 4 12 4 14 5 1 20 1 5 14 4 10 2 4 2 8 4 17, zy
901: 1 5 12 4 14 6 19 1 6 1 16 1 6 1 18 1 6 1 16 1 6 1 19 6 14 4 12 5 1 18 1 6 1 17 6 17 1 6 1 18 1 6 1 15 4 10 4 12 4 14 6 19, zy
902: 1 5 12 4 14 6 20 6 16 4 8 4 16 4 8 4 16 6 20 6 14 4 12 5 1 17 4 8 4 16 6 20 6 14 4 12 5 1 18 1 5 12 4 14 6 20 6 16 4 8 4 17, zy
903: 1 5 12 4 14 6 20 6 16 6 20 6 15 1 7 20 6 16 4 8 4 16 4 8 4 16 6 20 7 1 15 6 20 6 16 6 20 6 14 4 12 5 1 19 6 16 6 20 6 16 6 19, zy
904: 1 5 12 4 14 6 20 6 17 1 6 1 18 1 6 1 17 6 20 6 14 4 12 5 1 18 1 6 1 17 4 8 4 16 6 20 7 1 14 1 7 20 6 16 4 8 4 17 1 6 1 18, zy
905: 1 5 12 4 14 6 21 1 5 16 6 20 7 1 15 6 20 6 15 1 7 20 6 16 5 1 21 6 14 4 12 5 1 19 6 16 6 21 1 5 16 4 8 4 16 5 1 21 6 16 6 19, zy
906: 1 5 12 5 1 17 6 18 6 16 4 6 2 8 4 14 5 1 19 6 16 4 6 2 8 4 14 6 20 6 14 4 8 2 6 4 16 6 19 1 5 14 4 8 2 6 4 16 6 18 6 17, zy
907: 1 5 14 4 8 2 4 2 8 4 16 6 16 6 19 1 5 14 6 20 6 14 5 1 19 6 16 6 16 4 8 2 4 2 8 4 14 5 1 19 6 16 6 18 6 16 6 18 6 16 6 19, zy
908: 1 5 14 4 8 2 4 2 8 4 16 6 16 6 19 1 5 14 6 20 6 14 6 20 6 14 5 1 19 6 16 6 16 4 8 2 4 2 8 4 14 5 1 19 6 16 6 18 6 16 6 19, zy
909: 1 5 14 4 10 2 2 2 10 2 2 2 10 4 12 4 13 1 7 20 6 16 6 18 6 18 6 18 6 16 6 20 7 1 13 4 12 4 10 2 2 2 10 2 2 2 10 4 14 5 1 20, zy
910: 1 5 14 4 10 2 4 2 8 4 16 6 21 1 5 16 4 8 2 6 2 6 4 18 6 18 4 6 2 6 2 8 4 16 5 1 21 6 16 4 8 2 4 2 10 4 14 5 1 19 6 19, zy
911: 1 5 14 4 10 4 12 4 13 1 7 20 7 1 14 1 7 20 7 1 14 1 7 20 7 1 13 4 12 4 10 4 14 5 1 20 1 5 14 5 1 19 6 16 6 19 1 5 14 5 1 20, zy
912: 1 5 14 4 10 4 14 5 1 19 6 18 6 16 6 20 7 1 13 4 12 4 10 2 4 2 6 2 6 2 6 2 6 2 6 2 4 2 10 4 12 4 13 1 7 20 6 16 6 18 6 19, zy
913: 1 5 14 4 10 4 16 6 18 6 20 6 15 1 7 20 6 18 6 16 4 10 4 14 4 10 4 14 4 10 4 16 6 18 6 20 7 1 15 6 20 6 18 6 16 4 10 4 14 5 1 20, zy
914: 1 5 14 4 10 4 16 6 19 1 5 14 5 1 20 1 5 16 6 19 1 6 1 15 4 10 4 15 1 6 1 19 6 16 5 1 20 1 5 14 5 1 19 6 16 4 10 4 14 5 1 20, zy
915: 1 5 14 4 12 2 2 2 10 4 16 6 21 1 5 16 5 1 21 6 16 4 10 2 2 2 12 4 14 5 1 19 4 6 2 8 2 6 4 18 6 20 6 18 4 6 2 8 2 6 4 19, zy
916: 1 5 14 4 12 2 2 2 10 4 16 6 21 1 5 16 6 22 6 16 5 1 21 6 16 4 10 2 2 2 12 4 14 5 1 19 4 6 2 8 2 6 4 18 4 6 2 8 2 6 4 19, zy
917: 1 5 14 4 12 4 12 4 12 4 14 5 1 19 4 6 2 6 2 8 4 16 5 1 21 6 16 5 1 21 7 1 14 1 7 21 1 5 16 6 21 1 5 16 4 8 2 6 2 6 4 19, zy
918: 1 5 14 5 1 19 6 16 4 8 4 16 6 20 7 1 15 6 20 6 14 4 10 2 2 2 10 2 2 2 10 2 2 2 10 4 14 6 20 6 15 1 7 20 6 16 4 8 4 16 6 19, zy
919: 1 5 14 5 1 19 6 17 1 6 1 19 6 16 5 1 20 1 6 1 15 4 8 2 6 2 6 4 18 4 6 2 6 2 8 4 15 1 6 1 20 1 5 16 6 19 1 6 1 17 6 19, zy
920: 1 5 14 5 1 19 6 18 6 18 4 6 2 8 4 16 5 1 21 6 16 4 8 2 6 4 18 6 18 6 18 4 6 2 8 4 16 6 21 1 5 16 4 8 2 6 4 18 6 18 6 19, zy
921: 1 5 16 4 8 2 4 2 10 4 12 4 14 6 21 1 5 16 6 20 6 14 4 12 4 14 6 20 6 16 5 1 21 6 14 4 12 4 10 2 4 2 8 4 16 5 1 21 6 16 6 21, zy
922: 1 5 16 4 8 4 17 1 6 1 17 4 8 4 16 4 8 4 17 1 6 1 17 4 8 4 16 5 1 21 6 14 4 12 4 14 6 21 1 5 16 5 1 21 6 14 4 12 4 14 6 21, zy
923: 1 5 16 4 8 4 17 1 6 1 17 6 20 6 16 6 20 6 17 1 6 1 17 4 8 4 16 5 1 21 6 16 6 20 6 16 6 21 1 5 16 5 1 21 6 16 6 20 6 16 6 21, zy
924: 1 5 16 6 20 6 16 6 20 6 16 6 20 6 16 5 1 21 6 14 4 12 4 10 4 16 6 20 7 1 13 4 12 4 12 4 12 4 13 1 7 20 6 16 4 10 4 12 4 14 6 21, zy
925: 1 7 18 4 4 2 10 4 12 4 10 2 2 2 10 4 12 4 10 2 4 4 18 7 1 13 4 10 4 14 6 18 6 18 7 1 13 4 10 4 13 1 7 18 6 18 6 14 4 10 4 13, zy
926: 1 5 12 4 12 4 14 4 8 2 6 2 6 2 8 4 14 4 12 4 12 4 12 4 12 4 12 4 14 4 8 2 6 2 6 2 6 2 8 4 15 1 6 1 20 1 5 16 6 21 1 5 17, zy
927: 1 5 10 2 4 2 6 2 6 2 6 4 16 6 18 6 16 6 18 6 16 6 19 1 5 14 4 8 2 4 2 8 2 4 2 6 2 6 2 4 2 10 4 10 2 2 2 10 4 14 6 18 6 17, zy
928: 1 5 12 2 2 2 10 2 4 2 6 2 6 2 6 2 6 2 8 4 15 1 6 1 20 1 6 1 15 4 10 4 14 5 1 19 6 18 6 19 1 5 14 5 1 19 6 18 6 18 6 18 6 19, zy
929: 1 5 12 2 2 2 10 4 14 4 8 2 6 2 6 2 6 2 6 4 18 6 18 6 17 1 6 1 18 1 5 12 4 14 4 8 2 6 2 6 4 18 6 17 1 6 1 17 4 8 4 16 6 19, zy
930: 1 5 12 2 2 2 10 4 14 4 10 4 14 4 10 4 14 4 10 4 14 4 10 4 14 5 1 19 6 16 4 10 4 12 2 2 2 10 4 14 5 1 20 1 5 14 4 12 4 10 4 16 6 19, zy
931: 1 5 12 2 2 2 10 4 14 4 12 5 1 19 6 16 4 10 4 14 4 10 4 16 6 19 1 5 12 2 2 2 10 4 15 1 6 1 19 6 18 6 18 6 19 1 5 14 4 10 4 16 6 19, zy
932: 1 5 12 2 2 2 10 4 14 6 20 6 17 1 5 12 5 1 17 6 20 6 14 4 10 2 2 2 12 5 1 19 6 16 4 8 2 4 2 10 4 12 4 12 4 10 2 4 2 8 4 16 6 19, zy
933: 1 5 12 2 2 2 10 4 14 6 20 6 17 1 6 1 17 6 20 6 14 4 10 2 2 2 12 5 1 19 6 16 4 8 2 4 2 10 4 12 4 12 4 12 4 10 2 4 2 8 4 16 6 19, zy
934: 1 5 12 2 2 2 10 4 14 6 20 6 17 1 6 1 17 6 20 6 14 4 10 2 2 2 12 5 1 19 6 16 4 8 2 6 4 16 4 8 2 4 2 8 4 16 4 6 2 8 4 16 6 19, zy
935: 1 5 12 4 10 2 2 2 10 2 2 2 10 4 10 2 2 2 10 2 2 2 10 4 12 5 1 17 4 6 2 6 2 4 2 10 4 12 5 1 18 1 5 12 4 10 2 4 2 6 2 6 4 17, zy
936: 1 5 12 4 12 4 12 2 2 2 8 2 6 4 17 1 5 12 4 12 4 12 4 12 4 12 4 12 4 12 4 12 4 12 4 12 5 1 17 4 6 2 8 2 2 2 12 4 12 4 12 5 1 18, zy
937: 1 5 12 4 12 4 12 4 12 4 12 4 12 4 12 4 12 4 12 4 12 5 1 17 4 8 4 16 4 8 4 16 6 20 7 1 15 6 20 6 15 1 7 20 6 16 4 8 4 16 4 8 4 17, zy
938: 1 5 12 4 12 4 12 4 12 4 12 4 12 5 1 17 4 6 2 8 2 4 2 8 4 16 6 20 7 1 15 6 20 6 16 6 20 6 15 1 7 20 6 16 4 8 2 4 2 8 2 6 4 17, zy
939: 1 5 12 4 12 4 12 4 12 4 14 5 1 21 6 14 4 12 5 1 18 1 6 1 18 1 5 12 4 14 6 21 1 5 14 4 12 4 12 4 12 4 12 5 1 17 4 8 4 16 4 8 4 17, zy
940: 1 5 12 4 12 5 1 17 6 19 1 5 14 5 1 19 6 16 5 1 20 1 5 14 5 1 19 6 16 4 8 4 16 6 19 1 5 14 5 1 20 1 5 16 6 19 1 5 14 5 1 19 6 17, zy
941: 1 5 12 4 14 4 10 4 14 4 10 2 4 2 6 2 8 2 2 2 12 4 12 4 14 6 21 1 5 16 6 20 6 16 4 8 2 6 2 6 2 6 2 6 2 6 2 6 2 8 4 16 6 19, zy
942: 1 5 14 4 10 2 4 2 6 2 6 4 18 6 17 1 6 1 17 6 18 4 6 2 6 2 4 2 10 4 14 5 1 19 6 18 6 16 4 8 2 6 4 16 4 6 2 8 4 16 6 18 6 19, zy
943: 1 5 14 4 10 2 4 2 8 4 16 4 8 4 17 1 6 1 17 4 8 4 16 4 8 2 4 2 10 4 14 5 1 19 6 18 4 6 2 8 4 16 6 20 6 16 4 8 2 6 4 18 6 19, zy
944: 1 5 14 4 10 2 4 2 8 4 16 6 21 1 5 16 4 8 2 6 2 4 2 10 4 14 4 10 2 2 2 12 4 10 4 16 5 1 21 6 16 4 8 2 4 2 10 4 14 5 1 19 6 19, zy
945: 1 5 14 4 10 4 14 4 10 4 14 4 8 2 6 2 6 4 17 1 6 1 17 6 18 6 19 1 5 15 1 6 1 19 6 16 4 8 4 16 4 6 2 8 2 4 2 8 4 16 6 18 6 19, zy
946: 1 5 14 4 10 4 16 6 19 1 6 1 17 6 18 6 20 6 16 6 20 6 16 4 10 4 14 5 1 19 6 18 6 18 4 6 2 8 4 16 6 20 6 16 4 8 2 6 4 18 6 18 6 19, zy
947: 1 5 14 4 10 4 16 6 20 6 16 5 1 20 1 6 1 15 4 10 4 14 4 10 2 4 2 8 4 16 6 20 6 16 5 1 20 1 5 14 5 1 19 6 17 1 6 1 19 6 16 5 1 20, zy
948: 1 5 14 4 10 4 16 6 20 6 17 1 6 1 17 4 8 4 17 1 6 1 17 6 20 6 16 5 1 20 1 6 1 15 4 10 4 14 4 10 4 16 6 20 6 16 4 8 2 6 4 18 6 19, zy
949: 1 5 14 4 12 4 10 2 4 2 8 4 16 6 18 4 6 2 8 4 15 1 6 1 20 1 5 14 4 12 4 10 4 16 6 18 4 6 2 6 2 8 4 15 1 6 1 20 1 5 15 1 7 21, zy
950: 1 5 14 4 12 4 12 4 12 4 12 4 14 5 1 20 1 5 15 1 6 1 20 1 5 14 4 12 4 14 6 21 1 5 16 5 1 21 6 14 4 12 4 14 5 1 20 1 6 1 15 5 1 20, zy
951: 1 5 14 4 12 4 12 4 12 4 14 6 21 1 5 14 4 12 4 12 4 14 5 1 21 6 14 4 12 4 12 4 12 4 14 5 1 21 6 14 4 12 4 10 2 4 2 10 4 12 4 14 6 21, zy
952: 1 5 14 4 12 4 12 4 14 6 21 1 5 14 4 12 4 14 5 1 21 6 14 4 12 4 12 4 14 5 1 21 7 1 15 5 1 21 6 14 4 12 4 12 4 14 6 21 1 5 15 1 7 21, zy
953: 1 5 14 4 12 4 14 4 10 2 4 2 8 2 6 2 6 2 6 2 8 4 17 1 6 1 17 4 10 4 14 4 12 4 14 5 1 19 6 20 6 18 6 20 6 18 6 20 6 18 6 20 6 19, zy
954: 1 5 14 5 1 19 6 16 4 8 4 16 4 8 4 16 6 19 1 5 14 5 1 20 1 5 16 6 19 1 5 14 5 1 19 6 17 1 6 1 17 6 19 1 5 14 5 1 19 6 16 5 1 20, zy
955: 1 5 14 6 20 6 15 1 7 20 6 16 6 18 6 17 1 6 1 17 6 18 6 16 6 20 7 1 15 6 20 6 14 5 1 20 1 5 16 6 17 1 6 1 18 1 6 1 17 6 16 5 1 20, zy
956: 1 5 15 1 7 21 1 5 16 6 19 1 6 1 17 6 20 7 1 14 1 7 20 6 17 1 6 1 19 6 16 5 1 21 7 1 15 5 1 21 6 14 4 12 4 12 4 12 4 12 4 14 6 21, zy
957: 1 5 16 6 19 1 6 1 17 6 18 6 18 4 6 2 8 4 16 6 20 6 14 4 13 1 7 20 6 18 6 16 4 10 4 14 4 10 4 14 4 10 2 4 2 6 2 8 4 15 1 6 1 20, zy
958: 1 5 16 6 20 6 16 4 8 4 17 1 6 1 17 4 8 4 16 6 20 6 16 5 1 21 6 14 4 12 4 10 2 4 2 8 2 4 2 8 2 4 2 8 2 4 2 10 4 12 4 14 6 21, zy
959: 1 5 16 6 20 6 16 6 20 6 17 1 6 1 17 6 20 6 16 6 20 6 16 5 1 21 6 14 4 12 4 10 2 4 2 8 4 16 4 8 4 16 4 8 2 4 2 10 4 12 4 14 6 21, zy
960: 1 5 16 6 20 6 17 1 6 1 17 5 1 21 6 16 5 1 21 7 1 14 1 7 21 1 5 16 6 21 1 5 17 1 6 1 17 6 20 6 16 5 1 21 6 14 4 12 4 12 4 14 6 21, zy
961: 1 5 16 6 20 7 1 13 4 12 4 12 4 12 4 12 4 12 4 12 4 12 4 12 4 12 4 13 1 7 20 6 16 5 1 21 7 1 15 6 20 6 17 1 6 1 17 6 20 6 15 1 7 21, zy
962: 1 6 1 15 4 8 4 15 1 6 1 19 6 14 4 10 4 13 1 7 18 4 6 4 17 1 6 1 17 6 17 1 6 1 17 6 17 1 6 1 17 4 6 4 18 7 1 13 4 10 4 14 6 19, zy
963: 1 5 12 4 10 2 2 2 10 2 2 2 8 2 4 2 8 4 14 4 8 2 4 2 8 4 14 4 8 2 4 2 8 4 14 4 8 2 4 2 8 4 14 4 10 4 10 2 4 2 6 2 6 4 17, zy
964: 1 5 10 2 4 2 8 4 14 6 19 1 6 1 15 4 8 4 15 1 6 1 19 6 14 4 8 2 4 2 10 5 1 17 6 18 6 16 6 18 6 15 1 7 20 7 1 15 6 18 6 16 6 18 6 17, zy
965: 1 5 10 2 4 2 8 4 16 6 18 6 18 6 18 6 16 4 8 2 4 2 10 5 1 17 6 18 4 6 2 6 2 4 2 10 4 14 5 1 20 1 5 14 4 10 2 4 2 6 2 6 4 18 6 17, zy
966: 1 5 10 2 4 2 8 4 16 6 18 6 19 1 5 14 4 10 2 4 2 6 2 4 2 10 4 14 5 1 19 6 18 6 16 4 8 2 4 2 10 5 1 17 6 18 4 6 2 6 2 6 4 18 6 17, zy
967: 1 5 12 2 2 2 8 2 4 2 8 4 14 4 8 2 4 2 8 2 2 2 12 5 1 19 6 16 6 18 6 14 4 12 5 1 19 6 14 4 10 4 14 6 19 1 5 12 4 14 6 18 6 16 6 19, zy
968: 1 5 12 2 2 2 10 2 2 2 10 4 14 4 10 4 14 4 10 4 14 4 10 2 2 2 10 2 2 2 12 5 1 19 6 18 6 16 4 10 4 14 5 1 20 1 5 14 4 10 4 16 6 18 6 19, zy
969: 1 5 12 2 2 2 10 2 2 2 12 5 1 18 1 6 1 17 6 20 6 16 5 1 20 1 6 1 15 4 8 2 6 2 6 2 6 2 8 4 15 1 6 1 20 1 5 16 6 20 6 17 1 6 1 18, zy
970: 1 5 12 2 2 2 12 5 1 19 6 17 1 6 1 19 6 16 5 1 20 1 6 1 15 4 8 2 6 2 6 2 6 2 6 2 6 2 8 4 15 1 6 1 20 1 5 16 6 19 1 6 1 17 6 19, zy
971: 1 5 12 2 4 2 6 2 6 2 6 2 8 4 16 6 19 1 5 12 4 14 4 10 4 14 4 12 5 1 19 6 16 4 8 2 6 2 6 2 6 2 4 2 12 5 1 19 6 18 6 18 6 18 6 19, zy
972: 1 5 12 4 10 2 2 2 10 4 14 6 19 1 5 12 4 12 4 12 4 8 2 6 2 4 2 8 2 4 2 6 2 8 4 12 4 12 4 12 5 1 19 6 14 4 10 2 2 2 10 4 12 5 1 18, zy
973: 1 5 12 4 12 2 2 2 10 4 14 6 21 1 5 14 4 12 4 12 4 10 2 4 2 8 2 4 2 8 2 4 2 10 4 12 4 12 4 14 5 1 21 6 14 4 10 2 2 2 12 4 12 5 1 18, zy
974: 1 5 12 4 12 4 10 2 2 2 10 4 12 4 10 2 2 2 10 4 12 4 12 5 1 19 6 14 4 10 4 12 4 10 4 14 5 1 19 6 16 6 19 1 5 14 4 10 4 12 4 10 4 14 6 19, zy
975: 1 5 12 4 12 4 10 2 4 2 6 2 8 4 14 4 8 2 6 2 4 2 10 4 12 4 12 5 1 17 4 6 2 8 4 14 4 10 4 14 5 1 20 1 5 14 4 10 4 14 4 8 2 6 4 17, zy
976: 1 5 12 4 12 4 10 4 14 6 19 1 5 14 6 20 7 1 14 1 7 20 7 1 14 1 7 20 6 14 5 1 19 6 14 4 10 4 12 4 12 5 1 18 1 6 1 15 4 8 4 15 1 6 1 18, zy
977: 1 5 12 4 12 4 12 4 10 4 14 6 19 1 5 12 4 12 4 12 5 1 19 6 14 4 10 4 12 4 12 4 12 5 1 19 6 14 4 10 2 2 2 10 4 12 4 10 2 2 2 10 4 14 6 19, zy
978: 1 5 12 4 12 4 12 4 12 4 12 4 12 4 12 4 12 4 12 5 1 17 4 6 2 8 2 4 2 8 4 16 6 20 7 1 15 6 20 6 15 1 7 20 6 16 4 8 2 4 2 8 2 6 4 17, zy
979: 1 5 12 4 12 4 12 4 12 4 12 4 14 6 21 1 5 16 6 20 6 16 6 20 6 16 5 1 21 6 14 4 12 4 12 4 12 4 12 4 12 5 1 17 4 8 4 16 6 20 6 16 4 8 4 17, zy
980: 1 5 12 4 12 4 12 4 12 4 14 6 21 1 5 16 6 20 6 16 6 20 6 16 5 1 21 6 14 4 12 4 12 4 12 4 12 5 1 17 4 6 2 8 2 4 2 8 2 4 2 8 2 6 4 17, zy
981: 1 5 12 4 12 4 12 4 14 6 21 1 5 16 5 1 21 6 14 4 12 4 12 4 12 5 1 17 4 6 2 8 2 4 2 8 2 4 2 8 4 16 4 8 2 4 2 8 2 4 2 8 2 6 4 17, zy
982: 1 5 12 4 12 6 19 1 6 1 15 6 19 1 5 14 5 1 19 6 15 1 6 1 19 6 12 4 12 5 1 18 1 6 1 17 6 14 4 10 4 10 2 2 2 10 4 10 4 14 6 17 1 6 1 18, zy
983: 1 5 12 4 14 4 10 2 2 2 12 4 10 2 2 2 12 4 12 4 12 4 14 5 1 21 7 1 15 6 21 1 5 16 6 20 6 16 4 10 4 14 5 1 20 1 5 16 6 19 1 6 1 17 6 19, zy
984: 1 5 12 4 14 4 10 4 14 4 10 4 14 4 10 4 14 4 10 4 14 4 12 5 1 19 6 16 4 8 2 6 2 4 2 10 4 14 5 1 20 1 5 14 4 10 2 4 2 6 2 8 4 16 6 19, zy
985: 1 5 12 4 14 5 1 20 1 5 14 4 10 4 14 5 1 20 1 5 14 4 12 5 1 19 6 16 6 20 6 14 5 1 18 1 6 1 17 6 18 6 17 1 6 1 18 1 5 14 6 20 6 16 6 19, zy
986: 1 5 12 4 14 5 1 20 1 5 14 4 12 4 12 4 12 4 14 6 21 1 5 16 6 20 6 16 4 10 4 14 5 1 19 6 18 6 19 1 5 14 4 10 2 4 2 6 2 8 2 4 2 8 4 17, zy
987: 1 5 12 4 14 6 18 6 18 6 15 1 7 20 7 1 14 1 7 20 7 1 14 1 7 20 7 1 15 6 18 6 18 6 14 4 12 5 1 18 1 6 1 17 6 18 6 16 6 18 6 17 1 6 1 18, zy
988: 1 5 12 4 14 6 18 6 18 6 16 6 19 1 5 14 6 20 6 14 4 10 4 14 6 20 6 14 5 1 19 6 16 6 18 6 18 6 14 4 12 5 1 19 6 14 4 10 2 2 2 10 4 14 6 19, zy
989: 1 5 12 4 14 6 20 6 16 4 8 2 6 4 17 1 5 12 5 1 17 4 6 2 8 4 16 6 20 6 14 4 12 5 1 19 6 16 6 20 6 16 4 8 4 16 4 8 4 16 6 20 6 16 6 19, zy
990: 1 5 12 4 14 6 20 6 16 6 20 6 15 1 7 20 6 16 4 8 2 4 2 8 2 4 2 8 4 16 6 20 7 1 15 6 20 6 16 6 20 6 14 4 12 5 1 19 6 16 6 20 6 16 6 19, zy
991: 1 5 12 5 1 17 6 19 1 5 14 5 1 19 6 16 5 1 20 1 5 14 5 1 19 6 16 4 8 2 4 2 8 4 16 6 19 1 5 14 5 1 20 1 5 16 6 19 1 5 14 5 1 19 6 17, zy
992: 1 5 14 4 8 2 4 2 8 4 15 1 6 1 19 6 14 5 1 19 6 14 4 10 4 14 6 19 1 5 14 6 19 1 6 1 15 4 8 2 4 2 8 4 14 5 1 19 6 16 6 18 6 16 6 19, zy
993: 1 5 14 4 8 2 6 2 6 4 18 6 16 6 19 1 5 14 6 20 6 16 6 20 6 14 5 1 19 6 16 6 18 4 6 2 6 2 8 4 14 5 1 19 6 16 4 8 2 4 2 8 4 16 6 19, zy
994: 1 5 14 4 8 2 6 4 16 6 18 6 15 1 7 20 7 1 15 6 18 6 16 4 6 2 8 4 14 5 1 19 6 16 4 6 2 6 2 6 2 6 4 16 4 6 2 6 2 6 2 6 4 16 6 19, zy
995: 1 5 14 4 8 2 6 4 16 6 18 6 15 1 7 20 7 1 15 6 18 6 16 4 6 2 8 4 14 5 1 19 6 16 4 6 2 8 4 12 2 2 2 8 2 2 2 12 4 8 2 6 4 16 6 19, zy
996: 1 5 14 4 10 2 2 2 10 2 2 2 10 4 14 5 1 19 6 18 6 16 4 8 2 6 4 16 5 1 21 6 14 4 10 4 14 4 10 4 14 6 21 1 5 16 4 6 2 8 4 16 6 18 6 19, zy
997: 1 5 14 4 10 2 2 2 12 4 12 4 12 4 12 4 12 2 2 2 10 4 14 5 1 19 6 18 6 18 4 6 2 8 4 16 5 1 21 6 16 6 21 1 5 16 4 8 2 6 4 18 6 18 6 19, zy
998: 1 5 14 4 10 2 4 2 6 2 4 2 10 4 14 5 1 19 6 18 6 16 4 8 2 6 4 16 5 1 21 6 14 4 10 4 14 4 10 4 14 6 21 1 5 16 4 6 2 8 4 16 6 18 6 19, zy
999: 1 5 14 4 10 2 4 2 6 2 6 4 18 6 17 1 6 1 17 6 18 4 6 2 6 2 4 2 10 4 14 5 1 19 6 18 6 16 4 8 2 4 2 10 4 10 2 4 2 8 4 16 6 18 6 19, zy
1000: 1 5 14 4 10 4 14 4 10 4 14 4 10 4 14 4 10 4 14 4 10 4 14 4 10 4 14 5 1 19 6 18 6 16 4 10 4 12 4 14 5 1 20 1 5 14 4 12 4 10 4 16 6 18 6 19, zy
1001: 1 5 14 4 10 4 14 5 1 19 6 18 6 16 4 10 4 14 6 21 1 5 16 6 19 1 6 1 17 6 18 6 18 6 18 6 17 1 6 1 19 6 16 5 1 21 6 14 4 10 4 16 6 18 6 19, zy
1002: 1 5 14 4 12 2 2 2 8 2 6 2 4 2 10 4 14 4 10 2 4 2 6 2 8 2 2 2 12 4 14 5 1 21 6 14 4 12 4 12 4 14 5 1 20 1 5 14 4 12 4 12 4 14 6 21, zy
1003: 1 5 14 4 12 4 10 2 4 2 10 4 12 4 14 5 1 20 1 5 15 1 6 1 20 1 5 14 4 12 4 14 6 21 1 5 16 5 1 21 6 14 4 12 4 14 5 1 20 1 6 1 15 5 1 20, zy
1004: 1 5 14 4 12 4 12 4 12 4 12 4 14 6 21 1 5 14 4 12 4 14 6 20 6 18 6 18 6 18 6 20 6 14 4 12 4 14 5 1 21 6 14 4 12 4 12 4 12 4 12 4 14 5 1 20, zy
1005: 1 5 14 4 12 4 12 4 12 4 14 6 21 1 5 16 6 20 6 16 4 8 2 6 2 6 2 6 2 6 2 6 2 8 4 16 6 20 6 16 5 1 21 6 14 4 12 4 12 4 12 4 14 5 1 20, zy
1006: 1 5 14 5 1 19 6 16 6 18 6 16 6 19 1 5 14 5 1 20 1 5 15 1 6 1 19 6 14 4 10 4 13 1 7 18 4 6 4 18 7 1 13 4 10 4 14 6 19 1 6 1 15 5 1 20, zy
1007: 1 5 14 5 1 19 6 16 6 20 6 14 5 1 18 1 6 1 17 6 17 1 6 1 18 1 5 14 6 20 6 16 6 19 1 5 14 5 1 20 1 5 16 6 18 4 6 2 6 4 18 6 16 5 1 20, zy
1008: 1 5 14 6 20 6 16 5 1 21 6 14 5 1 19 6 16 6 19 1 5 14 6 20 6 16 6 20 6 14 5 1 19 6 16 6 19 1 5 14 6 21 1 5 16 6 20 6 14 5 1 19 6 16 6 19, zy
1009: 1 5 15 1 6 1 20 1 6 1 15 5 1 21 6 14 4 12 4 12 4 14 6 21 1 5 16 6 20 6 16 4 10 4 14 4 10 4 16 6 20 6 16 5 1 21 6 14 4 12 4 12 4 14 6 21, zy
1010: 1 5 16 4 8 4 16 4 8 2 4 2 8 2 6 4 17 1 6 1 17 4 6 2 8 2 4 2 8 4 16 4 8 4 16 5 1 21 6 16 6 20 6 14 4 12 4 12 4 14 6 20 6 16 6 21, zy
1011: 1 5 16 6 19 1 6 1 16 1 6 1 19 6 16 6 20 6 16 5 1 21 7 1 15 6 20 6 16 5 1 21 6 14 4 10 2 2 2 12 4 10 4 16 6 18 4 6 2 8 4 15 1 6 1 20, zy
1012: 1 5 10 2 4 2 6 2 6 4 17 1 6 1 16 1 6 1 18 1 6 1 16 1 6 1 17 4 6 2 6 2 4 2 10 5 1 17 6 17 1 6 1 17 6 17 1 6 1 17 6 17 1 6 1 17 6 17, zy
1013: 1 5 12 2 2 2 8 2 4 2 6 2 6 2 6 2 4 2 8 2 4 2 8 4 14 6 19 1 5 12 4 12 4 12 5 1 19 6 14 5 1 19 6 14 4 8 2 4 2 8 2 4 2 8 4 14 6 19, zy
1014: 1 5 12 2 2 2 8 2 4 2 6 2 8 4 14 6 19 1 5 12 4 12 4 12 5 1 19 6 14 4 8 2 6 2 4 2 8 2 2 2 12 5 1 19 6 14 4 10 4 12 4 12 4 10 4 14 6 19, zy
1015: 1 5 12 2 2 2 10 4 10 2 4 2 6 2 6 2 6 4 17 1 5 12 4 12 5 1 17 4 6 2 6 2 6 2 4 2 10 4 10 2 2 2 12 5 1 19 6 16 6 18 6 16 6 18 6 16 6 19, zy
1016: 1 5 12 2 2 2 10 4 14 4 10 4 14 5 1 20 1 5 16 6 18 4 6 2 8 4 16 6 19 1 5 14 5 1 20 1 5 14 4 12 4 10 2 4 2 8 4 16 6 18 4 6 2 8 4 16 6 19, zy
1017: 1 5 12 2 2 2 10 4 14 5 1 20 1 5 14 4 10 4 14 4 10 2 4 2 6 2 6 2 8 4 15 1 6 1 20 1 5 14 4 10 2 4 2 6 2 8 4 16 6 18 4 6 2 8 4 16 6 19, zy
1018: 1 5 12 2 2 2 10 4 14 6 20 6 17 1 6 1 17 6 20 6 14 4 10 2 2 2 12 5 1 19 6 16 4 8 2 4 2 8 2 4 2 10 4 12 4 10 2 4 2 8 2 4 2 8 4 16 6 19, zy
1019: 1 5 12 4 12 2 2 2 10 4 12 4 12 4 12 4 12 4 12 4 12 4 12 4 12 4 10 2 2 2 12 4 12 5 1 19 6 16 6 20 6 16 6 20 7 1 14 1 7 20 6 16 6 20 6 16 6 19, zy
1020: 1 5 12 4 12 4 10 4 14 4 8 4 16 6 17 1 6 1 17 6 16 4 8 4 14 4 10 4 12 4 12 5 1 19 6 14 4 8 2 6 4 16 6 18 6 16 6 18 6 16 4 6 2 8 4 14 6 19, zy
1021: 1 5 12 4 12 4 12 4 12 4 12 4 12 4 12 4 12 4 12 4 12 4 12 4 12 5 1 17 4 6 2 8 2 4 2 8 4 16 6 20 7 1 14 1 7 20 6 16 4 8 2 4 2 8 2 6 4 17, zy
1022: 1 5 12 4 12 4 12 4 12 4 12 4 12 5 1 17 4 6 2 8 4 16 6 18 6 19 1 5 14 4 10 4 15 1 6 1 18 1 6 1 15 4 10 4 14 5 1 19 6 18 6 16 4 8 2 6 4 17, zy
1023: 1 5 12 4 12 4 12 4 12 4 12 4 12 5 1 17 4 8 4 16 6 20 6 14 4 12 4 12 5 1 19 6 16 6 20 6 16 6 20 6 16 6 19 1 5 12 4 12 4 14 6 20 6 16 4 8 4 17, zy
1024: 1 5 12 4 12 4 14 6 20 6 17 1 6 1 17 6 20 6 14 4 12 4 12 5 1 17 4 8 4 16 4 6 2 8 2 4 2 8 2 4 2 8 2 4 2 8 2 4 2 8 2 6 4 16 4 8 4 17, zy
1025: 1 5 12 4 12 5 1 18 1 6 1 15 4 8 4 16 6 16 5 1 20 1 5 14 5 1 19 6 16 6 16 4 8 4 16 6 16 6 19 1 5 14 5 1 20 1 5 16 6 16 4 8 4 15 1 6 1 18, zy
1026: 1 5 12 4 14 4 8 2 4 2 10 4 12 4 12 4 12 4 12 4 12 4 10 4 16 6 18 6 19 1 5 14 4 10 4 14 4 10 4 14 4 8 2 6 2 4 2 10 4 12 4 14 6 20 6 16 6 19, zy
1027: 1 5 12 4 14 4 8 2 6 2 6 2 6 2 6 2 6 2 6 2 6 2 6 2 6 2 8 4 15 1 6 1 20 1 5 14 4 12 4 10 2 4 2 8 4 16 4 8 4 16 4 8 4 17 1 6 1 18, zy
1028: 1 5 12 4 14 4 10 4 14 5 1 19 6 18 6 18 6 19 1 5 14 4 10 4 14 4 10 2 4 2 6 2 8 4 15 1 6 1 20 1 5 14 4 10 4 15 1 7 21 1 5 14 4 10 4 16 6 19, zy
1029: 1 5 12 4 14 4 12 4 10 2 4 2 8 2 4 2 10 4 14 5 1 20 1 5 15 1 6 1 21 7 1 15 5 1 20 1 5 14 4 10 2 4 2 8 2 4 2 10 4 12 2 2 2 10 4 16 6 19, zy
1030: 1 5 12 4 14 5 1 21 7 1 15 4 8 2 6 4 17 1 6 1 18 1 6 1 17 4 6 2 8 4 15 1 7 21 1 5 14 4 12 5 1 19 6 16 4 8 4 17 1 6 1 17 4 8 4 16 6 19, zy
1031: 1 5 12 4 14 6 18 6 17 1 6 1 16 1 6 1 18 1 6 1 16 1 6 1 17 6 18 6 14 4 12 5 1 19 6 16 6 17 1 6 1 17 6 17 1 6 1 17 6 17 1 6 1 17 6 16 6 19, zy
1032: 1 5 12 4 14 6 18 6 17 1 6 1 17 6 17 1 6 1 17 6 17 1 6 1 17 6 18 6 14 4 12 5 1 19 6 15 1 6 1 19 6 16 6 18 6 16 6 18 6 16 6 19 1 6 1 15 6 19, zy
1033: 1 5 12 4 14 6 18 6 17 1 6 1 17 6 17 1 6 1 17 6 17 1 6 1 17 6 18 6 14 4 12 5 1 19 6 16 6 17 1 6 1 17 6 18 6 16 6 18 6 17 1 6 1 17 6 16 6 19, zy
1034: 1 5 12 4 14 6 20 6 16 6 18 6 19 1 5 14 4 10 4 14 4 10 4 12 4 12 4 12 4 12 4 10 4 14 4 10 4 14 5 1 19 6 18 6 16 6 20 6 14 4 12 5 1 19 6 16 6 19, zy
1035: 1 5 14 4 8 2 6 4 16 6 18 6 16 6 19 1 5 14 6 20 6 14 4 10 4 12 4 12 4 10 4 14 6 20 6 14 5 1 19 6 16 6 18 6 16 4 6 2 8 4 14 5 1 19 6 16 6 19, zy
1036: 1 5 14 4 10 2 4 2 6 2 6 4 18 6 17 1 6 1 17 6 18 4 6 2 6 2 4 2 10 4 14 5 1 19 6 18 6 16 4 8 2 4 2 8 2 4 2 8 2 4 2 8 4 16 6 18 6 19, zy
1037: 1 5 14 4 10 2 4 2 8 4 16 6 20 6 17 1 6 1 17 4 6 2 8 2 6 4 17 1 6 1 17 5 1 21 6 16 4 8 2 6 2 4 2 10 4 14 4 10 4 15 1 6 1 19 6 18 6 19, zy
1038: 1 5 14 4 12 4 12 4 12 4 12 4 12 4 12 4 14 5 1 21 6 14 4 10 2 4 2 8 4 16 5 1 21 6 16 5 1 21 6 16 6 20 6 16 5 1 21 6 15 1 7 21 1 5 15 1 7 21, zy
1039: 1 5 14 4 12 4 12 4 12 4 12 4 14 5 1 19 4 6 2 6 2 6 2 8 4 16 6 21 1 5 17 1 6 1 17 6 20 6 17 1 6 1 17 5 1 21 6 16 4 8 2 6 2 6 2 6 4 19, zy
1040: 1 5 14 4 12 4 12 4 12 4 12 4 14 6 21 1 5 16 6 20 6 16 5 1 21 6 14 4 12 4 12 4 12 4 12 4 14 5 1 21 6 14 4 12 4 12 4 12 4 12 4 12 4 12 4 14 6 21, zy
1041: 1 5 14 5 1 19 6 14 4 10 2 2 2 10 4 12 4 10 2 2 2 10 4 14 6 19 1 5 14 5 1 20 1 5 16 6 17 1 6 1 17 6 17 1 6 1 17 6 17 1 6 1 17 6 16 5 1 20, zy
1042: 1 5 17 1 6 1 17 4 8 4 17 1 6 1 17 4 8 4 17 1 6 1 17 4 8 4 17 1 6 1 17 5 1 21 6 17 1 6 1 17 4 8 4 17 1 6 1 17 4 8 4 17 1 6 1 17 6 21, zy
1043: 1 7 20 6 14 4 8 2 6 4 16 6 18 6 15 1 7 20 7 1 15 6 18 6 16 4 6 2 8 4 14 6 20 7 1 15 6 18 6 18 6 14 4 10 4 12 4 12 4 10 4 14 6 18 6 18 6 15, zy
1044: 1 5 10 2 4 2 8 2 4 2 8 4 16 6 19 1 5 14 5 1 19 6 16 4 8 2 4 2 8 2 4 2 10 5 1 17 6 18 4 6 2 6 2 6 2 6 2 6 2 6 2 6 2 6 2 6 4 18 6 17, zy
1045: 1 5 10 2 4 2 8 4 16 6 18 4 6 2 6 2 6 4 18 6 16 4 8 2 4 2 10 5 1 17 6 18 4 6 2 6 2 4 2 10 4 14 5 1 20 1 5 14 4 10 2 4 2 6 2 6 4 18 6 17, zy
1046: 1 5 12 2 2 2 8 2 4 2 8 4 14 4 8 2 4 2 8 2 2 2 12 5 1 19 6 14 4 10 2 2 2 10 4 12 5 1 17 4 6 2 6 2 6 4 17 1 5 12 4 10 2 2 2 10 4 14 6 19, zy
1047: 1 5 12 2 2 2 8 2 4 2 8 4 14 4 8 2 4 2 8 2 2 2 12 5 1 19 6 14 4 10 4 12 4 12 4 12 5 1 19 6 14 4 10 4 14 6 19 1 5 12 4 12 4 12 4 10 4 14 6 19, zy
1048: 1 5 12 2 2 2 10 2 2 2 10 2 2 2 10 4 14 4 10 4 14 4 10 2 2 2 10 2 2 2 10 2 2 2 12 5 1 19 6 18 6 16 4 10 4 14 5 1 20 1 5 14 4 10 4 16 6 18 6 19, zy
1049: 1 5 12 2 2 2 10 4 12 2 2 2 8 2 4 2 8 2 4 2 8 2 2 2 12 4 10 2 2 2 12 5 1 19 6 16 6 20 6 14 4 12 5 1 19 6 16 6 19 1 5 12 4 14 6 20 6 16 6 19, zy
1050: 1 5 12 2 2 2 10 4 12 2 2 2 10 4 12 4 12 4 12 4 12 4 12 4 10 4 16 6 18 6 19 1 5 14 4 10 4 14 4 10 4 14 4 8 2 6 2 4 2 10 4 12 4 14 6 20 6 16 6 19, zy
1051: 1 5 12 2 2 2 10 4 12 4 10 4 14 4 10 4 12 4 10 2 2 2 12 5 1 19 6 16 6 18 6 18 6 14 4 12 5 1 19 6 16 6 18 6 16 6 19 1 5 12 4 14 6 18 6 18 6 16 6 19, zy
1052: 1 5 12 2 2 2 10 4 12 4 12 4 12 4 10 2 2 2 12 5 1 18 1 6 1 17 6 18 6 18 6 16 5 1 20 1 6 1 15 6 20 6 15 1 6 1 20 1 5 16 6 18 6 18 6 17 1 6 1 18, zy
1053: 1 5 12 2 2 2 10 4 14 4 8 2 6 2 6 2 6 2 4 2 10 4 14 4 10 4 14 5 1 20 1 5 15 1 6 1 20 1 5 14 4 12 4 10 2 4 2 8 4 16 6 18 4 6 2 8 4 16 6 19, zy
1054: 1 5 12 2 2 2 10 4 14 4 10 4 14 4 10 4 14 4 10 4 14 4 10 2 2 2 12 5 1 19 6 16 4 8 2 6 2 4 2 10 4 14 5 1 20 1 5 14 4 10 2 4 2 6 2 8 4 16 6 19, zy
1055: 1 5 12 2 2 2 10 4 14 4 10 4 14 4 10 4 14 4 10 4 14 4 10 2 2 2 12 5 1 19 6 18 6 18 6 16 4 10 4 14 5 1 19 6 18 6 19 1 5 14 4 10 4 16 6 18 6 18 6 19, zy
1056: 1 5 12 2 2 2 10 4 14 4 10 4 14 6 21 1 5 16 5 1 21 6 14 4 10 4 14 4 10 2 2 2 12 5 1 19 6 16 4 8 2 4 2 10 4 12 4 12 4 12 4 10 2 4 2 8 4 16 6 19, zy
1057: 1 5 12 2 2 2 10 4 14 6 20 6 16 4 8 2 4 2 8 4 16 6 20 6 14 4 10 2 2 2 12 5 1 19 6 16 6 20 6 14 4 12 4 12 5 1 18 1 5 12 4 12 4 14 6 20 6 16 6 19, zy
1058: 1 5 12 2 2 2 10 4 15 1 6 1 19 6 18 6 18 6 19 1 6 1 15 4 10 4 16 6 18 4 8 4 16 5 1 21 6 16 6 20 6 18 6 17 1 6 1 19 6 16 4 10 4 14 4 10 4 16 6 19, zy
1059: 1 5 12 2 2 2 12 5 1 18 1 6 1 17 6 20 6 16 4 10 4 14 5 1 19 6 18 6 18 4 8 4 16 4 8 2 4 2 10 4 14 4 10 4 15 1 6 1 20 1 5 16 6 20 6 18 6 18 6 19, zy
1060: 1 5 12 2 2 2 12 5 1 19 6 18 6 18 6 20 6 16 6 21 1 5 16 6 20 6 18 6 18 6 19 1 6 1 16 1 6 1 19 6 18 6 18 6 20 6 16 5 1 21 6 16 6 20 6 18 6 18 6 19, zy
1061: 1 5 12 4 10 2 2 2 10 4 14 6 18 6 16 6 19 1 5 14 6 20 6 14 5 1 19 6 16 6 18 6 14 4 10 2 2 2 10 4 12 5 1 17 6 18 6 16 6 18 6 16 6 18 6 16 6 18 6 17, zy
1062: 1 5 12 4 10 2 2 2 10 4 14 6 18 6 16 6 19 1 5 14 6 20 6 14 6 20 6 14 6 20 6 14 6 20 6 14 6 20 6 14 5 1 19 6 16 6 18 6 14 4 10 2 2 2 10 4 12 5 1 18, zy
1063: 1 5 12 4 10 2 2 2 10 4 14 6 18 6 17 1 5 12 4 10 4 14 4 8 4 16 6 16 4 8 4 14 4 10 4 12 5 1 17 6 18 6 14 4 10 2 2 2 10 4 12 5 1 17 4 6 2 6 4 17, zy
1064: 1 5 12 4 10 2 2 2 10 4 14 6 18 6 17 1 5 12 5 1 17 6 18 6 14 4 10 2 2 2 10 4 12 5 1 17 4 6 2 6 2 6 4 16 6 18 6 16 6 18 6 16 4 6 2 6 2 6 4 17, zy
1065: 1 5 12 4 10 2 4 2 8 4 16 6 19 1 6 1 16 1 6 1 19 6 16 4 8 2 4 2 10 4 12 5 1 17 4 6 2 8 4 16 6 18 6 19 1 5 14 5 1 19 6 18 6 16 4 8 2 6 4 17, zy
1066: 1 5 12 4 10 4 14 4 8 2 4 2 8 4 15 1 6 1 18 1 6 1 15 4 8 2 4 2 8 4 14 4 10 4 12 5 1 17 6 18 6 16 6 18 6 17 1 5 12 5 1 17 6 18 6 16 6 18 6 17, zy
1067: 1 5 12 4 10 4 14 6 17 1 6 1 17 6 16 6 17 1 6 1 17 6 14 4 10 4 12 5 1 19 6 12 2 2 2 8 4 14 6 18 6 15 1 7 20 7 1 15 6 18 6 14 4 8 2 2 2 12 6 19, zy
1068: 1 5 12 4 12 2 2 2 10 4 14 6 21 1 5 14 4 12 4 10 2 4 2 8 2 4 2 8 2 4 2 8 2 4 2 8 2 4 2 10 4 12 4 14 5 1 21 6 14 4 10 2 2 2 12 4 12 5 1 18, zy
1069: 1 5 12 4 12 4 10 2 2 2 10 4 14 6 19 1 5 14 6 20 6 14 5 1 19 6 14 4 10 2 2 2 10 4 12 4 12 5 1 19 6 14 4 8 2 6 2 4 2 8 2 4 2 6 2 8 4 14 6 19, zy
1070: 1 5 12 4 12 4 12 2 2 2 10 4 12 4 14 6 21 1 5 16 6 20 6 16 6 20 6 16 6 20 6 16 5 1 21 6 14 4 12 4 10 2 2 2 12 4 12 4 12 5 1 17 4 8 4 16 4 8 4 17, zy
1071: 1 5 12 4 12 4 12 2 2 2 10 4 14 6 21 1 5 14 4 10 2 4 2 8 4 16 6 20 6 16 4 8 2 4 2 10 4 14 5 1 21 6 14 4 10 2 2 2 12 4 12 4 12 5 1 17 4 8 4 17, zy
1072: 1 5 12 4 12 4 12 4 10 4 16 6 18 6 16 4 10 4 12 4 12 4 12 5 1 17 4 6 2 8 4 14 4 10 2 2 2 10 4 14 5 1 20 1 5 14 4 10 2 2 2 10 4 14 4 8 2 6 4 17, zy
1073: 1 5 12 4 12 4 12 4 12 4 14 6 20 6 16 6 20 6 14 4 12 4 12 4 12 4 12 5 1 17 4 8 4 16 6 20 6 14 4 12 4 12 5 1 18 1 5 12 4 12 4 14 6 20 6 16 4 8 4 17, zy
1074: 1 5 12 4 12 4 12 5 1 19 6 14 4 10 4 13 1 7 19 1 5 12 4 12 4 12 5 1 19 6 16 6 16 4 8 4 16 6 16 6 19 1 5 12 4 12 4 12 5 1 19 7 1 13 4 10 4 14 6 19, zy
1075: 1 5 12 4 12 4 14 5 1 20 1 5 14 4 10 4 15 1 6 1 19 6 16 4 8 2 6 4 17 1 6 1 17 6 19 1 5 14 4 10 4 14 4 10 4 15 1 6 1 19 6 16 6 20 6 16 4 8 4 17, zy
1076: 1 5 12 4 12 4 14 6 21 1 5 16 5 1 21 6 14 4 12 4 12 5 1 18 1 5 12 4 14 6 21 1 5 16 6 20 6 16 6 20 6 16 6 20 6 16 6 20 6 16 5 1 21 6 14 4 12 5 1 18, zy
1077: 1 5 12 4 13 1 7 20 7 1 13 4 12 4 10 4 12 4 13 1 7 20 7 1 13 4 12 4 10 4 12 4 13 1 7 20 7 1 13 4 12 5 1 18 1 6 1 17 6 16 4 8 4 16 6 17 1 6 1 18, zy
1078: 1 5 12 4 14 4 8 2 6 2 6 2 6 2 6 2 6 2 6 2 6 2 6 2 6 2 8 4 14 4 12 5 1 19 6 16 4 8 2 4 2 10 4 14 5 1 20 1 5 14 4 10 2 4 2 8 4 16 6 19, zy
1079: 1 5 12 4 14 4 10 4 14 4 10 4 14 4 10 4 14 4 12 5 1 19 6 18 6 16 4 10 4 14 4 10 4 14 5 1 19 6 18 6 18 6 18 6 19 1 5 14 4 10 4 14 4 10 4 16 6 18 6 19, zy
1080: 1 5 12 4 14 4 10 4 14 4 10 4 14 4 12 5 1 19 6 16 5 1 20 1 5 14 4 10 4 16 6 19 1 5 12 4 14 4 10 4 14 4 12 5 1 19 6 16 4 10 4 14 5 1 20 1 5 16 6 19, zy
1081: 1 5 12 4 14 4 10 4 14 4 12 5 1 18 1 6 1 17 6 20 6 16 5 1 21 6 15 1 7 21 1 5 15 1 6 1 20 1 6 1 15 5 1 21 7 1 15 6 21 1 5 16 6 20 6 17 1 6 1 18, zy
1082: 1 5 12 4 14 4 10 4 14 4 12 5 1 19 6 17 1 6 1 19 6 16 4 10 4 14 5 1 19 6 18 6 19 1 6 1 16 1 6 1 19 6 18 6 19 1 5 14 4 10 4 16 6 19 1 6 1 17 6 19, zy
1083: 1 5 12 4 14 4 10 4 16 6 19 1 5 14 5 1 20 1 5 15 1 6 1 20 1 6 1 15 5 1 20 1 5 14 5 1 19 6 16 4 10 4 14 4 12 5 1 19 6 16 4 10 4 14 4 10 4 16 6 19, zy
1084: 1 5 12 4 14 4 12 5 1 19 6 17 1 6 1 19 6 16 4 10 4 14 5 1 19 6 18 6 19 1 6 1 15 4 10 4 15 1 6 1 19 6 18 6 19 1 5 14 4 10 4 16 6 19 1 6 1 17 6 19, zy
1085: 1 5 12 4 14 6 19 1 6 1 16 1 6 1 18 1 5 12 4 14 6 20 6 14 4 12 5 1 18 1 6 1 16 1 6 1 19 6 14 4 12 5 1 18 1 6 1 16 1 6 1 18 1 6 1 16 1 6 1 18, zy
1086: 1 5 12 4 14 6 20 6 16 6 20 6 16 6 19 1 5 12 4 14 6 20 6 16 6 20 6 16 6 20 6 14 4 12 5 1 19 6 16 6 20 6 16 6 20 6 14 4 12 5 1 19 6 16 6 20 6 16 6 19, zy
1087: 1 5 14 4 8 2 6 4 16 6 18 6 15 1 7 20 7 1 15 6 18 6 16 4 6 2 8 4 14 5 1 19 6 16 4 6 2 6 2 6 2 6 2 4 2 8 2 4 2 6 2 6 2 6 2 6 4 16 6 19, zy
1088: 1 5 14 4 8 2 6 4 16 6 18 6 16 6 18 6 16 4 6 2 8 4 14 5 1 19 6 16 6 18 6 16 4 6 2 8 4 14 5 1 19 6 16 6 19 1 5 14 4 8 2 6 4 16 6 18 6 16 6 19, zy
1089: 1 5 14 4 10 2 2 2 12 4 12 4 12 2 2 2 10 4 14 5 1 19 6 18 4 6 2 8 4 16 5 1 21 6 16 5 1 21 7 1 14 1 7 21 1 5 16 6 21 1 5 16 4 8 2 6 4 18 6 19, zy
1090: 1 5 14 4 10 2 4 2 6 2 8 4 16 6 20 6 15 1 7 20 6 18 6 16 4 10 4 14 4 10 4 14 4 10 4 16 6 18 6 20 7 1 15 6 20 6 16 4 8 2 6 2 4 2 10 4 14 5 1 20, zy
1091: 1 5 14 4 10 4 12 2 2 2 8 2 6 4 16 6 19 1 5 14 5 1 19 6 16 4 6 2 8 2 2 2 12 4 10 4 14 5 1 19 6 16 4 8 4 16 6 18 4 6 4 18 6 16 4 8 4 16 6 19, zy
1092: 1 5 14 4 10 4 12 4 10 4 14 5 1 20 1 5 14 5 1 19 6 16 6 18 6 15 1 7 19 1 6 1 16 1 6 1 18 1 6 1 16 1 6 1 19 7 1 15 6 18 6 16 6 19 1 5 14 5 1 20, zy
1093: 1 5 14 4 10 4 12 4 12 4 10 4 12 2 2 2 8 2 2 2 12 4 10 4 12 4 12 4 10 4 14 5 1 19 6 16 4 6 2 8 4 14 6 20 7 1 14 1 7 20 6 14 4 8 2 6 4 16 6 19, zy
1094: 1 5 14 4 10 4 14 4 10 4 14 4 10 4 14 4 10 4 14 5 1 20 1 6 1 15 4 8 2 6 4 18 6 16 5 1 20 1 6 1 16 1 6 1 20 1 5 16 6 18 4 6 2 8 4 15 1 6 1 20, zy
1095: 1 5 14 4 10 4 14 6 20 6 15 1 6 1 20 1 5 16 6 18 4 6 2 6 4 18 6 16 5 1 20 1 6 1 15 6 20 6 14 4 10 4 14 5 1 19 6 17 1 6 1 17 6 17 1 6 1 17 6 19, zy
1096: 1 5 14 4 10 4 15 1 6 1 18 1 6 1 17 6 18 6 17 1 6 1 18 1 6 1 15 4 10 4 14 5 1 19 6 18 6 17 1 6 1 17 6 19 1 5 14 5 1 19 6 17 1 6 1 17 6 18 6 19, zy
1097: 1 5 14 4 10 4 16 4 8 4 17 1 6 1 17 5 1 21 6 16 4 10 4 14 5 1 19 6 18 6 18 4 8 4 16 5 1 21 6 14 4 14 6 21 1 5 16 6 21 1 5 16 4 8 2 6 4 18 6 19, zy
1098: 1 5 14 4 10 4 16 6 19 1 5 14 5 1 20 1 5 14 4 10 4 16 6 19 1 5 14 5 1 20 1 5 14 5 1 19 6 16 4 10 4 14 5 1 20 1 5 14 5 1 19 6 16 4 10 4 14 5 1 20, zy
1099: 1 5 14 4 10 4 16 6 20 6 16 5 1 21 7 1 15 6 21 1 5 16 5 1 21 6 15 1 7 21 1 5 16 6 20 6 16 4 10 4 14 5 1 19 6 18 6 18 6 20 6 16 6 20 6 18 6 18 6 19, zy
1100: 1 5 14 4 10 4 16 6 20 6 17 1 6 1 17 6 20 6 16 4 10 4 14 5 1 19 6 18 4 6 2 6 2 8 4 16 6 21 1 5 17 1 6 1 17 5 1 21 6 16 4 8 2 6 2 6 4 18 6 19, zy
1101: 1 5 14 4 12 4 10 2 4 2 10 4 12 4 14 5 1 19 4 6 2 6 2 6 2 8 4 16 6 21 1 5 17 1 6 1 17 6 20 6 17 1 6 1 17 5 1 21 6 16 4 8 2 6 2 6 2 6 4 19, zy
1102: 1 5 14 4 12 4 10 2 4 2 10 4 12 4 14 6 21 1 5 14 4 12 4 14 6 20 6 18 6 18 6 18 6 20 6 14 4 12 4 14 5 1 21 6 14 4 12 4 10 2 4 2 10 4 12 4 14 5 1 20, zy
1103: 1 5 14 5 1 19 6 16 6 16 4 8 4 16 6 16 6 19 1 5 14 5 1 20 1 5 16 6 17 1 6 1 17 6 16 6 19 1 5 14 6 20 6 14 5 1 19 6 16 6 17 1 6 1 17 6 16 5 1 20, zy
1104: 1 5 14 5 1 19 6 18 6 17 1 6 1 19 6 16 5 1 20 1 6 1 15 4 8 2 6 2 6 4 18 6 18 6 18 4 6 2 6 2 8 4 15 1 6 1 20 1 5 16 6 19 1 6 1 17 6 18 6 19, zy
1105: 1 5 14 5 1 19 6 18 6 17 1 6 1 19 6 16 5 1 21 6 14 4 10 2 4 2 8 4 15 1 6 1 20 1 6 1 15 4 8 2 4 2 10 4 14 6 21 1 5 16 6 19 1 6 1 17 6 18 6 19, zy
1106: 1 5 14 5 1 19 6 18 6 18 6 20 6 16 5 1 21 6 14 4 12 2 2 2 8 2 6 2 4 2 10 4 14 4 10 2 4 2 6 2 8 2 2 2 12 4 14 6 21 1 5 16 6 20 6 18 6 18 6 19, zy
1107: 1 5 14 6 19 1 6 1 15 4 8 4 16 6 16 4 8 4 15 1 6 1 19 6 14 5 1 19 6 14 4 10 4 12 4 12 4 10 4 13 1 7 18 6 18 7 1 13 4 10 4 12 4 12 4 10 4 14 6 19, zy
1108: 1 5 16 4 8 2 4 2 10 4 12 4 12 4 14 6 21 1 5 16 5 1 21 6 14 4 12 4 12 4 10 2 4 2 8 4 16 5 1 21 6 16 6 20 6 14 4 12 4 12 4 12 4 14 6 20 6 16 6 21, zy
1109: 1 5 16 5 1 21 6 14 4 12 4 12 4 12 4 14 6 21 1 5 16 6 20 6 17 1 6 1 17 6 20 6 16 6 20 6 17 1 6 1 17 6 20 6 16 5 1 21 6 14 4 12 4 12 4 12 4 14 6 21, zy
1110: 1 5 16 6 20 6 16 6 20 6 16 6 20 6 16 6 20 6 16 6 20 6 16 5 1 21 6 14 4 12 4 10 2 4 2 8 4 16 6 20 7 1 14 1 7 20 6 16 4 8 2 4 2 10 4 12 4 14 6 21, zy
1111: 1 6 1 17 4 6 2 8 4 16 6 20 7 1 15 6 20 6 15 1 7 20 6 16 4 8 2 6 4 17 1 6 1 17 6 20 7 1 15 6 20 6 16 6 20 6 16 6 20 6 16 6 20 6 15 1 7 20 6 17, zy
1112: 1 6 1 17 4 6 2 8 4 16 6 20 7 1 15 6 20 6 16 6 20 6 15 1 7 20 6 16 4 8 2 6 4 17 1 6 1 17 6 20 7 1 15 6 20 6 16 6 20 6 16 6 20 6 15 1 7 20 6 17, zy
1113: 1 5 10 2 4 2 8 2 4 2 8 4 15 1 6 1 19 6 16 4 8 4 16 6 19 1 6 1 15 4 8 2 4 2 8 2 4 2 10 5 1 17 6 18 6 18 6 18 6 17 1 6 1 17 6 18 6 18 6 18 6 17, zy
1114: 1 5 12 2 4 2 6 2 6 2 8 4 16 6 20 6 16 4 8 2 6 2 6 2 4 2 12 5 1 19 6 18 6 18 6 18 4 8 4 16 5 1 21 6 14 4 14 6 21 1 5 16 4 8 4 18 6 18 6 18 6 19, zy
1115: 1 5 12 4 10 4 14 4 8 4 16 6 17 1 6 1 17 6 16 4 8 4 14 4 10 4 12 5 1 17 4 6 2 6 2 4 2 10 4 10 4 14 4 8 2 4 2 8 4 14 4 10 4 10 2 4 2 6 2 6 4 17, zy
1116: 1 5 12 4 12 4 12 2 2 2 8 2 6 4 17 1 6 1 17 4 6 2 8 2 2 2 12 4 12 4 12 5 1 17 4 8 4 16 4 6 2 8 2 4 2 8 2 4 2 8 2 4 2 8 2 6 4 16 4 8 4 17, zy
1117: 1 5 12 4 12 4 12 2 2 2 10 4 12 4 14 6 21 1 5 16 6 20 6 14 4 12 4 12 4 12 4 12 4 14 6 20 6 16 5 1 21 6 14 4 12 4 10 2 2 2 12 4 12 4 12 5 1 17 4 8 4 17, zy
1118: 1 5 12 4 12 4 12 4 12 2 2 2 8 2 6 4 17 1 6 1 17 4 6 2 8 2 2 2 12 4 12 4 12 4 12 5 1 17 4 8 4 16 4 8 4 16 4 8 4 16 4 8 4 16 4 8 4 16 4 8 4 17, zy
1119: 1 5 12 4 12 4 12 4 14 6 20 6 17 1 6 1 17 6 20 6 14 4 12 4 12 4 12 5 1 17 4 6 2 8 2 4 2 8 4 16 4 8 4 16 4 8 4 16 4 8 4 16 4 8 2 4 2 8 2 6 4 17, zy
1120: 1 5 12 4 12 4 14 5 1 21 6 14 4 12 5 1 18 1 6 1 17 4 8 4 16 4 8 4 17 1 6 1 18 1 5 12 4 14 6 21 1 5 14 4 12 4 12 5 1 17 4 8 4 17 1 6 1 17 4 8 4 17, zy
1121: 1 5 12 4 12 5 1 17 4 6 2 6 2 4 2 8 2 4 2 8 4 14 5 1 19 6 16 6 17 1 6 1 17 6 16 6 19 1 5 14 4 8 2 4 2 8 2 4 2 6 2 6 4 17 1 5 12 4 12 5 1 18, zy
1122: 1 5 12 4 12 5 1 18 1 6 1 15 4 8 2 4 2 8 4 14 5 1 19 6 16 6 18 6 15 1 7 20 7 1 14 1 7 20 7 1 15 6 18 6 16 6 19 1 5 14 4 8 2 4 2 8 4 15 1 6 1 18, zy
1123: 1 5 12 4 13 1 7 19 1 6 1 15 4 10 4 12 4 10 4 15 1 6 1 19 7 1 13 4 12 5 1 19 6 14 4 12 5 1 19 6 16 6 18 6 17 1 6 1 17 6 18 6 16 6 19 1 5 12 4 14 6 19, zy
1124: 1 5 12 4 13 1 7 20 7 1 15 6 18 6 16 6 18 6 16 6 18 6 16 6 18 6 15 1 7 20 7 1 13 4 12 5 1 19 6 14 4 8 2 6 4 16 6 17 1 6 1 17 6 16 4 6 2 8 4 14 6 19, zy
1125: 1 5 12 4 14 4 8 2 4 2 10 4 14 6 20 6 17 1 6 1 17 6 20 6 14 4 10 2 4 2 8 4 14 4 12 5 1 19 6 16 6 20 6 16 4 8 4 16 4 8 4 16 4 8 4 16 6 20 6 16 6 19, zy
1126: 1 5 12 4 14 4 10 4 14 4 10 2 2 2 12 4 12 4 12 4 12 4 14 6 21 1 5 14 4 12 4 12 4 12 2 2 2 10 4 14 5 1 20 1 5 14 4 12 4 10 2 4 2 8 2 6 4 17 1 6 1 18, zy
1127: 1 5 14 4 10 2 4 2 6 2 6 2 6 4 18 6 17 1 6 1 17 6 18 4 6 2 6 2 6 2 4 2 10 4 14 5 1 19 6 18 6 16 4 8 2 4 2 10 4 12 4 10 2 4 2 8 4 16 6 18 6 19, zy
1128: 1 5 14 4 10 2 4 2 8 4 16 5 1 21 6 16 6 21 1 5 16 4 8 2 4 2 10 4 14 5 1 20 1 5 15 1 6 1 20 1 5 14 4 12 4 12 4 12 4 12 4 14 5 1 20 1 6 1 15 5 1 20, zy
1129: 1 5 14 4 10 4 14 5 1 19 6 17 1 6 1 17 6 19 1 5 14 4 10 4 14 5 1 19 6 18 6 16 5 1 20 1 5 14 5 1 19 6 16 6 20 6 16 6 19 1 5 14 5 1 20 1 5 16 6 18 6 19, zy
1130: 1 5 14 4 12 4 10 2 4 2 8 2 4 2 10 4 12 4 14 5 1 19 4 6 2 6 2 8 4 16 6 20 6 16 5 1 21 6 14 4 12 4 12 4 14 6 21 1 5 16 6 20 6 16 4 8 2 6 2 6 4 19, zy
1131: 1 5 14 4 12 4 12 4 12 4 12 4 14 5 1 19 4 6 2 6 2 6 2 8 4 16 6 21 1 5 17 1 6 1 17 4 6 2 8 2 6 4 17 1 6 1 17 5 1 21 6 16 4 8 2 6 2 6 2 6 4 19, zy
1132: 1 5 15 1 6 1 19 6 16 6 18 6 18 6 17 1 6 1 17 6 18 6 18 6 16 6 19 1 6 1 15 5 1 19 6 18 6 16 6 19 1 6 1 15 4 8 4 16 4 8 4 15 1 6 1 19 6 16 6 18 6 19, zy
1133: 1 5 16 4 8 4 16 6 18 6 18 6 18 6 17 1 6 1 17 6 18 6 18 6 18 6 16 4 8 4 16 5 1 21 6 14 4 10 4 14 4 10 4 14 6 20 6 16 6 20 6 14 4 10 4 14 4 10 4 14 6 21, zy
1134: 1 5 16 5 1 21 6 16 6 19 1 6 1 17 6 20 7 1 15 6 20 6 17 1 6 1 17 4 8 4 16 4 8 2 4 2 8 2 4 2 10 4 12 4 12 4 14 6 21 1 5 16 6 20 6 16 6 20 6 16 6 21, zy
1135: 1 5 16 6 20 6 16 6 20 6 14 4 12 4 12 4 14 6 20 6 16 6 20 6 16 5 1 21 6 14 4 12 4 10 2 4 2 8 4 16 6 20 7 1 14 1 7 20 6 16 4 8 2 4 2 10 4 12 4 14 6 21, zy
1136: 1 6 1 15 4 8 2 4 2 8 4 15 1 6 1 19 6 14 4 10 4 14 6 20 7 1 15 6 18 6 18 6 16 6 18 6 17 1 6 1 17 6 18 6 16 6 18 6 18 6 15 1 7 20 6 14 4 10 4 14 6 19, zy
1137: 1 6 1 17 6 16 4 6 2 8 4 14 6 20 7 1 15 6 18 6 16 4 6 2 6 2 6 2 6 2 4 2 8 2 4 2 6 2 6 2 6 2 6 4 16 6 18 6 15 1 7 20 6 14 4 8 2 6 4 16 6 17, zy
1138: 1 6 1 17 6 20 7 1 14 1 7 20 6 17 1 6 1 17 6 20 7 1 14 1 7 20 6 17 1 6 1 17 6 20 7 1 15 6 20 6 16 6 20 6 16 6 20 6 16 6 20 6 16 6 20 6 15 1 7 20 6 17, zy
1139: 1 5 10 2 4 2 6 2 6 2 4 2 10 5 1 17 6 18 6 14 4 10 4 14 6 19 1 5 14 6 19 1 6 1 15 4 8 4 16 6 16 4 8 4 15 1 6 1 19 6 14 5 1 19 6 14 4 10 4 14 6 18 6 17, zy
1140: 1 5 10 2 4 2 6 2 6 2 6 4 16 6 18 6 16 6 18 6 16 4 6 2 6 2 6 2 4 2 10 5 1 17 6 18 6 14 4 10 2 2 2 10 4 12 5 1 18 1 5 12 4 10 2 2 2 10 4 14 6 18 6 17, zy
1141: 1 5 10 2 4 2 6 2 8 4 12 4 12 4 10 4 14 6 19 1 5 12 4 12 4 12 5 1 19 6 14 4 10 4 12 4 12 4 8 2 6 2 4 2 10 5 1 17 6 18 6 16 6 18 6 16 6 18 6 16 6 18 6 17, zy
1142: 1 5 10 2 4 2 8 2 4 2 8 4 16 6 19 1 6 1 16 1 6 1 19 6 16 4 8 2 4 2 8 2 4 2 10 5 1 17 4 6 2 8 4 16 6 18 6 19 1 5 14 5 1 19 6 18 6 16 4 8 2 6 4 17, zy
1143: 1 5 12 2 2 2 8 2 4 2 6 2 8 4 14 6 19 1 5 12 4 12 4 12 5 1 19 6 14 4 8 2 6 2 4 2 8 2 2 2 12 5 1 19 6 14 4 8 2 6 2 4 2 8 2 4 2 6 2 8 4 14 6 19, zy
1144: 1 5 12 2 2 2 8 2 6 4 16 6 18 6 16 6 19 1 5 14 6 20 6 14 4 10 4 14 6 20 6 14 5 1 19 6 16 6 18 6 16 4 6 2 8 2 2 2 12 5 1 19 6 14 4 10 2 2 2 10 4 14 6 19, zy
1145: 1 5 12 2 2 2 8 4 16 6 16 6 19 1 5 14 5 1 19 6 16 6 16 4 8 2 2 2 12 5 1 19 6 14 5 1 19 7 1 13 4 10 4 12 4 12 4 10 4 12 4 12 4 10 4 13 1 7 19 1 5 14 6 19, zy
1146: 1 5 12 2 2 2 10 2 2 2 10 2 2 2 12 5 1 19 6 18 6 17 1 6 1 19 6 16 5 1 20 1 6 1 15 4 10 4 14 4 10 4 14 4 10 4 15 1 6 1 20 1 5 16 6 19 1 6 1 17 6 18 6 19, zy
1147: 1 5 12 2 2 2 10 2 2 2 10 2 2 2 12 5 1 19 6 18 6 18 6 18 6 18 6 20 7 1 15 6 20 6 18 6 16 4 10 4 14 4 10 4 16 6 18 6 20 6 15 1 7 20 6 18 6 18 6 18 6 18 6 19, zy
1148: 1 5 12 2 2 2 10 2 2 2 10 2 4 2 6 2 8 4 16 6 19 1 6 1 17 6 18 4 8 4 16 6 21 1 5 16 4 8 2 6 2 4 2 10 4 14 4 10 4 16 6 18 4 8 4 16 4 8 4 17 1 6 1 18, zy
1149: 1 5 12 2 2 2 10 2 2 2 10 4 14 4 10 4 14 4 10 4 14 4 10 2 2 2 10 2 2 2 12 5 1 19 6 18 6 18 6 16 4 10 4 14 5 1 19 6 18 6 19 1 5 14 4 10 4 16 6 18 6 18 6 19, zy
1150: 1 5 12 2 2 2 10 2 2 2 12 5 1 19 6 17 1 6 1 19 6 16 4 10 4 14 5 1 19 6 18 6 19 1 6 1 15 4 10 4 15 1 6 1 19 6 18 6 19 1 5 14 4 10 4 16 6 19 1 6 1 17 6 19, zy
1151: 1 5 12 2 2 2 10 4 14 4 10 2 2 2 12 5 1 18 1 6 1 17 6 20 6 16 5 1 21 6 15 1 7 21 1 5 15 1 6 1 20 1 6 1 15 5 1 21 7 1 15 6 21 1 5 16 6 20 6 17 1 6 1 18, zy
1152: 1 5 12 2 2 2 10 4 14 4 10 4 14 4 10 4 14 4 10 2 2 2 12 5 1 19 6 18 6 16 4 10 4 14 4 10 4 14 5 1 19 6 18 6 18 6 18 6 19 1 5 14 4 10 4 14 4 10 4 16 6 18 6 19, zy
1153: 1 5 12 2 2 2 10 4 15 1 6 1 19 6 17 1 6 1 18 1 6 1 17 6 19 1 6 1 15 4 10 2 2 2 12 5 1 19 6 17 1 6 1 19 6 16 6 21 1 5 16 5 1 21 6 16 6 19 1 6 1 17 6 19, zy
1154: 1 5 12 2 2 2 10 4 15 1 6 1 19 6 18 6 18 6 18 6 19 1 6 1 15 4 10 2 2 2 12 5 1 18 1 6 1 17 4 6 2 8 2 4 2 8 2 4 2 10 4 12 4 14 4 10 4 14 4 10 4 16 6 19, zy
1155: 1 5 12 2 2 2 10 4 15 1 6 1 19 6 18 6 18 6 18 6 19 1 6 1 15 4 10 2 2 2 12 5 1 19 6 17 1 6 1 19 6 16 4 10 4 14 5 1 20 1 5 14 4 10 4 16 6 19 1 6 1 17 6 19, zy
1156: 1 5 12 4 10 2 2 2 10 4 14 6 18 6 16 6 19 1 5 14 6 20 6 14 6 20 6 14 6 20 6 14 6 20 6 14 5 1 19 6 16 6 18 6 14 4 10 2 2 2 10 4 12 5 1 17 4 6 2 6 2 6 4 17, zy
1157: 1 5 12 4 10 2 4 2 6 2 4 2 10 4 12 5 1 17 4 6 2 6 2 6 2 4 2 8 2 4 2 8 4 14 5 1 19 6 16 6 18 6 16 6 19 1 5 14 4 8 2 4 2 8 2 4 2 6 2 6 2 6 4 17, zy
1158: 1 5 12 4 10 4 14 4 8 2 4 2 8 4 14 4 10 4 12 5 1 17 4 6 2 6 2 6 2 4 2 8 2 4 2 8 4 14 5 1 19 6 16 6 19 1 5 14 4 8 2 4 2 8 2 4 2 6 2 6 2 6 4 17, zy
1159: 1 5 12 4 10 4 14 4 8 2 4 2 8 4 14 4 10 4 12 5 1 17 6 18 6 16 6 18 6 16 4 8 4 14 5 1 19 6 16 6 18 6 16 6 18 6 16 6 19 1 5 14 4 8 4 16 6 18 6 16 6 18 6 17, zy
1160: 1 5 12 4 10 4 14 4 8 4 16 6 18 6 15 1 7 20 7 1 15 6 18 6 16 4 8 4 14 4 10 4 12 5 1 17 6 18 6 16 4 6 2 6 2 6 2 6 4 16 4 6 2 6 2 6 2 6 4 16 6 18 6 17, zy
1161: 1 5 12 4 10 4 14 6 16 4 6 2 6 2 6 4 16 6 14 4 10 4 12 5 1 19 6 12 4 12 4 8 2 4 2 8 4 12 4 12 5 1 19 6 14 6 19 1 5 12 4 12 4 8 2 4 2 8 4 12 4 12 6 19, zy
1162: 1 5 12 4 12 2 2 2 10 4 14 5 1 20 1 5 15 1 6 1 20 1 5 14 4 12 4 12 4 12 4 12 4 12 4 14 5 1 20 1 6 1 15 5 1 20 1 5 14 4 10 2 2 2 12 4 12 5 1 17 4 8 4 17, zy
1163: 1 5 12 4 12 4 10 4 12 4 12 4 10 4 13 1 7 18 4 4 2 10 4 12 4 10 2 2 2 10 4 12 4 10 2 2 2 10 4 12 4 10 2 4 4 18 7 1 13 4 10 4 12 4 12 4 10 4 12 4 12 5 1 18, zy
1164: 1 5 12 4 12 4 10 4 14 5 1 20 1 5 14 4 10 4 12 4 12 5 1 19 6 14 5 1 19 6 14 4 10 4 13 1 7 18 6 18 6 16 6 18 6 16 6 18 6 18 7 1 13 4 10 4 14 6 19 1 5 14 6 19, zy
1165: 1 5 12 4 12 4 10 4 14 6 19 1 5 14 6 19 1 6 1 15 5 1 20 1 5 14 4 8 2 4 2 8 2 4 2 8 4 14 5 1 20 1 5 15 1 6 1 19 6 14 5 1 19 6 14 4 10 4 12 4 12 5 1 18, zy
1166: 1 5 12 4 12 4 12 4 8 2 6 4 16 4 6 2 6 2 6 4 16 4 6 2 8 4 12 4 12 4 12 5 1 19 6 14 4 10 4 14 6 18 6 18 7 1 13 4 10 4 13 1 7 18 6 18 6 14 4 10 4 14 6 19, zy
1167: 1 5 12 4 12 4 12 4 10 4 12 4 12 4 12 5 1 19 6 14 4 10 4 12 4 12 4 10 4 14 5 1 19 6 16 4 6 2 6 2 6 2 6 2 6 4 16 6 19 1 5 14 4 10 4 12 4 12 4 10 4 14 6 19, zy
1168: 1 5 12 4 12 4 12 4 12 4 12 4 12 4 12 4 12 4 12 4 12 4 12 4 12 4 12 4 12 4 12 5 1 17 4 8 4 16 6 20 6 14 4 12 4 12 5 1 18 1 5 12 4 12 4 14 6 20 6 16 4 8 4 17, zy
1169: 1 5 12 4 12 4 12 4 12 4 14 6 21 1 5 16 6 20 6 16 5 1 21 6 14 4 12 4 12 4 12 4 12 5 1 17 4 6 2 8 2 4 2 8 2 4 2 8 2 4 2 8 2 4 2 8 2 4 2 8 2 6 4 17, zy
1170: 1 5 12 4 12 4 12 4 12 5 1 18 1 5 12 4 14 6 20 6 15 1 6 1 20 1 5 16 6 18 6 18 6 18 6 17 1 6 1 17 6 18 6 18 6 18 6 16 5 1 20 1 6 1 15 6 20 6 14 4 12 5 1 18, zy
1171: 1 5 12 4 12 4 12 4 14 6 20 6 15 1 7 20 6 16 4 8 2 4 2 8 2 4 2 8 2 4 2 8 2 4 2 8 2 4 2 8 2 4 2 8 4 16 6 20 7 1 15 6 20 6 14 4 12 4 12 4 12 5 1 18, zy
1172: 1 5 12 4 12 4 12 5 1 17 6 19 1 6 1 15 4 10 4 14 4 10 4 14 5 1 19 6 18 6 18 6 17 1 6 1 18 1 6 1 17 6 18 6 18 6 19 1 5 14 4 10 4 14 4 10 4 15 1 6 1 19 6 17, zy
1173: 1 5 12 4 12 4 14 5 1 20 1 5 15 1 6 1 20 1 5 15 1 7 21 1 5 14 4 12 4 12 4 12 4 14 5 1 21 7 1 15 5 1 20 1 6 1 15 5 1 20 1 5 14 4 12 4 12 5 1 17 6 20 6 17, zy
1174: 1 5 12 4 12 4 14 6 21 1 5 16 6 20 6 16 5 1 21 6 14 4 12 5 1 18 1 5 12 4 14 6 21 1 5 16 6 20 6 16 5 1 21 6 14 4 12 4 12 5 1 17 4 8 4 16 4 8 4 16 4 8 4 17, zy
1175: 1 5 12 4 14 4 8 2 6 2 6 2 6 2 6 4 18 4 6 2 6 2 6 2 6 2 8 4 14 4 12 5 1 19 6 16 4 8 2 6 2 4 2 10 4 14 5 1 20 1 5 14 4 10 2 4 2 6 2 8 4 16 6 19, zy
1176: 1 5 12 4 14 4 8 2 8 4 14 4 12 5 1 18 1 6 1 17 6 18 6 20 6 16 5 1 20 1 6 1 15 4 8 2 6 2 6 2 6 2 6 2 8 4 15 1 6 1 20 1 5 16 6 20 6 18 6 17 1 6 1 18, zy
1177: 1 5 12 4 14 4 10 4 14 4 10 4 14 4 12 5 1 19 6 17 1 6 1 19 6 16 4 10 4 14 5 1 20 1 6 1 15 4 10 4 14 4 10 4 15 1 6 1 20 1 5 14 4 10 4 16 6 19 1 6 1 17 6 19, zy
1178: 1 5 12 4 14 4 10 4 16 6 20 6 17 1 6 1 18 1 6 1 17 6 19 1 5 12 4 15 1 6 1 19 6 18 6 19 1 5 14 4 10 4 16 6 21 1 5 16 4 10 4 14 4 10 4 16 6 20 6 17 1 6 1 18, zy
1179: 1 5 12 4 14 4 12 5 1 18 1 6 1 17 5 1 21 6 17 1 6 1 18 1 5 12 4 14 4 12 5 1 18 1 6 1 17 6 21 1 5 17 1 6 1 18 1 5 12 4 14 4 12 5 1 19 6 16 4 10 4 16 6 19, zy
1180: 1 5 12 4 14 5 1 20 1 5 14 4 10 4 14 4 10 4 14 5 1 20 1 5 14 4 12 5 1 19 6 16 6 20 6 14 4 12 5 1 18 1 6 1 17 6 18 6 17 1 6 1 18 1 5 12 4 14 6 20 6 16 6 19, zy
1181: 1 5 12 4 14 6 20 6 16 6 18 6 19 1 5 14 4 10 4 14 5 1 19 6 18 6 16 6 20 6 14 4 12 5 1 19 6 14 4 12 4 10 2 4 2 6 2 8 4 14 4 8 2 6 2 4 2 10 4 12 4 14 6 19, zy
1182: 1 5 12 5 1 17 4 6 2 8 4 16 6 20 7 1 15 6 20 6 16 5 1 21 6 15 1 7 20 6 17 1 6 1 18 1 6 1 17 6 20 7 1 15 6 21 1 5 16 6 20 6 15 1 7 20 6 16 4 8 2 6 4 17, zy
1183: 1 5 14 4 10 2 2 2 10 4 14 4 10 4 12 4 12 4 13 1 7 20 6 16 6 20 7 1 13 4 12 4 12 4 10 4 14 4 10 2 2 2 10 4 14 5 1 19 6 18 6 16 4 8 4 16 4 8 4 16 6 18 6 19, zy
1184: 1 5 14 4 10 2 4 2 8 4 16 5 1 21 6 16 6 21 1 5 16 4 8 2 4 2 10 4 14 5 1 20 1 5 15 1 6 1 20 1 5 14 4 12 4 10 2 4 2 10 4 12 4 14 5 1 20 1 6 1 15 5 1 20, zy
1185: 1 5 14 4 10 4 14 4 10 4 14 4 10 2 2 2 10 2 2 2 10 2 2 2 10 4 14 4 10 4 14 4 10 4 14 5 1 19 6 18 6 18 6 16 4 10 4 14 5 1 20 1 5 14 4 10 4 16 6 18 6 18 6 19, zy
1186: 1 5 14 4 10 4 14 4 10 4 14 4 10 4 14 6 21 1 5 16 4 6 2 8 2 4 2 8 4 16 6 19 1 5 14 5 1 19 6 16 5 1 20 1 5 14 4 10 4 14 4 10 4 14 5 1 19 6 18 6 16 5 1 20, zy
1187: 1 5 14 4 10 4 14 4 10 4 14 5 1 19 6 18 6 16 4 8 2 4 2 8 2 6 4 16 5 1 21 6 14 4 10 4 14 4 10 4 14 4 10 4 14 6 21 1 5 16 4 6 2 8 2 4 2 8 4 16 6 18 6 19, zy
1188: 1 5 14 4 10 4 16 6 18 6 19 1 6 1 16 1 6 1 19 6 18 6 16 4 10 4 14 6 21 1 5 14 4 12 4 10 2 4 2 8 4 16 6 19 1 6 1 17 6 18 6 18 4 6 2 6 2 8 4 15 1 6 1 20, zy
1189: 1 5 14 4 10 4 16 6 20 6 16 5 1 21 6 14 4 12 4 12 4 12 2 2 2 10 4 12 2 2 2 10 4 14 4 10 2 2 2 12 4 10 4 16 5 1 21 6 16 4 8 4 18 6 17 1 6 1 19 6 16 5 1 20, zy
1190: 1 5 14 4 10 4 16 6 20 6 16 6 21 1 5 16 4 8 2 4 2 10 4 12 2 2 2 10 4 14 4 10 2 2 2 12 4 10 2 4 2 8 4 16 5 1 21 6 16 6 20 6 16 4 10 4 14 5 1 19 6 18 6 19, zy
1191: 1 5 14 4 10 4 16 6 20 6 17 1 6 1 17 5 1 21 6 16 4 8 2 6 2 4 2 10 2 2 2 10 2 4 2 6 2 8 4 16 6 21 1 5 17 1 6 1 17 6 20 6 16 4 10 4 14 5 1 19 6 18 6 19, zy
1192: 1 5 14 4 10 4 16 6 20 6 17 1 6 1 18 1 6 1 17 6 20 6 16 5 1 21 7 1 15 6 21 1 5 16 5 1 21 6 16 5 1 21 6 16 6 20 6 18 6 18 6 19 1 6 1 16 1 6 1 19 6 18 6 19, zy
1193: 1 5 14 4 12 4 10 2 4 2 8 2 6 4 17 1 6 1 17 5 1 21 6 16 4 8 2 6 4 18 6 18 6 18 4 6 2 8 4 16 6 21 1 5 17 1 6 1 17 4 6 2 8 2 4 2 10 4 12 4 14 5 1 20, zy
1194: 1 5 14 4 12 4 10 2 4 2 10 4 12 4 14 5 1 20 1 5 15 1 6 1 20 1 5 14 4 12 4 12 4 14 6 21 1 5 14 4 12 4 14 5 1 21 6 14 4 12 4 12 4 14 5 1 20 1 6 1 15 5 1 20, zy
1195: 1 5 14 4 12 4 12 4 10 2 4 2 10 4 12 4 12 4 14 6 21 1 5 15 1 7 21 1 5 15 1 7 21 1 5 14 4 12 4 12 4 12 4 12 4 12 4 12 4 14 6 21 1 5 15 1 7 21 1 5 15 1 7 21, zy
1196: 1 5 14 4 12 4 12 4 12 4 12 4 14 6 21 1 5 16 6 20 6 16 5 1 21 6 14 4 12 4 12 4 12 4 12 4 14 5 1 21 6 14 4 12 4 10 2 4 2 8 2 4 2 8 2 4 2 10 4 12 4 14 6 21, zy
1197: 1 5 14 4 12 4 12 4 12 4 14 5 1 20 1 5 14 4 12 4 12 4 12 4 14 5 1 20 1 5 15 1 6 1 20 1 5 16 6 20 6 16 4 10 4 14 4 10 4 16 6 20 6 16 5 1 20 1 6 1 15 5 1 20, zy
1198: 1 5 14 4 12 4 12 4 14 5 1 21 7 1 15 5 1 21 6 14 4 12 4 12 4 12 4 14 6 21 1 5 15 1 7 21 1 5 14 4 12 4 12 4 14 5 1 21 7 1 15 6 21 1 5 16 5 1 21 6 15 1 7 21, zy
1199: 1 5 14 4 12 4 12 4 14 6 21 1 5 16 6 20 6 18 6 17 1 6 1 18 1 6 1 17 6 18 6 20 6 16 5 1 21 6 14 4 12 4 12 4 14 5 1 21 7 1 15 6 21 1 5 16 5 1 21 6 15 1 7 21, zy
1200: 1 5 14 5 1 19 6 16 5 1 20 1 5 14 5 1 19 6 16 6 20 6 16 6 19 1 5 14 5 1 20 1 5 16 6 19 1 5 14 5 1 19 6 17 1 6 1 17 6 18 6 19 1 5 15 1 6 1 19 6 16 5 1 20, zy
1201: 1 5 14 5 1 19 6 18 6 18 6 18 6 20 6 14 4 13 1 7 20 6 18 6 18 6 18 6 19 1 6 1 15 4 10 4 15 1 6 1 19 6 18 6 18 6 18 6 20 7 1 13 4 14 6 20 6 18 6 18 6 18 6 19, zy
1202: 1 5 14 5 1 19 6 18 6 18 6 18 6 20 6 16 5 1 21 6 14 4 12 4 12 2 2 2 10 4 12 4 14 4 10 4 14 4 12 4 10 2 2 2 12 4 12 4 14 6 21 1 5 16 6 20 6 18 6 18 6 18 6 19, zy
1203: 1 5 14 5 1 19 6 18 6 18 6 20 7 1 13 4 14 6 21 1 5 16 6 21 1 5 16 4 8 2 6 4 18 6 18 6 18 4 6 2 8 4 16 5 1 21 6 16 5 1 21 6 14 4 13 1 7 20 6 18 6 18 6 19, zy
1204: 1 5 14 6 19 1 6 1 15 4 8 2 2 2 12 4 10 4 12 4 12 4 10 4 12 2 2 2 8 4 15 1 6 1 19 6 14 5 1 19 6 14 4 10 4 14 6 18 6 17 1 6 1 17 6 18 6 14 4 10 4 14 6 19, zy
1205: 1 5 14 6 19 1 6 1 15 4 8 4 15 1 6 1 19 6 14 5 1 19 6 16 6 16 4 8 4 16 6 16 6 19 1 5 14 6 20 6 14 6 20 6 14 6 20 6 14 5 1 19 6 16 6 16 4 8 4 16 6 16 6 19, zy
1206: 1 5 14 6 19 1 6 1 16 1 6 1 17 6 18 6 16 6 18 6 17 1 6 1 16 1 6 1 19 6 14 5 1 19 6 15 1 6 1 19 6 16 6 18 6 15 1 7 20 7 1 15 6 18 6 16 6 19 1 6 1 15 6 19, zy
1207: 1 5 14 6 20 6 14 5 1 19 6 14 4 10 2 2 2 10 4 14 6 19 1 5 14 6 20 6 14 5 1 19 6 15 1 7 20 6 15 1 6 1 20 1 5 16 6 18 6 16 5 1 20 1 6 1 15 6 20 7 1 15 6 19, zy
1208: 1 5 16 4 8 4 16 4 8 2 4 2 10 4 12 4 14 6 21 1 5 16 6 20 6 16 6 20 6 16 5 1 21 6 14 4 12 4 10 2 4 2 8 4 16 4 8 4 16 5 1 21 6 16 6 20 6 16 6 20 6 16 6 21, zy
1209: 1 5 16 4 8 4 17 1 6 1 17 4 6 2 8 2 4 2 8 2 4 2 8 2 4 2 8 2 6 4 17 1 6 1 17 4 8 4 16 5 1 21 6 16 6 20 6 16 6 21 1 5 16 5 1 21 6 16 6 20 6 16 6 21, zy
1210: 1 5 16 5 1 21 6 16 6 20 6 16 6 20 6 16 5 1 21 6 14 4 12 4 10 2 4 2 8 4 16 4 8 4 16 4 8 4 16 4 8 2 4 2 10 4 12 4 14 6 21 1 5 16 6 20 6 16 6 20 6 16 6 21, zy
1211: 1 5 16 6 20 6 16 5 1 21 6 16 6 20 6 16 6 20 6 16 5 1 21 6 14 4 12 4 12 4 10 2 4 2 8 2 4 2 8 2 4 2 10 4 12 4 12 4 14 6 21 1 5 16 6 20 6 16 6 20 6 16 6 21, zy
1212: 1 5 16 6 20 6 16 6 20 6 16 6 20 6 16 5 1 21 6 14 4 12 4 10 2 4 2 8 4 16 6 20 7 1 13 4 12 4 12 4 12 4 12 4 12 4 13 1 7 20 6 16 4 8 2 4 2 10 4 12 4 14 6 21, zy
1213: 1 7 20 6 16 4 8 2 4 2 10 4 12 4 12 4 12 4 12 4 12 4 12 4 12 4 10 2 4 2 8 4 16 6 20 7 1 15 6 20 6 16 6 20 6 16 6 20 7 1 14 1 7 20 6 16 6 20 6 16 6 20 6 15, zy
1214: 1 7 20 6 16 4 8 2 4 2 10 4 12 4 12 4 12 4 13 1 7 20 6 16 6 20 6 16 6 20 7 1 13 4 12 4 12 4 12 4 10 2 4 2 8 4 16 6 20 7 1 15 6 20 6 16 6 20 6 16 6 20 6 15, zy
1215: 1 5 10 2 4 2 6 2 6 2 6 2 6 4 16 6 19 1 5 14 4 10 4 12 4 12 5 1 18 1 5 12 4 12 4 10 4 14 5 1 19 6 16 4 6 2 6 2 6 2 6 2 4 2 10 5 1 17 6 17 1 6 1 17 6 17, zy
1216: 1 5 12 2 2 2 10 4 10 2 2 2 12 5 1 19 6 16 6 18 6 14 4 12 5 1 19 6 14 4 10 4 13 1 7 19 1 5 12 4 12 4 12 5 1 19 7 1 13 4 10 4 14 6 19 1 5 12 4 14 6 18 6 16 6 19, zy
1217: 1 5 12 2 2 2 10 4 14 4 8 2 6 4 17 1 6 1 17 6 18 6 18 6 18 6 16 4 8 2 6 4 17 1 5 12 4 12 4 12 4 12 4 10 2 4 2 8 4 15 1 6 1 19 6 16 4 8 4 16 4 8 4 16 6 19, zy
1218: 1 5 12 2 2 2 10 4 14 4 10 4 14 4 10 4 15 1 6 1 20 1 5 14 4 12 4 10 2 4 2 8 4 16 6 20 6 16 6 21 1 5 16 4 8 2 4 2 10 4 12 4 14 6 21 1 5 16 6 19 1 6 1 17 6 19, zy
1219: 1 5 12 2 2 2 10 4 14 5 1 19 6 18 6 17 1 6 1 17 6 18 6 19 1 5 14 4 10 2 2 2 12 5 1 19 6 16 5 1 20 1 5 14 5 1 19 6 16 6 20 6 16 6 19 1 5 14 5 1 20 1 5 16 6 19, zy
1220: 1 5 12 2 4 2 6 2 8 2 6 4 18 4 6 2 10 4 12 2 4 2 6 2 8 2 4 2 10 4 14 4 12 4 14 4 10 4 17 1 6 1 17 5 1 21 6 18 6 20 6 18 6 20 6 18 6 20 6 18 4 8 4 18 6 19, zy
1221: 1 5 12 4 10 4 14 4 8 2 6 4 15 1 6 1 19 6 14 5 1 19 6 14 4 10 4 12 4 12 4 10 4 14 6 19 1 5 14 6 19 1 6 1 15 4 6 2 8 4 14 4 10 4 12 5 1 17 6 18 6 16 6 18 6 17, zy
1222: 1 5 12 4 12 2 2 2 10 4 12 4 12 2 2 2 8 2 6 4 17 1 5 12 4 12 5 1 17 4 6 2 8 2 2 2 12 4 12 4 10 2 2 2 12 4 12 5 1 19 6 16 6 20 6 16 6 20 6 16 6 20 6 16 6 19, zy
1223: 1 5 12 4 12 4 8 2 4 2 8 4 12 4 12 5 1 19 6 14 5 1 19 6 15 1 6 1 19 7 1 15 6 18 6 14 6 19 1 5 12 4 12 5 1 19 6 14 6 18 6 15 1 7 19 1 6 1 15 6 19 1 5 14 6 19, zy
1224: 1 5 12 4 12 4 12 4 10 2 2 2 10 4 14 6 19 1 5 14 6 20 6 14 5 1 19 6 14 4 10 2 2 2 10 4 12 4 12 4 12 5 1 19 6 14 4 10 2 2 2 10 4 12 4 12 4 10 2 2 2 10 4 14 6 19, zy
1225: 1 5 12 4 12 4 12 4 12 2 2 2 8 2 6 4 17 1 6 1 17 4 6 2 8 2 2 2 12 4 12 4 12 4 12 5 1 17 4 8 4 16 4 8 4 16 4 6 2 8 2 4 2 8 2 6 4 16 4 8 4 16 4 8 4 17, zy
1226: 1 5 12 4 14 4 8 2 6 2 6 2 6 2 6 2 6 2 6 2 6 2 6 2 6 2 6 2 8 4 15 1 6 1 20 1 5 14 4 12 4 10 2 4 2 8 2 4 2 8 4 16 4 8 2 4 2 8 2 6 4 17 1 6 1 18, zy
1227: 1 5 12 4 14 4 10 2 4 2 8 4 16 6 21 1 5 16 4 10 4 14 5 1 19 6 18 6 19 1 5 14 5 1 19 6 17 1 6 1 18 1 5 12 4 14 4 10 4 16 6 19 1 6 1 16 1 6 1 19 6 17 1 6 1 18, zy
1228: 1 5 12 4 14 4 10 4 14 4 12 4 10 2 4 2 8 4 17 1 5 12 4 14 5 1 19 6 19 1 5 14 4 12 4 12 4 12 4 12 4 14 6 21 1 5 14 4 12 4 14 6 21 1 5 16 4 8 4 18 6 17 1 6 1 18, zy
1229: 1 5 12 4 14 5 1 20 1 6 1 15 4 10 4 14 4 10 4 14 4 10 4 14 4 10 4 15 1 6 1 20 1 5 14 4 10 2 4 2 8 4 16 6 19 1 6 1 17 6 18 6 19 1 6 1 16 1 6 1 20 1 5 16 6 19, zy
1230: 1 5 14 4 10 2 4 2 8 2 4 2 8 2 4 2 10 4 12 4 14 4 8 2 6 2 6 2 8 4 15 1 6 1 20 1 5 14 4 12 4 12 4 12 4 12 4 14 4 8 2 6 2 6 2 6 2 6 2 8 4 15 1 6 1 20, zy
1231: 1 5 14 4 10 4 14 5 1 19 6 17 1 6 1 17 6 19 1 5 14 4 10 4 14 5 1 19 6 18 6 16 5 1 21 7 1 15 5 1 20 1 6 1 15 6 20 6 15 1 6 1 20 1 5 15 1 7 21 1 5 16 6 18 6 19, zy
1232: 1 5 14 4 10 4 15 1 6 1 19 6 17 1 6 1 18 1 6 1 17 6 19 1 6 1 15 4 10 4 14 5 1 20 1 5 14 5 1 19 6 18 6 16 4 8 4 17 1 6 1 17 4 8 4 16 6 18 6 19 1 5 14 5 1 20, zy
1233: 1 5 14 4 10 4 16 6 19 1 6 1 17 6 18 4 8 4 16 5 1 21 6 14 4 14 6 21 1 5 16 4 8 4 18 6 17 1 6 1 19 6 16 4 10 4 14 5 1 19 6 18 6 18 6 20 6 16 6 20 6 18 6 18 6 19, zy
1234: 1 5 14 4 10 4 16 6 20 6 16 6 21 1 5 16 5 1 21 6 16 6 20 6 16 4 10 4 14 5 1 19 6 18 6 18 4 6 2 8 4 16 6 21 1 5 17 1 6 1 17 5 1 21 6 16 4 8 2 6 4 18 6 18 6 19, zy
1235: 1 5 14 4 10 4 16 6 20 6 16 6 21 1 5 16 6 21 1 5 16 4 8 2 6 4 18 6 18 6 18 6 19 1 5 14 5 1 20 1 5 16 6 20 6 16 4 8 2 4 2 10 4 14 4 10 4 15 1 6 1 19 6 18 6 19, zy
1236: 1 5 14 4 10 4 16 6 21 1 5 17 1 6 1 17 5 1 21 6 16 4 10 4 14 5 1 19 6 18 4 6 2 8 4 16 5 1 21 6 16 5 1 21 7 1 14 1 7 21 1 5 16 6 21 1 5 16 4 8 2 6 4 18 6 19, zy
1237: 1 5 14 4 12 4 10 2 4 2 8 4 16 4 8 4 17 1 6 1 17 4 8 4 16 4 8 2 4 2 10 4 12 4 14 5 1 21 6 14 4 10 2 2 2 12 4 12 4 12 4 12 4 12 4 12 4 12 2 2 2 10 4 14 6 21, zy
1238: 1 5 14 4 12 4 12 4 10 2 4 2 8 4 16 4 8 4 16 4 8 2 4 2 10 4 12 4 12 4 14 5 1 21 6 14 4 10 2 4 2 8 4 16 6 20 7 1 13 4 13 1 7 20 6 16 4 8 2 4 2 10 4 14 6 21, zy
1239: 1 5 14 4 12 4 12 4 16 6 20 6 19 1 5 14 5 1 18 1 6 1 18 1 5 14 5 1 19 6 20 6 16 4 12 4 12 4 14 5 1 19 6 19 1 6 1 17 6 20 6 18 4 8 4 18 6 20 6 17 1 6 1 19 6 19, zy
1240: 1 5 16 4 8 4 16 4 8 2 4 2 10 4 12 4 14 6 21 1 5 16 6 20 6 14 4 12 4 12 4 14 6 20 6 16 5 1 21 6 14 4 12 4 10 2 4 2 8 4 16 4 8 4 16 5 1 21 6 16 6 20 6 16 6 21, zy
1241: 1 5 16 6 20 6 14 4 14 6 20 6 16 6 21 1 5 16 6 20 6 16 5 1 21 6 16 6 20 6 14 4 14 6 20 6 16 5 1 21 6 14 4 12 4 12 4 12 4 12 4 12 4 12 4 12 4 12 4 12 4 12 4 14 6 21, zy
1242: 1 5 16 6 20 6 16 6 20 6 16 5 1 21 6 14 4 12 4 10 2 4 2 8 4 16 6 20 7 1 13 4 12 4 12 4 12 4 12 4 12 4 12 4 12 4 12 4 13 1 7 20 6 16 4 8 2 4 2 10 4 12 4 14 6 21, zy
1243: 1 5 16 6 20 6 16 6 20 6 16 6 20 6 16 5 1 21 6 14 4 10 2 4 2 8 4 16 6 18 6 20 7 1 13 4 12 4 12 4 12 4 12 4 12 4 12 4 13 1 7 20 6 18 6 16 4 8 2 4 2 10 4 14 6 21, zy
1244: 1 5 10 2 4 2 6 2 6 2 6 2 6 2 4 2 10 5 1 17 6 18 6 16 6 19 1 5 12 4 14 6 19 1 5 14 6 20 7 1 15 6 18 6 18 6 15 1 7 20 6 14 5 1 19 6 14 4 12 5 1 19 6 16 6 18 6 17, zy
1245: 1 5 10 2 4 2 6 2 6 2 6 4 16 6 18 6 16 4 6 2 6 2 6 2 4 2 10 5 1 17 6 18 6 14 4 10 2 2 2 10 4 12 5 1 17 4 6 2 6 2 6 4 17 1 5 12 4 10 2 2 2 10 4 14 6 18 6 17, zy
1246: 1 5 10 2 4 2 6 2 8 4 12 4 12 4 10 4 14 6 19 1 5 12 2 2 2 8 2 2 2 12 5 1 19 6 14 4 10 4 12 4 12 4 8 2 6 2 4 2 10 5 1 17 6 18 6 16 6 18 6 16 6 18 6 16 6 18 6 17, zy
1247: 1 5 10 2 4 2 6 2 8 4 14 6 20 6 14 4 8 2 6 2 4 2 10 5 1 17 6 18 6 16 6 19 1 6 1 15 5 1 20 1 5 14 5 1 19 6 16 6 19 1 5 14 5 1 20 1 5 15 1 6 1 19 6 16 6 18 6 17, zy
1248: 1 5 10 2 4 2 8 4 16 6 18 6 18 6 18 6 16 4 8 2 4 2 10 5 1 17 6 18 6 18 6 18 6 16 4 8 2 4 2 10 5 1 17 6 18 6 18 6 18 6 17 1 5 10 2 4 2 8 4 16 6 18 6 18 6 18 6 17, zy
1249: 1 5 10 2 4 2 8 4 16 6 18 6 18 6 18 6 17 1 6 1 17 6 18 6 18 6 18 6 16 4 8 2 4 2 10 5 1 17 6 18 6 18 6 18 6 16 4 8 2 4 2 10 4 10 2 4 2 8 4 16 6 18 6 18 6 18 6 17, zy
1250: 1 5 12 2 2 2 8 2 4 2 8 4 14 4 8 4 16 6 18 6 16 4 8 4 14 4 8 2 4 2 8 2 2 2 12 5 1 19 6 14 4 10 4 12 4 12 4 10 4 14 5 1 20 1 5 14 4 10 4 12 4 12 4 10 4 14 6 19, zy
1251: 1 5 12 2 2 2 8 2 4 2 8 4 15 1 6 1 18 1 6 1 15 5 1 20 1 5 15 1 6 1 18 1 6 1 15 4 8 2 4 2 8 2 2 2 12 5 1 19 6 15 1 6 1 19 6 14 4 10 4 14 6 19 1 6 1 15 6 19, zy
1252: 1 5 12 2 2 2 10 2 2 2 10 2 2 2 10 2 2 2 10 2 2 2 10 2 2 2 10 2 2 2 10 2 2 2 10 2 2 2 10 2 2 2 12 5 1 19 6 18 6 16 4 10 4 14 5 1 20 1 5 14 4 10 4 16 6 18 6 19, zy
1253: 1 5 12 2 2 2 10 2 2 2 10 2 2 2 10 2 2 2 10 2 2 2 10 2 2 2 10 2 2 2 12 5 1 19 6 18 6 18 6 16 4 10 4 14 5 1 19 6 18 6 18 6 18 6 19 1 5 14 4 10 4 16 6 18 6 18 6 19, zy
1254: 1 5 12 2 2 2 10 2 2 2 10 2 2 2 10 2 2 2 10 2 2 2 12 5 1 19 6 18 6 16 4 10 4 14 4 10 4 14 5 1 19 6 18 6 18 6 18 6 18 6 18 6 19 1 5 14 4 10 4 14 4 10 4 16 6 18 6 19, zy
1255: 1 5 12 2 2 2 10 2 2 2 10 2 2 2 10 4 14 4 10 4 14 4 10 2 2 2 10 2 2 2 10 2 2 2 12 5 1 19 6 18 6 18 6 16 4 10 4 14 5 1 19 6 18 6 19 1 5 14 4 10 4 16 6 18 6 18 6 19, zy
1256: 1 5 12 2 2 2 10 2 4 2 6 2 6 2 6 2 8 4 16 6 19 1 5 12 4 14 4 10 4 14 4 10 4 14 4 12 5 1 19 6 16 4 8 2 6 2 6 2 6 2 4 2 10 2 2 2 12 5 1 19 6 18 6 18 6 18 6 19, zy
1257: 1 5 12 2 2 2 10 4 14 4 8 2 6 2 6 2 4 2 10 4 14 4 8 2 6 2 6 2 6 4 18 6 18 6 17 1 6 1 18 1 5 12 4 14 6 20 6 17 1 6 1 17 6 20 6 14 4 12 4 10 2 4 2 8 4 16 6 19, zy
1258: 1 5 12 2 2 2 10 4 14 4 8 2 6 2 6 2 6 2 6 2 6 2 6 2 6 2 8 4 14 4 10 2 2 2 12 5 1 19 6 16 4 8 2 6 2 4 2 10 4 14 5 1 20 1 5 14 4 10 2 4 2 6 2 8 4 16 6 19, zy
1259: 1 5 12 2 2 2 10 4 14 4 10 4 14 4 10 2 2 2 12 5 1 19 6 17 1 6 1 19 6 16 4 10 4 14 5 1 20 1 6 1 15 4 10 4 14 4 10 4 15 1 6 1 20 1 5 14 4 10 4 16 6 19 1 6 1 17 6 19, zy
1260: 1 5 12 2 2 2 10 4 14 5 1 20 1 5 15 1 6 1 19 6 17 1 5 12 4 12 4 12 5 1 17 6 19 1 6 1 15 5 1 20 1 5 14 4 10 2 2 2 12 5 1 19 6 16 4 8 2 4 2 8 2 4 2 8 4 16 6 19, zy
1261: 1 5 12 2 2 2 10 4 14 6 20 6 16 6 19 1 5 12 4 14 4 8 2 4 2 8 2 4 2 8 2 4 2 8 2 4 2 8 4 14 4 12 5 1 19 6 16 6 20 6 14 4 10 2 2 2 12 5 1 19 6 16 4 8 4 16 6 19, zy
1262: 1 5 12 2 2 2 10 4 15 1 6 1 19 6 17 1 6 1 18 1 6 1 17 6 19 1 6 1 15 4 10 2 2 2 12 5 1 19 6 17 1 6 1 18 1 6 1 17 6 20 7 1 14 1 7 20 6 17 1 6 1 18 1 6 1 17 6 19, zy
1263: 1 5 12 2 2 2 12 5 1 19 6 18 6 18 6 18 4 8 4 16 5 1 21 6 15 1 7 21 1 5 16 6 20 6 16 4 10 4 14 4 10 4 16 6 20 6 16 5 1 21 7 1 15 6 21 1 5 16 4 8 4 18 6 18 6 18 6 19, zy
1264: 1 5 12 2 4 2 8 4 17 1 6 1 17 4 10 4 14 4 12 4 14 4 10 4 17 1 6 1 17 4 8 2 4 2 12 5 1 19 6 18 4 8 2 4 2 10 4 16 6 21 1 5 16 5 1 21 6 16 4 10 2 4 2 8 4 18 6 19, zy
1265: 1 5 12 4 10 2 2 2 10 4 14 6 18 6 16 6 19 1 5 14 6 20 6 14 6 20 6 14 6 20 6 14 5 1 19 6 16 6 18 6 14 4 10 2 2 2 10 4 12 5 1 17 4 6 2 6 2 6 4 16 4 6 2 6 2 6 4 17, zy
1266: 1 5 12 4 10 2 2 2 10 4 14 6 18 6 17 1 5 12 5 1 17 6 18 6 14 4 10 2 2 2 10 4 12 5 1 17 4 6 2 6 2 4 2 10 4 10 4 14 4 8 2 4 2 8 4 14 4 10 4 10 2 4 2 6 2 6 4 17, zy
1267: 1 5 12 4 10 2 4 2 6 2 6 2 4 2 10 4 12 4 10 2 4 2 6 2 6 2 4 2 10 4 12 5 1 17 4 6 2 6 2 6 2 6 2 4 2 10 4 12 5 1 18 1 5 12 4 10 2 4 2 6 2 6 2 6 2 6 4 17, zy
1268: 1 5 12 4 10 2 4 2 6 2 6 2 6 2 4 2 10 4 12 5 1 17 4 6 2 6 2 6 2 6 2 4 2 10 4 12 5 1 17 4 6 2 6 2 6 2 6 2 6 4 17 1 5 12 4 10 2 4 2 6 2 6 2 6 2 6 4 17, zy
1269: 1 5 12 4 10 2 4 2 6 2 6 2 6 2 6 4 17 1 5 12 4 12 5 1 17 4 6 2 6 2 6 2 6 2 4 2 10 4 12 5 1 17 4 6 2 6 2 6 2 6 2 4 2 10 4 10 2 4 2 6 2 6 2 6 2 6 4 17, zy
1270: 1 5 12 4 10 4 14 4 8 2 4 2 8 4 14 4 8 2 4 2 8 4 14 4 10 4 12 5 1 17 4 6 2 6 2 6 2 4 2 8 2 4 2 8 4 14 5 1 20 1 5 14 4 8 2 4 2 8 2 4 2 6 2 6 2 6 4 17, zy
1271: 1 5 12 4 10 4 14 4 8 4 16 6 17 1 6 1 17 6 16 4 8 4 14 4 10 4 12 5 1 17 4 6 2 6 2 4 2 10 4 10 2 2 2 10 2 2 2 10 4 10 2 2 2 10 2 2 2 10 4 10 2 4 2 6 2 6 4 17, zy
1272: 1 5 12 4 10 4 14 4 8 4 16 6 18 6 15 1 7 20 7 1 15 6 18 6 16 4 8 4 14 4 10 4 12 5 1 17 6 18 6 16 4 6 2 6 2 6 2 6 2 4 2 8 2 4 2 6 2 6 2 6 2 6 4 16 6 18 6 17, zy
1273: 1 5 12 4 10 4 14 4 8 4 16 6 18 6 16 6 18 6 16 4 8 4 14 4 10 4 12 5 1 17 6 18 6 16 6 18 6 16 4 6 2 8 4 14 5 1 19 6 16 6 19 1 5 14 4 8 2 6 4 16 6 18 6 16 6 18 6 17, zy
1274: 1 5 12 4 12 2 2 2 8 2 4 2 8 2 2 2 12 4 12 5 1 18 1 6 1 16 1 6 1 19 6 14 4 12 5 1 18 1 6 1 16 1 6 1 18 1 6 1 16 1 6 1 18 1 5 12 4 14 6 19 1 6 1 16 1 6 1 18, zy
1275: 1 5 12 4 12 4 10 2 4 2 6 2 8 4 14 4 10 4 14 4 8 2 6 2 4 2 10 4 12 4 12 5 1 17 4 6 2 8 4 14 4 10 2 2 2 10 4 14 5 1 20 1 5 14 4 10 2 2 2 10 4 14 4 8 2 6 4 17, zy
1276: 1 5 12 4 12 4 10 2 4 2 8 4 14 4 10 2 2 2 10 4 14 4 8 2 4 2 10 4 12 4 12 5 1 17 4 6 2 8 4 14 4 10 2 2 2 10 4 14 5 1 20 1 5 14 4 10 2 2 2 10 4 14 4 8 2 6 4 17, zy
1277: 1 5 12 4 12 4 12 4 12 4 12 4 12 4 12 4 12 4 12 5 1 17 6 20 7 1 14 1 7 20 6 17 1 6 1 17 6 20 7 1 15 6 20 6 16 6 20 6 15 1 7 20 6 17 1 6 1 17 6 20 7 1 14 1 7 20 6 17, zy
1278: 1 5 12 4 12 4 12 4 12 4 12 4 12 4 12 5 1 17 6 20 6 14 4 10 2 4 2 6 2 8 4 14 4 12 5 1 19 6 16 6 20 6 16 6 20 6 16 6 19 1 5 12 4 14 4 8 2 6 2 4 2 10 4 14 6 20 6 17, zy
1279: 1 5 12 4 12 4 12 4 12 4 12 4 14 6 21 1 5 16 6 20 6 16 6 20 6 16 5 1 21 6 14 4 12 4 12 4 12 4 12 4 12 5 1 17 4 6 2 8 2 4 2 8 2 4 2 8 2 4 2 8 2 4 2 8 2 6 4 17, zy
1280: 1 5 12 4 12 4 12 4 12 4 14 6 20 6 15 1 7 20 6 16 4 8 4 16 4 8 2 4 2 8 2 4 2 8 2 4 2 8 2 4 2 8 4 16 4 8 4 16 6 20 7 1 15 6 20 6 14 4 12 4 12 4 12 4 12 5 1 18, zy
1281: 1 5 12 4 12 4 12 4 14 6 20 6 17 1 6 1 18 1 5 12 4 14 6 20 6 17 1 6 1 18 1 6 1 17 6 20 6 14 4 12 5 1 18 1 6 1 17 6 20 6 14 4 12 4 12 4 12 5 1 17 4 8 4 16 4 8 4 17, zy
1282: 1 5 12 4 12 4 12 5 1 17 4 6 2 8 4 15 1 6 1 19 6 16 5 1 20 1 6 1 15 4 8 2 4 2 8 2 4 2 8 2 4 2 8 2 4 2 8 4 15 1 6 1 20 1 5 16 6 19 1 6 1 15 4 8 2 6 4 17, zy
1283: 1 5 12 4 12 4 12 5 1 17 6 19 1 5 14 5 1 19 6 16 6 20 6 14 5 1 18 1 6 1 17 6 16 4 8 2 6 4 16 4 6 2 8 4 16 6 17 1 6 1 18 1 5 14 6 20 6 16 6 19 1 5 14 5 1 19 6 17, zy
1284: 1 5 12 4 12 4 14 4 8 2 6 2 6 2 6 2 8 4 14 4 12 4 12 5 1 17 4 8 4 17 1 6 1 17 6 20 6 16 5 1 20 1 6 1 15 4 10 4 15 1 6 1 20 1 5 16 6 20 6 17 1 6 1 17 4 8 4 17, zy
1285: 1 5 12 4 12 4 14 6 20 6 16 6 20 6 15 1 7 20 6 16 4 8 2 4 2 8 2 4 2 8 2 4 2 8 2 4 2 8 4 16 6 20 7 1 15 6 20 6 16 6 20 6 14 4 12 4 12 5 1 19 6 16 6 20 6 16 6 19, zy
1286: 1 5 12 4 14 4 8 2 6 2 6 2 6 2 6 2 6 2 6 2 6 2 6 2 6 2 6 2 6 2 8 4 14 4 12 5 1 19 6 16 4 8 2 6 2 4 2 10 4 14 5 1 20 1 5 14 4 10 2 4 2 6 2 8 4 16 6 19, zy
1287: 1 5 12 4 14 4 8 2 6 2 6 2 6 2 6 2 6 4 18 4 6 2 6 2 6 2 6 2 6 2 8 4 14 4 12 5 1 19 6 16 4 10 4 12 2 2 2 10 4 14 5 1 20 1 5 14 4 10 2 2 2 12 4 10 4 16 6 19, zy
1288: 1 5 12 4 14 4 10 2 4 2 8 4 16 5 1 21 6 16 6 21 1 5 16 6 21 1 5 16 5 1 21 6 14 2 2 2 8 2 6 4 18 6 19 1 5 14 4 12 5 1 18 1 5 12 4 14 4 10 4 16 6 20 6 17 1 6 1 18, zy
1289: 1 5 12 4 14 4 10 4 14 4 12 4 10 4 16 5 1 21 6 16 5 1 21 6 14 4 12 4 12 4 14 5 1 21 6 14 4 12 4 12 4 12 4 12 4 12 2 2 2 10 4 14 5 1 19 6 18 6 19 1 5 14 4 10 4 16 6 19, zy
1290: 1 5 12 4 14 4 10 4 15 1 6 1 20 1 5 15 1 6 1 20 1 6 1 15 5 1 20 1 5 14 4 12 4 12 4 12 4 14 5 1 20 1 5 15 1 6 1 20 1 6 1 15 5 1 20 1 6 1 15 4 10 4 14 4 12 5 1 18, zy
1291: 1 5 12 4 14 4 10 4 16 6 19 1 5 14 5 1 19 6 18 6 19 1 5 14 4 10 2 4 2 8 4 16 6 21 1 5 17 1 6 1 17 6 20 6 16 5 1 20 1 6 1 15 4 8 2 6 2 6 2 6 2 6 2 8 4 16 6 19, zy
1292: 1 5 12 4 14 5 1 20 1 5 14 4 10 2 2 2 10 2 2 2 10 4 14 5 1 20 1 5 14 4 12 5 1 19 6 16 6 20 6 14 4 12 5 1 18 1 6 1 17 6 18 6 17 1 6 1 18 1 5 12 4 14 6 20 6 16 6 19, zy
1293: 1 5 12 4 14 6 18 6 17 1 6 1 17 6 17 1 6 1 17 6 17 1 6 1 17 6 18 6 14 4 12 5 1 19 6 16 6 17 1 6 1 17 4 6 2 6 2 4 2 10 4 10 2 4 2 6 2 6 4 17 1 6 1 17 6 16 6 19, zy
1294: 1 5 12 4 14 6 18 6 18 6 16 6 18 6 18 6 14 4 12 5 1 19 6 16 6 18 6 16 6 19 1 6 1 15 5 1 20 1 5 14 5 1 19 6 16 6 19 1 5 14 5 1 20 1 5 15 1 6 1 19 6 16 6 18 6 16 6 19, zy
1295: 1 5 12 4 14 6 20 6 16 4 8 4 17 1 6 1 17 6 20 7 1 15 6 20 6 16 6 20 6 16 6 20 6 15 1 7 20 6 17 1 6 1 17 4 8 4 16 6 20 6 14 4 12 5 1 19 6 16 6 20 6 16 6 20 6 16 6 19, zy
1296: 1 5 12 4 14 6 20 6 16 6 19 1 5 14 5 1 20 1 5 16 6 18 4 6 2 6 2 8 4 14 4 8 2 6 2 6 4 18 6 16 5 1 20 1 5 14 5 1 19 6 16 6 20 6 14 4 12 5 1 18 1 6 1 16 1 6 1 18, zy
1297: 1 5 14 4 8 2 4 2 8 2 4 2 8 4 14 6 20 7 1 15 6 18 6 16 5 1 20 1 5 14 5 1 20 1 5 16 6 18 6 15 1 7 20 6 14 4 8 2 4 2 8 2 4 2 8 4 14 5 1 19 6 16 6 18 6 16 6 19, zy
1298: 1 5 14 4 8 2 6 4 16 6 16 4 8 4 16 6 16 6 19 1 5 14 5 1 19 6 16 6 16 4 8 4 16 6 16 4 6 2 8 4 14 5 1 19 6 16 6 18 6 16 6 18 6 16 6 18 6 16 6 18 6 16 6 18 6 16 6 19, zy
1299: 1 5 14 4 8 4 16 6 18 6 16 6 18 6 16 6 18 6 16 4 8 4 14 5 1 19 6 16 6 18 6 16 6 18 6 16 4 8 4 14 5 1 19 6 16 6 18 6 16 6 19 1 5 14 4 8 4 16 6 18 6 16 6 18 6 16 6 19, zy
1300: 1 5 14 4 10 2 2 2 12 4 10 4 16 6 18 6 19 1 5 14 4 10 4 14 4 10 4 14 4 10 4 14 4 10 4 14 4 10 4 14 4 10 4 14 4 10 4 14 5 1 19 6 18 6 16 4 10 4 12 2 2 2 10 4 14 5 1 20, zy
1301: 1 5 14 4 10 2 4 2 6 2 6 2 6 2 6 4 18 6 17 1 6 1 17 6 18 4 6 2 6 2 6 2 6 2 4 2 10 4 14 5 1 19 6 18 6 16 4 8 2 4 2 10 4 12 4 12 4 10 2 4 2 8 4 16 6 18 6 19, zy
1302: 1 5 14 4 10 4 14 4 10 2 2 2 10 2 4 2 6 2 6 2 6 2 6 2 6 2 4 2 10 2 2 2 10 4 14 4 10 4 14 5 1 19 6 18 6 16 4 10 4 12 4 14 5 1 20 1 5 14 4 12 4 10 4 16 6 18 6 19, zy
1303: 1 5 14 4 10 4 14 4 10 4 14 4 10 4 14 4 10 4 14 5 1 19 6 18 6 18 6 16 4 10 4 14 6 21 1 5 16 6 19 1 6 1 17 6 18 6 17 1 6 1 19 6 16 5 1 21 6 14 4 10 4 16 6 18 6 18 6 19, zy
1304: 1 5 14 4 10 4 16 6 18 6 19 1 5 14 5 1 20 1 5 14 4 10 4 16 6 19 1 5 14 5 1 20 1 5 14 5 1 19 6 16 4 10 4 14 5 1 20 1 5 14 5 1 19 6 18 6 16 4 10 4 14 5 1 19 6 18 6 19, zy
1305: 1 5 14 4 10 4 16 6 20 6 16 6 20 6 16 4 10 4 14 5 1 19 6 18 6 18 4 6 2 8 4 16 6 20 6 16 5 1 21 6 14 4 12 4 12 4 12 4 14 6 21 1 5 16 6 20 6 16 4 8 2 6 4 18 6 18 6 19, zy
1306: 1 5 14 4 12 4 12 4 12 4 12 4 12 4 12 4 14 5 1 21 6 14 4 10 2 4 2 8 4 16 6 20 6 16 5 1 21 6 14 4 12 4 12 4 12 4 12 4 14 6 21 1 5 16 6 20 6 16 4 8 2 4 2 10 4 14 6 21, zy
1307: 1 5 14 4 12 4 12 4 12 4 12 4 12 4 14 5 1 20 1 5 15 1 6 1 20 1 5 16 6 20 6 16 5 1 21 7 1 15 6 21 1 5 16 5 1 21 6 15 1 7 21 1 5 16 6 20 6 16 5 1 20 1 6 1 15 5 1 20, zy
1308: 1 5 14 4 12 4 14 4 10 2 4 2 8 2 4 2 10 4 16 6 21 1 5 16 5 1 21 6 16 4 10 2 4 2 8 2 4 2 10 4 14 4 12 4 14 5 1 19 6 20 6 18 6 20 6 18 6 20 6 18 6 20 6 18 6 20 6 19, zy
1309: 1 5 14 5 1 19 6 14 4 10 4 14 6 19 1 5 14 5 1 20 1 5 15 1 6 1 19 6 14 5 1 19 7 1 13 4 10 4 13 1 7 18 4 6 4 18 7 1 13 4 10 4 13 1 7 19 1 5 14 6 19 1 6 1 15 5 1 20, zy
1310: 1 5 14 5 1 19 6 16 4 8 2 4 2 8 4 16 6 20 7 1 15 6 20 6 14 4 10 2 4 2 6 2 6 2 6 2 6 2 6 2 6 2 6 2 4 2 10 4 14 6 20 6 15 1 7 20 6 16 4 8 2 4 2 8 4 16 6 19, zy
1311: 1 5 14 5 1 19 6 16 6 18 6 16 6 19 1 5 14 5 1 19 6 16 6 18 6 16 6 19 1 5 14 5 1 20 1 5 15 1 6 1 19 6 15 1 6 1 19 6 14 4 10 4 14 6 19 1 6 1 15 6 19 1 6 1 15 5 1 20, zy
1312: 1 5 14 5 1 19 6 18 6 18 6 17 1 6 1 19 6 16 5 1 20 1 6 1 15 4 10 4 14 4 10 4 14 4 10 4 14 4 10 4 14 4 10 4 14 4 10 4 15 1 6 1 20 1 5 16 6 19 1 6 1 17 6 18 6 18 6 19, zy
1313: 1 5 14 5 1 19 6 18 6 18 6 20 6 16 6 21 1 5 16 4 8 2 4 2 10 4 14 4 10 4 15 1 6 1 19 6 18 6 19 1 6 1 15 4 10 4 14 4 10 2 4 2 8 4 16 5 1 21 6 16 6 20 6 18 6 18 6 19, zy
1314: 1 5 14 6 19 1 6 1 15 4 8 4 15 1 6 1 19 6 14 5 1 19 6 16 6 16 4 8 4 15 1 6 1 19 6 14 5 1 19 6 16 6 16 4 8 4 16 6 16 6 19 1 5 14 6 19 1 6 1 15 4 8 4 16 6 16 6 19, zy
1315: 1 5 14 6 20 6 14 6 20 6 14 6 20 6 14 6 20 6 14 6 20 6 14 5 1 19 6 16 6 16 4 8 4 15 1 6 1 19 7 1 14 1 7 20 7 1 14 1 7 20 7 1 14 1 7 19 1 6 1 15 4 8 4 16 6 16 6 19, zy
1316: 1 5 15 1 6 1 20 1 6 1 15 5 1 21 6 14 4 12 4 12 4 12 4 14 6 21 1 5 16 6 20 6 16 4 8 2 6 2 6 4 18 4 6 2 6 2 8 4 16 6 20 6 16 5 1 21 6 14 4 12 4 12 4 12 4 14 6 21, zy
1317: 1 5 16 4 8 2 4 2 8 2 4 2 10 4 12 4 12 4 14 6 21 1 5 16 6 20 6 16 5 1 21 6 14 4 12 4 12 4 10 2 4 2 8 2 4 2 8 4 16 5 1 21 6 16 6 20 6 16 6 20 6 16 6 20 6 16 6 21, zy
1318: 1 5 16 4 8 4 18 6 17 1 6 1 18 1 6 1 17 6 18 4 8 4 16 5 1 21 6 16 6 20 6 17 1 6 1 17 5 1 21 6 16 5 1 21 7 1 14 1 7 21 1 5 16 6 21 1 5 17 1 6 1 17 6 20 6 16 6 21, zy
1319: 1 5 16 5 1 21 6 16 6 20 6 16 6 20 6 16 5 1 21 6 14 4 12 4 10 2 4 2 8 2 4 2 8 4 16 4 8 4 16 4 8 2 4 2 8 2 4 2 10 4 12 4 14 6 21 1 5 16 6 20 6 16 6 20 6 16 6 21, zy
1320: 1 5 16 5 1 21 6 16 6 20 6 16 6 20 6 16 5 1 21 6 14 4 12 4 12 4 10 2 4 2 8 2 4 2 8 4 16 4 8 2 4 2 8 2 4 2 10 4 12 4 12 4 14 6 21 1 5 16 6 20 6 16 6 20 6 16 6 21, zy
1321: 1 5 16 5 1 21 6 16 6 20 6 16 6 20 6 16 5 1 21 6 14 4 12 4 12 4 12 4 10 2 4 2 8 2 4 2 8 2 4 2 8 2 4 2 10 4 12 4 12 4 12 4 14 6 21 1 5 16 6 20 6 16 6 20 6 16 6 21, zy
1322: 1 5 16 6 20 6 14 4 14 6 20 6 16 6 21 1 5 16 6 20 6 16 5 1 21 6 16 6 20 6 14 4 14 6 20 6 16 5 1 21 6 14 4 12 4 12 4 12 4 12 4 10 2 4 2 10 4 12 4 12 4 12 4 12 4 14 6 21, zy
1323: 1 5 16 6 20 6 16 5 1 21 6 15 1 7 21 1 5 16 6 20 6 16 6 20 6 16 5 1 21 6 14 4 12 4 12 4 12 4 12 4 12 4 12 4 12 4 14 6 21 1 5 16 6 20 6 16 6 20 6 16 5 1 21 7 1 15 6 21, zy
1324: 1 5 16 6 20 6 17 1 6 1 17 4 8 4 17 1 6 1 17 6 20 6 16 5 1 20 1 6 1 15 4 10 4 16 6 18 6 20 6 16 5 1 21 6 14 4 12 4 14 6 21 1 5 16 6 20 6 18 6 16 4 10 4 15 1 6 1 20, zy
1325: 1 5 10 2 4 2 8 4 16 6 18 6 18 6 18 6 17 1 6 1 17 6 18 6 18 6 18 6 16 4 8 2 4 2 10 5 1 17 6 18 6 18 6 18 6 16 4 8 2 4 2 8 2 4 2 8 2 4 2 8 4 16 6 18 6 18 6 18 6 17, zy
1326: 1 5 12 2 2 2 8 2 4 2 8 2 2 2 12 5 1 19 6 15 1 7 20 6 15 1 6 1 20 1 5 15 1 7 21 1 5 16 6 18 6 17 1 6 1 17 6 18 6 16 5 1 21 7 1 15 5 1 20 1 6 1 15 6 20 7 1 15 6 19, zy
1327: 1 5 12 2 2 2 8 2 4 2 8 4 14 4 8 2 4 2 8 4 14 4 8 2 4 2 8 2 2 2 12 5 1 19 6 14 4 10 4 14 6 18 6 18 7 1 13 4 10 4 12 4 12 4 10 4 13 1 7 18 6 18 6 14 4 10 4 14 6 19, zy
1328: 1 5 12 4 10 4 14 4 8 4 16 6 18 6 15 1 7 20 6 14 4 8 2 4 2 8 2 4 2 8 4 14 6 20 7 1 15 6 18 6 16 4 8 4 14 4 10 4 12 5 1 17 4 6 2 6 2 4 2 10 4 10 2 4 2 6 2 6 4 17, zy
1329: 1 5 12 4 12 2 2 2 10 4 12 4 12 4 12 4 12 4 12 4 12 4 10 2 2 2 12 4 12 5 1 19 6 16 6 20 6 16 6 20 6 14 4 12 5 1 19 6 16 6 20 6 16 6 19 1 5 12 4 14 6 20 6 16 6 20 6 16 6 19, zy
1330: 1 5 12 4 12 2 2 2 10 4 14 4 10 4 15 1 6 1 20 1 5 16 6 21 1 5 17 1 5 12 4 12 4 14 5 1 20 1 5 15 1 6 1 20 1 5 14 4 12 4 12 4 14 6 21 1 5 16 6 20 6 17 1 6 1 17 4 8 4 17, zy
1331: 1 5 12 4 12 4 12 4 10 4 14 6 20 6 14 4 10 4 12 4 12 4 12 5 1 19 6 14 4 10 4 14 5 1 20 1 5 14 4 8 2 6 4 17 1 5 12 4 12 5 1 17 4 6 2 8 4 14 5 1 20 1 5 14 4 10 4 14 6 19, zy
1332: 1 5 12 4 12 4 12 4 12 4 12 4 10 4 15 1 6 1 19 6 16 6 19 1 6 1 15 4 10 4 12 4 12 4 12 4 12 4 12 5 1 17 4 8 4 16 6 18 6 18 6 18 6 17 1 6 1 17 6 18 6 18 6 18 6 16 4 8 4 17, zy
1333: 1 5 12 4 12 4 12 4 12 4 12 4 10 4 16 6 17 1 6 1 18 1 6 1 17 6 16 4 10 4 12 4 12 4 12 4 12 4 12 5 1 17 4 8 4 16 6 18 6 18 6 18 6 17 1 6 1 17 6 18 6 18 6 18 6 16 4 8 4 17, zy
1334: 1 5 12 4 12 4 12 4 12 4 12 4 12 4 12 4 12 4 12 4 12 5 1 17 4 8 4 16 4 6 2 8 2 4 2 8 4 16 6 20 7 1 15 6 20 6 16 6 20 6 15 1 7 20 6 16 4 8 2 4 2 8 2 6 4 16 4 8 4 17, zy
1335: 1 5 12 4 12 4 12 4 12 4 12 4 12 4 12 4 12 4 12 4 12 5 1 17 6 20 6 14 4 12 5 1 18 1 5 12 4 14 6 21 1 5 16 4 8 4 16 4 8 4 16 5 1 21 6 14 4 12 5 1 18 1 5 12 4 14 6 20 6 17, zy
1336: 1 5 12 4 12 4 12 4 12 4 14 6 20 6 16 4 8 4 17 1 6 1 17 4 8 4 16 6 20 6 14 4 12 4 12 4 12 4 12 5 1 17 4 8 4 16 6 20 6 16 6 20 6 16 6 20 6 16 6 20 6 16 6 20 6 16 4 8 4 17, zy
1337: 1 5 12 4 13 1 7 20 7 1 13 4 12 5 1 19 6 14 4 8 2 6 4 16 6 18 6 15 1 7 20 6 14 4 8 2 6 4 16 6 17 1 6 1 17 6 16 4 6 2 8 4 14 6 20 7 1 15 6 18 6 16 4 6 2 8 4 14 6 19, zy
1338: 1 5 12 4 14 4 10 2 4 2 8 4 16 5 1 21 6 16 5 1 21 6 14 4 14 6 21 1 5 16 6 21 1 5 16 4 8 2 4 2 10 4 14 4 12 5 1 19 6 16 4 10 4 14 4 12 5 1 18 1 5 12 4 14 4 10 4 16 6 19, zy
1339: 1 5 12 4 14 4 10 4 14 4 12 4 10 4 16 5 1 21 6 16 5 1 21 6 14 4 12 4 12 4 14 5 1 21 6 14 4 12 4 10 2 4 2 10 4 12 4 12 2 2 2 10 4 14 5 1 19 6 18 6 19 1 5 14 4 10 4 16 6 19, zy
1340: 1 5 12 4 14 5 1 20 1 5 14 5 1 19 6 18 6 18 6 18 6 18 6 18 6 18 6 19 1 5 14 5 1 20 1 5 14 4 10 2 4 2 6 2 8 4 16 6 19 1 6 1 17 6 18 6 19 1 6 1 16 1 6 1 20 1 5 16 6 19, zy
1341: 1 5 12 4 14 5 1 20 1 5 15 1 6 1 20 1 5 14 4 12 4 12 4 14 6 21 1 5 16 6 20 6 16 4 10 4 14 4 10 4 16 6 20 6 16 5 1 21 6 14 4 12 4 12 4 14 5 1 20 1 5 14 4 10 2 4 2 8 4 17, zy
1342: 1 5 12 4 14 5 1 20 1 6 1 15 4 10 4 14 4 8 2 6 2 6 2 6 2 8 4 14 4 10 4 15 1 6 1 20 1 5 14 4 10 2 4 2 8 4 16 6 19 1 6 1 17 6 18 6 19 1 6 1 16 1 6 1 20 1 5 16 6 19, zy
1343: 1 5 14 4 10 2 2 2 12 4 12 4 14 6 21 1 5 16 6 20 6 18 6 17 1 6 1 19 6 16 4 10 4 14 4 10 4 16 6 20 6 16 5 1 20 1 6 1 15 4 8 2 6 2 6 2 6 2 6 2 8 4 16 6 20 6 16 5 1 20, zy
1344: 1 5 14 4 10 2 4 2 6 2 6 2 6 2 6 2 6 4 18 6 17 1 6 1 17 6 18 4 6 2 6 2 6 2 6 2 6 2 4 2 10 4 14 5 1 19 6 18 6 16 4 10 4 12 4 12 4 12 4 12 4 12 4 10 4 16 6 18 6 19, zy
1345: 1 5 14 4 10 4 14 4 10 4 14 4 10 4 14 6 21 1 5 16 5 1 21 6 14 4 10 4 14 4 10 4 14 4 10 4 14 5 1 19 6 18 6 16 4 8 2 4 2 10 4 12 4 12 4 12 4 12 4 10 2 4 2 8 4 16 6 18 6 19, zy
1346: 1 5 14 4 10 4 16 6 19 1 6 1 17 6 18 4 8 4 16 4 8 4 18 6 17 1 6 1 19 6 16 4 10 4 14 5 1 19 6 18 6 18 4 6 2 8 4 16 4 8 4 17 1 6 1 17 4 8 4 16 4 8 2 6 4 18 6 18 6 19, zy
1347: 1 5 14 4 10 4 16 6 19 1 6 1 17 6 18 6 20 6 16 6 20 6 18 6 17 1 6 1 19 6 16 4 10 4 14 5 1 19 6 18 6 18 4 6 2 8 4 16 6 20 6 17 1 6 1 17 6 20 6 16 4 8 2 6 4 18 6 18 6 19, zy
1348: 1 5 14 4 12 4 12 4 10 2 4 2 8 2 2 2 12 4 12 4 12 2 2 2 8 2 4 2 10 4 12 4 12 4 14 5 1 21 6 14 4 10 2 4 2 8 4 16 6 20 7 1 13 4 13 1 7 20 6 16 4 8 2 4 2 10 4 14 6 21, zy
1349: 1 5 14 4 12 4 12 4 10 2 4 2 8 2 4 2 8 4 16 4 8 2 4 2 8 2 4 2 10 4 12 4 12 4 14 5 1 21 6 14 4 10 2 4 2 8 4 16 6 20 7 1 13 4 13 1 7 20 6 16 4 8 2 4 2 10 4 14 6 21, zy
1350: 1 5 14 4 12 4 12 4 12 4 14 6 21 1 5 15 1 7 21 1 5 14 4 12 4 12 4 14 5 1 21 7 1 15 5 1 21 6 14 4 12 4 12 4 12 4 14 5 1 19 4 6 2 6 2 8 4 16 6 20 6 16 4 8 2 6 2 6 4 19, zy
1351: 1 5 14 6 19 1 6 1 15 4 8 4 15 1 6 1 19 6 14 5 1 19 6 16 6 16 4 8 4 16 6 16 6 19 1 5 14 6 20 6 12 2 2 2 10 4 10 2 2 2 12 6 20 6 14 5 1 19 6 16 6 16 4 8 4 16 6 16 6 19, zy
1352: 1 5 14 6 20 6 14 4 10 4 14 4 8 4 16 6 18 6 17 1 6 1 17 6 18 6 16 4 8 4 14 4 10 4 14 6 20 6 14 5 1 19 6 16 6 18 6 18 6 16 6 18 6 18 6 16 6 18 6 18 6 16 6 18 6 18 6 16 6 19, zy
1353: 1 5 16 4 8 2 4 2 10 4 12 4 12 4 14 6 20 6 17 1 6 1 17 6 20 6 14 4 12 4 12 4 10 2 4 2 8 4 16 5 1 21 6 16 6 20 6 14 4 12 4 12 4 12 4 12 4 12 4 12 4 12 4 14 6 20 6 16 6 21, zy
1354: 1 5 16 4 8 4 16 6 18 6 18 6 18 6 17 1 6 1 17 6 18 6 18 6 18 6 16 4 8 4 16 5 1 21 6 14 4 10 4 14 4 10 4 12 2 2 2 10 4 12 4 12 4 12 4 10 2 2 2 12 4 10 4 14 4 10 4 14 6 21, zy
1355: 1 5 16 6 19 1 6 1 17 4 6 2 8 4 16 6 20 6 16 5 1 21 6 16 6 20 6 16 6 21 1 5 16 6 20 6 16 4 8 2 6 4 17 1 6 1 19 6 16 5 1 21 6 14 4 12 4 12 4 12 4 12 4 12 4 12 4 14 6 21, zy
1356: 1 5 16 6 19 1 6 1 17 6 20 6 16 6 20 6 16 5 1 21 6 14 4 12 4 12 4 12 4 12 4 14 6 21 1 5 16 6 20 6 16 6 20 6 17 1 6 1 19 6 16 5 1 21 6 14 4 12 4 12 4 12 4 12 4 12 4 14 6 21, zy
1357: 1 6 1 17 6 18 6 14 4 10 4 14 6 20 7 1 15 4 6 2 8 4 14 4 10 4 10 2 4 2 6 2 6 2 6 4 16 4 6 2 6 2 6 2 4 2 10 4 10 4 14 4 8 2 6 4 15 1 7 20 6 14 4 10 4 14 6 18 6 17, zy
1358: 1 5 10 2 4 2 6 2 6 2 4 2 10 4 10 4 14 4 10 4 10 2 4 2 6 2 6 2 4 2 10 5 1 17 6 18 6 14 4 10 2 2 2 10 4 12 5 1 17 4 6 2 6 2 6 4 17 1 5 12 4 10 2 2 2 10 4 14 6 18 6 17, zy
1359: 1 5 10 2 4 2 6 2 6 2 6 4 16 4 6 2 6 2 6 4 16 4 6 2 6 2 6 2 4 2 10 5 1 17 6 18 6 14 4 10 2 2 2 10 4 12 5 1 17 4 6 2 6 2 6 4 17 1 5 12 4 10 2 2 2 10 4 14 6 18 6 17, zy
1360: 1 5 10 2 4 2 6 2 6 2 6 4 16 6 18 6 16 6 18 6 16 6 18 6 16 4 6 2 6 2 6 2 4 2 10 5 1 17 6 18 6 14 4 10 4 14 6 18 6 18 7 1 13 4 10 4 13 1 7 18 6 18 6 14 4 10 4 14 6 18 6 17, zy
1361: 1 5 10 2 4 2 8 4 14 4 8 2 6 4 16 6 19 1 5 14 4 8 2 4 2 10 4 10 2 4 2 6 2 6 2 6 2 4 2 10 4 10 2 4 2 8 4 14 5 1 19 6 16 4 6 2 8 4 14 4 8 2 4 2 10 5 1 17 6 18 6 17, zy
1362: 1 5 10 2 4 2 8 4 14 6 19 1 6 1 15 4 8 2 4 2 8 4 14 4 8 2 4 2 8 4 15 1 6 1 19 6 14 4 8 2 4 2 10 5 1 17 6 18 6 16 6 18 6 16 6 19 1 5 14 5 1 19 6 16 6 18 6 16 6 18 6 17, zy
1363: 1 5 10 2 4 2 8 4 14 6 19 1 6 1 16 1 6 1 19 6 14 5 1 19 6 16 6 17 1 6 1 18 1 6 1 17 6 16 6 19 1 5 14 6 19 1 6 1 16 1 6 1 19 6 14 4 8 2 4 2 10 5 1 17 6 18 6 16 6 18 6 17, zy
1364: 1 5 10 2 4 2 8 4 16 6 18 6 18 6 18 6 16 4 8 2 4 2 10 5 1 17 6 18 6 18 6 18 6 16 4 8 2 4 2 10 5 1 17 6 18 4 6 2 6 2 6 4 18 6 17 1 5 10 2 4 2 8 4 16 6 18 6 18 6 18 6 17, zy
1365: 1 5 12 2 2 2 10 2 4 2 6 2 6 2 6 2 8 4 16 6 19 1 5 12 2 2 2 10 4 14 4 10 4 14 4 10 2 2 2 12 5 1 19 6 16 4 8 2 6 2 6 2 6 2 4 2 10 2 2 2 12 5 1 19 6 18 6 18 6 18 6 19, zy
1366: 1 5 12 2 2 2 10 2 4 2 6 2 8 4 16 6 20 6 16 4 8 2 6 2 4 2 10 2 2 2 12 5 1 19 6 16 4 10 4 14 4 10 2 4 2 8 4 16 5 1 21 6 16 6 21 1 5 16 4 8 2 4 2 10 4 14 4 10 4 16 6 19, zy
1367: 1 5 12 2 2 2 10 4 10 2 2 2 12 5 1 19 6 16 6 18 6 16 6 18 6 16 6 19 1 5 12 2 2 2 10 4 10 2 2 2 12 5 1 20 1 5 16 6 17 1 6 1 18 1 5 12 4 12 4 12 5 1 18 1 6 1 17 6 16 5 1 20, zy
1368: 1 5 12 2 2 2 10 4 12 2 2 2 8 2 4 2 8 2 4 2 8 2 2 2 12 4 10 2 2 2 12 5 1 19 6 16 6 20 6 14 4 10 2 2 2 12 5 1 19 6 16 4 8 4 16 6 19 1 5 12 2 2 2 10 4 14 6 20 6 16 6 19, zy
1369: 1 5 12 2 2 2 10 4 12 4 10 2 2 2 12 5 1 19 6 16 4 6 2 8 4 14 5 1 19 6 17 1 5 12 5 1 17 6 19 1 5 14 4 8 2 6 4 16 6 19 1 5 12 2 2 2 10 4 12 4 10 2 2 2 12 5 1 19 6 16 6 19, zy
1370: 1 5 12 2 2 2 10 4 14 4 8 2 4 2 10 4 12 4 14 6 20 6 14 4 12 4 10 2 4 2 8 4 14 4 10 2 2 2 12 5 1 19 6 16 4 8 4 16 4 8 4 16 6 20 7 1 14 1 7 20 6 16 4 8 4 16 4 8 4 16 6 19, zy
1371: 1 5 12 2 2 2 10 4 14 4 8 2 6 2 6 2 6 2 6 2 6 2 6 2 6 2 6 2 6 2 8 4 14 4 10 2 2 2 12 5 1 19 6 16 4 10 4 12 2 2 2 10 4 14 5 1 20 1 5 14 4 10 2 2 2 12 4 10 4 16 6 19, zy
1372: 1 5 12 2 2 2 10 4 14 4 10 4 14 5 1 19 6 18 6 18 6 18 4 6 2 6 2 6 2 8 4 14 4 12 5 1 19 6 16 4 10 4 12 2 2 2 10 4 14 5 1 20 1 5 14 4 10 4 15 1 6 1 20 1 5 14 4 10 4 16 6 19, zy
1373: 1 5 12 2 2 2 10 4 14 6 20 6 16 6 18 6 19 1 5 14 4 10 4 14 5 1 19 6 18 6 16 6 20 6 14 4 10 2 2 2 12 5 1 19 6 16 6 20 6 14 4 10 2 2 2 10 2 2 2 10 2 2 2 10 4 14 6 20 6 16 6 19, zy
1374: 1 5 12 2 2 2 10 4 14 6 20 6 16 6 18 6 19 1 5 14 4 10 4 14 5 1 19 6 18 6 16 6 20 6 14 4 10 2 2 2 12 5 1 19 6 16 6 20 6 14 4 10 2 4 2 6 2 6 2 6 2 4 2 10 4 14 6 20 6 16 6 19, zy
1375: 1 5 12 2 4 2 6 2 6 2 8 4 16 6 19 1 6 1 17 6 18 4 6 2 8 2 4 2 8 2 4 2 8 2 6 4 17 1 6 1 18 1 5 12 4 14 4 10 4 15 1 6 1 19 6 18 6 18 6 19 1 5 14 5 1 19 6 18 6 18 6 19, zy
1376: 1 5 12 4 12 2 2 2 10 4 12 4 12 4 14 6 20 6 16 6 20 6 16 6 20 6 14 4 12 4 12 4 10 2 2 2 12 4 12 5 1 19 6 16 6 20 6 16 6 20 6 16 6 20 7 1 14 1 7 20 6 16 6 20 6 16 6 20 6 16 6 19, zy
1377: 1 5 12 4 12 2 2 2 10 4 14 4 10 2 2 2 12 4 12 5 1 17 4 8 4 17 1 6 1 17 6 20 6 16 5 1 20 1 6 1 15 4 8 2 6 2 6 2 6 2 8 4 15 1 6 1 20 1 5 16 6 20 6 17 1 6 1 17 4 8 4 17, zy
1378: 1 5 12 4 12 4 8 2 4 2 8 4 12 4 12 5 1 19 6 14 5 1 20 1 5 14 4 8 4 14 4 8 4 14 6 19 1 5 14 6 18 6 16 6 16 6 16 6 18 6 14 5 1 19 6 14 4 8 4 14 4 8 4 14 5 1 20 1 5 14 6 19, zy
1379: 1 5 12 4 12 4 10 4 12 4 12 4 10 4 14 6 19 1 5 14 6 20 6 12 2 2 2 10 4 10 4 14 4 8 2 4 2 8 4 14 4 10 4 10 2 2 2 12 6 20 6 14 5 1 19 6 14 4 10 4 12 4 12 4 10 4 12 4 12 5 1 18, zy
1380: 1 5 12 4 12 4 12 4 8 2 6 2 4 2 10 4 10 4 14 4 10 4 10 2 4 2 6 2 8 4 12 4 12 4 12 5 1 19 6 14 4 10 4 14 6 18 4 6 4 18 7 1 13 4 10 4 13 1 7 18 4 6 4 18 6 14 4 10 4 14 6 19, zy
1381: 1 5 12 4 12 4 12 4 10 2 4 2 8 4 16 6 18 6 19 1 5 14 4 10 4 14 4 10 4 14 5 1 19 6 18 6 16 4 8 2 4 2 10 4 12 4 12 4 12 5 1 17 6 20 6 14 4 10 4 14 4 10 4 14 4 10 4 14 6 20 6 17, zy
1382: 1 5 12 4 12 4 12 4 12 2 2 2 8 2 6 4 17 1 6 1 17 4 6 2 8 2 2 2 12 4 12 4 12 4 12 5 1 17 4 6 2 8 2 4 2 8 2 2 2 12 4 12 4 12 4 12 4 12 4 12 2 2 2 8 2 4 2 8 2 6 4 17, zy
1383: 1 5 12 4 12 4 12 4 12 4 12 4 12 2 2 2 8 2 4 2 8 2 4 2 8 2 2 2 12 4 12 4 12 4 12 4 12 4 12 5 1 17 4 8 4 16 6 20 6 14 4 12 4 12 5 1 18 1 5 12 4 12 4 14 6 20 6 16 4 8 4 17, zy
1384: 1 5 12 4 12 4 12 4 12 4 12 4 12 4 12 5 1 17 4 8 4 16 6 18 4 6 2 6 2 8 4 14 4 10 4 14 5 1 19 6 17 1 6 1 17 6 19 1 5 14 4 10 4 14 4 10 4 14 6 21 1 5 16 6 20 6 14 4 12 5 1 18, zy
1385: 1 5 12 4 12 4 12 4 12 4 12 5 1 18 1 6 1 17 6 16 4 8 2 6 4 16 6 20 7 1 15 6 19 1 6 1 15 4 8 2 6 4 16 4 6 2 8 4 15 1 6 1 19 6 15 1 7 20 6 16 4 6 2 8 4 16 6 17 1 6 1 18, zy
1386: 1 5 12 4 12 4 14 4 10 4 14 4 10 4 16 6 19 1 5 12 4 14 4 10 2 2 2 12 4 10 4 16 6 20 6 16 4 10 4 12 2 2 2 10 4 14 4 12 5 1 19 6 16 4 10 4 14 4 10 4 14 4 12 4 12 5 1 17 4 8 4 17, zy
1387: 1 5 12 4 12 4 14 5 1 20 1 5 14 4 10 4 15 1 6 1 20 1 5 14 4 12 4 10 2 4 2 8 4 16 4 8 4 16 4 8 2 4 2 10 4 12 4 14 5 1 20 1 6 1 15 4 10 4 14 5 1 20 1 5 14 4 12 4 12 5 1 18, zy
1388: 1 5 12 4 13 1 7 20 7 1 13 4 12 5 1 19 6 14 4 10 4 12 4 12 4 10 4 14 5 1 19 6 16 4 6 2 8 4 14 6 20 7 1 14 1 7 20 6 14 4 8 2 6 4 16 6 19 1 5 14 4 10 4 12 4 12 4 10 4 14 6 19, zy
1389: 1 5 12 4 14 4 8 2 6 2 6 2 6 2 6 4 18 4 6 2 6 2 6 2 6 2 8 4 14 4 12 5 1 19 6 16 4 10 4 14 5 1 21 7 1 15 4 10 4 14 5 1 20 1 5 14 4 10 4 15 1 7 21 1 5 14 4 10 4 16 6 19, zy
1390: 1 5 12 4 14 4 8 2 6 2 8 4 14 4 12 5 1 17 4 8 2 4 2 10 4 14 5 1 20 1 5 14 4 12 4 12 4 12 4 14 5 1 20 1 5 14 4 10 2 4 2 8 4 17 1 5 12 4 14 4 8 2 6 2 8 4 14 4 12 5 1 18, zy
1391: 1 5 12 4 14 4 12 5 1 19 6 16 4 10 4 14 4 10 4 16 6 19 1 5 12 4 15 1 6 1 19 6 16 4 8 2 6 2 6 2 6 2 6 2 6 2 8 4 16 6 19 1 6 1 15 4 12 5 1 19 6 16 4 10 4 14 4 10 4 16 6 19, zy
1392: 1 5 12 4 14 6 18 6 16 4 8 4 15 1 6 1 19 6 14 5 1 19 6 14 4 10 4 14 6 19 1 5 14 6 19 1 6 1 15 4 8 4 16 6 18 6 14 4 12 5 1 19 6 14 4 10 4 14 6 18 4 6 4 18 6 14 4 10 4 14 6 19, zy
1393: 1 5 12 4 14 6 20 6 16 4 8 2 4 2 10 4 12 4 12 4 12 4 10 2 4 2 8 4 16 6 20 6 14 4 12 5 1 19 6 16 6 20 6 16 6 20 6 16 6 20 7 1 15 6 20 6 15 1 7 20 6 16 6 20 6 16 6 20 6 16 6 19, zy
1394: 1 5 12 4 14 6 20 6 16 6 19 1 5 14 5 1 20 1 5 16 6 18 4 6 2 6 2 6 2 6 2 6 2 6 2 6 2 6 2 6 4 18 6 16 5 1 20 1 5 14 5 1 19 6 16 6 20 6 14 4 12 5 1 18 1 6 1 16 1 6 1 18, zy
1395: 1 5 12 4 14 6 20 6 16 6 20 6 15 1 6 1 20 1 5 16 6 18 4 6 2 8 4 15 1 6 1 19 6 16 6 20 6 16 6 19 1 6 1 15 4 8 2 6 4 18 6 16 5 1 20 1 6 1 15 6 20 6 16 6 20 6 14 4 12 5 1 18, zy
1396: 1 5 12 5 1 17 6 18 6 14 4 10 4 14 6 19 1 5 14 6 20 7 1 14 1 7 19 1 6 1 15 4 8 4 15 1 6 1 18 1 6 1 15 4 8 4 15 1 6 1 19 7 1 14 1 7 20 6 14 5 1 19 6 14 4 10 4 14 6 18 6 17, zy
1397: 1 5 12 5 1 17 6 18 6 18 6 16 4 8 4 16 6 19 1 5 14 4 10 4 12 4 14 6 19 1 6 1 15 4 8 2 6 4 16 4 6 2 8 4 15 1 6 1 19 6 14 4 12 4 10 4 14 5 1 19 6 16 4 8 4 16 6 18 6 18 6 17, zy
1398: 1 5 12 5 1 17 6 19 1 5 14 5 1 19 6 16 4 8 4 16 6 20 7 1 15 6 19 1 6 1 15 4 10 4 12 4 14 6 20 6 14 4 12 4 10 4 15 1 6 1 19 6 15 1 7 20 6 16 4 8 4 16 6 19 1 5 14 5 1 19 6 17, zy
1399: 1 5 14 4 8 2 4 2 8 2 4 2 6 2 6 2 6 4 16 6 19 1 5 14 4 8 2 6 4 16 6 16 4 8 4 16 6 16 4 6 2 8 4 14 5 1 19 6 16 4 6 2 6 2 6 2 4 2 8 2 4 2 8 4 14 5 1 19 6 16 6 19, zy
1400: 1 5 14 4 8 2 4 2 8 4 15 1 6 1 17 6 18 6 14 4 10 4 14 6 18 6 17 1 6 1 15 4 8 2 4 2 8 4 14 5 1 19 6 16 6 18 6 14 4 10 4 14 6 19 1 5 14 5 1 19 6 14 4 10 4 14 6 18 6 16 6 19, zy
1401: 1 5 14 4 10 2 2 2 12 4 10 4 16 6 19 1 5 14 5 1 20 1 5 14 4 12 4 10 4 16 6 19 1 6 1 16 1 6 1 19 6 16 4 10 4 12 4 14 5 1 20 1 5 14 5 1 19 6 16 4 10 4 12 2 2 2 10 4 14 5 1 20, zy
1402: 1 5 14 4 10 2 2 2 12 4 12 4 12 4 12 4 14 6 21 1 5 16 6 20 6 16 4 8 2 6 2 6 4 18 4 6 2 6 2 8 4 16 6 20 6 16 5 1 21 6 14 4 12 4 12 4 12 4 12 2 2 2 10 4 14 5 1 19 6 18 6 19, zy
1403: 1 5 14 4 10 2 4 2 8 4 16 6 21 1 5 17 1 6 1 17 6 20 6 16 5 1 20 1 6 1 15 5 1 20 1 5 15 1 6 1 20 1 5 16 6 20 6 17 1 6 1 17 5 1 21 6 16 4 8 2 4 2 10 4 14 5 1 19 6 18 6 19, zy
1404: 1 5 14 4 10 4 14 4 10 2 2 2 10 2 2 2 10 2 4 2 6 2 6 2 6 2 4 2 10 2 2 2 10 2 2 2 10 4 14 4 10 4 14 5 1 19 6 18 6 18 6 16 4 10 4 14 5 1 20 1 5 14 4 10 4 16 6 18 6 18 6 19, zy
1405: 1 5 14 4 10 4 14 4 10 2 2 2 10 2 4 2 6 2 6 2 6 2 6 2 6 2 6 2 6 2 4 2 10 2 2 2 10 4 14 4 10 4 14 5 1 19 6 18 6 18 6 16 4 10 4 14 5 1 20 1 5 14 4 10 4 16 6 18 6 18 6 19, zy
1406: 1 5 14 4 10 4 14 4 10 4 14 4 10 4 14 4 10 4 14 4 10 4 14 5 1 20 1 5 15 1 6 1 20 1 5 14 4 12 4 10 4 16 6 18 6 19 1 5 14 5 1 19 6 18 6 16 4 10 4 12 4 14 5 1 20 1 6 1 15 5 1 20, zy
1407: 1 5 14 4 10 4 14 4 10 4 14 4 10 4 14 4 10 4 14 5 1 20 1 5 15 1 6 1 20 1 5 14 4 12 4 10 4 16 6 18 6 19 1 5 14 4 10 4 14 5 1 19 6 18 6 16 4 10 4 12 4 14 5 1 20 1 6 1 15 5 1 20, zy
1408: 1 5 14 4 10 4 14 4 10 4 14 4 10 4 14 5 1 20 1 5 14 4 10 4 15 1 6 1 20 1 5 14 4 12 4 10 4 16 6 18 6 19 1 5 14 5 1 19 6 18 6 16 4 10 4 12 4 14 5 1 20 1 6 1 15 4 10 4 14 5 1 20, zy
1409: 1 5 14 4 10 4 14 4 10 4 14 4 10 4 14 5 1 20 1 5 14 5 1 20 1 5 15 1 6 1 20 1 5 14 4 10 4 14 4 10 4 14 5 1 20 1 5 14 4 10 4 14 4 10 4 14 5 1 20 1 6 1 15 5 1 20 1 5 14 5 1 20, zy
1410: 1 5 14 4 12 4 10 2 4 2 8 2 4 2 10 4 12 4 14 6 21 1 5 14 4 12 4 12 4 14 6 20 6 18 6 18 6 18 6 20 6 14 4 12 4 12 4 14 5 1 21 6 14 4 12 4 10 2 4 2 8 2 4 2 10 4 12 4 14 5 1 20, zy
1411: 1 5 14 4 12 4 10 2 4 2 8 4 16 4 8 2 4 2 10 4 12 4 14 5 1 21 6 14 4 10 2 4 2 8 4 16 6 20 6 16 5 1 21 6 14 4 12 4 12 4 12 4 14 6 21 1 5 16 6 20 6 16 4 8 2 4 2 10 4 14 6 21, zy
1412: 1 5 14 4 12 4 12 4 10 2 4 2 8 2 4 2 8 2 4 2 8 2 4 2 8 2 4 2 10 4 12 4 12 4 14 5 1 21 6 14 4 10 2 4 2 8 4 16 6 20 7 1 13 4 12 4 13 1 7 20 6 16 4 8 2 4 2 10 4 14 6 21, zy
1413: 1 5 14 4 12 4 12 4 12 2 2 2 10 4 14 4 10 2 2 2 12 4 12 4 12 4 14 5 1 20 1 6 1 15 5 1 20 1 5 14 4 12 4 12 4 12 4 14 5 1 20 1 5 14 4 12 4 12 4 12 4 14 5 1 20 1 5 15 1 6 1 20, zy
1414: 1 5 14 5 1 19 6 14 4 10 4 14 6 18 6 18 7 1 13 4 10 4 12 4 10 2 4 2 6 2 4 2 10 4 10 2 2 2 10 2 2 2 10 4 10 2 4 2 6 2 4 2 10 4 12 4 10 4 13 1 7 18 6 18 6 14 4 10 4 14 6 19, zy
1415: 1 5 14 5 1 19 6 16 4 6 2 8 4 14 4 8 2 6 4 16 6 19 1 5 14 5 1 20 1 5 15 1 6 1 19 6 16 6 18 6 18 6 15 1 7 20 6 14 4 10 4 14 6 20 7 1 15 6 18 6 18 6 16 6 19 1 6 1 15 5 1 20, zy
1416: 1 5 14 5 1 19 6 18 6 16 4 8 2 6 4 18 6 16 5 1 21 6 14 4 10 4 14 4 10 2 2 2 10 2 2 2 10 2 2 2 10 2 2 2 10 2 2 2 10 4 14 4 10 4 14 6 21 1 5 16 6 18 4 6 2 8 4 16 6 18 6 19, zy
1417: 1 5 14 5 1 19 6 18 6 16 4 8 2 6 4 18 6 16 5 1 21 6 14 4 10 4 14 4 10 2 2 2 10 2 4 2 6 2 6 2 6 2 4 2 10 2 2 2 10 4 14 4 10 4 14 6 21 1 5 16 6 18 4 6 2 8 4 16 6 18 6 19, zy
1418: 1 5 14 5 1 19 6 18 6 16 4 8 2 6 4 18 6 16 5 1 21 6 14 4 10 4 14 4 10 2 4 2 6 2 6 2 6 2 6 2 6 2 6 2 6 2 4 2 10 4 14 4 10 4 14 6 21 1 5 16 6 18 4 6 2 8 4 16 6 18 6 19, zy
1419: 1 5 14 5 1 19 6 18 6 16 4 10 4 12 2 2 2 10 4 14 6 21 1 5 16 6 19 1 6 1 17 6 18 6 18 6 18 6 18 6 18 6 18 6 18 6 17 1 6 1 19 6 16 5 1 21 6 14 4 10 2 2 2 12 4 10 4 16 6 18 6 19, zy
1420: 1 5 14 6 20 6 14 5 1 19 6 16 6 18 6 16 6 18 6 16 6 18 6 16 6 19 1 5 14 6 20 6 14 5 1 20 1 5 15 1 6 1 19 6 14 4 10 4 13 1 7 18 4 6 4 18 7 1 13 4 10 4 14 6 19 1 6 1 15 5 1 20, zy
1421: 1 5 15 1 6 1 20 1 6 1 15 5 1 21 6 14 4 12 4 12 4 12 4 14 6 21 1 5 16 6 20 6 16 4 8 2 6 2 4 2 10 2 2 2 10 2 4 2 6 2 8 4 16 6 20 6 16 5 1 21 6 14 4 12 4 12 4 12 4 14 6 21, zy
1422: 1 5 16 4 6 2 8 2 2 2 12 4 10 4 16 6 17 1 6 1 18 1 6 1 17 6 16 4 10 4 12 2 2 2 8 2 6 4 16 5 1 21 6 14 4 10 4 14 4 10 4 14 6 21 1 5 16 5 1 21 6 14 4 10 4 14 4 10 4 14 6 21, zy
1423: 1 5 16 4 6 2 8 2 4 2 8 4 15 1 6 1 19 6 16 4 8 4 16 6 19 1 6 1 15 4 8 2 4 2 8 2 6 4 16 5 1 21 6 14 4 10 4 14 4 10 4 14 6 21 1 5 16 5 1 21 6 14 4 10 4 14 4 10 4 14 6 21, zy
1424: 1 5 16 4 8 2 6 2 8 4 16 4 10 4 16 6 21 1 5 16 5 1 21 6 16 4 10 4 16 4 8 2 6 2 8 4 16 5 1 21 6 16 4 10 2 4 2 8 2 4 2 10 4 14 4 12 4 14 4 10 2 4 2 8 2 4 2 10 4 16 6 21, zy
1425: 1 5 16 4 8 4 17 1 6 1 18 1 6 1 17 4 8 4 16 4 8 4 17 1 6 1 18 1 6 1 17 4 8 4 16 5 1 21 6 16 6 21 1 5 16 5 1 21 6 16 6 21 1 5 16 5 1 21 6 16 6 21 1 5 16 5 1 21 6 16 6 21, zy
1426: 1 5 16 4 8 4 18 6 18 6 18 6 20 6 16 6 20 6 18 6 18 6 18 4 8 4 16 5 1 21 6 16 6 20 6 18 6 18 6 18 6 20 6 16 5 1 21 6 14 4 12 4 14 6 21 1 5 16 6 20 6 18 6 18 6 18 6 20 6 16 6 21, zy
1427: 1 5 16 5 1 21 6 14 4 10 2 4 2 8 4 16 6 18 6 20 7 1 13 4 12 4 12 4 12 4 12 4 12 4 12 4 12 4 12 4 12 4 12 4 12 4 12 4 12 4 12 4 12 4 13 1 7 20 6 18 6 16 4 8 2 4 2 10 4 14 6 21, zy
1428: 1 5 16 6 20 6 14 4 14 6 20 6 16 6 21 1 5 16 6 20 6 16 5 1 21 6 16 6 20 6 14 4 14 6 20 6 16 5 1 21 6 14 4 12 4 12 4 12 4 10 2 4 2 8 2 4 2 8 2 4 2 10 4 12 4 12 4 12 4 14 6 21, zy
1429: 1 6 1 15 4 8 2 4 2 8 4 14 4 8 2 6 4 15 1 7 20 6 15 1 6 1 19 6 16 6 16 4 8 4 16 6 16 6 19 1 6 1 15 6 20 7 1 15 4 6 2 8 4 14 4 8 2 4 2 8 4 15 1 6 1 19 7 1 14 1 7 19, zy
1430: 1 7 20 6 16 4 8 2 6 4 16 4 8 2 4 2 8 2 4 2 8 2 4 2 8 2 4 2 8 2 4 2 8 4 16 4 6 2 8 4 16 6 20 7 1 15 6 20 6 16 6 20 6 16 6 20 7 1 14 1 7 20 6 16 6 20 6 16 6 20 6 15, zy
1431: 1 5 12 2 2 2 10 4 14 5 1 19 6 18 6 18 6 18 6 18 6 18 6 17 1 6 1 19 6 16 6 20 6 16 5 1 21 6 14 4 10 2 4 2 6 2 8 4 16 6 18 4 6 2 8 4 16 6 18 4 6 2 8 4 15 1 6 1 20 1 5 16 6 19, zy
1432: 1 5 12 2 2 2 10 4 14 6 20 6 16 4 8 4 17 1 5 12 4 12 4 12 4 12 5 1 17 4 8 4 16 6 20 6 14 4 10 2 2 2 12 5 1 19 6 16 4 8 2 4 2 8 2 4 2 10 4 12 4 10 2 4 2 8 2 4 2 8 4 16 6 19, zy
1433: 1 5 12 2 2 2 12 5 1 19 6 17 1 6 1 19 6 16 5 1 20 1 6 1 15 4 8 2 6 2 6 2 6 2 6 2 8 4 15 1 6 1 20 1 5 15 1 6 1 20 1 6 1 15 5 1 20 1 6 1 15 4 10 4 14 5 1 19 6 18 6 18 6 19, zy
1434: 1 5 12 4 10 2 2 2 10 4 14 6 18 6 17 1 5 12 5 1 17 6 18 6 14 4 10 2 2 2 10 4 12 5 1 17 4 6 2 6 2 4 2 10 4 10 2 2 2 10 2 2 2 10 4 10 2 2 2 10 2 2 2 10 4 10 2 4 2 6 2 6 4 17, zy
1435: 1 5 12 4 12 4 12 4 12 2 2 2 8 2 6 4 17 1 6 1 17 4 6 2 8 2 2 2 12 4 12 4 12 4 12 5 1 17 4 8 4 16 4 6 2 8 2 4 2 8 2 4 2 8 2 4 2 8 2 4 2 8 2 4 2 8 2 6 4 16 4 8 4 17, zy
1436: 1 5 12 4 12 4 12 5 1 19 6 14 4 8 2 6 4 16 6 17 1 6 1 17 6 16 4 6 2 8 4 14 6 19 1 5 12 4 12 4 12 5 1 19 6 14 5 1 18 1 6 1 17 6 16 6 18 6 16 6 18 6 16 6 17 1 6 1 18 1 5 14 6 19, zy
1437: 1 5 12 4 12 4 12 5 1 19 6 14 4 10 4 14 6 18 6 17 1 6 1 17 6 18 6 14 4 10 4 14 6 19 1 5 12 4 12 4 12 5 1 19 7 1 13 4 10 4 14 6 19 1 6 1 15 4 8 4 15 1 6 1 19 6 14 4 10 4 13 1 7 19, zy
1438: 1 5 12 4 12 4 14 6 21 1 5 16 6 20 6 16 6 20 6 16 6 21 1 5 16 4 8 2 4 2 8 2 6 4 17 1 6 1 17 4 6 2 8 2 4 2 8 4 16 5 1 21 6 16 6 20 6 16 6 20 6 16 5 1 21 6 14 4 12 4 12 5 1 18, zy
1439: 1 5 12 4 14 4 8 2 6 2 6 4 18 6 16 4 8 2 6 4 17 1 6 1 17 4 6 2 8 4 16 6 18 4 6 2 6 2 8 4 14 4 12 5 1 19 6 16 4 10 4 12 4 12 4 14 6 20 6 16 6 20 6 14 4 12 4 12 4 10 4 16 6 19, zy
1440: 1 5 12 4 14 4 10 4 14 4 10 2 4 2 8 4 16 4 8 4 17 1 6 1 17 4 8 4 16 4 8 2 4 2 10 4 14 4 10 4 14 4 12 5 1 17 4 8 2 6 4 18 6 18 6 18 6 20 6 16 6 20 6 18 6 18 6 18 4 6 2 8 4 17, zy
1441: 1 5 12 4 14 6 20 6 16 4 8 2 4 2 10 4 12 4 12 4 12 4 12 4 12 4 12 4 10 2 4 2 8 4 16 6 20 6 14 4 12 5 1 19 6 16 6 20 6 16 6 20 6 16 6 20 7 1 14 1 7 20 6 16 6 20 6 16 6 20 6 16 6 19, zy
1442: 1 5 12 4 14 6 21 1 5 16 6 20 7 1 13 4 12 4 12 4 12 4 12 4 12 4 12 4 12 4 12 4 13 1 7 20 6 16 5 1 21 6 14 4 12 5 1 18 1 6 1 17 4 8 4 16 6 20 7 1 14 1 7 20 6 16 4 8 4 17 1 6 1 18, zy
1443: 1 5 12 4 14 6 21 1 5 16 6 20 7 1 13 4 12 4 12 4 12 4 12 4 12 4 13 1 7 20 6 16 5 1 21 6 14 4 12 5 1 18 1 6 1 17 4 8 4 16 6 20 7 1 13 4 12 4 12 4 13 1 7 20 6 16 4 8 4 17 1 6 1 18, zy
1444: 1 5 12 5 1 17 6 18 6 18 6 16 4 8 4 16 6 19 1 5 14 4 10 4 12 4 14 6 19 1 6 1 15 4 8 2 4 2 10 4 10 2 4 2 8 4 15 1 6 1 19 6 14 4 12 4 10 4 14 5 1 19 6 16 4 8 4 16 6 18 6 18 6 17, zy
1445: 1 5 14 4 10 2 2 2 12 4 12 4 12 4 12 4 12 2 2 2 10 4 14 5 1 20 1 5 15 1 6 1 20 1 5 14 4 12 4 10 2 4 2 8 2 6 4 17 1 6 1 17 4 6 2 8 2 4 2 10 4 12 4 14 5 1 20 1 6 1 15 5 1 20, zy
1446: 1 5 14 4 10 2 4 2 8 4 16 4 8 2 4 2 10 4 14 5 1 20 1 6 1 15 5 1 20 1 5 14 4 10 4 16 6 20 6 16 5 1 21 6 14 4 12 4 12 4 14 6 21 1 5 16 6 20 6 16 4 10 4 14 5 1 20 1 5 15 1 6 1 20, zy
1447: 1 5 14 4 10 4 14 5 1 19 6 17 1 6 1 17 6 19 1 5 14 4 10 4 14 5 1 19 6 18 6 16 5 1 21 7 1 15 5 1 20 1 5 14 5 1 19 6 16 4 8 4 16 6 19 1 5 14 5 1 20 1 5 15 1 7 21 1 5 16 6 18 6 19, zy
1448: 1 5 14 4 12 4 10 2 4 2 8 2 4 2 8 4 16 4 8 4 17 1 6 1 17 4 8 4 16 4 8 2 4 2 8 2 4 2 10 4 12 4 14 5 1 21 6 14 4 10 2 4 2 8 4 16 6 20 6 16 6 20 6 16 4 8 2 4 2 10 4 14 6 21, zy
1449: 1 5 14 4 12 4 12 4 12 4 12 4 12 4 14 6 21 1 5 14 4 12 4 12 4 12 4 12 4 14 5 1 21 6 14 4 12 4 12 4 12 4 12 4 12 4 14 5 1 21 6 14 4 12 4 10 2 4 2 8 2 4 2 8 2 4 2 10 4 12 4 14 6 21, zy
1450: 1 5 14 4 12 4 12 4 14 5 1 21 7 1 15 5 1 21 6 14 4 12 4 12 4 14 6 21 1 5 15 1 7 21 1 5 14 4 12 4 12 4 14 5 1 21 7 1 15 5 1 21 7 1 15 6 21 1 5 16 5 1 21 6 15 1 7 21 1 5 15 1 7 21, zy
1451: 1 5 14 6 20 6 14 6 20 6 12 2 2 2 10 4 10 2 2 2 12 6 20 6 14 6 20 6 14 5 1 19 6 16 6 16 4 8 4 15 1 6 1 19 7 1 14 1 7 20 7 1 14 1 7 20 7 1 14 1 7 19 1 6 1 15 4 8 4 16 6 16 6 19, zy
1452: 1 5 16 4 8 4 16 4 8 2 4 2 8 2 4 2 10 4 12 4 12 4 12 4 14 6 20 6 16 4 8 2 4 2 10 4 12 4 14 6 21 1 5 16 6 20 6 14 4 12 4 12 4 12 4 12 4 12 4 12 4 12 4 12 4 12 4 14 6 20 6 16 6 21, zy
1453: 1 5 16 6 20 6 16 6 20 6 16 4 8 4 17 1 6 1 17 4 8 4 16 6 20 6 16 6 20 6 16 5 1 21 6 14 4 12 4 10 2 4 2 8 2 2 2 12 4 12 4 12 4 12 4 12 4 12 4 12 2 2 2 8 2 4 2 10 4 12 4 14 6 21, zy
1454: 1 5 16 6 20 6 16 6 20 6 16 4 8 4 17 1 6 1 17 4 8 4 16 6 20 6 16 6 20 6 16 5 1 21 6 14 4 12 4 12 4 10 2 4 2 8 2 4 2 8 4 16 4 8 4 16 4 8 2 4 2 8 2 4 2 10 4 12 4 12 4 14 6 21, zy
1455: 1 5 17 1 6 1 17 4 8 4 17 1 6 1 17 4 8 4 17 1 6 1 17 4 8 4 17 1 6 1 17 4 8 4 17 1 6 1 17 5 1 21 6 17 1 6 1 17 4 8 4 17 1 6 1 17 4 8 4 17 1 6 1 17 4 8 4 17 1 6 1 17 6 21, zy
1456: 1 5 17 1 6 1 17 4 8 4 17 1 6 1 17 6 20 6 17 1 6 1 17 6 20 6 17 1 6 1 17 4 8 4 17 1 6 1 17 5 1 21 6 17 1 6 1 17 6 20 6 17 1 6 1 17 4 8 4 17 1 6 1 17 6 20 6 17 1 6 1 17 6 21, zy
1457: 1 5 10 2 4 2 6 2 6 2 4 2 10 4 10 2 2 2 10 2 2 2 10 4 10 2 4 2 6 2 6 2 4 2 10 5 1 17 6 18 6 14 4 10 2 2 2 10 4 12 5 1 17 4 6 2 6 2 6 4 17 1 5 12 4 10 2 2 2 10 4 14 6 18 6 17, zy
1458: 1 5 12 2 2 2 8 2 2 2 12 5 1 18 1 6 1 17 6 16 5 1 20 1 5 12 2 2 2 10 4 10 2 2 2 12 5 1 19 6 16 6 18 6 16 6 18 6 16 6 19 1 5 12 2 2 2 10 4 10 2 2 2 12 5 1 20 1 5 16 6 17 1 6 1 18, zy
1459: 1 5 12 2 2 2 10 2 4 2 6 2 6 2 8 4 16 6 20 6 16 6 21 1 5 16 5 1 21 6 16 6 20 6 16 4 8 2 6 2 6 2 4 2 10 2 2 2 12 5 1 19 6 18 6 18 6 18 6 20 6 14 4 12 4 14 6 20 6 18 6 18 6 18 6 19, zy
1460: 1 5 12 2 2 2 10 4 14 5 1 20 1 5 14 4 10 2 2 2 12 5 1 19 6 16 4 8 2 6 2 4 2 10 4 14 5 1 20 1 6 1 15 4 10 4 14 5 1 20 1 5 14 4 10 4 15 1 6 1 20 1 5 14 4 10 2 4 2 6 2 8 4 16 6 19, zy
1461: 1 5 12 2 2 2 12 5 1 19 6 18 6 18 6 20 6 16 5 1 21 6 14 4 14 6 21 1 5 16 6 21 1 5 16 4 8 2 4 2 10 4 14 4 10 2 4 2 8 4 16 5 1 21 6 16 5 1 21 6 14 4 14 6 21 1 5 16 6 20 6 18 6 18 6 19, zy
1462: 1 5 12 2 4 2 6 2 6 2 6 2 8 4 16 6 20 6 16 6 21 1 5 16 5 1 21 6 16 6 20 6 16 4 10 4 14 5 1 19 6 18 4 6 2 6 2 8 4 16 6 20 6 16 6 21 1 5 16 6 21 1 5 16 4 8 2 6 4 18 6 18 6 18 6 19, zy
1463: 1 5 12 4 10 2 4 2 8 4 16 6 18 6 17 1 6 1 18 1 5 14 6 20 6 16 6 20 6 14 5 1 18 1 6 1 17 6 18 6 16 4 8 2 4 2 10 4 12 5 1 17 6 19 1 5 14 5 1 19 6 16 4 8 4 16 6 19 1 5 14 5 1 19 6 17, zy
1464: 1 5 12 4 10 2 4 2 8 4 16 6 18 6 18 6 16 4 8 2 4 2 10 4 12 5 1 17 6 19 1 5 14 5 1 19 6 16 6 20 6 14 4 12 5 1 18 1 6 1 17 6 17 1 6 1 18 1 5 12 4 14 6 20 6 16 6 19 1 5 14 5 1 19 6 17, zy
1465: 1 5 12 4 10 4 14 4 8 2 6 4 15 1 6 1 19 6 14 5 1 19 6 14 4 10 4 12 4 12 4 10 4 14 6 19 1 5 14 6 19 1 6 1 15 4 6 2 8 4 14 4 10 4 12 5 1 17 4 6 2 6 2 4 2 10 4 10 2 4 2 6 2 6 4 17, zy
1466: 1 5 12 4 10 4 14 4 10 4 12 5 1 17 6 18 6 16 4 6 2 6 2 8 4 12 4 12 4 12 5 1 19 6 14 4 10 4 12 4 12 4 10 2 2 2 10 4 12 4 12 4 10 4 14 6 19 1 5 12 4 12 4 12 4 8 2 6 2 6 4 16 6 18 6 17, zy
1467: 1 5 12 4 12 4 10 2 4 2 6 2 6 2 6 2 6 2 6 2 6 2 4 2 10 4 12 4 12 5 1 17 6 19 1 5 14 5 1 19 6 16 6 20 6 14 5 1 18 1 6 1 17 6 17 1 6 1 18 1 5 14 6 20 6 16 6 19 1 5 14 5 1 19 6 17, zy
1468: 1 5 12 4 12 4 10 2 4 2 6 4 17 1 6 1 16 1 6 1 18 1 5 12 4 12 4 12 5 1 18 1 6 1 16 1 6 1 17 4 6 2 4 2 10 4 12 4 12 5 1 18 1 6 1 16 1 6 1 17 6 18 6 16 6 18 6 17 1 6 1 16 1 6 1 18, zy
1469: 1 5 12 4 12 4 10 4 14 5 1 20 1 5 14 4 10 4 12 4 12 5 1 19 7 1 13 4 10 4 14 6 19 1 5 14 6 20 6 12 2 2 2 10 4 10 2 2 2 10 2 2 2 10 4 10 2 2 2 12 6 20 6 14 5 1 19 6 14 4 10 4 13 1 7 19, zy
1470: 1 5 12 4 12 4 10 4 14 6 19 1 5 14 5 1 20 1 5 16 6 16 4 8 4 14 4 10 4 12 4 10 4 14 4 8 4 16 6 16 5 1 20 1 5 14 5 1 19 6 14 4 10 4 12 4 12 5 1 18 1 5 12 4 12 5 1 18 1 5 12 4 12 5 1 18, zy
1471: 1 5 12 4 12 4 12 4 8 2 6 2 6 4 16 6 18 6 16 6 19 1 5 14 5 1 19 6 16 6 18 6 16 4 6 2 6 2 8 4 12 4 12 4 12 5 1 19 6 14 4 10 4 14 6 18 6 18 6 16 6 18 6 16 6 18 6 18 6 14 4 10 4 14 6 19, zy
1472: 1 5 12 4 12 4 12 4 8 2 6 4 16 6 18 6 16 6 18 6 16 4 6 2 8 4 12 4 12 4 12 5 1 19 6 16 6 16 4 8 4 16 6 16 4 6 2 8 4 14 5 1 19 6 16 6 19 1 5 14 4 8 2 6 4 16 6 16 4 8 4 16 6 16 6 19, zy
1473: 1 5 12 4 12 4 12 4 10 4 14 4 10 4 14 5 1 20 1 5 14 4 10 4 14 4 10 4 12 4 12 4 12 5 1 17 4 6 2 8 4 14 4 10 4 14 5 1 20 1 5 14 4 10 2 2 2 10 4 14 5 1 20 1 5 14 4 10 4 14 4 8 2 6 4 17, zy
1474: 1 5 12 4 12 4 12 4 12 4 12 2 2 2 8 2 4 2 8 2 4 2 8 2 4 2 8 2 4 2 8 2 2 2 12 4 12 4 12 4 12 4 12 5 1 17 4 8 4 16 6 20 6 14 4 12 4 12 5 1 18 1 5 12 4 12 4 14 6 20 6 16 4 8 4 17, zy
1475: 1 5 12 4 12 4 12 4 12 4 12 4 12 4 12 4 14 6 20 6 16 6 20 6 16 5 1 21 6 14 4 12 5 1 18 1 6 1 17 6 18 6 19 1 5 14 4 10 4 14 4 10 4 15 1 6 1 19 6 16 4 8 2 4 2 10 4 12 4 12 4 14 6 20 6 17, zy
1476: 1 5 12 4 12 4 12 5 1 17 4 6 2 8 2 2 2 12 4 10 2 4 2 8 4 14 4 12 5 1 19 6 16 4 8 2 4 2 10 4 12 4 12 4 12 4 10 2 4 2 8 4 16 6 19 1 5 12 4 14 4 8 2 4 2 10 4 12 2 2 2 8 2 6 4 17, zy
1477: 1 5 12 4 12 4 12 5 1 19 6 14 4 10 4 12 4 12 4 10 4 14 6 19 1 5 12 4 12 4 12 5 1 19 6 14 4 10 4 13 1 7 18 4 6 4 17 1 6 1 17 6 17 1 6 1 17 6 17 1 6 1 17 4 6 4 18 7 1 13 4 10 4 14 6 19, zy
1478: 1 5 12 4 12 4 14 5 1 20 1 5 14 4 10 4 15 1 6 1 20 1 5 14 4 12 4 10 2 4 2 8 2 2 2 12 4 12 4 12 2 2 2 8 2 4 2 10 4 12 4 14 5 1 20 1 6 1 15 4 10 4 14 5 1 20 1 5 14 4 12 4 12 5 1 18, zy
1479: 1 5 12 4 12 4 14 5 1 20 1 5 14 4 10 4 15 1 6 1 20 1 5 14 4 12 4 10 2 4 2 8 2 4 2 8 4 16 4 8 2 4 2 8 2 4 2 10 4 12 4 14 5 1 20 1 6 1 15 4 10 4 14 5 1 20 1 5 14 4 12 4 12 5 1 18, zy
1480: 1 5 12 4 12 4 14 6 21 1 5 16 4 8 4 16 4 8 4 16 4 8 4 16 4 8 4 16 4 8 4 16 4 8 4 16 4 8 4 16 5 1 21 6 14 4 12 4 12 5 1 18 1 5 12 4 12 4 14 6 21 1 5 16 5 1 21 6 14 4 12 4 12 5 1 18, zy
1481: 1 5 12 4 12 5 1 18 1 5 12 4 12 5 1 18 1 6 1 15 4 8 2 4 2 8 4 14 5 1 19 6 16 6 18 6 15 1 7 20 7 1 14 1 7 20 7 1 14 1 7 20 7 1 15 6 18 6 16 6 19 1 5 14 4 8 2 4 2 8 4 15 1 6 1 18, zy
1482: 1 5 12 4 14 4 8 2 6 2 4 2 10 4 12 4 12 4 13 1 7 20 6 16 5 1 21 7 1 15 6 20 6 15 1 7 21 1 5 16 6 20 7 1 13 4 12 4 12 4 10 2 4 2 6 2 8 4 14 4 12 5 1 19 6 16 4 8 4 16 4 8 4 16 6 19, zy
1483: 1 5 12 4 14 4 8 2 6 2 4 2 10 4 14 6 20 6 17 1 5 12 5 1 17 6 20 6 14 4 10 2 4 2 6 2 8 4 14 4 12 5 1 19 6 16 4 8 2 4 2 10 4 12 4 12 4 12 4 12 4 12 4 12 4 12 4 10 2 4 2 8 4 16 6 19, zy
1484: 1 5 12 4 14 4 8 2 6 2 4 2 10 4 14 6 20 6 17 1 6 1 17 6 20 6 14 4 10 2 4 2 6 2 8 4 14 4 12 5 1 19 6 16 4 8 2 4 2 10 4 12 4 12 4 12 4 12 4 12 4 12 4 12 4 12 4 10 2 4 2 8 4 16 6 19, zy
1485: 1 5 12 4 14 4 8 2 6 2 6 2 6 2 6 2 6 2 6 2 6 2 6 2 6 2 6 2 6 2 8 4 14 4 12 5 1 19 6 16 4 10 4 14 5 1 21 7 1 15 4 10 4 14 5 1 20 1 5 14 4 10 4 15 1 7 21 1 5 14 4 10 4 16 6 19, zy
1486: 1 5 12 4 14 4 8 2 6 2 6 2 6 2 6 2 6 2 6 2 6 2 8 4 14 4 12 5 1 19 6 16 4 8 2 6 2 4 2 10 4 14 4 10 4 14 5 1 19 6 18 6 18 6 18 6 19 1 5 14 4 10 4 14 4 10 2 4 2 6 2 8 4 16 6 19, zy
1487: 1 5 12 4 14 4 8 2 6 4 18 6 16 4 8 2 6 4 17 1 6 1 17 4 6 2 8 4 16 6 18 4 6 2 8 4 14 4 12 5 1 19 6 16 4 8 2 4 2 10 4 12 4 12 4 12 4 12 4 12 4 12 4 12 4 12 4 10 2 4 2 8 4 16 6 19, zy
1488: 1 5 12 4 14 4 8 2 8 4 14 4 12 5 1 18 1 6 1 17 4 6 2 8 2 4 2 10 4 12 4 14 5 1 20 1 6 1 15 4 8 2 6 2 6 2 6 2 6 2 8 4 15 1 6 1 20 1 5 14 4 12 4 10 2 4 2 8 2 6 4 17 1 6 1 18, zy
1489: 1 5 12 4 14 4 10 4 14 4 10 4 14 4 12 5 1 19 6 17 1 6 1 19 6 16 4 8 2 4 2 10 4 14 5 1 20 1 6 1 15 4 10 4 14 4 10 4 14 4 10 4 15 1 6 1 20 1 5 14 4 10 2 4 2 8 4 16 6 19 1 6 1 17 6 19, zy
1490: 1 5 12 4 14 5 1 19 6 18 4 6 2 8 4 16 5 1 21 6 16 6 21 1 5 16 4 8 2 6 4 18 6 19 1 5 14 4 12 5 1 17 4 8 2 4 2 10 4 14 5 1 19 6 18 6 20 6 16 6 20 6 18 6 19 1 5 14 4 10 2 4 2 8 4 17, zy
1491: 1 5 12 4 14 5 1 20 1 5 14 4 12 5 1 19 6 16 5 1 21 6 14 4 10 4 16 6 18 6 19 1 5 14 4 10 4 14 4 10 4 14 4 10 4 14 4 10 4 14 4 10 4 14 4 10 4 14 5 1 19 6 18 6 16 4 10 4 14 6 21 1 5 16 6 19, zy
1492: 1 5 12 4 14 5 1 20 1 5 15 1 6 1 19 6 17 1 6 1 17 6 19 1 5 14 4 10 4 14 4 10 4 14 5 1 19 6 17 1 6 1 17 6 19 1 6 1 15 5 1 20 1 5 14 4 12 5 1 18 1 6 1 17 6 18 6 18 6 18 6 17 1 6 1 18, zy
1493: 1 5 12 4 14 6 18 6 16 4 8 4 15 1 6 1 19 6 14 5 1 19 6 14 4 10 4 14 6 19 1 5 14 6 19 1 6 1 15 4 8 4 16 6 18 6 14 4 12 5 1 19 6 14 4 10 4 12 4 12 4 10 2 2 2 10 4 12 4 12 4 10 4 14 6 19, zy
1494: 1 5 12 4 14 6 20 6 14 4 10 2 4 2 6 2 4 2 10 4 14 6 20 6 14 4 10 2 4 2 6 2 4 2 10 4 14 6 20 6 14 4 12 5 1 19 6 16 6 18 6 18 6 18 6 16 6 20 7 1 14 1 7 20 6 16 6 18 6 18 6 18 6 16 6 19, zy
1495: 1 5 12 4 14 6 20 6 14 4 12 5 1 19 6 16 6 18 6 18 6 18 6 16 6 20 7 1 15 6 18 4 6 2 6 2 6 2 6 2 6 4 18 6 16 6 18 4 6 2 6 2 6 2 6 2 6 4 18 6 15 1 7 20 6 16 6 18 6 18 6 18 6 16 6 19, zy
1496: 1 5 12 4 14 6 20 6 16 4 8 2 4 2 8 2 4 2 10 4 12 4 10 2 4 2 8 2 4 2 8 4 16 6 20 6 14 4 12 5 1 19 6 16 6 20 6 16 6 20 6 16 6 20 7 1 15 6 20 6 15 1 7 20 6 16 6 20 6 16 6 20 6 16 6 19, zy
1497: 1 5 12 4 14 6 20 6 16 4 8 2 4 2 8 2 6 4 16 4 8 4 16 4 8 4 16 4 6 2 8 2 4 2 8 4 16 6 20 6 14 4 12 5 1 19 6 16 6 20 6 16 6 20 6 16 6 20 7 1 14 1 7 20 6 16 6 20 6 16 6 20 6 16 6 19, zy
1498: 1 5 12 5 1 17 6 18 6 14 4 10 4 14 6 19 1 5 14 5 1 20 1 5 16 6 16 4 8 4 15 1 6 1 18 1 6 1 15 4 8 4 15 1 6 1 18 1 6 1 15 4 8 4 16 6 16 5 1 20 1 5 14 5 1 19 6 14 4 10 4 14 6 18 6 17, zy
1499: 1 5 14 4 8 2 4 2 8 4 15 1 6 1 18 1 6 1 15 4 8 2 4 2 8 4 14 5 1 19 6 16 6 18 6 16 6 18 6 16 6 19 1 5 14 4 8 4 16 6 18 6 16 6 18 6 16 4 8 4 14 5 1 19 6 16 6 18 6 16 6 18 6 16 6 19, zy
1500: 1 5 14 4 8 2 6 2 4 2 8 2 4 2 8 4 15 1 6 1 19 6 15 1 7 20 6 16 6 17 1 6 1 19 6 14 4 10 4 14 6 19 1 6 1 17 6 16 6 20 7 1 15 6 19 1 6 1 15 4 8 2 4 2 8 2 4 2 6 2 8 4 14 5 1 20, zy
1501: 1 5 14 4 8 2 6 4 16 6 17 1 6 1 17 6 16 4 6 2 8 4 14 5 1 20 1 5 15 1 6 1 19 6 14 5 1 19 6 14 4 10 4 12 4 12 4 10 4 12 4 12 4 10 4 12 4 12 4 10 4 14 6 19 1 5 14 6 19 1 6 1 15 5 1 20, zy
1502: 1 5 14 4 8 2 6 4 16 6 18 6 16 6 18 6 16 4 6 2 8 4 14 5 1 19 6 16 6 18 6 16 4 6 2 8 4 14 6 20 6 14 5 1 19 6 16 6 18 6 16 6 18 6 16 6 19 1 5 14 6 20 6 14 4 8 2 6 4 16 6 18 6 16 6 19, zy
1503: 1 5 14 4 8 2 6 4 16 6 18 6 16 6 19 1 5 14 5 1 19 6 16 6 18 6 16 4 6 2 8 4 14 5 1 19 6 16 4 6 2 6 2 6 2 6 2 4 2 8 2 4 2 8 4 14 4 8 2 4 2 8 2 4 2 6 2 6 2 6 2 6 4 16 6 19, zy
1504: 1 5 14 4 8 4 16 6 18 6 16 6 18 6 16 6 19 1 5 14 5 1 19 6 16 6 18 6 16 6 18 6 16 4 8 4 14 5 1 19 6 16 6 18 6 16 4 6 2 6 2 6 2 6 4 16 6 18 6 16 4 6 2 6 2 6 2 6 4 16 6 18 6 16 6 19, zy
1505: 1 5 14 4 10 2 2 2 10 4 14 5 1 19 6 18 6 16 6 20 6 15 1 6 1 20 1 5 16 6 19 1 5 14 5 1 19 6 17 1 6 1 17 6 18 6 17 1 6 1 17 6 19 1 5 14 5 1 19 6 16 5 1 20 1 6 1 15 6 20 6 16 6 18 6 19, zy
1506: 1 5 14 4 10 2 2 2 12 4 12 4 12 4 12 4 14 6 21 1 5 16 6 20 6 16 4 8 2 6 2 6 2 4 2 10 2 4 2 6 2 6 2 8 4 16 6 20 6 16 5 1 21 6 14 4 12 4 12 4 12 4 12 2 2 2 10 4 14 5 1 19 6 18 6 19, zy
1507: 1 5 14 4 10 2 2 2 12 4 12 4 12 4 12 4 14 6 21 1 5 16 6 20 6 16 4 8 2 6 2 6 2 6 2 6 2 6 2 6 2 6 2 8 4 16 6 20 6 16 5 1 21 6 14 4 12 4 12 4 12 4 12 2 2 2 10 4 14 5 1 19 6 18 6 19, zy
1508: 1 5 14 4 10 2 4 2 6 2 6 2 6 2 6 2 6 2 6 4 18 6 17 1 6 1 17 6 18 4 6 2 6 2 6 2 6 2 6 2 6 2 4 2 10 4 14 5 1 19 6 18 6 16 4 10 4 12 4 12 4 12 4 12 4 12 4 12 4 10 4 16 6 18 6 19, zy
1509: 1 5 14 4 10 2 4 2 8 2 4 2 8 4 17 1 6 1 17 6 20 6 16 5 1 21 6 14 4 12 4 14 6 20 6 18 6 18 6 18 6 20 6 14 4 12 4 14 6 21 1 5 16 6 20 6 17 1 6 1 17 4 8 2 4 2 8 2 4 2 10 4 14 5 1 20, zy
1510: 1 5 14 4 10 2 4 2 8 4 16 4 8 2 4 2 10 4 14 5 1 20 1 5 15 1 6 1 20 1 5 14 4 12 4 12 4 14 5 1 21 7 1 15 6 21 1 5 16 5 1 21 6 15 1 7 21 1 5 14 4 12 4 12 4 14 5 1 20 1 6 1 15 5 1 20, zy
1511: 1 5 14 4 10 4 12 4 10 4 14 4 8 4 15 1 6 1 18 1 6 1 15 4 8 4 14 4 10 4 12 4 10 4 14 5 1 19 6 16 6 18 6 16 6 18 6 16 6 19 1 5 14 4 10 4 12 4 10 4 14 5 1 19 6 16 6 18 6 16 6 18 6 16 6 19, zy
1512: 1 5 14 4 10 4 14 4 10 4 14 4 10 4 14 5 1 20 1 5 14 4 10 4 15 1 6 1 20 1 5 16 6 18 6 19 1 6 1 15 4 10 4 14 5 1 20 1 5 14 4 10 4 15 1 6 1 19 6 18 6 16 5 1 20 1 6 1 15 4 10 4 14 5 1 20, zy
1513: 1 5 14 4 10 4 14 5 1 19 6 18 6 17 1 6 1 19 6 16 6 20 6 15 1 7 20 6 16 4 8 4 17 1 6 1 17 6 19 1 6 1 16 1 6 1 19 6 17 1 6 1 17 4 8 4 16 6 20 7 1 15 6 20 6 16 6 19 1 6 1 17 6 18 6 19, zy
1514: 1 5 14 4 10 4 15 1 6 1 19 6 16 6 20 6 16 6 19 1 6 1 15 4 10 4 14 5 1 19 6 18 6 16 4 8 2 6 2 4 2 10 4 14 6 21 1 5 16 4 8 4 16 4 8 4 16 5 1 21 6 14 4 10 2 4 2 6 2 8 4 16 6 18 6 19, zy
1515: 1 5 14 4 10 4 15 1 6 1 20 1 6 1 15 4 10 4 14 5 1 19 6 18 4 6 2 6 2 8 4 15 1 6 1 21 7 1 15 4 8 2 6 2 6 2 6 2 6 2 6 2 6 2 6 2 8 4 15 1 7 21 1 6 1 15 4 8 2 6 2 6 4 18 6 19, zy
1516: 1 5 14 4 10 4 15 1 6 1 20 1 6 1 15 4 10 4 14 5 1 20 1 5 14 4 10 4 15 1 6 1 20 1 6 1 15 4 10 4 14 5 1 20 1 5 14 5 1 19 6 18 6 16 4 10 4 14 4 10 4 14 4 10 4 16 6 18 6 19 1 5 14 5 1 20, zy
1517: 1 5 14 4 10 4 16 6 20 6 16 6 21 1 5 16 5 1 21 6 16 6 20 6 16 4 10 4 14 5 1 19 6 18 6 18 4 6 2 8 4 16 5 1 21 6 16 5 1 21 6 14 4 12 4 14 6 21 1 5 16 6 21 1 5 16 4 8 2 6 4 18 6 18 6 19, zy
1518: 1 5 14 4 12 2 2 2 10 4 16 6 21 1 5 16 6 22 6 16 6 22 6 16 5 1 21 6 16 4 10 2 2 2 12 4 14 5 1 20 1 5 14 4 14 5 1 21 6 16 5 1 20 1 5 14 4 12 4 14 5 1 20 1 5 16 6 21 1 5 14 4 14 5 1 20, zy
1519: 1 5 14 4 12 4 10 2 4 2 8 2 4 2 8 2 4 2 8 2 4 2 10 4 12 4 14 5 1 21 6 14 4 10 2 4 2 8 4 16 6 20 6 16 5 1 21 6 14 4 12 4 12 4 12 4 14 6 21 1 5 16 6 20 6 16 4 8 2 4 2 10 4 14 6 21, zy
1520: 1 5 14 4 12 4 10 2 4 2 10 4 12 4 14 6 21 1 5 14 4 12 4 12 2 2 2 8 2 6 2 4 2 10 4 14 4 10 4 14 4 10 2 4 2 6 2 8 2 2 2 12 4 12 4 14 5 1 21 6 14 4 12 4 10 2 4 2 10 4 12 4 14 5 1 20, zy
1521: 1 5 14 4 12 4 12 4 12 4 14 5 1 21 7 1 15 5 1 21 6 14 4 12 4 12 4 12 4 14 5 1 21 7 1 15 5 1 21 6 14 4 12 4 12 4 12 4 14 6 21 1 5 15 1 7 21 1 5 14 4 12 4 12 4 12 4 14 6 21 1 5 15 1 7 21, zy
1522: 1 5 14 5 1 19 6 16 4 8 4 16 4 8 4 16 6 20 7 1 13 4 12 4 12 4 10 2 4 2 8 4 14 4 10 2 4 2 6 2 6 2 6 2 4 2 10 4 14 4 8 2 4 2 10 4 12 4 12 4 13 1 7 20 6 16 4 8 4 16 4 8 4 16 6 19, zy
1523: 1 5 14 5 1 19 6 16 4 10 4 14 4 10 2 4 2 8 4 16 5 1 21 6 16 6 21 1 5 16 4 8 2 4 2 10 4 14 4 10 4 16 6 19 1 5 14 5 1 20 1 5 16 6 20 6 17 1 6 1 17 4 8 4 17 1 6 1 17 6 20 6 16 5 1 20, zy
1524: 1 5 14 5 1 19 6 16 6 17 1 6 1 17 6 16 5 1 20 1 5 14 5 1 19 6 16 6 17 1 6 1 17 6 16 6 19 1 5 14 5 1 20 1 5 16 6 17 1 6 1 17 6 16 6 19 1 5 14 5 1 20 1 5 16 6 17 1 6 1 17 6 16 5 1 20, zy
1525: 1 5 14 5 1 19 6 18 6 18 6 18 6 18 6 19 1 5 14 5 1 19 6 18 6 18 6 18 6 18 6 19 1 5 14 5 1 20 1 5 16 6 19 1 6 1 17 6 18 6 19 1 6 1 15 4 10 4 15 1 6 1 19 6 18 6 17 1 6 1 19 6 16 5 1 20, zy
1526: 1 5 14 6 20 7 1 14 1 7 19 1 6 1 15 4 8 4 15 1 6 1 18 1 6 1 15 4 8 4 15 1 6 1 19 7 1 14 1 7 20 6 14 5 1 19 6 16 6 16 4 8 4 15 1 6 1 19 7 1 14 1 7 19 1 6 1 15 4 8 4 16 6 16 6 19, zy
1527: 1 5 16 6 20 6 14 4 14 6 20 6 16 6 21 1 5 16 6 20 6 16 5 1 21 6 16 6 20 6 14 4 14 6 20 6 16 5 1 21 6 14 4 12 4 12 4 10 2 4 2 8 2 4 2 8 2 4 2 8 2 4 2 8 2 4 2 10 4 12 4 12 4 14 6 21, zy
1528: 1 5 17 1 6 1 17 5 1 21 6 16 4 8 2 6 4 18 6 18 6 18 6 20 7 1 13 4 14 6 20 6 18 6 18 6 18 6 20 7 1 13 4 13 1 7 20 6 18 6 18 6 18 6 20 6 14 4 13 1 7 20 6 18 6 18 6 18 4 6 2 8 4 16 6 21, zy
1529: 1 5 10 2 4 2 6 2 6 2 6 4 17 1 5 12 4 12 5 1 18 1 6 1 15 4 8 2 4 2 8 4 15 1 6 1 18 1 5 12 4 12 5 1 17 4 6 2 6 2 6 2 4 2 10 5 1 17 6 17 1 6 1 17 6 17 1 6 1 17 6 17 1 6 1 17 6 17, zy
1530: 1 5 12 2 2 2 10 4 12 4 10 2 2 2 12 5 1 19 6 16 6 19 1 5 14 6 20 6 15 1 6 1 20 1 5 15 1 7 21 1 5 16 6 18 6 17 1 6 1 17 6 18 6 16 5 1 21 7 1 15 5 1 20 1 6 1 15 6 20 6 14 5 1 19 6 16 6 19, zy
1531: 1 5 12 2 2 2 10 4 14 4 8 2 6 2 6 2 6 4 18 6 17 1 6 1 18 1 6 1 17 6 18 4 6 2 6 2 6 2 8 4 14 4 10 2 2 2 12 5 1 19 6 16 4 10 4 12 4 14 6 20 6 17 1 6 1 17 6 20 6 14 4 12 4 10 4 16 6 19, zy
1532: 1 5 12 4 12 4 12 4 10 4 14 4 8 4 16 6 19 1 5 14 4 8 2 6 2 4 2 8 2 4 2 6 2 8 4 14 5 1 19 6 16 4 8 4 14 4 10 4 12 4 12 4 12 5 1 19 6 14 4 10 2 2 2 10 4 12 4 12 4 10 2 2 2 10 4 14 6 19, zy
1533: 1 5 12 4 12 4 12 4 12 4 12 4 12 4 12 4 12 4 12 4 12 5 1 17 4 8 4 16 6 20 6 16 6 19 1 5 12 4 14 6 21 1 5 16 6 20 7 1 15 6 20 6 15 1 7 20 6 16 5 1 21 6 14 4 12 5 1 19 6 16 6 20 6 16 4 8 4 17, zy
1534: 1 5 12 4 12 4 12 4 12 5 1 17 6 20 6 14 4 12 5 1 18 1 5 12 4 12 4 14 6 21 1 5 16 4 8 4 16 4 8 4 16 4 8 4 16 4 8 4 16 4 8 4 16 4 8 4 16 5 1 21 6 14 4 12 4 12 5 1 18 1 5 12 4 14 6 20 6 17, zy
1535: 1 5 12 4 12 4 12 4 14 6 20 6 16 4 8 4 17 1 6 1 17 4 8 4 16 6 20 6 14 4 12 4 12 4 12 5 1 17 4 8 4 16 4 8 4 16 4 8 4 16 4 6 2 8 2 4 2 8 2 4 2 8 2 6 4 16 4 8 4 16 4 8 4 16 4 8 4 17, zy
1536: 1 5 12 4 12 4 14 6 20 6 16 4 10 4 12 4 14 6 21 1 5 16 6 20 6 14 4 12 4 12 4 12 4 12 4 12 4 12 4 12 4 12 4 12 4 12 4 12 4 12 4 14 6 20 6 16 5 1 21 6 14 4 12 4 10 4 16 6 20 6 14 4 12 4 12 5 1 18, zy
1537: 1 5 12 4 12 4 14 6 21 1 5 16 4 8 4 16 4 8 4 16 4 8 4 16 4 8 4 16 4 8 4 16 4 8 4 16 4 8 4 16 5 1 21 6 14 4 12 4 12 5 1 18 1 5 12 4 14 6 20 6 17 1 5 12 4 12 5 1 17 6 20 6 14 4 12 5 1 18, zy
1538: 1 5 12 4 12 5 1 17 6 19 1 5 14 5 1 19 6 16 4 8 4 16 6 20 7 1 15 6 19 1 6 1 15 4 10 4 12 4 12 2 2 2 8 2 2 2 12 4 12 4 10 4 15 1 6 1 19 6 15 1 7 20 6 16 4 8 4 16 6 19 1 5 14 5 1 19 6 17, zy
1539: 1 5 12 4 12 5 1 17 6 19 1 5 14 5 1 19 6 16 5 1 20 1 5 14 4 10 4 14 5 1 19 6 16 4 8 2 4 2 8 2 4 2 8 2 4 2 8 2 4 2 8 4 16 6 19 1 5 14 4 10 4 14 5 1 20 1 5 16 6 19 1 5 14 5 1 19 6 17, zy
1540: 1 5 12 4 12 5 1 18 1 6 1 15 4 8 4 15 1 6 1 19 7 1 14 1 7 20 6 14 5 1 19 6 16 6 16 4 8 4 15 1 6 1 18 1 6 1 15 4 8 4 16 6 16 6 19 1 5 14 6 20 7 1 14 1 7 19 1 6 1 15 4 8 4 15 1 6 1 18, zy
1541: 1 5 12 4 13 1 7 19 1 6 1 16 1 6 1 18 1 6 1 16 1 6 1 19 7 1 13 4 12 5 1 19 6 14 4 10 4 14 5 1 20 1 5 14 5 1 19 6 16 6 18 6 17 1 6 1 17 6 18 6 16 6 19 1 5 14 5 1 20 1 5 14 4 10 4 14 6 19, zy
1542: 1 5 12 4 14 6 20 6 14 4 12 5 1 18 1 6 1 17 6 18 6 16 4 8 2 6 4 16 6 20 7 1 15 6 19 1 6 1 15 4 10 4 12 4 12 4 12 4 12 4 10 4 15 1 6 1 19 6 15 1 7 20 6 16 4 6 2 8 4 16 6 18 6 17 1 6 1 18, zy
1543: 1 5 12 5 1 17 6 19 1 5 14 5 1 19 6 16 4 8 4 16 6 20 7 1 15 6 19 1 6 1 15 4 10 4 12 2 2 2 10 4 12 4 12 4 10 2 2 2 12 4 10 4 15 1 6 1 19 6 15 1 7 20 6 16 4 8 4 16 6 19 1 5 14 5 1 19 6 17, zy
1544: 1 5 14 4 10 2 4 2 8 2 4 2 8 2 4 2 8 2 4 2 10 4 14 5 1 20 1 6 1 15 5 1 20 1 5 14 4 10 4 16 6 20 6 16 5 1 21 6 14 4 12 4 12 4 14 6 21 1 5 16 6 20 6 16 4 10 4 14 5 1 20 1 5 15 1 6 1 20, zy
1545: 1 5 14 4 10 4 16 4 8 4 17 1 6 1 17 4 8 4 16 4 10 4 14 5 1 19 6 18 4 6 2 8 4 16 5 1 21 6 16 5 1 21 6 15 1 7 21 1 5 14 4 12 4 14 5 1 21 7 1 15 6 21 1 5 16 6 21 1 5 16 4 8 2 6 4 18 6 19, zy
1546: 1 5 14 4 10 4 16 6 20 6 16 6 21 1 5 16 5 1 21 6 14 4 12 4 14 6 21 1 5 16 5 1 21 6 16 6 20 6 16 4 10 4 14 5 1 19 6 18 6 18 4 6 2 8 4 16 6 20 6 17 1 6 1 17 6 20 6 16 4 8 2 6 4 18 6 18 6 19, zy
1547: 1 5 14 4 12 4 10 2 4 2 10 4 12 4 14 5 1 20 1 5 15 1 6 1 20 1 5 14 4 12 4 12 4 14 6 21 1 5 15 1 7 21 1 5 14 4 12 4 12 4 14 5 1 21 7 1 15 5 1 21 6 14 4 12 4 12 4 14 5 1 20 1 6 1 15 5 1 20, zy
1548: 1 5 14 4 12 4 12 4 12 4 12 4 12 4 14 6 21 1 5 14 4 12 4 12 4 12 4 12 4 14 5 1 21 6 14 4 12 4 12 4 12 4 12 4 12 4 14 5 1 21 7 1 15 5 1 21 6 14 4 12 4 12 4 12 4 12 4 12 4 14 6 21 1 5 15 1 7 21, zy
1549: 1 5 14 6 19 1 6 1 16 1 6 1 17 6 18 6 16 6 18 6 16 6 18 6 16 6 18 6 17 1 6 1 16 1 6 1 19 6 14 5 1 19 6 14 4 10 4 14 6 18 6 17 1 6 1 17 6 17 1 6 1 17 6 17 1 6 1 17 6 18 6 14 4 10 4 14 6 19, zy
1550: 1 5 14 6 20 6 12 2 2 2 10 4 10 4 14 4 10 4 10 4 14 4 10 4 10 2 2 2 12 6 20 6 14 5 1 19 6 16 6 16 4 8 4 15 1 6 1 19 7 1 14 1 7 20 7 1 14 1 7 20 7 1 14 1 7 19 1 6 1 15 4 8 4 16 6 16 6 19, zy
1551: 1 5 16 4 8 2 4 2 10 4 12 4 12 2 2 2 10 4 12 4 14 6 21 1 5 16 6 20 6 14 4 12 4 12 4 12 4 12 4 14 6 20 6 16 5 1 21 6 14 4 12 4 10 2 2 2 12 4 12 4 10 2 4 2 8 4 16 5 1 21 6 16 6 20 6 16 6 21, zy
1552: 1 5 16 5 1 21 6 14 4 10 4 14 4 10 4 14 6 20 6 16 5 1 21 6 14 4 10 4 14 4 8 2 6 2 4 2 10 4 12 4 12 4 12 4 12 4 10 2 4 2 6 2 8 4 14 4 10 4 14 6 21 1 5 16 6 20 6 14 4 10 4 14 4 10 4 14 6 21, zy
1553: 1 5 16 6 20 6 16 6 20 6 16 4 8 4 17 1 6 1 17 4 8 4 16 6 20 6 16 6 20 6 16 5 1 21 6 14 4 12 4 12 4 10 2 4 2 8 2 4 2 8 2 4 2 8 4 16 4 8 2 4 2 8 2 4 2 8 2 4 2 10 4 12 4 12 4 14 6 21, zy
1554: 1 5 16 6 20 6 16 6 20 6 16 4 8 4 17 1 6 1 17 4 8 4 16 6 20 6 16 6 20 6 16 5 1 21 6 14 4 12 4 12 4 12 4 10 2 4 2 8 2 4 2 8 2 4 2 8 2 4 2 8 2 4 2 8 2 4 2 10 4 12 4 12 4 12 4 14 6 21, zy
1555: 1 5 10 2 4 2 8 4 16 6 18 4 6 2 6 2 6 4 18 6 17 1 5 10 2 4 2 8 4 16 6 18 6 18 6 18 6 16 4 8 2 4 2 10 5 1 17 6 18 4 6 2 6 2 6 4 18 6 16 4 8 2 4 2 10 5 1 17 6 18 4 6 2 6 2 6 4 18 6 17, zy
1556: 1 5 10 2 4 2 8 4 16 6 18 6 18 6 18 6 16 4 8 4 17 1 5 12 4 12 4 12 4 12 4 12 5 1 17 4 8 4 16 6 18 6 18 6 18 6 16 4 8 2 4 2 10 5 1 17 6 18 6 18 6 18 6 16 4 8 4 16 4 8 4 16 6 18 6 18 6 18 6 17, zy
1557: 1 5 12 2 2 2 8 2 4 2 8 4 16 6 16 4 8 4 16 6 16 4 8 2 4 2 8 2 2 2 12 5 1 19 6 16 6 18 6 16 6 19 1 6 1 15 5 1 20 1 5 14 5 1 19 6 16 6 19 1 5 14 5 1 20 1 5 15 1 6 1 19 6 16 6 18 6 16 6 19, zy
1558: 1 5 12 2 2 2 10 2 2 2 10 4 15 1 6 1 19 6 18 6 17 1 6 1 19 6 16 4 8 2 4 2 10 4 12 2 2 2 10 4 14 5 1 20 1 6 1 15 4 10 4 14 5 1 20 1 5 14 4 10 4 16 6 18 4 6 2 8 4 16 6 19 1 6 1 17 6 18 6 19, zy
1559: 1 5 12 2 2 2 10 2 4 2 6 2 6 2 8 4 16 6 20 6 16 4 8 2 6 2 6 2 4 2 10 2 2 2 12 5 1 19 6 16 4 10 4 14 4 10 2 4 2 6 2 8 4 16 5 1 21 6 16 6 21 1 5 16 4 8 2 6 2 4 2 10 4 14 4 10 4 16 6 19, zy
1560: 1 5 12 2 2 2 10 2 4 2 6 2 8 4 16 4 8 2 4 2 10 4 14 4 10 2 2 2 12 4 12 4 12 4 14 4 8 2 8 4 15 1 6 1 20 1 5 16 6 20 6 17 1 6 1 19 6 16 4 10 4 14 4 12 4 10 2 4 2 10 4 12 2 2 2 10 4 16 6 19, zy
1561: 1 5 12 2 2 2 10 4 10 2 4 2 6 2 8 4 14 6 20 7 1 14 1 7 20 6 14 4 8 2 6 2 4 2 10 4 10 2 2 2 12 5 1 19 6 16 6 18 6 16 5 1 20 1 5 12 2 2 2 10 4 12 4 10 2 2 2 12 5 1 20 1 5 16 6 18 6 16 6 19, zy
1562: 1 5 12 2 2 2 10 4 12 4 12 4 10 2 2 2 12 5 1 19 6 16 4 8 4 16 6 18 6 16 4 8 4 16 6 19 1 5 12 2 2 2 10 4 12 4 12 4 10 2 2 2 12 5 1 20 1 5 15 1 6 1 20 1 5 14 4 10 4 14 5 1 20 1 6 1 15 5 1 20, zy
1563: 1 5 12 2 2 2 10 4 12 4 13 1 7 20 6 15 1 7 20 6 16 4 8 4 16 6 19 1 5 14 5 1 19 6 16 4 8 4 16 6 20 7 1 15 6 20 7 1 13 4 12 4 10 2 2 2 12 5 1 19 6 16 6 20 6 14 4 10 4 14 4 10 4 14 6 20 6 16 6 19, zy
1564: 1 5 12 2 2 2 10 4 14 4 8 2 4 2 10 4 12 4 14 6 20 6 14 4 12 4 10 2 4 2 8 4 14 4 10 2 2 2 12 5 1 19 6 16 4 8 2 4 2 8 2 4 2 8 4 16 6 20 7 1 14 1 7 20 6 16 4 8 2 4 2 8 2 4 2 8 4 16 6 19, zy
1565: 1 5 12 2 2 2 10 4 14 4 8 2 6 2 6 2 6 2 6 2 6 2 8 4 14 4 10 2 2 2 12 5 1 19 6 16 4 10 4 12 2 2 2 10 4 14 4 10 4 14 5 1 19 6 18 6 18 6 18 6 19 1 5 14 4 10 4 14 4 10 2 2 2 12 4 10 4 16 6 19, zy
1566: 1 5 12 2 2 2 10 4 14 4 8 2 6 4 18 6 16 4 8 4 17 1 6 1 17 4 8 4 16 6 18 4 6 2 8 4 14 4 10 2 2 2 12 5 1 19 6 18 6 16 4 8 2 4 2 10 4 12 4 12 4 12 4 12 4 12 4 12 4 10 2 4 2 8 4 16 6 18 6 19, zy
1567: 1 5 12 2 2 2 10 4 14 4 10 4 14 4 10 2 2 2 12 5 1 19 6 17 1 6 1 19 6 16 4 8 2 4 2 10 4 14 5 1 20 1 6 1 15 4 10 4 14 4 10 4 14 4 10 4 15 1 6 1 20 1 5 14 4 10 2 4 2 8 4 16 6 19 1 6 1 17 6 19, zy
1568: 1 5 12 2 2 2 10 4 14 4 10 4 14 4 10 4 15 1 6 1 20 1 5 14 4 10 2 4 2 6 2 8 4 16 6 19 1 6 1 17 6 19 1 5 12 4 14 4 10 4 14 4 10 4 14 4 10 4 15 1 6 1 20 1 5 14 4 10 4 16 6 19 1 6 1 17 6 18 6 19, zy
1569: 1 5 12 2 2 2 10 4 14 6 20 6 16 6 20 6 14 4 10 2 2 2 12 5 1 19 6 16 6 20 6 14 4 10 2 4 2 6 2 6 2 8 4 14 5 1 19 6 16 4 8 4 16 4 8 4 16 6 19 1 5 14 4 8 2 6 2 6 2 4 2 10 4 14 6 20 6 16 6 19, zy
1570: 1 5 12 2 2 2 10 4 15 1 6 1 19 6 18 6 18 6 18 6 19 1 5 12 2 2 2 12 5 1 19 6 18 6 18 6 18 6 19 1 6 1 15 4 10 2 2 2 12 5 1 19 6 18 6 18 6 18 6 18 6 19 1 6 1 16 1 6 1 19 6 18 6 18 6 18 6 18 6 19, zy
1571: 1 5 12 4 10 2 2 2 10 4 14 6 18 6 16 4 6 2 8 4 14 6 19 1 5 12 4 12 4 12 5 1 19 6 14 4 8 2 6 4 16 6 18 6 14 4 10 2 2 2 10 4 12 5 1 17 6 18 6 16 6 18 6 16 6 18 6 16 6 18 6 16 6 18 6 16 6 18 6 17, zy
1572: 1 5 12 4 10 2 4 2 8 4 16 6 18 6 17 1 6 1 18 1 5 12 4 14 6 20 6 14 4 12 5 1 18 1 6 1 17 6 18 6 16 4 8 2 4 2 10 4 12 5 1 17 6 19 1 5 14 5 1 19 6 16 4 8 2 4 2 8 4 16 6 19 1 5 14 5 1 19 6 17, zy
1573: 1 5 12 4 10 4 14 4 8 2 2 2 12 4 10 4 12 2 2 2 8 4 14 4 10 4 12 5 1 17 4 6 2 6 2 4 2 10 4 10 2 2 2 12 6 20 6 14 5 1 19 6 14 4 10 4 14 6 19 1 5 14 6 20 6 12 2 2 2 10 4 10 2 4 2 6 2 6 4 17, zy
1574: 1 5 12 4 10 4 14 4 8 2 4 2 8 4 14 4 8 2 4 2 8 4 14 4 10 4 12 5 1 17 4 6 2 6 2 4 2 10 4 10 2 2 2 12 6 20 6 14 5 1 19 6 14 4 10 4 14 6 19 1 5 14 6 20 6 12 2 2 2 10 4 10 2 4 2 6 2 6 4 17, zy
1575: 1 5 12 4 12 2 2 2 8 2 4 2 8 4 16 6 19 1 5 14 5 1 20 1 5 16 6 18 4 6 2 6 2 6 2 6 2 6 2 6 4 18 6 16 5 1 20 1 5 14 5 1 19 6 16 4 8 2 4 2 8 2 2 2 12 4 12 5 1 18 1 6 1 17 6 17 1 6 1 18, zy
1576: 1 5 12 4 12 4 10 2 2 2 10 4 12 4 12 5 1 19 6 14 4 8 2 4 2 8 2 4 2 8 4 14 6 19 1 5 12 4 12 4 10 2 4 4 17 1 6 1 16 1 6 1 17 4 4 2 10 4 12 4 12 5 1 19 6 14 4 8 2 4 2 8 2 4 2 8 4 14 6 19, zy
1577: 1 5 12 4 12 4 10 2 4 2 6 2 8 4 15 1 6 1 19 6 15 1 7 20 6 16 4 8 4 16 6 19 1 5 14 5 1 19 6 16 4 8 4 16 6 20 7 1 15 6 19 1 6 1 15 4 8 2 6 2 4 2 10 4 12 4 12 5 1 17 6 19 1 5 14 5 1 19 6 17, zy
1578: 1 5 12 4 12 4 10 2 4 2 8 4 16 6 19 1 5 14 5 1 19 6 16 4 8 2 4 2 10 4 12 4 12 5 1 17 6 19 1 6 1 15 5 1 20 1 5 14 4 10 2 4 2 6 2 6 2 6 2 6 2 6 2 4 2 10 4 14 5 1 20 1 5 15 1 6 1 19 6 17, zy
1579: 1 5 12 4 12 4 10 4 14 4 8 2 6 4 16 6 19 1 5 14 5 1 20 1 5 14 4 10 4 14 5 1 20 1 5 14 5 1 19 6 16 4 6 2 8 4 14 4 10 4 12 4 12 5 1 18 1 6 1 17 6 16 4 8 4 16 6 18 6 16 4 8 4 16 6 17 1 6 1 18, zy
1580: 1 5 12 4 12 4 10 4 14 4 10 4 12 4 10 4 14 4 10 4 12 4 12 5 1 18 1 6 1 17 6 16 4 8 2 2 2 12 4 10 4 14 5 1 20 1 5 14 5 1 19 6 16 6 19 1 5 14 5 1 20 1 5 14 4 10 4 12 2 2 2 8 4 16 6 17 1 6 1 18, zy
1581: 1 5 12 4 12 4 10 4 14 6 19 1 6 1 15 4 8 2 4 2 8 4 14 4 8 2 4 2 8 4 15 1 6 1 19 6 14 4 10 4 12 4 12 5 1 19 6 14 4 8 2 6 4 16 6 18 6 16 6 19 1 5 14 5 1 19 6 16 6 18 6 16 4 6 2 8 4 14 6 19, zy
1582: 1 5 12 4 12 4 10 4 14 6 19 1 6 1 15 4 8 4 15 1 6 1 19 6 14 4 10 4 12 4 12 5 1 17 4 6 2 6 2 6 2 6 4 16 4 6 2 8 4 14 6 19 1 5 12 4 12 4 12 5 1 19 6 14 4 8 2 6 4 16 4 6 2 6 2 6 2 6 4 17, zy
1583: 1 5 12 4 12 4 10 4 14 6 19 1 6 1 15 5 1 20 1 5 14 5 1 20 1 5 15 1 6 1 19 6 14 4 10 4 12 4 12 5 1 19 6 14 4 8 2 6 4 16 6 18 6 15 1 7 19 1 6 1 16 1 6 1 19 7 1 15 6 18 6 16 4 6 2 8 4 14 6 19, zy
1584: 1 5 12 4 12 4 12 4 8 2 6 2 6 4 16 6 18 6 16 6 19 1 5 14 5 1 19 6 16 6 18 6 16 4 6 2 6 2 8 4 12 4 12 4 12 5 1 19 6 14 4 10 4 14 6 18 4 6 4 18 6 14 4 10 4 14 6 18 4 6 4 18 6 14 4 10 4 14 6 19, zy
1585: 1 5 12 4 12 4 12 4 10 4 14 6 19 1 6 1 16 1 6 1 19 7 1 13 4 12 4 10 4 12 4 14 6 18 6 18 6 14 4 12 4 10 4 12 4 13 1 7 19 1 6 1 16 1 6 1 19 6 14 4 10 4 12 4 12 4 12 5 1 18 1 6 1 17 6 17 1 6 1 18, zy
1586: 1 5 12 4 12 4 12 4 12 4 12 4 12 4 12 5 1 18 1 6 1 17 6 18 4 6 2 6 2 6 2 6 2 6 2 8 4 14 5 1 19 6 18 6 17 1 6 1 18 1 6 1 17 6 18 6 19 1 5 14 4 8 2 6 2 6 2 6 2 6 2 6 4 18 6 17 1 6 1 18, zy
1587: 1 5 12 4 12 4 12 4 14 6 21 1 5 16 5 1 21 6 14 4 12 4 12 5 1 17 4 8 4 16 4 8 4 16 4 8 4 17 1 5 12 4 12 4 14 6 21 1 5 16 5 1 21 6 14 4 12 4 12 4 12 5 1 17 4 8 4 16 6 20 6 16 6 20 6 16 4 8 4 17, zy
1588: 1 5 12 4 12 4 12 4 14 6 21 1 5 16 6 20 6 16 5 1 21 6 14 4 12 4 12 4 12 4 12 4 12 4 12 4 14 6 21 1 5 16 6 20 6 16 5 1 21 6 14 4 12 4 12 4 12 5 1 17 6 20 6 16 6 20 6 17 1 6 1 17 6 20 6 16 6 20 6 17, zy
1589: 1 5 12 4 12 4 12 5 1 17 6 20 6 14 4 12 4 10 2 4 2 8 4 15 1 7 21 1 5 14 4 12 5 1 19 6 16 6 20 6 16 4 8 4 16 4 8 4 16 6 20 6 16 6 19 1 5 12 4 14 5 1 21 7 1 15 4 8 2 4 2 10 4 12 4 14 6 20 6 17, zy
1590: 1 5 12 4 12 4 12 5 1 18 1 6 1 17 6 18 6 14 4 12 4 10 4 12 4 13 1 7 19 1 6 1 16 1 6 1 19 6 14 4 10 4 12 4 12 4 12 4 10 4 14 6 19 1 6 1 16 1 6 1 19 7 1 13 4 12 4 10 4 12 4 14 6 18 6 17 1 6 1 18, zy
1591: 1 5 12 4 12 4 14 6 20 6 16 6 19 1 5 14 5 1 20 1 5 16 6 19 1 5 14 5 1 19 6 16 4 8 2 6 4 16 4 8 4 16 4 6 2 8 4 16 6 19 1 5 14 5 1 19 6 16 5 1 20 1 5 14 5 1 19 6 16 6 20 6 14 4 12 4 12 5 1 18, zy
1592: 1 5 12 4 12 4 14 6 20 6 17 1 6 1 19 6 16 5 1 21 6 14 4 12 4 12 4 10 2 4 2 8 2 4 2 8 2 4 2 8 2 4 2 8 2 4 2 8 2 4 2 10 4 12 4 12 4 14 6 21 1 5 16 6 19 1 6 1 17 6 20 6 14 4 12 4 12 5 1 18, zy
1593: 1 5 12 4 13 1 7 19 1 6 1 16 1 6 1 19 7 1 13 4 12 5 1 19 7 1 13 4 10 4 14 4 8 4 16 6 19 1 5 14 4 8 2 6 4 16 4 6 2 6 2 6 2 6 2 6 4 16 4 6 2 8 4 14 5 1 19 6 16 4 8 4 14 4 10 4 13 1 7 19, zy
1594: 1 5 12 4 14 4 8 2 6 2 6 2 6 2 6 2 6 2 6 2 6 2 6 2 6 2 6 2 8 4 14 4 12 5 1 19 6 16 4 8 2 6 2 4 2 10 4 14 4 10 4 14 5 1 19 6 18 6 18 6 19 1 5 14 4 10 4 14 4 10 2 4 2 6 2 8 4 16 6 19, zy
1595: 1 5 12 4 14 4 10 4 14 4 10 4 14 4 10 2 4 2 6 2 8 4 16 6 18 4 8 4 16 6 20 6 16 6 21 1 5 16 4 8 4 17 1 6 1 17 4 8 4 16 6 20 6 16 4 8 2 4 2 10 4 12 2 2 2 10 4 14 5 1 20 1 5 14 4 10 4 16 6 19, zy
1596: 1 5 12 4 14 4 10 4 14 4 10 4 14 4 10 4 14 4 12 5 1 19 6 16 4 10 4 14 5 1 20 1 5 14 4 10 4 15 1 7 21 1 6 1 15 5 1 20 1 5 14 5 1 20 1 5 15 1 6 1 21 7 1 15 4 10 4 14 5 1 20 1 5 14 4 10 4 16 6 19, zy
1597: 1 5 12 4 14 4 10 4 14 4 10 4 14 4 10 4 16 6 18 6 20 6 14 4 12 4 12 4 12 4 12 4 12 4 14 6 21 1 5 16 6 20 6 16 4 8 4 18 6 16 4 8 2 6 2 4 2 10 4 14 4 10 4 14 4 10 4 14 4 10 2 4 2 6 2 8 4 16 6 19, zy
1598: 1 5 12 4 14 5 1 20 1 5 14 5 1 20 1 5 15 1 6 1 21 7 1 15 4 10 4 14 5 1 20 1 5 14 4 10 4 15 1 7 21 1 6 1 15 5 1 20 1 5 14 5 1 20 1 5 14 4 12 5 1 19 6 16 5 1 20 1 6 1 16 1 6 1 20 1 5 16 6 19, zy
1599: 1 5 12 4 14 5 1 21 7 1 15 4 8 2 4 2 10 4 12 4 14 6 20 6 17 1 5 12 5 1 17 6 20 6 14 4 12 4 10 2 4 2 8 4 15 1 7 21 1 5 14 4 12 5 1 19 6 16 6 20 6 16 4 8 4 16 4 8 4 16 4 8 4 16 6 20 6 16 6 19, zy
1600: 1 5 12 4 14 6 18 6 18 6 14 4 10 2 2 2 10 4 12 4 10 2 2 2 10 4 14 6 18 6 18 6 14 4 12 5 1 19 6 16 6 18 6 16 6 18 6 16 4 6 2 8 4 14 5 1 19 6 16 6 19 1 5 14 4 8 2 6 4 16 6 18 6 16 6 18 6 16 6 19, zy
1601: 1 5 12 4 14 6 20 6 14 4 12 5 1 19 6 16 6 18 6 18 6 18 6 16 6 19 1 6 1 15 5 1 19 6 18 6 16 6 19 1 6 1 15 4 8 4 16 4 8 4 15 1 6 1 19 6 16 6 18 6 19 1 5 15 1 6 1 19 6 16 6 18 6 18 6 18 6 16 6 19, zy
1602: 1 5 12 4 14 6 20 6 15 1 6 1 20 1 5 16 6 18 6 19 1 5 14 4 10 4 14 5 1 19 6 16 4 8 2 4 2 8 2 4 2 8 2 4 2 8 4 16 6 19 1 5 14 4 10 4 14 5 1 19 6 18 6 16 5 1 20 1 6 1 15 6 20 6 14 4 12 5 1 18, zy
1603: 1 5 12 4 14 6 21 1 5 16 4 8 4 16 4 8 4 16 5 1 21 6 14 4 12 5 1 18 1 6 1 15 4 10 4 14 4 10 4 14 5 1 19 6 17 1 6 1 17 6 20 7 1 14 1 7 20 6 17 1 6 1 17 6 19 1 5 14 4 10 4 14 4 10 4 15 1 6 1 18, zy
1604: 1 5 12 5 1 17 6 19 1 5 14 5 1 19 6 16 4 8 4 16 6 20 7 1 15 6 19 1 6 1 15 4 10 4 12 2 2 2 8 2 6 4 16 4 6 2 8 2 2 2 12 4 10 4 15 1 6 1 19 6 15 1 7 20 6 16 4 8 4 16 6 19 1 5 14 5 1 19 6 17, zy
1605: 1 5 14 4 8 2 6 4 16 6 16 4 8 4 15 1 6 1 19 6 14 5 1 19 6 14 4 10 4 12 4 12 4 10 4 12 4 12 4 10 4 12 4 12 4 10 4 12 4 12 4 10 4 14 6 19 1 5 14 6 19 1 6 1 15 4 8 4 16 6 16 4 6 2 8 4 14 5 1 20, zy
1606: 1 5 14 4 10 2 2 2 10 4 14 4 10 4 12 4 14 6 19 1 6 1 16 1 6 1 19 6 14 4 12 4 10 4 14 4 10 2 2 2 10 4 14 5 1 19 6 18 6 16 4 8 4 16 4 8 4 16 6 19 1 5 14 5 1 19 6 16 4 8 4 16 4 8 4 16 6 18 6 19, zy
1607: 1 5 14 4 10 2 4 2 6 2 6 2 6 2 6 2 6 2 4 2 10 4 14 5 1 19 6 18 6 17 1 6 1 17 6 18 6 19 1 5 14 4 10 4 15 1 6 1 18 1 6 1 16 1 6 1 18 1 6 1 15 4 10 4 14 5 1 19 6 18 6 17 1 6 1 17 6 18 6 19, zy
1608: 1 5 14 4 10 2 4 2 8 4 16 4 8 4 17 1 6 1 17 6 20 6 16 5 1 21 6 14 4 12 4 12 4 14 6 20 6 18 6 18 6 18 6 20 6 14 4 12 4 12 4 14 6 21 1 5 16 6 20 6 17 1 6 1 17 4 8 4 16 4 8 2 4 2 10 4 14 5 1 20, zy
1609: 1 5 14 4 10 4 14 4 8 2 4 2 10 4 12 4 12 4 12 4 10 2 4 2 8 4 14 4 10 4 14 5 1 19 6 17 1 6 1 17 6 18 6 18 6 18 6 16 5 1 20 1 6 1 15 6 20 6 15 1 6 1 20 1 5 16 6 18 6 18 6 18 6 17 1 6 1 17 6 19, zy
1610: 1 5 14 4 10 4 14 4 10 2 2 2 10 2 2 2 10 4 14 4 10 4 14 5 1 19 6 18 6 18 6 18 6 16 4 10 4 14 6 21 1 5 16 6 19 1 6 1 17 6 18 6 18 6 18 6 17 1 6 1 19 6 16 5 1 21 6 14 4 10 4 16 6 18 6 18 6 18 6 19, zy
1611: 1 5 14 4 10 4 14 4 10 4 14 4 10 4 14 4 10 4 14 4 10 4 14 5 1 19 6 18 6 18 6 16 4 10 4 14 5 1 20 1 5 14 5 1 19 6 16 5 1 20 1 5 14 5 1 20 1 5 16 6 19 1 5 14 5 1 20 1 5 14 4 10 4 16 6 18 6 18 6 19, zy
1612: 1 5 14 4 10 4 14 4 10 4 14 4 10 4 14 6 21 1 5 16 6 18 4 6 2 8 4 14 4 10 2 4 2 6 2 6 2 6 2 6 2 6 2 6 2 6 2 4 2 10 4 14 4 8 2 6 4 18 6 16 5 1 21 6 14 4 10 4 14 4 10 4 14 4 10 4 14 5 1 20, zy
1613: 1 5 14 4 10 4 14 4 10 4 14 5 1 19 6 18 6 18 6 16 4 8 2 6 4 18 6 16 5 1 21 6 14 4 10 4 14 4 10 2 2 2 10 2 2 2 10 2 2 2 10 2 2 2 10 4 14 4 10 4 14 6 21 1 5 16 6 18 4 6 2 8 4 16 6 18 6 18 6 19, zy
1614: 1 5 14 4 10 4 14 4 12 4 10 4 16 6 20 6 16 6 20 6 16 4 10 4 12 4 14 4 10 4 14 5 1 19 6 18 6 18 4 6 2 6 2 8 4 16 6 18 4 8 4 16 5 1 21 6 16 6 21 1 5 16 4 8 4 18 6 16 4 8 2 6 2 6 4 18 6 18 6 19, zy
1615: 1 5 14 4 10 4 16 6 19 1 6 1 17 6 18 6 20 6 14 4 13 1 7 20 6 18 6 18 6 18 6 19 1 6 1 15 4 10 4 15 1 6 1 19 6 18 6 18 6 18 6 20 7 1 13 4 14 6 20 6 18 6 17 1 6 1 19 6 16 4 10 4 14 5 1 19 6 18 6 19, zy
1616: 1 5 14 4 12 4 12 4 12 4 12 4 14 5 1 20 1 5 14 4 12 4 12 4 12 4 12 4 14 5 1 20 1 5 15 1 6 1 20 1 5 16 6 20 6 16 4 8 2 6 2 4 2 10 2 2 2 10 2 4 2 6 2 8 4 16 6 20 6 16 5 1 20 1 6 1 15 5 1 20, zy
1617: 1 5 14 5 1 19 6 16 6 18 6 15 1 7 19 1 6 1 16 1 6 1 17 6 18 6 16 6 18 6 16 6 18 6 16 6 18 6 17 1 6 1 16 1 6 1 19 7 1 15 6 18 6 16 6 19 1 5 14 5 1 19 6 16 6 18 6 15 1 7 20 7 1 15 6 18 6 16 6 19, zy
1618: 1 5 14 5 1 19 6 16 6 18 6 16 6 18 6 16 6 18 6 16 6 19 1 5 14 5 1 20 1 5 16 6 16 4 8 4 16 6 16 6 19 1 6 1 15 6 19 1 5 14 6 20 6 14 6 20 6 14 5 1 19 6 15 1 6 1 19 6 16 6 16 4 8 4 16 6 16 5 1 20, zy
1619: 1 5 14 5 1 19 6 16 6 20 6 14 4 12 4 10 4 14 4 10 4 14 4 10 4 12 4 14 6 20 6 16 6 19 1 5 14 5 1 20 1 5 16 6 18 6 18 6 18 6 17 1 6 1 17 6 19 1 5 14 5 1 19 6 17 1 6 1 17 6 18 6 18 6 18 6 16 5 1 20, zy
1620: 1 5 14 5 1 19 6 18 6 18 6 16 4 8 2 6 2 4 2 10 4 14 6 21 1 5 16 6 19 1 6 1 17 6 18 6 18 6 18 6 18 4 6 4 18 6 18 6 18 6 18 6 17 1 6 1 19 6 16 5 1 21 6 14 4 10 2 4 2 6 2 8 4 16 6 18 6 18 6 19, zy
1621: 1 5 14 5 1 19 6 18 6 18 6 16 4 10 4 12 2 2 2 10 4 14 6 21 1 5 16 6 19 1 6 1 17 6 18 6 18 6 18 6 18 6 18 6 18 6 18 6 18 6 18 6 17 1 6 1 19 6 16 5 1 21 6 14 4 10 2 2 2 12 4 10 4 16 6 18 6 18 6 19, zy
1622: 1 5 14 6 20 6 14 6 20 6 14 5 1 19 6 16 6 18 6 15 1 7 19 1 6 1 16 1 6 1 18 1 6 1 16 1 6 1 19 7 1 15 6 18 6 16 6 19 1 5 14 6 20 6 14 6 20 6 14 5 1 19 6 16 6 18 6 15 1 7 20 7 1 15 6 18 6 16 6 19, zy
1623: 1 5 14 6 20 6 14 6 20 6 14 6 20 6 14 6 20 6 14 5 1 19 6 15 1 6 1 19 6 14 4 10 4 12 4 10 4 14 6 20 7 1 15 6 18 6 17 1 6 1 16 1 6 1 17 6 18 6 15 1 7 20 6 14 4 10 4 12 4 10 4 14 6 19 1 6 1 15 6 19, zy
1624: 1 5 14 6 20 6 14 6 20 6 14 6 20 6 14 6 20 6 14 5 1 19 6 16 6 17 1 6 1 17 6 16 4 6 2 8 4 14 6 20 7 1 15 6 18 6 17 1 6 1 16 1 6 1 17 6 18 6 15 1 7 20 6 14 4 8 2 6 4 16 6 17 1 6 1 17 6 16 6 19, zy
1625: 1 5 14 6 20 6 15 1 6 1 20 1 5 15 1 6 1 20 1 5 16 6 17 1 6 1 19 7 1 13 4 12 4 10 4 14 6 20 6 14 4 10 4 12 4 13 1 7 19 1 6 1 17 6 16 5 1 20 1 6 1 15 5 1 20 1 6 1 15 6 20 6 14 5 1 19 6 16 6 19, zy
1626: 1 5 16 4 8 4 16 5 1 21 6 14 4 10 2 2 2 12 4 10 4 15 1 6 1 19 6 16 5 1 20 1 6 1 15 6 20 6 16 4 8 4 16 4 8 4 16 4 8 4 16 6 20 6 15 1 6 1 20 1 5 16 6 19 1 6 1 15 4 10 4 12 2 2 2 10 4 14 6 21, zy
1627: 1 5 16 6 20 6 16 4 10 4 14 4 10 4 15 1 6 1 20 1 5 16 6 20 6 16 4 10 4 14 4 10 4 16 6 20 6 16 5 1 20 1 6 1 15 4 10 4 14 4 10 4 16 6 20 6 16 5 1 20 1 6 1 15 4 8 2 6 2 6 2 6 2 8 4 15 1 6 1 20, zy
1628: 1 7 20 6 16 4 8 2 4 2 10 4 12 4 12 4 12 4 14 6 20 6 16 6 20 6 14 4 12 4 12 4 12 4 10 2 4 2 8 4 16 6 20 7 1 15 6 20 6 16 6 20 6 16 6 20 6 16 6 20 7 1 14 1 7 20 6 16 6 20 6 16 6 20 6 16 6 20 6 15, zy
1629: 1 5 10 4 15 1 6 1 17 6 18 6 15 1 7 20 6 14 4 8 2 6 4 16 6 17 1 6 1 17 6 16 4 6 2 8 4 14 6 20 7 1 15 6 18 6 17 1 6 1 15 4 10 5 1 17 6 16 6 19 1 5 14 6 20 6 14 6 20 6 14 6 20 6 14 5 1 19 6 16 6 17, zy
1630: 1 5 12 2 2 2 10 4 14 4 8 2 6 2 4 2 10 4 14 6 21 1 5 16 4 8 4 16 5 1 21 6 14 4 10 2 4 2 6 2 8 4 14 4 10 2 2 2 12 5 1 19 6 16 4 8 2 4 2 8 2 4 2 10 4 12 4 12 4 10 2 4 2 8 2 4 2 8 4 16 6 19, zy
1631: 1 5 12 4 10 4 14 5 1 20 1 5 14 4 8 2 6 4 16 6 17 1 6 1 17 6 17 1 6 1 17 6 17 1 6 1 17 6 16 4 6 2 8 4 14 5 1 20 1 5 14 4 10 4 12 5 1 17 6 18 6 16 6 18 6 16 6 18 6 16 6 18 6 16 6 18 6 16 6 18 6 17, zy
1632: 1 5 12 4 12 4 10 4 14 6 19 1 6 1 15 4 8 4 15 1 6 1 19 6 14 4 10 4 12 4 12 5 1 17 4 6 2 6 2 6 2 6 4 16 4 6 2 6 2 6 2 6 4 17 1 5 12 4 12 5 1 17 4 6 2 6 2 6 2 6 4 16 4 6 2 6 2 6 2 6 4 17, zy
1633: 1 5 12 4 12 4 12 4 12 4 12 4 12 4 12 4 12 4 12 4 12 4 12 4 12 4 12 4 12 4 12 4 12 4 12 4 12 5 1 17 4 6 2 8 2 4 2 8 4 16 6 20 6 14 4 12 4 12 5 1 18 1 5 12 4 12 4 14 6 20 6 16 4 8 2 4 2 8 2 6 4 17, zy
1634: 1 5 12 4 12 4 12 4 12 4 12 4 12 4 12 4 12 4 12 4 12 4 12 4 12 5 1 17 4 8 4 16 4 6 2 8 2 4 2 8 4 16 6 20 6 15 1 7 20 6 17 1 6 1 18 1 6 1 17 6 20 7 1 15 6 20 6 16 4 8 2 4 2 8 2 6 4 16 4 8 4 17, zy
1635: 1 5 12 4 12 4 14 6 20 6 16 5 1 21 6 14 4 12 4 10 2 4 2 6 2 8 4 14 4 12 5 1 19 6 17 1 6 1 18 1 6 1 17 6 19 1 5 12 4 14 4 8 2 6 2 4 2 10 4 12 4 14 6 21 1 5 16 6 20 6 14 4 12 4 12 5 1 18 1 6 1 18, zy
1636: 1 5 12 4 14 4 10 2 2 2 12 4 10 4 16 6 20 6 17 1 6 1 17 6 20 6 16 4 10 4 12 2 2 2 10 4 14 4 12 5 1 19 6 16 4 10 4 14 4 10 2 2 2 12 4 10 2 4 2 8 4 16 4 8 2 4 2 10 4 12 2 2 2 10 4 14 4 10 4 16 6 19, zy
1637: 1 5 12 4 14 4 10 4 14 4 10 2 4 2 6 2 8 4 16 5 1 21 6 16 5 1 21 6 15 1 7 21 1 5 15 1 7 21 1 5 14 4 12 4 12 4 12 4 14 6 21 1 5 16 6 20 6 16 4 8 2 6 2 6 2 4 2 10 2 2 2 10 2 4 2 6 2 8 4 16 6 19, zy
1638: 1 5 12 4 14 4 10 4 16 6 18 4 8 4 16 4 8 4 17 1 6 1 17 4 8 4 16 4 8 4 18 6 16 4 10 4 14 4 12 5 1 19 6 16 4 10 4 14 4 10 4 14 4 12 4 10 2 4 2 8 2 4 2 8 2 4 2 10 4 12 4 14 4 10 4 14 4 10 4 16 6 19, zy
1639: 1 5 12 4 14 4 10 4 16 6 18 6 20 6 16 5 1 21 6 14 4 12 4 12 2 2 2 8 2 6 2 4 2 10 4 14 5 1 19 6 18 6 19 1 5 14 5 1 19 6 17 1 6 1 19 6 16 5 1 20 1 6 1 15 4 8 2 6 2 6 2 6 2 6 2 6 2 8 4 16 6 19, zy
1640: 1 5 12 4 14 6 20 6 16 6 18 6 19 1 5 14 4 10 4 14 5 1 19 6 17 1 6 1 17 6 19 1 5 14 4 10 4 14 5 1 19 6 18 6 16 6 20 6 14 4 12 5 1 18 1 6 1 17 6 18 6 16 4 10 4 12 4 12 4 12 4 10 4 16 6 18 6 17 1 6 1 18, zy
1641: 1 5 14 4 10 2 4 2 8 4 16 4 8 2 4 2 10 4 12 4 14 4 10 4 14 4 10 4 15 1 6 1 20 1 5 16 6 20 6 16 4 8 2 4 2 10 4 14 4 10 4 14 4 10 2 4 2 6 2 8 4 16 5 1 21 6 16 5 1 21 6 15 1 7 21 1 5 15 1 6 1 20, zy
1642: 1 5 14 4 10 4 14 4 10 4 12 4 12 4 12 4 12 4 10 4 14 4 10 4 14 5 1 19 6 18 6 16 5 1 20 1 6 1 15 5 1 20 1 5 14 5 1 19 6 16 6 20 7 1 14 1 7 20 6 16 6 19 1 5 14 5 1 20 1 5 15 1 6 1 20 1 5 16 6 18 6 19, zy
1643: 1 5 14 4 10 4 15 1 6 1 19 6 18 6 16 6 21 1 5 16 5 1 21 6 16 6 18 6 19 1 6 1 15 4 10 4 14 5 1 20 1 5 14 5 1 19 6 18 6 16 4 8 2 4 2 10 4 12 4 12 4 12 4 12 4 10 2 4 2 8 4 16 6 18 6 19 1 5 14 5 1 20, zy
1644: 1 5 14 4 12 4 12 2 2 2 12 4 12 4 14 4 10 4 17 1 6 1 17 4 10 4 14 4 12 4 12 2 2 2 12 4 12 4 14 5 1 19 4 6 2 8 4 18 6 18 4 8 2 4 2 10 2 4 2 6 2 8 2 6 2 4 2 10 2 4 2 8 4 18 6 18 4 8 2 6 4 19, zy
1645: 1 5 14 4 12 4 12 4 12 4 12 4 14 5 1 19 4 6 2 6 2 8 4 16 6 20 6 16 5 1 21 7 1 15 6 21 1 5 16 4 8 4 18 6 17 1 6 1 18 1 6 1 17 6 18 4 8 4 16 5 1 21 6 15 1 7 21 1 5 16 6 20 6 16 4 8 2 6 2 6 4 19, zy
1646: 1 5 14 5 1 19 6 16 4 8 2 4 2 8 4 16 6 19 1 5 14 5 1 19 6 16 4 8 4 16 6 20 7 1 15 6 20 6 14 4 10 2 2 2 10 2 4 4 18 6 17 1 6 1 17 6 18 4 4 2 10 2 2 2 10 4 14 6 20 6 15 1 7 20 6 16 4 8 4 16 6 19, zy
1647: 1 5 14 6 19 1 6 1 15 4 8 4 16 6 16 4 8 4 14 4 10 4 12 4 10 4 14 4 8 4 16 6 16 4 8 4 15 1 6 1 19 6 14 5 1 19 6 14 4 10 4 12 4 12 4 10 4 14 6 18 6 17 1 6 1 17 6 18 6 14 4 10 4 12 4 12 4 10 4 14 6 19, zy
1648: 1 5 14 6 20 6 14 6 20 6 14 6 20 6 14 5 1 19 6 16 6 17 1 6 1 17 6 16 4 6 2 8 4 14 6 20 7 1 15 6 18 6 17 1 6 1 15 4 10 4 10 4 15 1 6 1 17 6 18 6 15 1 7 20 6 14 4 8 2 6 4 16 6 17 1 6 1 17 6 16 6 19, zy
1649: 1 5 16 4 8 2 4 2 8 2 4 2 10 4 12 4 12 4 12 2 2 2 8 2 6 4 17 1 6 1 17 4 6 2 8 2 2 2 12 4 12 4 12 4 10 2 4 2 8 2 4 2 8 4 16 5 1 21 6 16 6 20 6 16 6 20 6 16 6 20 6 16 6 20 6 16 6 20 6 16 6 21, zy
1650: 1 5 16 6 20 6 16 6 20 6 16 6 20 6 16 4 8 4 17 1 6 1 17 4 8 4 16 6 20 6 16 6 20 6 16 6 20 6 16 5 1 21 6 14 4 12 4 10 2 4 2 8 4 16 6 20 6 16 6 20 6 16 6 20 6 16 6 20 6 16 4 8 2 4 2 10 4 12 4 14 6 21, zy
1651: 1 5 10 2 4 2 6 2 6 2 6 2 4 2 10 5 1 17 6 18 6 14 4 10 2 2 2 10 4 12 4 10 4 14 5 1 19 6 16 4 6 2 6 2 6 2 6 4 16 6 18 6 16 4 6 2 6 2 6 2 6 4 16 6 19 1 5 14 4 10 4 12 4 10 2 2 2 10 4 14 6 18 6 17, zy
1652: 1 5 10 2 4 2 6 2 6 2 6 4 16 4 6 2 6 2 6 2 4 2 10 5 1 17 6 18 6 15 1 7 20 6 14 5 1 19 6 16 6 18 6 15 1 7 19 1 6 1 16 1 6 1 18 1 6 1 16 1 6 1 19 7 1 15 6 18 6 16 6 19 1 5 14 6 20 7 1 15 6 18 6 17, zy
1653: 1 5 10 2 4 2 6 2 8 4 14 6 20 6 14 4 8 2 6 2 4 2 10 5 1 17 6 18 6 16 6 19 1 6 1 15 6 20 6 14 5 1 19 6 16 6 19 1 5 14 5 1 19 6 16 6 19 1 5 14 5 1 19 6 16 6 19 1 5 14 6 20 6 15 1 6 1 19 6 16 6 18 6 17, zy
1654: 1 5 10 2 4 2 8 4 16 6 18 4 6 2 6 2 6 4 18 6 16 4 8 2 4 2 10 5 1 17 6 18 4 6 2 6 2 6 4 18 6 16 4 8 2 4 2 10 5 1 17 6 18 4 6 2 6 2 6 4 18 6 17 1 5 10 2 4 2 8 4 16 6 18 4 6 2 6 2 6 4 18 6 17, zy
1655: 1 5 10 2 4 2 8 4 16 6 18 6 18 6 18 6 16 4 8 4 17 1 5 12 4 12 4 12 4 12 4 12 5 1 17 4 8 4 16 6 18 6 18 6 18 6 16 4 8 2 4 2 10 5 1 17 6 18 6 18 6 18 6 16 4 8 2 4 2 8 2 4 2 8 4 16 6 18 6 18 6 18 6 17, zy
1656: 1 5 12 2 2 2 8 2 4 2 8 4 14 4 8 2 4 2 8 2 4 2 6 2 6 2 6 2 4 2 8 2 4 2 8 4 14 4 8 2 4 2 8 2 2 2 12 5 1 19 6 14 4 10 2 2 2 10 4 12 4 10 4 14 5 1 20 1 5 14 4 10 4 12 4 10 2 2 2 10 4 14 6 19, zy
1657: 1 5 12 2 2 2 10 2 2 2 10 2 2 2 10 2 2 2 10 2 2 2 10 2 2 2 10 2 2 2 10 2 2 2 10 2 2 2 10 2 2 2 10 2 2 2 10 2 2 2 10 2 2 2 12 5 1 19 6 18 6 18 6 16 4 10 4 14 5 1 20 1 5 14 4 10 4 16 6 18 6 18 6 19, zy
1658: 1 5 12 2 2 2 10 2 2 2 10 2 4 2 6 2 8 4 16 6 20 6 16 6 21 1 5 16 6 20 6 18 6 16 4 10 4 16 6 18 6 20 6 16 5 1 21 6 16 6 20 6 16 4 8 2 6 2 4 2 10 2 2 2 10 2 2 2 12 5 1 19 6 16 4 10 4 14 4 10 4 16 6 19, zy
1659: 1 5 12 2 2 2 10 4 12 4 12 4 12 4 10 2 2 2 12 5 1 18 1 6 1 17 6 18 6 16 4 8 2 4 2 10 4 12 5 1 17 6 19 1 5 14 5 1 19 6 16 4 8 4 16 6 19 1 5 14 5 1 19 6 17 1 5 12 4 10 2 4 2 8 4 16 6 18 6 17 1 6 1 18, zy
1660: 1 5 12 2 2 2 10 4 12 4 12 4 12 4 10 2 2 2 12 5 1 18 1 6 1 17 6 18 6 16 4 10 4 12 4 12 4 12 5 1 17 4 6 2 8 4 15 1 6 1 19 6 16 6 19 1 6 1 15 4 8 2 6 4 17 1 5 12 4 12 4 12 4 10 4 16 6 18 6 17 1 6 1 18, zy
1661: 1 5 12 2 2 2 10 4 12 4 12 4 12 4 10 2 2 2 12 5 1 18 1 6 1 17 6 18 6 16 4 10 4 12 4 12 4 12 5 1 17 4 6 2 8 4 16 6 17 1 6 1 18 1 6 1 17 6 16 4 8 2 6 4 17 1 5 12 4 12 4 12 4 10 4 16 6 18 6 17 1 6 1 18, zy
1662: 1 5 12 2 2 2 10 4 14 4 8 2 6 2 6 2 6 2 6 2 6 2 6 2 6 2 6 2 8 4 14 4 10 2 2 2 12 5 1 19 6 16 4 10 4 12 2 2 2 10 4 14 4 10 4 14 5 1 19 6 18 6 18 6 19 1 5 14 4 10 4 14 4 10 2 2 2 12 4 10 4 16 6 19, zy
1663: 1 5 12 2 2 2 10 4 14 4 10 4 14 5 1 20 1 5 14 4 10 4 14 4 10 2 2 2 12 5 1 19 6 18 6 16 4 8 2 6 4 18 6 16 5 1 20 1 6 1 15 4 10 4 14 5 1 20 1 5 14 4 10 4 15 1 6 1 20 1 5 16 6 18 4 6 2 8 4 16 6 18 6 19, zy
1664: 1 5 12 2 2 2 10 4 14 5 1 20 1 5 14 4 10 4 15 1 6 1 18 1 6 1 16 1 6 1 18 1 6 1 15 4 10 4 14 5 1 20 1 5 14 4 10 2 2 2 12 5 1 19 6 16 4 8 2 4 2 8 4 16 6 19 1 5 14 5 1 19 6 16 4 8 2 4 2 8 4 16 6 19, zy
1665: 1 5 12 2 2 2 10 4 14 5 1 20 1 5 16 6 18 6 18 4 6 2 6 2 6 4 18 6 18 6 16 5 1 20 1 5 14 4 10 2 2 2 12 5 1 19 6 16 4 8 4 16 6 20 6 14 4 12 5 1 18 1 6 1 16 1 6 1 18 1 5 12 4 14 6 20 6 16 4 8 4 16 6 19, zy
1666: 1 5 12 2 2 2 10 4 14 6 20 6 15 1 7 20 6 17 1 5 12 4 12 4 12 5 1 17 6 20 7 1 15 6 20 6 14 4 10 2 2 2 12 5 1 19 6 16 6 20 6 14 4 10 2 2 2 12 5 1 19 6 16 4 8 4 16 6 19 1 5 12 2 2 2 10 4 14 6 20 6 16 6 19, zy
1667: 1 5 12 4 10 4 14 4 8 2 4 2 8 4 14 4 10 4 12 4 10 4 14 4 8 2 4 2 8 4 14 4 10 4 12 5 1 17 6 18 6 16 6 18 6 16 4 8 4 14 4 10 4 12 5 1 17 6 18 6 16 6 18 6 17 1 5 12 4 10 4 14 4 8 4 16 6 18 6 16 6 18 6 17, zy
1668: 1 5 12 4 10 4 15 1 6 1 19 6 16 6 18 6 16 5 1 20 1 6 1 15 5 1 20 1 5 14 6 20 6 16 6 18 6 16 6 20 6 14 5 1 20 1 5 15 1 6 1 20 1 5 16 6 18 6 16 6 19 1 6 1 15 4 10 4 12 5 1 17 4 6 2 6 2 6 2 6 2 6 4 17, zy
1669: 1 5 12 4 12 4 10 2 4 2 8 4 15 1 6 1 19 6 16 6 19 1 6 1 15 4 8 2 4 2 10 4 12 4 12 5 1 17 4 6 2 8 4 14 4 10 4 14 4 10 4 12 4 12 4 13 1 7 20 6 16 6 20 7 1 13 4 12 4 12 4 10 4 14 4 10 4 14 4 8 2 6 4 17, zy
1670: 1 5 12 4 12 4 10 4 14 4 8 2 4 2 8 4 14 4 10 4 12 4 12 5 1 18 1 6 1 15 4 8 2 4 2 8 4 14 4 10 4 12 4 12 5 1 18 1 6 1 15 4 8 2 4 2 8 4 15 1 6 1 18 1 5 12 4 12 4 10 4 14 4 8 2 4 2 8 4 15 1 6 1 18, zy
1671: 1 5 12 4 12 4 12 4 12 4 10 4 16 6 18 6 18 6 18 6 16 4 10 4 12 4 12 4 12 4 12 5 1 17 4 6 2 8 4 15 1 6 1 19 6 16 6 20 6 14 4 12 5 1 18 1 6 1 16 1 6 1 18 1 5 12 4 14 6 20 6 16 6 19 1 6 1 15 4 8 2 6 4 17, zy
1672: 1 5 12 4 12 4 12 4 12 4 12 4 10 4 15 1 6 1 19 6 15 1 7 20 6 16 4 8 4 16 6 18 4 6 2 6 2 6 2 6 2 6 4 18 6 16 4 8 4 16 6 20 7 1 15 6 19 1 6 1 15 4 10 4 12 4 12 4 12 4 12 4 12 5 1 18 1 6 1 16 1 6 1 18, zy
1673: 1 5 12 4 12 4 12 4 12 4 12 4 10 4 16 6 18 6 19 1 5 14 4 10 2 2 2 10 2 4 2 4 2 10 2 2 2 10 4 14 5 1 19 6 18 6 16 4 10 4 12 4 12 4 12 4 12 4 12 5 1 17 4 6 2 8 4 16 6 18 6 18 6 18 6 18 6 16 4 8 2 6 4 17, zy
1674: 1 5 12 4 12 4 12 4 12 5 1 18 1 5 12 4 14 6 20 6 16 6 18 6 19 1 5 14 4 10 4 14 5 1 20 1 5 16 6 18 6 18 6 18 6 17 1 6 1 17 6 18 6 18 6 18 6 16 5 1 20 1 5 14 4 10 4 14 5 1 19 6 18 6 16 6 20 6 14 4 12 5 1 18, zy
1675: 1 5 12 4 12 4 12 4 14 6 20 6 16 6 20 6 14 4 12 4 12 4 12 5 1 18 1 6 1 17 4 6 2 8 4 16 6 18 4 6 2 8 4 14 4 12 5 1 19 6 17 1 6 1 18 1 6 1 17 6 19 1 5 12 4 14 4 8 2 6 4 18 6 16 4 8 2 6 4 17 1 6 1 18, zy
1676: 1 5 12 4 12 4 12 4 14 6 20 6 16 6 20 6 14 4 12 4 12 4 12 5 1 18 1 6 1 17 6 20 6 14 4 10 2 4 2 6 2 8 4 14 4 12 5 1 19 6 17 1 6 1 18 1 6 1 17 6 19 1 5 12 4 14 4 8 2 6 2 4 2 10 4 14 6 20 6 17 1 6 1 18, zy
1677: 1 5 12 4 12 4 12 5 1 17 4 6 2 8 4 14 4 10 2 2 2 10 4 14 5 1 20 1 5 14 4 12 5 1 19 6 16 6 20 7 1 14 1 7 20 6 16 6 20 7 1 14 1 7 20 6 16 6 19 1 5 12 4 14 5 1 20 1 5 14 4 10 2 2 2 10 4 14 4 8 2 6 4 17, zy
1678: 1 5 12 4 12 4 12 5 1 19 6 14 4 8 2 6 4 16 6 18 6 16 6 19 1 5 14 4 8 2 4 2 8 2 4 2 8 4 14 6 19 1 6 1 15 4 8 4 15 1 6 1 19 6 14 4 8 2 4 2 8 2 4 2 8 4 14 5 1 19 6 16 6 18 6 16 4 6 2 8 4 14 6 19, zy
1679: 1 5 12 4 12 4 14 6 20 6 16 6 20 6 16 6 20 6 14 4 12 4 12 5 1 18 1 6 1 17 6 20 6 14 4 10 2 2 2 12 4 10 4 14 4 12 5 1 19 6 17 1 6 1 18 1 6 1 17 6 19 1 5 12 4 14 4 10 4 12 2 2 2 10 4 14 6 20 6 17 1 6 1 18, zy
1680: 1 5 12 4 12 5 1 17 6 19 1 5 14 5 1 19 6 17 1 5 12 4 12 5 1 17 6 19 1 6 1 15 5 1 20 1 5 14 4 10 4 14 5 1 19 6 17 1 6 1 17 6 18 4 6 4 18 6 17 1 6 1 17 6 19 1 5 14 4 10 4 14 5 1 20 1 5 15 1 6 1 19 6 17, zy
1681: 1 5 12 4 14 4 8 2 4 2 10 4 14 6 20 6 17 1 5 12 5 1 17 6 20 6 14 4 10 2 4 2 8 4 14 4 12 5 1 19 6 16 5 1 21 7 1 15 6 20 6 16 4 8 2 4 2 8 2 4 2 8 2 4 2 8 2 4 2 8 4 16 6 20 6 15 1 7 21 1 5 16 6 19, zy
1682: 1 5 12 4 14 4 8 2 6 2 6 2 6 2 6 2 6 2 6 2 6 2 8 4 14 4 12 5 1 19 6 17 1 6 1 19 6 16 4 8 2 4 2 10 4 14 5 1 20 1 6 1 15 4 10 4 14 4 10 4 15 1 6 1 20 1 5 14 4 10 2 4 2 8 4 16 6 19 1 6 1 17 6 19, zy
1683: 1 5 12 4 14 4 8 2 6 4 18 6 16 4 8 2 6 4 17 1 6 1 18 1 5 12 4 14 6 20 6 17 1 6 1 17 6 20 6 14 4 12 5 1 18 1 6 1 17 4 6 2 8 4 16 6 18 4 6 2 8 4 14 4 12 5 1 19 6 16 4 8 4 17 1 6 1 17 4 8 4 16 6 19, zy
1684: 1 5 12 4 14 4 12 4 10 2 4 2 8 2 4 2 10 4 14 5 1 19 6 19 1 5 14 4 10 2 4 2 8 4 17 1 6 1 17 6 21 1 5 17 1 6 1 17 4 8 2 4 2 10 4 14 5 1 19 6 19 1 5 14 4 10 2 4 2 8 2 4 2 10 4 12 2 2 2 10 4 16 6 19, zy
1685: 1 5 12 4 14 5 1 19 6 19 1 5 14 4 10 2 4 2 8 4 17 1 5 12 4 14 5 1 19 6 19 1 5 14 4 12 5 1 17 4 8 2 4 2 10 4 14 5 1 19 6 19 1 5 14 4 12 5 1 17 4 8 2 4 2 10 4 14 5 1 19 6 19 1 5 14 4 10 2 4 2 8 4 17, zy
1686: 1 5 12 4 14 5 1 20 1 5 14 4 10 2 4 2 8 4 16 6 19 1 5 12 4 14 5 1 20 1 5 14 4 12 5 1 19 6 16 4 8 2 4 2 10 4 14 5 1 20 1 5 14 4 12 5 1 19 6 16 4 8 2 4 2 10 4 14 5 1 20 1 5 14 4 10 2 4 2 8 4 16 6 19, zy
1687: 1 5 12 4 14 5 1 21 7 1 15 4 8 2 4 2 10 4 12 4 12 4 12 4 12 4 12 4 10 2 4 2 8 4 15 1 7 21 1 5 14 4 12 5 1 19 6 16 6 20 6 16 6 20 6 14 4 12 5 1 19 6 16 6 20 6 16 6 19 1 5 12 4 14 6 20 6 16 6 20 6 16 6 19, zy
1688: 1 5 12 4 14 6 18 6 18 6 16 6 19 1 6 1 15 6 20 6 14 5 1 19 6 16 6 19 1 5 14 6 20 6 15 1 6 1 19 6 16 6 18 6 18 6 14 4 12 5 1 19 6 16 6 18 6 16 4 8 4 16 6 16 4 8 2 4 2 8 4 16 6 16 4 8 4 16 6 18 6 16 6 19, zy
1689: 1 5 12 4 14 6 20 6 14 4 12 5 1 19 6 16 6 18 6 18 6 18 6 16 6 20 7 1 13 4 12 4 10 2 4 2 6 2 6 2 6 2 4 2 10 4 12 4 12 4 12 4 10 2 4 2 6 2 6 2 6 2 4 2 10 4 12 4 13 1 7 20 6 16 6 18 6 18 6 18 6 16 6 19, zy
1690: 1 5 12 5 1 17 6 18 6 16 6 18 6 16 4 6 2 8 4 14 5 1 19 6 16 4 6 2 6 2 6 2 6 4 16 4 6 2 6 2 6 2 6 4 16 4 6 2 6 2 6 2 6 4 16 4 6 2 6 2 6 2 6 4 16 6 19 1 5 14 4 8 2 6 4 16 6 18 6 16 6 18 6 17, zy
1691: 1 5 12 5 1 17 6 18 6 16 6 18 6 16 4 6 2 8 4 14 6 20 6 14 5 1 19 6 16 6 18 6 16 6 18 6 16 4 8 4 14 4 10 4 12 4 10 4 14 4 8 4 16 6 18 6 16 6 18 6 16 6 19 1 5 14 6 20 6 14 4 8 2 6 4 16 6 18 6 16 6 18 6 17, zy
1692: 1 5 14 4 8 2 4 2 8 2 4 2 6 2 6 2 6 4 16 4 6 2 6 2 6 2 4 2 8 2 4 2 8 4 14 5 1 19 6 16 4 6 2 6 2 6 2 4 2 8 2 4 2 8 4 14 5 1 19 6 16 6 19 1 5 14 4 8 2 4 2 8 2 4 2 6 2 6 2 6 4 16 6 19, zy
1693: 1 5 14 4 8 2 4 2 8 2 4 2 6 2 6 2 6 4 16 6 18 6 16 6 19 1 5 14 4 10 4 12 4 10 4 14 5 1 19 6 16 6 18 6 16 4 6 2 6 2 6 2 4 2 8 2 4 2 8 4 14 5 1 19 6 16 6 18 6 16 6 18 6 16 6 18 6 16 6 18 6 16 6 19, zy
1694: 1 5 14 4 8 2 6 4 16 6 18 6 15 1 7 20 6 14 4 8 2 4 2 8 2 4 2 8 4 14 6 20 7 1 15 6 18 6 16 4 6 2 8 4 14 5 1 20 1 5 15 1 6 1 19 7 1 13 4 10 2 2 2 10 4 12 4 10 2 2 2 10 4 13 1 7 19 1 6 1 15 5 1 20, zy
1695: 1 5 14 4 8 2 6 4 16 6 19 1 5 14 6 20 6 15 1 7 20 6 16 6 18 6 17 1 6 1 17 6 18 6 16 6 20 7 1 15 6 20 6 14 5 1 19 6 16 4 6 2 8 4 14 5 1 19 6 16 4 6 2 8 4 14 4 10 4 12 4 12 4 10 4 14 4 8 2 6 4 16 6 19, zy
1696: 1 5 14 4 10 2 4 2 8 4 16 4 8 4 17 1 6 1 17 4 8 4 16 5 1 21 6 16 6 20 6 16 4 8 2 6 2 4 2 10 4 14 4 10 2 4 2 6 2 8 4 16 6 20 6 16 6 21 1 5 16 4 8 4 17 1 6 1 17 4 8 4 16 4 8 2 4 2 10 4 14 5 1 20, zy
1697: 1 5 14 4 10 2 4 2 8 4 16 6 19 1 6 1 17 6 18 6 20 7 1 15 6 20 6 16 4 10 4 12 2 2 2 10 4 14 4 10 4 14 4 10 4 14 4 10 2 2 2 12 4 10 4 16 6 20 6 15 1 7 20 6 18 6 17 1 6 1 19 6 16 4 8 2 4 2 10 4 14 5 1 20, zy
1698: 1 5 14 4 10 4 12 4 10 4 14 5 1 20 1 5 15 1 6 1 19 7 1 13 4 10 2 2 2 10 4 12 4 10 2 2 2 10 4 13 1 7 19 1 6 1 15 4 8 4 15 1 6 1 19 7 1 13 4 10 2 2 2 10 4 12 4 10 2 2 2 10 4 13 1 7 19 1 6 1 15 5 1 20, zy
1699: 1 5 14 4 10 4 14 4 10 4 12 4 14 6 20 6 16 6 18 6 19 1 5 14 4 10 4 14 5 1 19 6 18 6 16 6 20 6 14 4 12 4 10 4 14 4 10 4 14 5 1 19 6 18 6 16 4 8 4 16 6 20 6 14 4 10 4 14 4 10 4 14 6 20 6 16 4 8 4 16 6 18 6 19, zy
1700: 1 5 14 4 10 4 14 4 10 4 14 4 10 4 12 2 2 2 10 4 12 4 13 1 7 20 6 16 6 20 7 1 13 4 12 4 10 2 2 2 12 4 10 4 14 4 10 4 14 4 10 4 14 5 1 19 6 18 6 16 4 8 2 4 2 10 4 12 4 12 4 12 4 10 2 4 2 8 4 16 6 18 6 19, zy
1701: 1 5 14 4 10 4 14 4 10 4 14 4 10 4 14 4 10 4 14 5 1 19 6 18 6 18 6 18 6 16 4 10 4 14 5 1 20 1 6 1 15 4 10 4 12 4 14 5 1 20 1 5 14 5 1 20 1 5 14 4 12 4 10 4 15 1 6 1 20 1 5 14 4 10 4 16 6 18 6 18 6 18 6 19, zy
1702: 1 5 14 4 10 4 16 6 19 1 6 1 17 6 19 1 5 14 5 1 20 1 5 15 1 6 1 20 1 6 1 15 4 8 2 6 2 6 2 6 2 6 2 6 2 8 4 15 1 6 1 20 1 6 1 15 5 1 20 1 5 14 5 1 19 6 17 1 6 1 19 6 16 4 10 4 14 5 1 19 6 18 6 19, zy
1703: 1 5 14 4 10 4 16 6 20 6 16 6 21 1 5 16 5 1 21 6 14 4 12 4 14 6 21 1 5 16 5 1 21 6 16 6 20 6 16 4 10 4 14 5 1 19 6 18 4 6 2 6 2 8 4 16 6 20 6 16 6 21 1 5 16 5 1 21 6 16 6 20 6 16 4 8 2 6 2 6 4 18 6 19, zy
1704: 1 5 14 4 12 4 10 2 4 2 8 4 16 6 18 4 6 2 8 4 16 6 19 1 5 14 5 1 20 1 5 15 1 7 21 1 5 14 4 12 4 10 2 4 2 8 4 16 6 19 1 5 14 5 1 20 1 5 15 1 6 1 20 1 5 14 4 12 4 10 2 4 2 8 4 16 6 19 1 5 14 5 1 20, zy
1705: 1 5 14 5 1 19 6 16 6 18 6 16 6 19 1 5 14 5 1 20 1 5 16 6 16 4 8 4 16 6 17 1 6 1 17 6 18 6 15 1 7 20 6 14 4 8 2 6 4 16 6 18 6 16 4 6 2 8 4 14 6 20 7 1 15 6 18 6 17 1 6 1 17 6 16 4 8 4 16 6 16 5 1 20, zy
1706: 1 5 14 5 1 19 6 16 6 19 1 6 1 15 5 1 20 1 5 14 5 1 20 1 5 15 1 6 1 19 6 16 6 19 1 5 14 5 1 20 1 5 15 1 6 1 19 6 16 6 18 6 18 6 15 1 7 20 6 14 4 10 4 14 6 20 7 1 15 6 18 6 18 6 16 6 19 1 6 1 15 5 1 20, zy
1707: 1 5 14 5 1 19 6 18 6 16 4 8 2 6 2 4 2 10 4 14 6 21 1 5 16 6 20 6 15 1 7 21 1 5 16 6 19 1 6 1 17 6 18 6 18 6 18 6 17 1 6 1 19 6 16 5 1 21 7 1 15 6 20 6 16 5 1 21 6 14 4 10 2 4 2 6 2 8 4 16 6 18 6 19, zy
1708: 1 5 14 6 19 1 6 1 15 4 8 4 16 6 16 4 6 2 8 4 14 4 8 2 6 4 16 6 16 4 8 4 15 1 6 1 19 6 14 5 1 19 6 14 4 10 4 14 6 18 6 18 6 14 4 10 4 13 1 7 18 4 6 4 18 7 1 13 4 10 4 14 6 18 6 18 6 14 4 10 4 14 6 19, zy
1709: 1 5 14 6 20 6 14 6 20 6 14 5 1 19 6 16 6 17 1 6 1 17 6 16 4 6 2 8 4 14 6 20 7 1 15 6 18 6 17 1 6 1 15 4 10 4 10 4 14 4 10 4 10 4 15 1 6 1 17 6 18 6 15 1 7 20 6 14 4 8 2 6 4 16 6 17 1 6 1 17 6 16 6 19, zy
1710: 1 5 14 6 20 6 14 6 20 7 1 14 1 7 19 1 6 1 15 4 8 4 15 1 6 1 19 7 1 14 1 7 20 6 14 6 20 6 14 5 1 19 6 16 6 16 4 8 4 15 1 6 1 19 7 1 14 1 7 20 7 1 14 1 7 20 7 1 14 1 7 19 1 6 1 15 4 8 4 16 6 16 6 19, zy
1711: 1 5 16 4 6 2 8 4 16 6 18 6 18 6 18 6 16 4 8 2 6 4 16 5 1 21 6 14 4 10 4 14 4 8 2 6 2 6 4 18 6 16 6 20 7 1 13 4 12 4 10 4 16 6 18 6 16 4 10 4 12 4 13 1 7 20 6 16 6 18 4 6 2 6 2 8 4 14 4 10 4 14 6 21, zy
1712: 1 5 16 5 1 21 6 14 4 10 4 14 4 8 2 6 2 6 4 18 6 16 6 20 7 1 13 4 12 4 10 4 16 6 18 6 16 4 10 4 12 4 12 4 12 4 12 4 12 4 10 4 16 6 18 6 16 4 10 4 12 4 13 1 7 20 6 16 6 18 4 6 2 6 2 8 4 14 4 10 4 14 6 21, zy
1713: 1 5 16 6 19 1 6 1 17 6 18 4 6 2 8 4 16 6 20 6 15 1 7 20 6 18 6 16 4 10 4 14 4 10 4 14 4 10 4 16 6 18 6 20 7 1 15 6 20 6 16 4 8 2 6 4 18 6 17 1 6 1 19 6 16 5 1 20 1 6 1 15 4 10 4 14 4 10 4 15 1 6 1 20, zy
1714: 1 7 20 6 16 6 18 4 6 2 6 2 6 2 6 2 6 2 4 2 10 4 12 4 13 1 7 20 6 16 6 18 6 18 6 18 6 16 4 8 2 4 2 8 4 16 6 18 6 18 6 18 6 16 6 20 7 1 13 4 12 4 10 2 4 2 6 2 6 2 6 2 6 2 6 4 18 6 16 6 20 7 1 14, zy
1715: 1 5 12 2 2 2 8 2 4 2 6 2 6 2 6 2 6 4 16 6 18 6 16 6 19 1 5 14 4 8 4 16 6 18 6 16 6 18 6 16 4 8 4 14 5 1 19 6 16 6 18 6 16 4 6 2 6 2 6 2 6 2 4 2 8 2 2 2 12 5 1 19 6 14 4 10 4 12 4 12 4 10 4 14 6 19, zy
1716: 1 5 12 2 2 2 10 2 4 2 6 2 6 2 8 4 16 6 21 1 5 17 1 6 1 17 5 1 21 6 16 4 8 2 6 2 6 2 4 2 10 2 2 2 12 5 1 19 6 16 4 10 4 14 4 10 2 4 2 8 4 16 5 1 21 6 16 6 21 1 5 16 4 8 2 4 2 10 4 14 4 10 4 16 6 19, zy
1717: 1 5 12 2 2 2 10 4 12 5 1 17 6 19 1 5 14 5 1 19 6 16 6 19 1 5 14 5 1 19 6 17 1 5 12 4 10 2 2 2 12 5 1 20 1 5 16 6 17 1 6 1 18 1 5 12 4 12 5 1 18 1 5 12 4 12 5 1 18 1 5 12 4 12 5 1 18 1 6 1 17 6 16 5 1 20, zy
1718: 1 5 12 4 12 4 10 4 14 4 8 4 16 6 17 1 6 1 17 6 17 1 6 1 17 6 17 1 6 1 17 6 16 4 8 4 14 4 10 4 12 4 12 5 1 18 1 6 1 15 4 8 2 6 4 16 6 16 4 8 4 16 6 16 4 8 4 16 6 16 4 8 4 16 6 16 4 6 2 8 4 15 1 6 1 18, zy
1719: 1 5 12 4 12 4 12 4 8 2 6 4 16 4 6 2 6 2 4 2 10 4 10 2 4 2 6 2 6 4 16 4 6 2 8 4 12 4 12 4 12 5 1 19 6 16 6 16 4 8 4 16 6 16 4 6 2 8 4 14 5 1 19 6 16 6 19 1 5 14 4 8 2 6 4 16 6 16 4 8 4 16 6 16 6 19, zy
1720: 1 5 12 4 12 4 12 4 10 4 14 4 8 4 16 6 19 1 5 14 4 10 4 12 4 12 4 10 4 14 5 1 19 6 16 4 8 4 14 4 10 4 12 4 12 4 12 5 1 19 6 14 4 10 2 2 2 10 4 13 1 7 19 1 5 12 4 12 4 12 5 1 19 7 1 13 4 10 2 2 2 10 4 14 6 19, zy
1721: 1 5 12 4 12 4 12 4 10 4 14 6 20 6 14 5 1 19 6 16 6 18 6 17 1 6 1 17 6 18 6 16 6 19 1 5 14 6 20 6 14 4 10 4 12 4 12 4 12 5 1 19 6 14 4 10 4 14 5 1 20 1 5 14 5 1 19 6 16 6 19 1 5 14 5 1 20 1 5 14 4 10 4 14 6 19, zy
1722: 1 5 12 4 12 4 12 4 12 5 1 17 4 8 4 16 6 20 6 14 4 10 2 4 2 8 4 14 4 12 5 1 19 6 16 4 8 2 4 2 10 4 12 4 12 4 12 4 12 4 12 4 12 4 12 4 10 2 4 2 8 4 16 6 19 1 5 12 4 14 4 8 2 4 2 10 4 14 6 20 6 16 4 8 4 17, zy
1723: 1 5 12 4 12 4 12 4 14 6 20 6 16 4 8 4 17 1 6 1 17 4 8 4 16 6 20 6 14 4 12 4 12 4 12 5 1 17 4 8 4 16 4 8 4 16 4 6 2 8 2 4 2 8 2 4 2 8 2 4 2 8 2 4 2 8 2 4 2 8 2 4 2 8 2 6 4 16 4 8 4 16 4 8 4 17, zy
1724: 1 5 12 4 12 4 14 6 20 6 15 1 7 20 6 16 6 20 6 16 6 19 1 5 12 4 14 5 1 21 6 14 5 1 19 6 17 1 6 1 18 1 6 1 17 6 19 1 5 14 6 21 1 5 14 4 12 5 1 19 6 16 6 20 6 16 6 20 7 1 15 6 20 6 14 4 12 4 12 5 1 18 1 6 1 18, zy
1725: 1 5 12 4 12 4 14 6 21 1 5 16 6 20 6 16 6 19 1 5 12 4 14 6 20 6 16 4 8 2 6 4 17 1 6 1 17 4 6 2 8 4 16 6 20 6 14 4 12 5 1 19 6 16 6 20 6 16 5 1 21 6 14 4 12 4 12 5 1 19 6 16 6 20 6 16 6 20 6 16 6 20 6 16 6 19, zy
1726: 1 5 12 4 14 4 10 4 16 6 18 4 8 4 16 4 8 4 17 1 6 1 17 4 8 4 16 4 8 4 18 6 16 4 10 4 14 4 12 5 1 19 6 16 4 8 2 6 2 6 2 6 2 6 2 8 4 14 4 12 4 12 4 12 4 12 4 12 4 14 4 8 2 6 2 6 2 6 2 6 2 8 4 16 6 19, zy
1727: 1 5 12 4 14 5 1 20 1 6 1 15 5 1 20 1 5 14 5 1 19 6 16 4 10 4 14 4 10 4 16 6 19 1 5 14 5 1 20 1 5 15 1 6 1 20 1 5 14 4 12 5 1 17 4 8 2 4 2 8 2 6 2 4 2 10 4 14 5 1 19 6 19 1 5 14 4 12 4 10 2 4 2 8 4 17, zy
1728: 1 5 12 4 14 6 20 6 16 6 18 6 18 6 18 6 17 1 6 1 17 6 18 6 18 6 18 6 16 6 20 6 14 4 12 5 1 19 6 16 6 18 4 6 2 6 2 8 4 14 4 8 2 6 2 4 2 10 4 12 4 12 4 12 4 10 2 4 2 6 2 8 4 14 4 8 2 6 2 6 4 18 6 16 6 19, zy
1729: 1 5 14 4 8 2 6 2 6 2 6 4 17 1 6 1 17 6 18 6 18 6 17 1 6 1 17 6 18 6 18 6 17 1 6 1 17 4 6 2 6 2 6 2 8 4 14 5 1 19 6 17 1 6 1 17 6 18 6 18 6 16 4 8 2 6 4 16 4 6 2 8 4 16 6 18 6 18 6 17 1 6 1 17 6 19, zy
1730: 1 5 14 4 10 2 2 2 12 4 12 2 2 2 10 4 14 5 1 19 6 18 4 6 2 8 4 16 4 8 2 6 4 18 6 19 1 5 14 4 10 2 4 2 8 4 17 1 6 1 17 6 20 6 17 1 6 1 17 4 8 2 4 2 10 4 14 5 1 19 6 18 4 6 2 8 4 16 4 8 2 6 4 18 6 19, zy
1731: 1 5 14 4 10 2 4 2 8 4 16 4 8 4 17 1 6 1 17 6 20 6 16 5 1 21 6 14 4 12 4 12 4 14 6 21 1 5 16 6 20 6 17 1 6 1 17 4 8 4 16 4 8 2 4 2 10 4 14 5 1 19 6 18 4 6 2 6 2 8 4 16 6 20 6 16 4 8 2 6 2 6 4 18 6 19, zy
1732: 1 5 14 4 10 4 14 5 1 19 6 17 1 6 1 17 6 19 1 5 14 4 10 4 14 5 1 19 6 18 6 16 5 1 21 7 1 15 5 1 20 1 5 14 5 1 19 6 16 5 1 21 7 1 15 6 20 6 15 1 7 21 1 5 16 6 19 1 5 14 5 1 20 1 5 15 1 7 21 1 5 16 6 18 6 19, zy
1733: 1 5 14 5 1 19 6 16 4 6 2 8 4 16 6 18 6 16 4 8 2 4 2 8 2 4 2 8 4 16 6 18 6 16 4 8 2 6 4 16 6 19 1 5 14 5 1 20 1 5 16 6 18 6 18 6 17 1 6 1 17 6 18 6 17 1 6 1 17 6 18 6 17 1 6 1 17 6 18 6 18 6 16 5 1 20, zy
1734: 1 5 14 6 20 6 12 2 2 2 10 4 10 2 2 2 10 2 2 2 10 4 10 2 2 2 10 2 2 2 10 4 10 2 2 2 12 6 20 6 14 5 1 19 6 16 6 16 4 8 4 15 1 6 1 19 7 1 14 1 7 20 7 1 14 1 7 20 7 1 14 1 7 19 1 6 1 15 4 8 4 16 6 16 6 19, zy
1735: 1 5 10 2 4 2 6 2 6 2 6 2 4 2 8 2 4 2 6 2 6 2 6 2 4 2 10 5 1 17 6 18 6 15 1 7 20 6 14 5 1 19 6 16 6 18 6 15 1 7 19 1 6 1 16 1 6 1 18 1 6 1 16 1 6 1 19 7 1 15 6 18 6 16 6 19 1 5 14 6 20 7 1 15 6 18 6 17, zy
1736: 1 5 12 2 2 2 8 2 2 2 12 5 1 19 6 14 4 8 2 4 2 8 2 4 2 8 4 14 6 19 1 5 12 2 2 2 8 2 2 2 12 5 1 19 7 1 13 4 10 4 13 1 7 19 1 5 14 6 19 1 5 12 2 2 2 8 2 2 2 12 5 1 19 6 14 5 1 19 7 1 13 4 10 4 13 1 7 19, zy
1737: 1 5 12 2 2 2 8 2 4 2 8 4 14 4 8 2 4 2 8 2 2 2 12 5 1 19 6 16 6 16 4 8 2 4 2 6 2 8 4 12 4 12 4 12 5 1 19 6 14 4 10 4 12 4 12 4 10 4 12 4 12 4 10 4 14 6 19 1 5 12 4 12 4 12 4 8 2 6 2 4 2 8 4 16 6 16 6 19, zy
1738: 1 5 12 2 2 2 10 2 2 2 10 2 4 2 6 2 8 4 16 6 20 6 16 4 8 2 6 2 4 2 10 2 2 2 10 2 2 2 12 5 1 19 6 16 4 8 2 6 2 6 2 6 2 8 4 14 4 12 4 12 5 1 17 6 20 6 17 1 5 12 4 12 4 14 4 8 2 6 2 6 2 6 2 8 4 16 6 19, zy
1739: 1 5 12 2 2 2 10 2 2 2 10 2 4 2 6 2 8 4 16 6 20 6 16 6 21 1 5 16 5 1 21 6 16 6 20 6 16 4 8 2 6 2 4 2 10 2 2 2 10 2 2 2 12 5 1 19 6 16 4 10 4 14 4 10 4 16 6 18 4 8 4 16 4 8 4 18 6 16 4 10 4 14 4 10 4 16 6 19, zy
1740: 1 5 12 2 2 2 10 2 2 2 12 5 1 19 6 17 1 6 1 18 1 6 1 17 6 19 1 6 1 15 4 12 5 1 19 6 17 1 6 1 18 1 6 1 17 6 19 1 6 1 16 1 6 1 19 6 17 1 6 1 18 1 6 1 17 6 19 1 5 12 4 15 1 6 1 19 6 17 1 6 1 18 1 6 1 17 6 19, zy
1741: 1 5 12 2 2 2 10 4 10 4 14 4 8 2 4 2 8 4 14 4 8 2 4 2 8 4 14 4 8 2 4 2 8 4 14 4 10 4 10 2 2 2 12 5 1 19 6 16 6 16 4 8 4 15 1 6 1 19 7 1 14 1 7 20 7 1 14 1 7 20 7 1 14 1 7 19 1 6 1 15 4 8 4 16 6 16 6 19, zy
1742: 1 5 12 2 2 2 10 4 12 5 1 17 4 6 2 8 4 14 5 1 20 1 5 14 4 8 2 6 4 17 1 5 12 4 10 2 2 2 12 5 1 19 6 16 6 18 6 18 6 15 1 7 20 6 14 4 10 4 14 6 19 1 6 1 16 1 6 1 19 6 14 4 10 4 14 6 20 7 1 15 6 18 6 18 6 16 6 19, zy
1743: 1 5 12 2 2 2 10 4 14 4 8 2 6 2 6 4 18 6 17 1 6 1 17 6 19 1 5 14 5 1 19 6 17 1 6 1 17 6 18 4 6 2 6 2 8 4 14 4 10 2 2 2 12 5 1 19 6 16 4 8 4 17 1 6 1 17 6 18 6 18 6 18 6 18 6 18 6 17 1 6 1 17 4 8 4 16 6 19, zy
1744: 1 5 12 2 2 2 10 4 14 4 10 4 14 4 10 4 14 4 10 2 2 2 12 5 1 19 6 17 1 6 1 19 6 16 4 8 2 4 2 10 4 12 4 14 5 1 20 1 6 1 15 4 10 4 14 4 10 4 14 4 10 4 15 1 6 1 20 1 5 14 4 12 4 10 2 4 2 8 4 16 6 19 1 6 1 17 6 19, zy
1745: 1 5 12 2 2 2 10 4 14 5 1 20 1 5 14 4 10 2 2 2 12 5 1 19 6 16 4 8 2 4 2 10 4 12 4 14 5 1 21 7 1 15 5 1 20 1 6 1 15 4 10 4 14 5 1 20 1 5 14 4 10 4 15 1 6 1 20 1 5 15 1 7 21 1 5 14 4 12 4 10 2 4 2 8 4 16 6 19, zy
1746: 1 5 12 2 4 2 6 2 6 2 8 4 16 4 8 4 17 1 6 1 17 4 8 4 16 4 8 2 6 2 6 2 4 2 12 5 1 19 6 18 6 18 6 20 6 16 5 1 21 6 14 4 12 4 14 5 1 21 6 14 4 12 4 12 4 14 6 21 1 5 14 4 12 4 14 6 21 1 5 16 6 20 6 18 6 18 6 19, zy
1747: 1 5 12 4 10 2 2 2 10 2 2 2 10 4 12 5 1 17 4 6 2 6 2 4 2 10 4 12 4 10 4 14 6 20 7 1 15 6 18 6 17 1 6 1 17 6 16 5 1 20 1 5 14 5 1 20 1 5 16 6 17 1 6 1 17 6 18 6 15 1 7 20 6 14 4 10 4 12 4 10 2 4 2 6 2 6 4 17, zy
1748: 1 5 12 4 10 2 2 2 10 2 2 2 10 4 12 5 1 17 4 6 2 6 2 6 4 16 4 6 2 8 4 14 6 20 7 1 15 6 18 6 17 1 6 1 17 6 16 5 1 20 1 5 14 5 1 20 1 5 16 6 17 1 6 1 17 6 18 6 15 1 7 20 6 14 4 8 2 6 4 16 4 6 2 6 2 6 4 17, zy
1749: 1 5 12 4 10 2 4 2 6 4 17 1 6 1 17 6 16 6 19 1 5 12 4 13 1 7 19 1 5 12 4 12 4 10 4 14 6 19 1 6 1 15 4 8 4 15 1 6 1 19 6 14 4 10 4 12 4 12 5 1 19 7 1 13 4 12 5 1 19 6 16 6 17 1 6 1 17 4 6 2 4 2 10 4 12 5 1 18, zy
1750: 1 5 12 4 10 4 15 1 6 1 19 6 14 4 10 4 14 6 19 1 5 12 4 12 4 10 2 4 2 6 2 6 4 17 1 6 1 17 6 17 1 6 1 17 4 6 2 6 2 4 2 10 4 12 4 12 5 1 19 6 14 4 10 4 14 6 19 1 6 1 15 4 10 4 12 5 1 17 4 6 2 6 2 6 2 6 4 17, zy
1751: 1 5 12 4 12 4 10 4 14 4 8 2 4 2 8 4 16 6 17 1 6 1 18 1 5 12 4 12 4 10 4 14 4 10 4 12 4 10 4 14 4 10 4 12 4 12 5 1 18 1 6 1 17 6 16 4 8 2 4 2 8 4 14 4 10 4 12 4 12 5 1 18 1 6 1 17 6 16 4 8 4 16 6 17 1 6 1 18, zy
1752: 1 5 12 4 12 4 10 4 14 5 1 20 1 5 14 4 10 4 14 6 19 1 5 14 5 1 20 1 5 16 6 16 4 8 2 4 2 8 4 14 4 10 4 12 4 10 4 14 4 8 2 4 2 8 4 16 6 16 5 1 20 1 5 14 5 1 19 6 14 4 10 4 14 5 1 20 1 5 14 4 10 4 12 4 12 5 1 18, zy
1753: 1 5 12 4 12 4 10 4 14 6 19 1 5 14 6 20 7 1 14 1 7 20 7 1 14 1 7 20 6 14 5 1 19 6 14 4 10 4 12 4 12 5 1 18 1 5 12 4 12 5 1 18 1 6 1 15 5 1 20 1 5 14 4 10 4 12 4 10 4 14 5 1 20 1 5 15 1 6 1 18 1 5 12 4 12 5 1 18, zy
1754: 1 5 12 4 12 4 12 4 8 2 6 4 16 6 18 6 16 6 18 6 16 6 19 1 5 14 4 8 4 16 6 18 6 16 6 18 6 16 6 18 6 16 6 18 6 16 4 8 4 14 5 1 19 6 16 6 18 6 16 6 18 6 16 4 6 2 8 4 12 4 12 4 12 5 1 19 6 16 6 16 4 8 4 16 6 16 6 19, zy
1755: 1 5 12 4 12 4 12 4 12 4 10 2 4 2 6 2 8 4 14 4 10 4 14 6 21 1 5 16 5 1 21 6 14 4 10 4 14 4 8 2 6 2 4 2 10 4 12 4 12 4 12 4 12 5 1 17 4 8 4 16 6 18 6 18 6 18 6 16 4 8 4 16 4 8 4 16 6 18 6 18 6 18 6 16 4 8 4 17, zy
1756: 1 5 12 4 12 4 12 4 12 4 12 4 12 4 12 4 12 2 2 2 8 2 4 2 8 2 2 2 12 4 12 4 12 4 12 4 12 4 12 4 12 4 12 5 1 17 4 6 2 8 2 4 2 8 4 16 6 20 6 14 4 12 4 12 5 1 18 1 5 12 4 12 4 14 6 20 6 16 4 8 2 4 2 8 2 6 4 17, zy
1757: 1 5 12 4 12 4 12 4 12 4 12 5 1 18 1 6 1 17 6 17 1 6 1 18 1 5 12 4 14 6 19 1 6 1 16 1 6 1 18 1 5 12 4 12 4 12 4 12 5 1 18 1 5 12 4 12 4 12 4 12 5 1 18 1 6 1 16 1 6 1 19 6 14 4 12 5 1 18 1 6 1 17 6 17 1 6 1 18, zy
1758: 1 5 12 4 12 4 12 4 14 6 20 6 17 1 6 1 19 6 16 6 21 1 5 16 6 20 6 16 5 1 21 6 16 6 19 1 6 1 17 6 20 6 14 4 12 4 12 4 12 5 1 17 4 8 4 16 4 8 4 17 1 6 1 17 4 8 4 16 6 20 6 16 4 8 4 17 1 6 1 17 4 8 4 16 4 8 4 17, zy
1759: 1 5 12 4 12 4 12 5 1 19 6 14 4 10 4 12 4 12 4 10 4 14 6 18 6 18 6 15 1 7 20 6 14 4 8 2 6 4 16 6 18 6 16 6 17 1 6 1 18 1 6 1 17 6 16 6 18 6 16 4 6 2 8 4 14 6 20 7 1 15 6 18 6 18 6 14 4 10 4 12 4 12 4 10 4 14 6 19, zy
1760: 1 5 12 4 12 4 12 5 1 19 6 16 6 16 4 8 4 16 6 16 6 19 1 5 12 4 12 4 12 5 1 19 7 1 13 4 10 4 14 6 19 1 6 1 15 6 20 7 1 15 4 6 2 8 4 14 4 8 2 4 2 8 4 14 4 8 2 6 4 15 1 7 20 6 15 1 6 1 19 6 14 4 10 4 13 1 7 19, zy
1761: 1 5 12 4 12 4 14 4 8 2 6 2 6 2 6 2 6 2 8 4 16 6 19 1 5 12 4 14 4 10 4 16 6 18 4 6 2 8 2 4 2 8 2 4 2 8 2 6 4 18 6 16 4 10 4 14 4 12 5 1 19 6 16 4 8 2 6 2 6 2 6 2 6 2 8 4 14 4 12 4 12 5 1 17 4 8 4 17, zy
1762: 1 5 12 4 12 4 14 6 20 6 16 4 8 2 4 2 10 4 12 4 12 4 14 6 21 1 5 16 6 20 6 16 6 20 6 16 6 20 6 16 6 20 6 16 6 20 6 16 6 20 6 16 6 20 6 16 5 1 21 6 14 4 12 4 12 4 10 2 4 2 8 4 16 6 20 6 14 4 12 4 12 5 1 17 4 8 4 17, zy
1763: 1 5 12 4 12 4 14 6 20 6 16 6 20 6 16 6 20 6 14 4 12 4 12 5 1 18 1 6 1 17 4 6 2 8 4 16 6 18 4 6 2 6 2 8 4 14 4 12 5 1 19 6 17 1 6 1 18 1 6 1 17 6 19 1 5 12 4 14 4 8 2 6 2 6 4 18 6 16 4 8 2 6 4 17 1 6 1 18, zy
1764: 1 5 12 4 12 4 14 6 21 1 5 16 6 20 6 14 4 12 4 14 6 20 6 16 5 1 21 6 14 4 12 4 12 5 1 18 1 6 1 17 6 20 6 15 1 7 20 6 17 1 6 1 19 6 16 6 21 1 5 16 6 20 6 16 5 1 21 6 16 6 19 1 6 1 17 6 20 7 1 15 6 20 6 17 1 6 1 18, zy
1765: 1 5 12 4 12 5 1 17 4 6 2 8 4 14 5 1 19 6 17 1 5 12 5 1 17 6 19 1 5 14 4 8 2 6 4 16 4 6 2 8 4 14 5 1 19 6 17 1 5 12 5 1 17 6 19 1 5 14 4 8 2 6 4 17 1 5 12 4 12 5 1 18 1 5 12 4 12 5 1 18 1 5 12 4 12 5 1 18, zy
1766: 1 5 12 4 13 1 7 20 6 14 5 1 19 6 14 4 10 4 14 6 19 1 6 1 15 6 19 1 5 14 6 20 6 14 5 1 19 6 15 1 6 1 19 6 14 4 10 4 14 6 19 1 5 14 6 20 7 1 13 4 12 5 1 18 1 6 1 16 1 6 1 17 6 18 6 16 6 18 6 17 1 6 1 16 1 6 1 18, zy
1767: 1 5 12 4 14 4 8 2 6 2 6 2 6 2 6 2 6 2 6 2 6 2 6 2 6 2 8 4 14 4 12 5 1 19 6 16 5 1 20 1 6 1 15 4 10 4 14 5 1 19 6 18 6 18 6 18 6 19 1 5 14 5 1 19 6 18 6 18 6 18 6 19 1 5 14 4 10 4 15 1 6 1 20 1 5 16 6 19, zy
1768: 1 5 12 4 14 4 8 2 6 4 17 1 6 1 18 1 6 1 17 6 18 6 19 1 5 14 4 10 4 14 5 1 19 6 18 6 17 1 6 1 18 1 6 1 17 4 6 2 8 4 14 4 12 5 1 19 6 17 1 6 1 18 1 6 1 17 6 18 6 18 4 6 4 18 6 18 6 17 1 6 1 18 1 6 1 17 6 19, zy
1769: 1 5 12 4 14 4 10 4 14 4 12 5 1 18 1 6 1 17 6 18 4 6 2 8 2 4 2 8 2 4 2 10 4 12 4 14 5 1 19 6 18 6 19 1 6 1 15 4 10 4 14 4 10 4 15 1 6 1 19 6 18 6 19 1 5 14 4 12 4 10 2 4 2 8 2 4 2 8 2 6 4 18 6 17 1 6 1 18, zy
1770: 1 5 12 4 14 4 10 4 16 6 19 1 5 12 4 14 4 12 5 1 19 6 16 4 10 4 14 4 12 5 1 18 1 6 1 17 6 20 6 16 5 1 21 6 14 4 12 4 14 6 21 1 5 16 6 20 6 18 6 18 6 18 6 20 6 16 5 1 21 6 14 4 12 4 14 6 21 1 5 16 6 20 6 17 1 6 1 18, zy
1771: 1 5 12 4 14 5 1 20 1 5 14 4 10 2 2 2 10 2 2 2 10 4 14 5 1 20 1 5 14 4 12 5 1 19 6 16 5 1 21 6 14 5 1 19 6 16 6 20 6 14 4 12 5 1 18 1 6 1 17 6 18 6 17 1 6 1 18 1 5 12 4 14 6 20 6 16 6 19 1 5 14 6 21 1 5 16 6 19, zy
1772: 1 5 12 4 14 5 1 20 1 5 14 4 10 4 14 4 10 4 12 4 14 6 19 1 6 1 16 1 6 1 19 6 14 4 12 4 10 4 14 4 10 4 14 5 1 20 1 5 14 4 12 5 1 19 6 16 6 20 6 14 4 10 4 14 4 10 4 14 5 1 20 1 5 14 4 10 4 14 4 10 4 14 6 20 6 16 6 19, zy
1773: 1 5 12 4 14 5 1 20 1 5 14 4 12 5 1 19 6 16 4 8 2 4 2 10 4 14 5 1 20 1 5 14 4 10 2 4 2 8 4 16 6 19 1 5 12 4 14 5 1 20 1 5 14 4 12 5 1 19 6 16 5 1 20 1 6 1 15 4 10 4 14 4 10 4 14 4 10 4 15 1 6 1 20 1 5 16 6 19, zy
1774: 1 5 12 4 14 6 20 6 17 1 6 1 18 1 6 1 17 6 19 1 6 1 16 1 6 1 19 6 17 1 6 1 18 1 6 1 17 6 20 6 14 4 12 5 1 18 1 6 1 17 4 8 4 16 6 19 1 6 1 17 6 18 6 19 1 5 14 5 1 19 6 18 6 17 1 6 1 19 6 16 4 8 4 17 1 6 1 18, zy
1775: 1 5 12 5 1 17 6 18 6 14 4 10 4 14 6 18 6 18 7 1 13 4 10 4 12 4 12 4 8 2 6 2 4 2 8 2 4 2 6 2 6 2 6 2 4 2 8 2 4 2 6 2 6 2 6 2 4 2 8 2 4 2 6 2 8 4 12 4 12 4 10 4 13 1 7 18 6 18 6 14 4 10 4 14 6 18 6 17, zy
1776: 1 5 14 4 8 2 4 2 8 4 15 1 6 1 19 7 1 14 1 7 20 7 1 14 1 7 19 1 6 1 15 4 8 2 4 2 8 4 14 5 1 19 6 16 6 18 6 16 6 18 6 16 4 8 4 14 5 1 19 6 16 6 18 6 16 6 18 6 16 6 19 1 5 14 4 8 4 16 6 18 6 16 6 18 6 16 6 19, zy
1777: 1 5 14 4 8 2 6 2 6 2 6 4 17 1 6 1 17 6 18 6 18 6 17 1 6 1 17 6 18 6 18 6 17 1 6 1 17 4 6 2 6 2 6 2 8 4 14 5 1 19 6 17 1 6 1 17 6 18 6 18 6 16 4 8 2 4 2 10 4 10 2 4 2 8 4 16 6 18 6 18 6 17 1 6 1 17 6 19, zy
1778: 1 5 14 4 10 2 2 2 10 4 14 4 10 4 12 4 14 6 19 1 6 1 16 1 6 1 19 6 14 4 12 4 10 4 14 4 10 2 2 2 10 4 14 5 1 19 6 18 6 16 4 8 2 4 2 8 2 4 2 8 4 16 6 19 1 5 14 5 1 19 6 16 4 8 2 4 2 8 2 4 2 8 4 16 6 18 6 19, zy
1779: 1 5 14 4 10 2 2 2 12 4 12 4 12 4 14 5 1 21 7 1 15 5 1 21 6 14 4 12 4 12 4 12 4 14 6 21 1 5 15 1 7 21 1 5 14 4 12 4 12 4 12 2 2 2 10 4 14 5 1 20 1 5 15 1 6 1 20 1 5 14 4 12 4 12 4 12 4 14 5 1 20 1 6 1 15 5 1 20, zy
1780: 1 5 14 4 10 2 4 2 6 4 18 6 17 1 6 1 17 6 19 1 5 14 4 10 4 14 5 1 20 1 5 15 1 6 1 19 6 17 1 6 1 17 6 18 6 17 1 6 1 17 6 19 1 6 1 15 5 1 20 1 5 14 4 10 4 14 5 1 19 6 17 1 6 1 17 6 18 4 6 2 4 2 10 4 14 5 1 20, zy
1781: 1 5 14 4 10 2 4 2 8 4 16 4 8 4 17 1 6 1 17 4 8 4 16 5 1 21 6 16 6 20 6 16 4 8 2 6 2 6 2 4 2 10 2 2 2 10 2 4 2 6 2 6 2 8 4 16 6 20 6 16 6 21 1 5 16 4 8 4 17 1 6 1 17 4 8 4 16 4 8 2 4 2 10 4 14 5 1 20, zy
1782: 1 5 14 4 10 2 4 2 8 4 16 6 19 1 6 1 17 6 18 6 20 7 1 15 6 20 6 16 4 10 4 12 2 2 2 10 4 14 4 8 2 6 2 6 2 6 2 8 4 14 4 10 2 2 2 12 4 10 4 16 6 20 6 15 1 7 20 6 18 6 17 1 6 1 19 6 16 4 8 2 4 2 10 4 14 5 1 20, zy
1783: 1 5 14 4 10 4 12 4 10 4 14 5 1 20 1 5 15 1 6 1 19 6 14 5 1 19 6 14 4 10 4 12 4 12 4 10 4 14 6 19 1 5 14 6 19 1 6 1 15 4 8 4 15 1 6 1 19 6 14 5 1 19 6 14 4 10 4 12 4 12 4 10 4 14 6 19 1 5 14 6 19 1 6 1 15 5 1 20, zy
1784: 1 5 14 4 10 4 14 4 10 2 4 2 6 2 8 4 15 1 6 1 20 1 6 1 15 5 1 20 1 5 14 5 1 19 6 18 6 18 6 18 6 18 6 18 6 19 1 5 14 5 1 20 1 5 15 1 6 1 20 1 6 1 15 4 8 2 6 2 4 2 10 4 14 4 10 4 14 5 1 19 6 18 6 18 6 18 6 19, zy
1785: 1 5 14 4 10 4 14 4 10 4 12 4 14 6 20 6 16 6 18 6 19 1 5 14 4 10 4 14 5 1 19 6 18 6 16 6 20 6 14 4 12 4 10 4 14 4 10 4 14 5 1 19 6 18 6 16 6 20 6 16 6 18 4 6 2 6 2 6 2 6 2 6 2 6 2 6 4 18 6 16 6 20 6 16 6 18 6 19, zy
1786: 1 5 14 4 10 4 14 4 10 4 14 4 10 4 14 4 10 4 14 5 1 19 6 18 6 16 4 10 4 14 5 1 20 1 5 14 4 10 4 15 1 6 1 20 1 5 16 6 19 1 6 1 17 6 18 6 17 1 6 1 19 6 16 5 1 20 1 6 1 15 4 10 4 14 5 1 20 1 5 14 4 10 4 16 6 18 6 19, zy
1787: 1 5 14 4 10 4 14 4 10 4 14 6 20 6 16 6 19 1 5 14 5 1 20 1 5 16 6 18 6 18 6 17 1 6 1 17 4 6 2 6 2 8 4 14 4 8 2 6 2 6 4 17 1 6 1 17 6 18 6 18 6 16 5 1 20 1 5 14 5 1 19 6 16 6 20 6 14 4 10 4 14 4 10 4 14 5 1 20, zy
1788: 1 5 14 4 10 4 14 6 20 6 16 4 8 4 16 6 19 1 5 14 5 1 20 1 5 16 6 18 4 6 2 6 2 6 2 6 2 6 2 6 4 18 6 16 5 1 20 1 5 14 5 1 19 6 16 4 8 4 16 6 20 6 14 4 10 4 14 5 1 19 6 17 1 6 1 17 6 18 6 18 6 17 1 6 1 17 6 19, zy
1789: 1 5 14 4 10 4 14 6 20 6 16 6 20 6 14 4 10 4 14 5 1 19 6 16 4 8 2 4 2 8 4 16 6 19 1 5 14 5 1 19 6 16 5 1 20 1 5 14 5 1 19 6 16 4 8 4 16 6 19 1 5 14 5 1 20 1 5 16 6 19 1 5 14 5 1 19 6 16 4 8 2 4 2 8 4 16 6 19, zy
1790: 1 5 14 4 10 4 15 1 6 1 19 6 18 6 16 4 8 4 17 1 6 1 17 4 8 4 16 6 18 6 19 1 6 1 15 4 10 4 14 5 1 20 1 5 14 5 1 19 6 18 6 16 4 8 2 4 2 10 4 12 4 12 4 12 4 12 4 12 4 12 4 10 2 4 2 8 4 16 6 18 6 19 1 5 14 5 1 20, zy
1791: 1 5 14 4 10 4 16 6 18 6 18 4 6 2 6 2 8 4 15 1 6 1 20 1 5 14 4 10 4 16 6 18 6 19 1 6 1 15 4 10 4 14 4 10 4 14 4 10 4 15 1 6 1 19 6 18 6 16 4 10 4 14 5 1 20 1 6 1 15 4 8 2 6 2 6 4 18 6 18 6 16 4 10 4 14 5 1 20, zy
1792: 1 5 14 4 10 4 16 6 18 6 19 1 6 1 16 1 6 1 19 6 16 5 1 21 6 14 4 10 2 4 2 6 2 8 4 16 6 19 1 6 1 15 4 10 4 15 1 6 1 19 6 16 4 8 2 6 2 4 2 10 4 14 6 21 1 5 16 6 19 1 6 1 16 1 6 1 19 6 18 6 16 4 10 4 14 5 1 20, zy
1793: 1 5 14 4 10 4 16 6 20 6 16 4 10 4 14 5 1 20 1 5 15 1 6 1 20 1 5 14 4 12 4 12 4 12 4 12 4 14 5 1 20 1 5 15 1 6 1 20 1 5 16 6 20 6 16 5 1 20 1 6 1 15 5 1 20 1 5 14 4 12 4 12 4 12 4 12 4 14 5 1 20 1 6 1 15 5 1 20, zy
1794: 1 5 14 4 12 4 10 2 2 2 12 4 10 4 16 6 18 6 19 1 5 14 5 1 19 6 18 6 16 4 10 4 12 2 2 2 10 4 12 4 14 5 1 21 6 14 4 10 4 14 4 10 2 2 2 10 2 4 2 6 2 6 2 6 2 6 2 6 2 6 2 6 2 4 2 10 2 2 2 10 4 14 4 10 4 14 6 21, zy
1795: 1 5 14 5 1 19 6 16 4 8 2 6 2 4 2 10 4 14 6 21 1 5 15 1 7 21 1 5 16 6 19 1 6 1 17 6 18 6 18 6 19 1 5 14 5 1 19 6 18 6 18 6 17 1 6 1 19 6 16 5 1 21 7 1 15 5 1 21 6 14 4 10 2 4 2 6 2 8 4 16 6 19 1 5 14 5 1 20, zy
1796: 1 5 14 5 1 19 6 16 6 18 6 16 6 19 1 5 14 5 1 20 1 5 16 6 17 1 6 1 17 6 18 6 16 6 18 6 16 6 19 1 5 14 6 20 6 14 4 8 2 6 4 16 6 18 6 16 4 6 2 8 4 14 6 20 6 14 5 1 19 6 16 6 18 6 16 6 18 6 17 1 6 1 17 6 16 5 1 20, zy
1797: 1 5 14 5 1 19 6 18 6 18 6 16 4 8 2 6 2 4 2 10 4 14 6 21 1 5 16 6 19 1 6 1 17 6 18 6 18 6 18 4 6 2 6 2 6 2 6 2 6 2 6 2 6 4 18 6 18 6 18 6 17 1 6 1 19 6 16 5 1 21 6 14 4 10 2 4 2 6 2 8 4 16 6 18 6 18 6 19, zy
1798: 1 5 14 6 20 6 12 2 2 2 10 4 10 2 2 2 12 6 20 6 14 5 1 19 6 16 6 17 1 6 1 17 6 16 4 6 2 8 4 14 6 20 7 1 15 6 18 6 17 1 6 1 15 4 10 4 10 4 15 1 6 1 17 6 18 6 15 1 7 20 6 14 4 8 2 6 4 16 6 17 1 6 1 17 6 16 6 19, zy
1799: 1 5 14 6 20 6 16 4 6 2 8 2 4 2 6 2 8 4 15 1 6 1 19 6 15 1 7 20 6 16 6 20 6 14 4 10 4 14 4 10 4 14 6 20 6 16 6 20 7 1 15 6 19 1 6 1 15 4 8 2 6 2 4 2 8 2 6 4 16 6 20 6 14 5 1 18 1 6 1 17 6 18 6 17 1 6 1 18, zy
1800: 1 5 16 4 8 2 4 2 10 4 14 4 10 4 14 4 12 4 10 2 4 2 8 2 4 2 10 4 12 4 14 4 10 4 14 4 10 2 4 2 8 4 16 5 1 21 6 16 6 20 6 18 6 18 6 18 6 20 6 16 5 1 21 6 14 4 12 4 14 6 21 1 5 16 6 20 6 18 6 18 6 18 6 20 6 16 6 21, zy
1801: 1 5 16 4 8 4 16 4 8 4 16 4 8 4 16 4 8 4 16 4 8 4 16 4 8 4 16 5 1 21 6 14 4 12 4 12 4 10 2 2 2 12 4 12 4 10 4 16 6 20 7 1 15 6 20 6 16 6 20 6 16 6 20 6 15 1 7 20 6 16 4 10 4 12 4 12 2 2 2 10 4 12 4 12 4 14 6 21, zy
1802: 1 5 16 4 10 4 14 4 10 4 16 5 1 21 6 16 4 10 4 14 4 10 4 16 6 21 1 5 17 1 6 1 17 6 21 1 5 17 1 6 1 17 5 1 21 6 16 4 10 4 14 4 10 4 16 6 21 1 5 17 1 6 1 17 5 1 21 6 17 1 6 1 17 5 1 21 6 16 4 10 4 14 4 10 4 16 6 21, zy
1803: 1 5 16 5 1 21 6 14 4 10 4 14 4 8 2 6 2 6 4 18 6 16 6 20 7 1 13 4 12 4 10 4 16 6 18 6 16 4 10 4 12 4 12 2 2 2 8 2 2 2 12 4 12 4 10 4 16 6 18 6 16 4 10 4 12 4 13 1 7 20 6 16 6 18 4 6 2 6 2 8 4 14 4 10 4 14 6 21, zy
1804: 1 5 16 6 20 6 14 4 10 2 2 2 10 2 2 2 10 2 2 2 10 4 14 6 20 6 16 5 1 21 6 14 4 10 4 14 4 8 2 6 2 6 4 18 6 16 6 20 7 1 13 4 12 4 10 4 16 6 18 6 16 4 10 4 12 4 13 1 7 20 6 16 6 18 4 6 2 6 2 8 4 14 4 10 4 14 6 21, zy
1805: 1 6 1 15 4 8 2 4 2 8 2 4 2 8 2 4 2 8 2 4 2 8 4 15 1 6 1 19 6 16 4 8 4 16 6 20 7 1 15 6 19 1 6 1 15 4 10 4 14 6 20 6 16 6 20 7 1 14 1 7 20 6 16 6 20 6 14 4 10 4 15 1 6 1 19 6 15 1 7 20 6 16 4 8 4 16 6 19, zy
1806: 1 5 12 2 2 2 8 2 4 2 8 4 14 4 8 2 4 2 8 4 15 1 6 1 18 1 5 12 4 12 5 1 18 1 5 12 4 12 5 1 18 1 6 1 15 4 8 2 4 2 8 4 14 4 8 2 4 2 8 2 2 2 12 5 1 19 6 16 6 17 1 6 1 17 6 17 1 6 1 17 6 17 1 6 1 17 6 16 6 19, zy
1807: 1 5 12 2 2 2 10 4 16 6 18 6 20 6 16 6 21 1 5 16 4 8 2 4 2 10 4 14 5 1 20 1 5 14 4 12 4 12 4 12 4 12 4 14 5 1 20 1 5 14 4 10 2 4 2 8 4 16 5 1 21 6 16 6 20 6 18 6 16 4 10 2 2 2 12 5 1 19 6 17 1 6 1 18 1 6 1 17 6 19, zy
1808: 1 5 12 2 4 2 6 2 6 2 8 4 16 6 20 6 16 4 8 2 6 2 6 2 4 2 12 5 1 19 6 18 6 18 6 18 4 8 4 16 5 1 21 6 15 1 7 21 1 5 15 1 7 21 1 5 14 4 12 4 12 4 14 5 1 21 7 1 15 5 1 21 7 1 15 6 21 1 5 16 4 8 4 18 6 18 6 18 6 19, zy
1809: 1 5 12 4 10 4 14 4 8 4 16 6 17 1 6 1 17 6 17 1 6 1 17 6 17 1 6 1 17 6 16 4 8 4 14 4 10 4 12 5 1 17 6 18 6 16 6 18 6 16 6 18 6 17 1 5 12 4 10 4 14 5 1 19 6 16 6 19 1 5 14 4 10 4 12 5 1 17 6 18 6 16 6 18 6 16 6 18 6 17, zy
1810: 1 5 12 4 12 2 2 2 8 2 6 4 17 1 6 1 17 6 20 6 14 4 12 5 1 19 6 16 6 20 6 16 6 20 6 16 6 20 7 1 15 6 20 6 15 1 7 20 6 16 6 20 6 16 6 20 6 16 6 19 1 5 12 4 14 6 20 6 17 1 6 1 17 4 6 2 8 2 2 2 12 4 12 5 1 18 1 6 1 18, zy
1811: 1 5 12 4 12 4 10 4 12 4 12 4 10 4 13 1 7 18 4 4 2 10 4 12 4 10 2 2 2 10 4 12 4 10 4 14 5 1 19 6 16 6 19 1 5 14 4 10 4 12 4 10 2 2 2 10 4 12 4 10 2 4 4 18 7 1 13 4 10 4 12 4 12 4 10 4 12 4 12 5 1 18 1 5 12 4 12 5 1 18, zy
1812: 1 5 12 4 12 4 12 2 2 2 10 4 12 4 12 2 2 2 10 4 12 4 14 6 21 1 5 16 6 20 6 14 4 12 4 12 4 12 4 12 4 12 4 12 4 12 4 12 4 12 4 12 4 12 4 12 4 14 6 20 6 16 5 1 21 6 14 4 12 4 10 2 2 2 12 4 12 4 10 2 2 2 12 4 12 4 12 5 1 18, zy
1813: 1 5 12 4 12 4 12 4 14 6 20 6 17 1 6 1 18 1 5 12 4 14 6 21 1 5 16 6 20 7 1 13 4 12 4 12 4 12 4 12 4 12 4 12 4 12 4 12 4 13 1 7 20 6 16 5 1 21 6 14 4 12 5 1 18 1 6 1 17 6 20 6 14 4 12 4 12 4 12 5 1 17 4 8 4 16 4 8 4 17, zy
1814: 1 5 12 4 12 4 12 5 1 17 4 6 2 8 4 15 1 6 1 19 6 16 6 20 6 14 4 12 5 1 19 6 16 6 19 1 6 1 15 4 8 2 6 2 4 2 10 4 12 4 12 4 10 2 4 2 6 2 8 4 15 1 6 1 19 6 16 6 19 1 5 12 4 14 6 20 6 16 6 19 1 6 1 15 4 8 2 6 4 17, zy
1815: 1 5 12 4 12 4 14 6 20 6 16 4 8 2 4 2 10 4 12 4 14 6 21 1 5 16 6 20 6 14 4 12 4 12 4 12 4 12 4 12 4 12 4 12 4 12 4 12 4 12 4 12 4 12 4 12 4 12 4 14 6 20 6 16 5 1 21 6 14 4 12 4 10 2 4 2 8 4 16 6 20 6 14 4 12 4 12 5 1 18, zy
1816: 1 5 12 4 12 5 1 17 4 6 2 8 4 14 5 1 19 6 17 1 5 12 5 1 17 6 19 1 5 14 4 8 2 4 2 10 4 10 2 4 2 8 4 14 5 1 19 6 17 1 5 12 5 1 17 6 19 1 5 14 4 8 2 6 4 17 1 5 12 4 12 5 1 18 1 5 12 4 12 5 1 18 1 5 12 4 12 5 1 18, zy
1817: 1 5 12 4 14 4 8 2 6 2 6 4 18 6 16 4 8 2 6 4 17 1 6 1 17 4 6 2 8 4 16 6 18 4 6 2 6 2 8 4 14 4 12 5 1 19 6 16 4 10 4 12 4 12 4 12 2 2 2 8 2 4 2 8 2 4 2 8 2 4 2 8 2 4 2 8 2 2 2 12 4 12 4 12 4 10 4 16 6 19, zy
1818: 1 5 12 4 14 4 10 4 14 4 10 2 2 2 12 4 10 2 4 2 8 4 16 4 8 2 4 2 10 4 12 2 2 2 10 4 14 4 10 4 14 4 12 5 1 19 6 16 5 1 20 1 5 14 4 10 2 4 2 8 4 16 6 20 6 17 1 6 1 17 6 20 6 16 4 8 2 4 2 10 4 14 5 1 20 1 5 16 6 19, zy
1819: 1 5 12 4 14 5 1 21 7 1 15 4 8 2 4 2 10 4 14 6 21 1 5 16 6 20 7 1 15 6 20 6 15 1 7 20 6 16 5 1 21 6 14 4 10 2 4 2 8 4 15 1 7 21 1 5 14 4 12 5 1 19 6 16 5 1 21 7 1 15 6 20 6 17 1 6 1 17 6 20 6 15 1 7 21 1 5 16 6 19, zy
1820: 1 5 14 4 8 2 6 2 6 2 6 4 17 1 6 1 17 6 18 6 18 6 17 1 6 1 17 6 18 6 18 6 17 1 6 1 17 4 6 2 6 2 6 2 8 4 14 5 1 19 6 17 1 6 1 17 6 18 6 18 6 16 4 8 2 4 2 8 2 4 2 8 2 4 2 8 4 16 6 18 6 18 6 17 1 6 1 17 6 19, zy
1821: 1 5 14 5 1 19 6 16 6 17 1 6 1 17 6 16 6 19 1 5 14 5 1 20 1 5 16 6 17 1 6 1 17 6 16 6 19 1 5 14 6 20 6 14 6 20 6 14 5 1 19 6 16 6 16 4 8 4 16 6 16 6 19 1 5 14 6 20 6 14 6 20 6 14 5 1 19 6 16 6 17 1 6 1 17 6 16 5 1 20, zy
1822: 1 5 14 5 1 19 6 16 6 18 6 15 1 7 20 7 1 14 1 7 19 1 6 1 15 4 8 4 16 6 17 1 6 1 17 6 17 1 6 1 17 6 17 1 6 1 17 6 16 4 8 4 15 1 6 1 19 7 1 14 1 7 20 7 1 15 6 18 6 16 6 19 1 5 14 5 1 19 6 16 6 18 6 16 6 18 6 16 6 19, zy
1823: 1 5 16 5 1 21 6 14 4 12 4 12 4 12 4 12 4 14 6 21 1 5 16 5 1 21 6 16 6 20 6 16 5 1 21 6 14 4 12 4 12 4 12 4 12 4 12 4 12 4 14 6 21 1 5 16 6 20 6 16 5 1 21 6 14 4 12 4 12 4 12 4 12 4 12 4 12 4 14 6 21 1 5 16 6 20 6 16 6 21, zy
1824: 1 5 16 6 19 1 6 1 17 6 20 6 14 4 12 4 12 4 12 4 12 4 14 6 20 6 17 1 6 1 19 6 16 5 1 21 6 14 4 12 4 12 4 12 4 12 4 12 4 12 4 12 4 14 6 21 1 5 16 6 20 6 16 6 20 6 16 5 1 21 6 14 4 12 4 12 4 12 4 12 4 12 4 12 4 12 4 14 6 21, zy
1825: 1 5 16 6 20 6 16 6 20 6 14 4 12 4 12 4 12 4 12 4 14 6 20 6 16 6 20 6 16 5 1 21 6 14 4 12 4 10 2 2 2 12 4 12 4 10 2 4 2 8 4 16 6 20 7 1 13 4 12 4 12 4 12 4 13 1 7 20 6 16 4 8 2 4 2 10 4 12 4 12 2 2 2 10 4 12 4 14 6 21, zy
1826: 1 5 16 6 20 6 16 6 20 6 16 4 8 2 4 2 10 4 12 4 14 6 21 1 5 16 6 20 6 16 6 20 6 16 6 20 6 16 5 1 21 6 14 4 12 4 10 2 4 2 8 4 16 6 20 6 16 6 20 6 16 5 1 21 6 14 4 12 4 12 4 12 4 12 4 12 4 12 4 12 4 12 4 12 4 12 4 14 6 21, zy
1827: 1 5 16 6 20 6 16 6 20 6 16 6 20 6 16 6 20 6 17 1 6 1 17 6 20 6 16 6 20 6 16 6 20 6 16 6 20 6 16 5 1 21 6 14 4 12 4 10 2 4 2 8 4 16 6 20 6 14 4 12 4 12 4 12 4 12 4 12 4 12 4 12 4 14 6 20 6 16 4 8 2 4 2 10 4 12 4 14 6 21, zy
1828: 1 5 10 2 4 2 6 2 6 2 6 2 4 2 10 5 1 17 6 18 6 14 4 10 2 2 2 10 4 12 4 10 4 14 5 1 19 6 16 4 6 2 6 2 6 2 4 2 10 4 10 2 2 2 10 2 2 2 10 4 10 2 4 2 6 2 6 2 6 4 16 6 19 1 5 14 4 10 4 12 4 10 2 2 2 10 4 14 6 18 6 17, zy
1829: 1 5 10 2 4 2 6 2 6 2 6 4 16 4 6 2 6 2 6 2 6 4 16 4 6 2 6 2 6 2 4 2 10 5 1 17 6 18 6 16 6 18 6 16 6 18 6 16 6 19 1 5 12 4 14 6 18 6 17 1 6 1 17 6 17 1 6 1 17 6 18 6 14 4 12 5 1 19 6 16 6 18 6 16 6 18 6 16 6 18 6 17, zy
1830: 1 5 10 4 15 1 6 1 17 6 18 6 15 1 7 20 6 14 4 10 4 12 4 10 4 14 6 20 7 1 15 6 18 6 17 1 6 1 15 4 10 5 1 17 6 16 6 19 1 5 14 6 20 6 14 6 20 6 14 5 1 19 6 16 6 16 4 8 4 16 6 16 6 19 1 5 14 6 20 6 14 6 20 6 14 5 1 19 6 16 6 17, zy
1831: 1 5 12 2 2 2 8 2 2 2 12 5 1 19 6 14 4 10 4 12 4 12 4 10 4 14 6 18 6 18 6 15 1 7 20 6 14 4 8 2 6 4 16 6 18 6 16 6 17 1 6 1 18 1 6 1 17 6 16 6 18 6 16 4 6 2 8 4 14 6 20 7 1 15 6 18 6 18 6 14 4 10 4 12 4 12 4 10 4 14 6 19, zy
1832: 1 5 12 2 2 2 8 2 4 2 6 2 6 2 6 2 6 4 16 6 18 6 16 4 6 2 6 2 6 2 6 2 4 2 8 2 2 2 12 5 1 19 6 14 4 8 2 6 4 16 4 6 2 6 2 4 2 10 4 12 5 1 17 4 6 2 6 2 6 4 17 1 5 12 4 10 2 4 2 6 2 6 4 16 4 6 2 8 4 14 6 19, zy
1833: 1 5 12 2 2 2 8 2 4 2 6 2 6 2 6 2 6 4 16 6 18 6 16 6 18 6 16 6 18 6 16 4 6 2 6 2 6 2 6 2 4 2 8 2 2 2 12 5 1 19 6 14 4 10 4 12 4 12 4 10 4 14 6 18 6 18 7 1 13 4 10 4 13 1 7 18 6 18 6 14 4 10 4 12 4 12 4 10 4 14 6 19, zy
1834: 1 5 12 2 2 2 8 2 4 2 8 4 14 4 8 2 2 2 12 4 10 4 12 4 12 4 10 4 12 4 12 4 10 4 12 2 2 2 8 4 14 4 8 2 4 2 8 2 2 2 12 5 1 19 6 16 6 16 4 8 4 14 4 10 4 12 4 10 4 14 5 1 20 1 5 14 4 10 4 12 4 10 4 14 4 8 4 16 6 16 6 19, zy
1835: 1 5 12 2 2 2 10 4 10 4 14 4 8 2 4 2 8 4 14 4 8 2 4 2 8 4 14 4 8 2 4 2 8 4 14 4 8 2 4 2 8 4 14 4 10 4 10 2 2 2 12 5 1 19 6 16 6 16 4 8 4 14 4 10 4 12 4 10 4 14 5 1 20 1 5 14 4 10 4 12 4 10 4 14 4 8 4 16 6 16 6 19, zy
1836: 1 5 12 2 2 2 10 4 15 1 6 1 19 6 17 1 6 1 18 1 6 1 17 6 20 7 1 14 1 7 20 6 17 1 6 1 18 1 6 1 17 6 19 1 6 1 15 4 10 2 2 2 12 5 1 19 6 17 1 6 1 18 1 6 1 17 6 20 6 14 4 12 4 12 4 12 4 14 6 20 6 17 1 6 1 18 1 6 1 17 6 19, zy
1837: 1 5 12 2 2 2 12 5 1 19 6 17 1 6 1 18 1 6 1 17 6 18 4 8 4 16 5 1 21 6 16 6 20 6 17 1 6 1 17 4 8 4 17 1 5 12 4 14 5 1 20 1 5 14 4 12 5 1 17 4 8 4 17 1 6 1 17 6 20 6 16 6 21 1 5 16 4 8 4 18 6 17 1 6 1 18 1 6 1 17 6 19, zy
1838: 1 5 12 2 2 2 12 5 1 20 1 5 14 4 12 4 10 4 16 6 20 7 1 15 6 20 6 16 4 8 2 4 2 10 4 12 4 14 5 1 21 7 1 15 5 1 20 1 6 1 16 1 6 1 20 1 5 15 1 7 21 1 5 14 4 12 4 10 2 4 2 8 4 16 6 20 6 15 1 7 20 6 16 4 10 4 12 4 14 5 1 20, zy
1839: 1 5 12 2 4 2 6 2 6 2 6 2 8 4 15 1 6 1 20 1 6 1 15 4 10 4 14 5 1 19 6 18 6 19 1 5 14 5 1 19 6 18 6 18 6 19 1 5 14 5 1 19 6 18 6 19 1 5 14 4 10 4 15 1 6 1 20 1 6 1 15 4 8 2 6 2 6 2 6 2 4 2 12 5 1 19 6 18 6 18 6 19, zy
1840: 1 5 12 4 10 2 4 2 8 2 4 2 8 4 16 6 18 6 19 1 5 14 4 10 4 14 4 10 4 14 5 1 19 6 18 6 16 4 8 2 4 2 8 2 4 2 10 4 12 5 1 17 6 19 1 5 14 5 1 19 6 16 5 1 20 1 5 14 4 10 4 14 4 10 4 14 5 1 20 1 5 16 6 19 1 5 14 5 1 19 6 17, zy
1841: 1 5 12 4 10 4 14 4 8 4 16 6 16 4 8 4 16 6 16 6 19 1 5 12 4 12 4 12 4 8 2 6 4 16 6 18 6 16 6 18 6 16 4 6 2 8 4 12 4 12 4 12 5 1 19 6 16 6 16 4 8 4 16 6 16 4 8 4 14 4 10 4 12 5 1 17 4 6 2 6 2 6 4 16 4 6 2 6 2 6 4 17, zy
1842: 1 5 12 4 10 4 14 4 10 4 12 5 1 17 6 18 6 16 4 6 2 6 2 6 2 6 2 6 4 16 6 19 1 5 14 4 10 4 12 4 10 2 4 2 6 2 6 4 17 1 6 1 16 1 6 1 17 4 6 2 6 2 4 2 10 4 12 4 10 4 14 5 1 19 6 16 4 6 2 6 2 6 2 6 2 6 4 16 6 18 6 17, zy
1843: 1 5 12 4 12 2 2 2 8 2 2 2 12 4 12 5 1 18 1 6 1 17 6 17 1 6 1 18 1 5 12 4 14 6 19 1 6 1 16 1 6 1 18 1 5 12 4 12 4 12 4 12 5 1 18 1 5 12 4 12 4 12 4 12 5 1 18 1 6 1 16 1 6 1 19 6 14 4 12 5 1 18 1 6 1 17 6 17 1 6 1 18, zy
1844: 1 5 12 4 12 2 2 2 10 4 12 4 14 6 20 6 16 4 8 2 4 2 8 2 6 4 17 1 5 12 4 12 4 12 4 12 4 12 5 1 17 4 6 2 8 2 4 2 8 4 16 6 20 6 14 4 12 4 10 2 2 2 12 4 12 5 1 19 6 16 6 20 6 16 6 20 6 16 4 8 4 16 6 20 6 16 6 20 6 16 6 19, zy
1845: 1 5 12 4 12 4 10 2 4 2 8 4 14 4 10 4 14 4 8 2 4 2 10 4 12 4 12 5 1 17 4 6 2 8 4 14 4 10 4 14 4 8 2 4 2 10 4 12 4 12 5 1 17 4 6 2 8 4 14 4 10 4 14 4 8 2 6 4 17 1 5 12 4 12 4 10 2 4 2 8 4 14 4 10 4 14 4 8 2 6 4 17, zy
1846: 1 5 12 4 12 4 10 4 12 4 12 4 10 4 13 1 7 18 4 4 2 10 4 12 4 10 4 14 5 1 20 1 5 14 4 10 4 12 4 10 4 14 5 1 20 1 5 14 4 10 4 12 4 10 2 4 4 18 7 1 13 4 10 4 12 4 12 4 10 4 12 4 12 5 1 18 1 5 12 4 12 5 1 18 1 5 12 4 12 5 1 18, zy
1847: 1 5 12 4 12 4 10 4 14 4 8 2 4 2 8 2 4 2 8 4 15 1 6 1 19 6 15 1 7 20 6 16 6 18 6 16 4 8 4 16 6 17 1 6 1 18 1 6 1 17 6 16 4 8 4 16 6 18 6 16 6 20 7 1 15 6 19 1 6 1 15 4 8 2 4 2 8 2 4 2 8 4 14 4 10 4 12 4 12 5 1 18, zy
1848: 1 5 12 4 12 4 12 2 2 2 8 2 6 4 17 1 5 12 4 12 4 12 4 12 4 12 4 12 4 12 4 12 4 12 4 12 4 12 4 12 4 12 4 12 4 12 4 12 4 12 5 1 17 4 6 2 8 2 2 2 12 4 12 4 12 5 1 18 1 5 12 4 12 4 14 6 21 1 5 16 5 1 21 6 14 4 12 4 12 5 1 18, zy
1849: 1 5 12 4 12 4 12 4 10 4 14 4 8 4 16 6 19 1 5 14 4 8 2 6 2 4 2 8 2 4 2 6 2 8 4 14 5 1 19 6 16 4 8 4 14 4 10 4 12 4 12 4 12 5 1 19 6 14 4 10 2 2 2 10 4 13 1 7 19 1 5 12 4 12 4 12 5 1 19 7 1 13 4 10 2 2 2 10 4 14 6 19, zy
1850: 1 5 12 4 12 4 12 4 12 4 10 2 2 2 12 4 10 4 14 4 10 4 14 4 10 4 12 2 2 2 10 4 12 4 12 4 12 4 12 5 1 17 4 6 2 8 4 15 1 6 1 19 6 16 6 20 6 14 4 12 5 1 18 1 6 1 16 1 6 1 18 1 5 12 4 14 6 20 6 16 6 19 1 6 1 15 4 8 2 6 4 17, zy
1851: 1 5 12 4 12 4 12 4 12 4 10 2 2 2 12 4 10 4 14 4 10 4 14 6 21 1 5 16 4 6 2 8 4 16 6 18 6 18 6 18 6 16 4 8 2 6 4 16 5 1 21 6 14 4 10 4 14 4 10 4 12 2 2 2 10 4 12 4 12 4 12 4 12 5 1 17 4 8 4 16 6 18 6 18 6 18 6 16 4 8 4 17, zy
1852: 1 5 12 4 12 4 12 4 12 4 10 2 4 2 8 4 16 6 18 6 19 1 5 14 4 8 2 6 2 6 2 6 4 18 6 16 4 8 2 4 2 10 4 12 4 12 4 12 4 10 2 4 2 8 4 16 6 18 4 6 2 6 2 6 2 8 4 14 5 1 19 6 18 6 16 4 8 2 4 2 10 4 12 4 12 4 12 4 12 5 1 18, zy
1853: 1 5 12 4 12 4 12 4 12 4 10 2 4 2 8 4 16 6 18 6 19 1 5 14 4 8 2 6 2 6 2 6 4 18 6 16 4 8 2 6 4 16 4 8 2 4 2 8 4 16 4 6 2 8 4 16 6 18 4 6 2 6 2 6 2 8 4 14 5 1 19 6 18 6 16 4 8 2 4 2 10 4 12 4 12 4 12 4 12 5 1 18, zy
1854: 1 5 12 4 12 4 12 4 12 4 10 2 4 2 8 4 16 6 18 6 19 1 5 14 5 1 20 1 5 14 4 10 4 15 1 6 1 19 6 18 6 16 6 20 6 16 6 20 6 16 6 18 6 19 1 6 1 15 4 10 4 14 5 1 20 1 5 14 5 1 19 6 18 6 16 4 8 2 4 2 10 4 12 4 12 4 12 4 12 5 1 18, zy
1855: 1 5 12 4 12 4 12 4 12 4 12 4 10 4 15 1 6 1 19 6 15 1 7 20 6 16 4 8 4 16 6 19 1 5 14 5 1 19 6 16 4 8 4 16 6 20 7 1 15 6 19 1 6 1 15 4 10 4 12 4 12 4 12 4 12 4 12 5 1 18 1 6 1 15 4 10 4 14 5 1 20 1 5 14 4 10 4 15 1 6 1 18, zy
1856: 1 5 12 4 12 4 12 4 12 4 12 4 12 4 12 2 2 2 8 2 4 2 8 2 4 2 8 2 4 2 8 2 2 2 12 4 12 4 12 4 12 4 12 4 12 4 12 5 1 17 4 6 2 8 2 4 2 8 4 16 6 20 6 14 4 12 4 12 5 1 18 1 5 12 4 12 4 14 6 20 6 16 4 8 2 4 2 8 2 6 4 17, zy
1857: 1 5 12 4 12 4 12 4 12 4 12 4 12 5 1 17 6 20 6 14 4 12 4 12 5 1 18 1 6 1 17 6 18 4 6 2 6 2 8 4 14 4 12 5 1 19 6 16 4 8 4 17 1 6 1 17 4 8 4 16 6 19 1 5 12 4 14 4 8 2 6 2 6 4 18 6 17 1 6 1 18 1 5 12 4 12 4 14 6 20 6 17, zy
1858: 1 5 12 4 12 4 12 4 12 4 12 4 14 6 20 6 16 4 10 4 12 4 14 6 21 1 5 16 6 20 6 16 6 20 6 16 6 20 6 16 5 1 21 6 14 4 12 4 10 4 16 6 20 6 14 4 12 4 12 4 12 4 12 4 12 5 1 17 6 20 6 16 6 20 6 14 4 12 4 12 4 12 4 14 6 20 6 16 6 20 6 17, zy
1859: 1 5 12 4 12 4 12 4 14 6 20 6 16 4 8 2 4 2 10 4 12 4 14 6 21 1 5 16 6 20 6 16 6 20 6 16 6 20 6 16 6 20 6 16 6 20 6 16 5 1 21 6 14 4 12 4 10 2 4 2 8 4 16 6 20 6 14 4 12 4 12 4 12 5 1 17 4 8 4 16 4 8 4 16 4 8 4 16 4 8 4 17, zy
1860: 1 5 12 4 12 4 12 5 1 17 6 20 7 1 15 6 20 6 14 4 12 5 1 19 6 14 4 12 4 10 2 4 2 6 2 6 2 8 4 14 5 1 19 6 16 4 8 2 4 2 8 2 4 2 8 4 16 6 19 1 5 14 4 8 2 6 2 6 2 4 2 10 4 12 4 14 6 19 1 5 12 4 14 6 20 6 15 1 7 20 6 17, zy
1861: 1 5 12 4 12 4 14 5 1 20 1 5 14 4 10 2 4 2 8 4 16 4 8 4 17 1 6 1 17 4 8 4 16 4 8 2 4 2 10 4 14 5 1 20 1 5 14 4 12 4 12 5 1 17 6 20 6 16 4 10 4 14 5 1 20 1 5 14 4 12 4 12 4 12 4 12 4 14 5 1 20 1 5 14 4 10 4 16 6 20 6 17, zy
1862: 1 5 12 4 13 1 7 20 7 1 14 1 7 20 7 1 13 4 12 5 1 19 6 14 4 8 2 6 4 16 6 18 6 15 1 7 20 6 14 4 8 2 4 2 8 2 4 2 6 2 6 2 6 2 4 2 8 2 4 2 6 2 6 2 6 2 4 2 8 2 4 2 8 4 14 6 20 7 1 15 6 18 6 16 4 6 2 8 4 14 6 19, zy
1863: 1 5 12 4 14 4 8 2 6 2 6 2 6 2 6 4 18 6 18 6 18 6 18 6 18 6 18 6 18 4 6 2 6 2 6 2 6 2 8 4 14 4 12 5 1 19 6 16 4 8 2 6 4 18 6 16 4 10 4 12 2 2 2 10 4 14 5 1 20 1 5 14 4 10 2 2 2 12 4 10 4 16 6 18 4 6 2 8 4 16 6 19, zy
1864: 1 5 12 4 14 4 8 2 6 2 6 4 18 6 17 1 6 1 18 1 6 1 17 6 18 4 6 2 6 2 8 4 14 4 12 5 1 19 6 16 4 8 2 6 4 17 1 6 1 17 4 6 2 8 4 16 6 20 7 1 15 6 20 6 16 6 20 6 15 1 7 20 6 16 4 8 2 6 4 17 1 6 1 17 4 6 2 8 4 16 6 19, zy
1865: 1 5 12 4 14 4 8 2 6 2 6 4 18 6 17 1 6 1 18 1 6 1 17 6 20 7 1 15 6 20 6 16 4 8 4 16 4 8 4 16 4 8 4 16 4 8 4 16 6 20 6 15 1 7 20 6 17 1 6 1 18 1 6 1 17 6 18 4 6 2 6 2 8 4 14 4 12 5 1 19 6 17 1 6 1 18 1 6 1 17 6 19, zy
1866: 1 5 12 4 14 4 8 2 6 4 18 6 16 4 8 2 6 4 18 6 16 6 21 1 5 16 5 1 21 6 16 6 18 4 6 2 8 4 16 6 18 4 6 2 8 4 14 4 12 5 1 19 6 16 4 8 2 4 2 10 4 12 4 12 4 12 4 14 6 20 6 16 6 20 6 14 4 12 4 12 4 12 4 10 2 4 2 8 4 16 6 19, zy
1867: 1 5 12 4 14 4 10 4 14 4 10 4 14 4 12 5 1 19 6 16 4 10 4 14 5 1 20 1 5 14 4 10 2 4 2 8 4 16 6 20 6 15 1 7 20 6 18 6 16 4 10 4 14 4 10 4 14 4 10 4 16 6 18 6 20 7 1 15 6 20 6 16 4 8 2 4 2 10 4 14 5 1 20 1 5 14 4 10 4 16 6 19, zy
1868: 1 5 12 4 14 4 10 4 14 4 12 5 1 18 1 5 12 4 14 5 1 19 6 18 6 19 1 6 1 15 4 10 4 14 4 12 5 1 18 1 6 1 17 6 19 1 5 14 5 1 19 6 18 6 19 1 5 14 5 1 19 6 17 1 6 1 18 1 5 12 4 14 4 10 4 15 1 6 1 19 6 18 6 19 1 5 14 4 12 5 1 18, zy
1869: 1 5 12 4 14 4 10 4 14 4 12 5 1 18 1 6 1 17 6 18 4 6 2 8 2 4 2 8 2 4 2 10 4 12 4 14 5 1 19 6 18 6 19 1 6 1 15 4 8 2 6 2 6 2 6 2 8 4 15 1 6 1 19 6 18 6 19 1 5 14 4 12 4 10 2 4 2 8 2 4 2 8 2 6 4 18 6 17 1 6 1 18, zy
1870: 1 5 12 4 14 5 1 20 1 5 14 4 10 4 14 4 10 4 14 5 1 20 1 5 14 4 12 5 1 19 6 16 6 20 6 14 4 10 2 4 2 6 2 6 2 8 4 14 5 1 19 6 17 1 6 1 17 6 18 6 18 6 18 6 17 1 6 1 17 6 19 1 5 14 4 8 2 6 2 6 2 4 2 10 4 14 6 20 6 16 6 19, zy
1871: 1 5 12 4 14 5 1 20 1 6 1 15 4 10 4 14 5 1 20 1 5 14 4 10 4 15 1 6 1 20 1 5 14 4 12 5 1 19 6 16 4 8 4 18 6 16 5 1 20 1 6 1 15 4 10 4 14 4 10 4 14 4 10 4 14 4 10 4 14 4 10 4 14 4 10 4 15 1 6 1 20 1 5 16 6 18 4 8 4 16 6 19, zy
1872: 1 5 12 4 14 6 18 6 16 4 8 4 14 4 8 2 4 2 8 4 15 1 6 1 19 7 1 14 1 7 19 1 6 1 15 4 8 2 4 2 8 4 14 4 8 4 16 6 18 6 14 4 12 5 1 19 6 16 6 16 4 8 4 16 6 16 4 8 4 14 4 10 4 12 4 10 4 14 4 8 4 16 6 16 4 8 4 16 6 16 6 19, zy
1873: 1 5 12 4 14 6 19 1 6 1 15 4 8 2 6 4 16 6 18 6 17 1 6 1 17 6 18 6 16 4 6 2 8 4 15 1 6 1 19 6 14 4 12 5 1 19 6 16 6 19 1 5 14 5 1 19 6 16 4 6 2 8 4 14 4 10 4 12 4 12 4 10 4 14 4 8 2 6 4 16 6 19 1 5 14 5 1 19 6 16 6 19, zy
1874: 1 5 12 4 14 6 19 1 6 1 16 1 6 1 18 1 6 1 16 1 6 1 18 1 5 12 4 14 6 20 6 14 4 12 5 1 18 1 6 1 16 1 6 1 18 1 6 1 16 1 6 1 19 6 14 4 12 5 1 18 1 6 1 16 1 6 1 18 1 6 1 16 1 6 1 18 1 6 1 16 1 6 1 18 1 6 1 16 1 6 1 18, zy
1875: 1 5 12 4 14 6 20 6 16 4 8 2 4 2 10 4 12 4 12 4 12 4 12 4 14 6 20 6 14 4 12 4 12 4 12 4 12 4 10 2 4 2 8 4 16 6 20 6 14 4 12 5 1 19 6 16 6 20 6 16 6 20 6 16 6 20 6 16 6 20 7 1 14 1 7 20 6 16 6 20 6 16 6 20 6 16 6 20 6 16 6 19, zy
1876: 1 5 12 4 14 6 20 6 16 4 8 4 17 1 6 1 17 6 20 7 1 15 6 20 6 16 5 1 21 6 15 1 7 20 6 17 1 6 1 18 1 6 1 17 6 20 7 1 15 6 21 1 5 16 6 20 6 15 1 7 20 6 17 1 6 1 17 4 8 4 16 6 20 6 14 4 12 5 1 19 6 16 6 20 6 16 6 20 6 16 6 19, zy
1877: 1 5 12 4 14 6 21 1 5 16 6 19 1 6 1 17 6 18 6 18 6 18 6 18 6 18 6 17 1 6 1 19 6 16 5 1 21 6 14 4 12 5 1 19 6 16 5 1 21 6 14 4 10 4 16 6 18 6 18 6 19 1 5 14 4 10 4 14 4 10 4 14 5 1 19 6 18 6 18 6 16 4 10 4 14 6 21 1 5 16 6 19, zy
1878: 1 5 12 4 14 6 21 1 5 16 6 20 7 1 13 4 12 4 12 4 12 4 12 4 12 4 12 4 12 4 12 4 12 4 12 4 12 4 13 1 7 20 6 16 5 1 21 6 14 4 12 5 1 18 1 6 1 17 4 6 2 8 2 4 2 8 4 16 6 20 7 1 14 1 7 20 6 16 4 8 2 4 2 8 2 6 4 17 1 6 1 18, zy
1879: 1 5 12 5 1 17 6 18 4 6 2 6 2 6 4 18 6 17 1 5 12 5 1 17 6 19 1 5 14 5 1 19 6 16 5 1 20 1 5 14 5 1 19 6 16 4 8 2 4 2 8 4 16 6 19 1 5 14 5 1 19 6 16 4 8 2 4 2 8 4 16 6 19 1 5 14 5 1 20 1 5 16 6 19 1 5 14 5 1 19 6 17, zy
1880: 1 5 12 5 1 17 6 18 6 14 4 10 4 12 4 12 4 10 4 12 4 12 4 10 4 14 6 18 6 17 1 5 12 5 1 17 6 18 6 15 1 7 20 6 14 4 8 2 6 4 16 6 17 1 6 1 17 6 16 6 19 1 5 14 5 1 19 6 16 6 17 1 6 1 17 6 16 4 6 2 8 4 14 6 20 7 1 15 6 18 6 17, zy
1881: 1 5 14 4 8 2 4 2 8 2 4 2 6 2 6 2 6 2 6 4 16 6 18 6 16 6 19 1 5 14 4 8 2 6 4 16 6 18 6 16 6 18 6 16 6 18 6 16 4 6 2 8 4 14 5 1 19 6 16 6 18 6 16 4 6 2 6 2 6 2 6 2 4 2 8 2 4 2 8 4 14 5 1 19 6 16 6 18 6 16 6 19, zy
1882: 1 5 14 4 8 2 6 2 6 4 17 1 6 1 17 6 17 1 6 1 17 4 6 2 6 2 8 4 14 5 1 19 6 17 1 6 1 17 6 17 1 6 1 17 4 6 2 6 2 8 4 14 5 1 19 6 17 1 6 1 17 6 17 1 6 1 17 6 19 1 5 14 4 8 2 6 2 6 4 17 1 6 1 17 6 17 1 6 1 17 6 19, zy
1883: 1 5 14 4 8 4 16 6 18 6 15 1 7 20 6 14 4 10 4 12 4 10 4 14 5 1 19 6 16 6 18 6 16 6 18 6 16 6 18 6 16 6 19 1 5 14 4 10 4 12 4 10 4 14 6 20 7 1 15 6 18 6 16 4 8 4 14 5 1 19 6 14 4 10 4 14 6 19 1 5 14 5 1 19 6 14 4 10 4 14 6 19, zy
1884: 1 5 14 4 10 2 4 2 8 2 4 2 8 2 4 2 8 2 4 2 10 4 14 5 1 20 1 6 1 15 5 1 20 1 5 14 4 10 4 16 6 20 6 16 5 1 21 6 15 1 7 21 1 5 14 4 12 4 12 4 12 4 14 5 1 21 7 1 15 6 21 1 5 16 6 20 6 16 4 10 4 14 5 1 20 1 5 15 1 6 1 20, zy
1885: 1 5 14 4 10 2 4 2 8 4 16 6 20 6 17 1 6 1 18 1 5 14 5 1 20 1 5 16 6 20 6 16 5 1 20 1 5 14 5 1 18 1 6 1 17 6 20 6 16 4 8 2 4 2 10 4 14 5 1 19 6 18 6 19 1 5 14 5 1 19 6 17 1 6 1 18 1 6 1 17 6 19 1 5 14 5 1 19 6 18 6 19, zy
1886: 1 5 14 4 10 4 12 4 10 4 14 5 1 19 6 16 6 18 6 16 6 18 6 16 6 19 1 5 14 4 10 4 12 4 10 4 14 5 1 19 6 16 6 18 6 16 6 18 6 16 6 19 1 5 14 4 10 4 12 4 10 4 14 5 1 20 1 5 15 1 6 1 18 1 6 1 15 4 8 4 15 1 6 1 18 1 6 1 15 5 1 20, zy
1887: 1 5 14 4 10 4 14 4 10 4 14 4 8 2 6 2 6 4 17 1 6 1 17 6 19 1 5 14 4 10 4 14 4 10 4 14 5 1 19 6 17 1 6 1 17 4 6 2 6 2 8 4 14 4 10 4 14 4 10 4 14 5 1 19 6 18 6 16 4 8 4 17 1 6 1 17 6 18 6 17 1 6 1 17 4 8 4 16 6 18 6 19, zy
1888: 1 5 14 4 10 4 14 4 10 4 14 4 10 4 14 4 10 4 14 4 10 4 14 5 1 20 1 5 14 4 10 4 15 1 6 1 20 1 5 14 4 12 4 10 2 2 2 12 4 10 4 16 6 18 6 19 1 5 14 5 1 19 6 18 6 16 4 10 4 12 2 2 2 10 4 12 4 14 5 1 20 1 6 1 15 4 10 4 14 5 1 20, zy
1889: 1 5 14 4 10 4 14 4 10 4 14 4 10 4 14 4 10 4 14 4 10 4 14 5 1 20 1 5 15 1 6 1 20 1 5 14 4 12 4 10 2 2 2 12 4 10 4 16 6 18 6 19 1 5 14 4 10 4 14 4 10 4 14 5 1 19 6 18 6 16 4 10 4 12 2 2 2 10 4 12 4 14 5 1 20 1 6 1 15 5 1 20, zy
1890: 1 5 14 4 10 4 14 4 10 4 14 4 10 4 14 5 1 19 6 18 6 18 6 18 6 16 4 10 4 12 2 2 2 10 4 14 6 21 1 5 16 6 19 1 6 1 17 6 18 6 18 6 18 6 18 6 18 6 18 6 18 6 17 1 6 1 19 6 16 5 1 21 6 14 4 10 2 2 2 12 4 10 4 16 6 18 6 18 6 18 6 19, zy
1891: 1 5 14 4 10 4 14 4 10 4 14 4 10 4 14 5 1 20 1 5 14 4 10 4 14 4 10 4 14 4 10 4 14 5 1 20 1 5 14 4 10 4 15 1 6 1 20 1 5 14 4 12 4 10 4 16 6 18 6 18 6 18 6 18 6 18 6 18 6 18 6 16 4 10 4 12 4 14 5 1 20 1 6 1 15 4 10 4 14 5 1 20, zy
1892: 1 5 14 4 10 4 14 4 10 4 14 5 1 20 1 5 14 4 10 4 15 1 6 1 20 1 5 15 1 7 21 1 5 15 1 7 21 1 5 14 4 12 4 10 4 16 6 18 6 19 1 5 14 5 1 19 6 18 6 16 4 10 4 12 4 14 5 1 21 7 1 15 5 1 21 7 1 15 5 1 20 1 6 1 15 4 10 4 14 5 1 20, zy
1893: 1 5 14 4 10 4 14 5 1 19 6 18 6 17 1 6 1 19 6 16 6 20 6 16 6 20 6 15 1 7 20 6 17 1 6 1 17 4 8 4 16 6 19 1 6 1 17 6 18 6 18 6 18 6 17 1 6 1 19 6 16 4 8 4 17 1 6 1 17 6 20 7 1 15 6 20 6 16 6 20 6 16 6 19 1 6 1 17 6 18 6 19, zy
1894: 1 5 14 4 10 4 15 1 6 1 19 6 18 6 16 4 8 2 6 4 18 6 16 6 21 1 5 16 6 20 6 16 6 19 1 6 1 17 6 18 6 18 6 18 6 18 6 18 6 18 6 18 6 17 1 6 1 19 6 16 6 20 6 16 5 1 21 6 16 6 18 4 6 2 8 4 16 6 18 6 19 1 6 1 15 4 10 4 14 5 1 20, zy
1895: 1 5 14 4 10 4 16 6 20 6 16 6 21 1 5 16 5 1 21 6 15 1 7 21 1 5 14 4 12 4 12 4 14 5 1 21 7 1 15 6 21 1 5 16 5 1 21 6 16 6 20 6 16 4 10 4 14 5 1 19 6 18 6 18 4 6 2 8 4 16 6 20 6 17 1 6 1 17 6 20 6 16 4 8 2 6 4 18 6 18 6 19, zy
1896: 1 5 14 4 12 4 10 2 4 2 8 2 4 2 8 2 4 2 10 4 12 4 14 6 21 1 5 14 4 12 4 12 4 12 4 12 4 12 4 14 5 1 21 6 14 4 12 4 10 2 4 2 8 2 4 2 8 2 4 2 10 4 12 4 14 5 1 21 6 14 4 10 2 4 2 8 4 16 4 8 4 16 4 8 2 4 2 10 4 14 6 21, zy
1897: 1 5 14 5 1 19 6 16 4 8 2 4 2 8 2 4 2 8 4 16 6 19 1 5 14 5 1 19 6 16 4 8 2 4 2 8 2 4 2 8 4 16 6 19 1 5 14 5 1 19 6 16 5 1 20 1 6 1 15 6 20 6 14 4 12 4 10 4 16 6 18 6 16 4 10 4 12 4 14 6 20 6 15 1 6 1 20 1 5 16 6 19, zy
1898: 1 5 14 5 1 19 6 16 4 8 2 4 2 8 4 16 6 18 6 18 6 18 6 16 4 8 2 4 2 8 4 16 6 19 1 5 14 5 1 20 1 5 16 6 19 1 5 14 5 1 19 6 16 4 8 2 4 2 8 4 16 6 19 1 5 14 5 1 19 6 16 4 8 2 4 2 8 4 16 6 19 1 5 14 5 1 19 6 16 5 1 20, zy
1899: 1 5 14 6 20 6 12 2 2 2 10 4 10 2 2 2 10 2 2 2 10 4 10 2 2 2 12 6 20 6 14 5 1 19 6 15 1 6 1 19 6 14 4 10 4 12 4 10 4 14 6 20 7 1 15 6 18 6 17 1 6 1 16 1 6 1 17 6 18 6 15 1 7 20 6 14 4 10 4 12 4 10 4 14 6 19 1 6 1 15 6 19, zy
1900: 1 5 14 6 20 6 14 5 1 19 6 16 6 18 6 16 6 18 6 16 4 6 2 8 4 14 6 20 7 1 15 6 18 6 18 6 14 4 10 4 12 2 2 2 8 4 14 4 10 4 12 4 10 4 14 4 8 2 2 2 12 4 10 4 14 6 18 6 18 6 15 1 7 20 6 14 4 8 2 6 4 16 6 18 6 16 6 18 6 16 6 19, zy
1901: 1 5 14 6 20 7 1 15 6 18 6 16 4 6 2 8 4 14 6 20 7 1 15 6 18 6 17 1 6 1 17 6 16 6 18 6 18 7 1 13 4 10 4 13 1 7 18 6 18 6 16 6 17 1 6 1 17 6 18 6 15 1 7 20 6 14 4 8 2 6 4 16 6 18 6 15 1 7 20 6 14 5 1 19 6 14 4 10 4 14 6 19, zy
1902: 1 5 16 6 18 4 6 2 6 2 6 2 6 2 4 2 10 4 14 6 20 6 15 1 6 1 20 1 5 16 6 18 6 18 6 18 6 16 6 20 6 16 6 18 6 18 6 18 6 16 5 1 20 1 6 1 15 6 20 6 14 4 10 2 4 2 6 2 6 2 6 2 6 4 18 6 16 5 1 20 1 6 1 15 6 20 6 15 1 6 1 20, zy
1903: 1 5 16 6 20 6 14 4 12 4 12 4 14 6 20 6 16 5 1 21 6 14 4 12 4 10 2 4 2 8 4 16 6 20 6 16 6 20 6 16 5 1 21 6 14 4 12 4 12 4 12 4 12 4 12 4 12 4 12 4 12 4 12 4 12 4 14 6 21 1 5 16 6 20 6 16 6 20 6 16 4 8 2 4 2 10 4 12 4 14 6 21, zy
1904: 1 5 12 2 2 2 8 2 4 2 6 2 6 2 6 2 6 4 16 6 17 1 6 1 17 6 16 4 6 2 6 2 6 2 6 2 4 2 8 2 2 2 12 5 1 19 6 14 4 8 2 4 2 8 2 4 2 8 4 14 6 19 1 5 12 4 13 1 7 20 7 1 13 4 12 5 1 19 6 14 4 8 2 4 2 8 2 4 2 8 4 14 6 19, zy
1905: 1 5 12 2 2 2 8 2 4 2 6 2 8 4 12 4 12 4 10 4 14 6 19 1 6 1 15 4 8 4 15 1 6 1 19 6 14 4 10 4 12 4 12 4 8 2 6 2 4 2 8 2 2 2 12 5 1 19 6 14 4 10 4 12 4 12 4 10 4 14 6 18 6 17 1 6 1 17 6 18 6 14 4 10 4 12 4 12 4 10 4 14 6 19, zy
1906: 1 5 12 2 2 2 8 2 4 2 8 4 14 4 8 2 4 2 8 4 15 1 6 1 19 7 1 14 1 7 19 1 6 1 15 4 8 2 4 2 8 4 14 4 8 2 4 2 8 2 2 2 12 5 1 20 1 5 15 1 7 20 6 14 4 10 4 12 4 12 4 10 4 12 4 12 4 10 4 12 4 12 4 10 4 14 6 20 7 1 15 5 1 20, zy
1907: 1 5 12 2 2 2 8 4 15 1 6 1 18 1 6 1 15 4 6 2 8 4 14 4 8 2 4 2 8 4 14 4 8 2 6 4 15 1 6 1 18 1 6 1 15 4 8 2 2 2 12 5 1 18 1 6 1 15 4 8 2 4 2 8 4 14 4 8 4 16 6 17 1 6 1 17 6 16 4 8 4 14 4 8 2 4 2 8 4 15 1 6 1 18, zy
1908: 1 5 12 2 2 2 10 4 10 2 2 2 12 5 1 19 6 15 1 6 1 19 6 14 4 10 4 14 6 19 1 5 14 6 20 7 1 13 4 12 5 1 18 1 6 1 16 1 6 1 17 6 18 6 16 6 18 6 17 1 6 1 16 1 6 1 18 1 5 12 4 13 1 7 20 6 14 5 1 19 6 14 4 10 4 14 6 19 1 6 1 15 6 19, zy
1909: 1 5 12 2 2 2 10 4 12 2 2 2 8 2 6 4 16 4 6 2 8 2 2 2 12 4 10 2 2 2 12 5 1 19 6 16 6 20 6 14 4 10 2 4 2 6 2 6 2 8 4 14 5 1 19 6 16 4 8 2 4 2 10 4 10 2 4 2 8 4 16 6 19 1 5 14 4 8 2 6 2 6 2 4 2 10 4 14 6 20 6 16 6 19, zy
1910: 1 5 12 2 2 2 10 4 12 4 12 4 10 2 2 2 12 5 1 19 6 15 1 7 20 6 16 6 19 1 6 1 15 6 20 6 14 4 12 5 1 19 6 16 6 18 6 18 6 18 6 16 6 20 7 1 14 1 7 20 6 16 6 18 6 18 6 18 6 16 6 19 1 5 12 4 14 6 20 6 15 1 6 1 19 6 16 6 20 7 1 15 6 19, zy
1911: 1 5 12 2 2 2 10 4 12 4 12 4 10 2 4 2 6 2 6 2 6 2 6 2 6 2 4 2 10 4 12 4 12 4 10 2 4 2 6 2 6 2 6 2 6 2 6 2 4 2 10 4 12 4 12 4 10 2 2 2 12 5 1 19 6 16 6 18 6 18 6 18 6 16 6 20 7 1 14 1 7 20 6 16 6 18 6 18 6 18 6 16 6 19, zy
1912: 1 5 12 4 10 4 14 4 8 2 2 2 12 4 10 4 12 4 12 4 10 4 12 2 2 2 8 4 14 4 10 4 12 5 1 17 4 6 2 6 2 6 4 16 4 6 2 6 2 6 2 4 2 8 2 4 2 8 4 14 5 1 19 6 16 6 19 1 5 14 4 8 2 4 2 8 2 4 2 6 2 6 2 6 4 16 4 6 2 6 2 6 4 17, zy
1913: 1 5 12 4 10 4 14 4 8 2 4 2 8 4 14 4 8 4 16 6 17 1 6 1 17 6 16 4 8 4 14 4 8 2 4 2 8 4 14 4 10 4 12 5 1 17 4 6 2 6 2 4 2 10 4 10 4 14 4 8 2 4 2 8 4 14 4 8 2 4 2 8 4 14 4 8 2 4 2 8 4 14 4 10 4 10 2 4 2 6 2 6 4 17, zy
1914: 1 5 12 4 10 4 14 4 8 4 16 6 16 4 8 4 16 6 16 6 19 1 5 12 4 12 4 12 4 8 2 6 4 16 6 18 6 16 6 18 6 16 4 6 2 8 4 12 4 12 4 12 5 1 19 6 16 6 16 4 8 4 16 6 16 4 8 4 14 4 10 4 12 5 1 17 4 6 2 6 2 4 2 10 4 10 2 4 2 6 2 6 4 17, zy
1915: 1 5 12 4 10 4 14 5 1 20 1 5 14 4 8 2 6 4 16 6 17 1 6 1 18 1 5 12 4 12 4 10 2 2 2 10 4 12 4 10 2 2 2 10 4 12 4 12 5 1 18 1 6 1 17 6 16 4 6 2 8 4 14 5 1 20 1 5 14 4 10 4 12 5 1 17 4 6 2 6 2 4 2 10 4 10 2 4 2 6 2 6 4 17, zy
1916: 1 5 12 4 12 2 2 2 8 2 4 2 8 4 16 6 19 1 5 14 4 8 2 6 2 6 2 4 2 10 4 12 4 12 4 12 4 12 5 1 18 1 5 12 4 12 4 12 4 12 4 10 2 4 2 6 2 6 2 8 4 14 5 1 19 6 16 4 8 2 4 2 8 2 2 2 12 4 12 5 1 18 1 5 12 4 12 4 12 4 12 5 1 18, zy
1917: 1 5 12 4 12 2 2 2 10 4 12 4 14 6 21 1 5 16 6 20 7 1 13 4 12 4 12 4 12 4 12 4 12 4 12 4 13 1 7 20 6 16 5 1 21 6 14 4 12 4 10 2 2 2 12 4 12 5 1 18 1 6 1 17 6 20 6 14 4 12 4 12 4 12 5 1 18 1 5 12 4 12 4 12 4 14 6 20 6 17 1 6 1 18, zy
1918: 1 5 12 4 12 4 10 2 4 2 8 4 14 4 10 2 4 2 6 4 18 6 17 1 6 1 17 6 18 4 6 2 4 2 10 4 14 4 8 2 4 2 10 4 12 4 12 5 1 17 4 6 2 8 4 14 4 10 4 14 4 10 4 12 2 2 2 8 2 6 4 16 4 6 2 8 2 2 2 12 4 10 4 14 4 10 4 14 4 8 2 6 4 17, zy
1919: 1 5 12 4 12 4 10 4 14 6 19 1 5 14 5 1 19 6 16 6 17 1 6 1 17 6 16 6 19 1 5 14 5 1 19 6 14 4 10 4 12 4 12 5 1 18 1 5 12 4 12 5 1 17 4 6 2 6 2 6 4 16 6 18 6 16 6 18 6 16 6 18 6 16 6 18 6 16 4 6 2 6 2 6 4 17 1 5 12 4 12 5 1 18, zy
1920: 1 5 12 4 12 4 12 4 10 4 12 4 12 4 10 4 12 4 12 4 12 5 1 19 6 16 6 17 1 6 1 17 4 6 2 4 2 10 4 12 4 10 4 14 5 1 20 1 5 14 5 1 19 6 16 6 18 6 16 6 18 6 16 6 19 1 5 14 5 1 20 1 5 14 4 10 4 12 4 10 2 4 2 6 4 17 1 6 1 17 6 16 6 19, zy
1921: 1 5 12 4 12 4 12 4 12 4 12 4 10 4 16 6 18 6 17 1 6 1 18 1 5 12 4 14 6 20 6 16 6 19 1 6 1 15 4 8 2 4 2 10 4 12 4 12 4 10 2 4 2 8 4 15 1 6 1 19 6 16 6 20 6 14 4 12 5 1 18 1 6 1 17 6 18 6 16 4 10 4 12 4 12 4 12 4 12 4 12 5 1 18, zy
1922: 1 5 12 4 12 4 12 4 12 4 12 4 12 4 14 6 20 6 16 4 8 4 17 1 6 1 17 4 8 4 16 6 20 6 14 4 12 4 12 4 12 4 12 4 12 4 12 5 1 17 4 6 2 8 2 4 2 8 4 16 4 8 4 16 6 20 6 16 6 20 6 16 6 20 6 16 6 20 6 16 4 8 4 16 4 8 2 4 2 8 2 6 4 17, zy
1923: 1 5 12 4 12 4 12 4 12 4 12 5 1 17 4 8 4 16 6 18 6 18 6 18 6 16 4 8 2 6 4 16 5 1 21 6 14 4 10 4 14 4 8 2 6 2 4 2 10 4 12 4 12 4 12 4 12 4 10 2 4 2 6 2 8 4 14 4 10 4 14 6 21 1 5 16 4 6 2 8 4 16 6 18 6 18 6 18 6 16 4 8 4 17, zy
1924: 1 5 12 4 12 4 12 4 14 5 1 20 1 6 1 15 4 10 4 14 5 1 19 6 18 6 18 6 19 1 5 14 4 10 4 14 4 12 5 1 18 1 6 1 18 1 5 12 4 14 4 10 4 14 5 1 19 6 18 6 18 6 19 1 5 14 4 10 4 15 1 6 1 20 1 5 14 4 12 4 12 4 12 5 1 17 4 8 4 16 4 8 4 17, zy
1925: 1 5 12 4 12 4 12 5 1 17 4 6 2 8 4 15 1 6 1 19 6 16 5 1 21 7 1 15 6 20 6 14 4 12 5 1 18 1 6 1 17 6 18 6 16 4 10 4 12 4 12 4 12 4 12 4 10 4 16 6 18 6 17 1 6 1 18 1 5 12 4 14 6 20 6 15 1 7 21 1 5 16 6 19 1 6 1 15 4 8 2 6 4 17, zy
1926: 1 5 12 4 12 4 12 5 1 19 6 14 4 8 2 4 2 8 2 4 2 6 2 6 2 6 2 4 2 8 2 4 2 6 2 6 2 6 2 4 2 8 2 4 2 8 4 14 6 19 1 5 12 4 12 4 12 5 1 19 6 14 5 1 19 6 14 4 8 2 6 4 16 6 17 1 6 1 17 6 16 4 6 2 8 4 14 6 19 1 5 14 6 19, zy
1927: 1 5 12 4 12 5 1 17 4 6 2 8 2 4 2 8 4 16 6 18 4 6 2 8 4 14 4 12 5 1 19 6 16 4 10 4 12 4 12 4 12 2 2 2 8 2 4 2 8 2 4 2 8 2 4 2 8 2 2 2 12 4 12 4 12 4 10 4 16 6 19 1 5 12 4 14 4 8 2 6 4 18 6 16 4 8 2 4 2 8 2 6 4 17, zy
1928: 1 5 12 4 14 4 8 2 6 4 18 6 16 4 8 2 6 4 17 1 6 1 17 4 6 2 8 4 16 6 18 4 6 2 8 4 14 4 12 5 1 19 6 16 5 1 21 7 1 15 6 20 6 16 4 8 2 4 2 8 2 4 2 8 2 4 2 8 2 4 2 8 2 4 2 8 2 4 2 8 4 16 6 20 6 15 1 7 21 1 5 16 6 19, zy
1929: 1 5 12 4 14 4 10 4 16 6 19 1 6 1 17 6 20 6 16 5 1 20 1 6 1 15 4 10 4 14 4 12 4 12 4 12 4 14 5 1 20 1 5 14 4 12 4 12 4 14 5 1 20 1 5 14 4 12 4 12 4 12 4 14 4 10 4 15 1 6 1 20 1 5 16 6 20 6 17 1 6 1 19 6 16 4 10 4 14 4 12 5 1 18, zy
1930: 1 5 12 4 14 6 21 1 5 16 6 20 6 16 6 20 6 16 5 1 21 6 14 4 10 2 4 2 8 4 16 6 18 6 20 7 1 13 4 12 4 12 4 12 4 12 4 12 4 12 4 12 4 12 4 13 1 7 20 6 18 6 16 4 8 2 4 2 10 4 14 6 21 1 5 16 6 20 6 16 6 20 6 16 5 1 21 6 14 4 12 5 1 18, zy
1931: 1 5 14 4 8 2 6 2 6 2 6 4 17 1 6 1 17 6 18 6 18 6 17 1 6 1 17 6 18 6 18 6 17 1 6 1 17 4 6 2 6 2 6 2 8 4 14 5 1 19 6 18 6 16 6 19 1 6 1 15 4 10 4 12 2 2 2 8 2 4 2 8 2 4 2 8 2 2 2 12 4 10 4 15 1 6 1 19 6 16 6 18 6 19, zy
1932: 1 5 14 4 8 2 6 2 6 4 17 1 6 1 17 6 18 6 18 6 17 1 6 1 17 6 18 6 18 6 17 1 6 1 17 4 6 2 6 2 8 4 14 5 1 19 6 16 4 8 2 4 2 8 4 16 6 19 1 5 14 5 1 19 6 16 4 8 2 4 2 8 4 16 6 19 1 5 14 5 1 19 6 16 4 8 2 4 2 8 4 16 6 19, zy
1933: 1 5 14 4 10 4 14 4 10 4 14 4 10 4 15 1 6 1 19 6 16 4 8 2 6 4 17 1 6 1 17 4 6 2 8 4 16 6 19 1 6 1 15 4 10 4 14 4 10 4 14 4 10 4 14 5 1 19 6 18 6 17 1 6 1 19 6 16 6 20 6 16 6 20 6 16 6 20 6 16 6 20 6 16 6 19 1 6 1 17 6 18 6 19, zy
1934: 1 5 14 6 20 7 1 14 1 7 19 1 6 1 15 4 8 4 15 1 6 1 18 1 6 1 15 4 8 4 15 1 6 1 18 1 6 1 15 4 8 4 15 1 6 1 19 7 1 14 1 7 20 6 14 5 1 19 6 15 1 6 1 19 6 14 4 8 2 6 4 16 6 17 1 6 1 17 6 16 4 6 2 8 4 14 6 19 1 6 1 15 6 19, zy
1935: 1 5 16 6 18 6 18 6 18 6 17 1 6 1 17 6 18 4 6 2 6 4 18 6 17 1 6 1 17 6 18 4 6 2 6 4 18 6 17 1 6 1 17 6 18 6 18 6 18 6 16 5 1 20 1 6 1 15 6 20 6 16 6 18 6 18 6 18 6 18 6 16 6 20 6 16 6 18 6 18 6 18 6 18 6 16 6 20 6 15 1 6 1 20, zy
1936: 1 5 16 6 20 6 14 4 12 4 12 4 12 4 12 4 12 4 12 4 12 4 12 4 12 4 12 4 12 4 12 4 12 4 14 6 20 6 16 5 1 21 6 14 4 12 4 10 2 2 2 12 4 12 4 10 2 4 2 8 4 16 6 20 7 1 13 4 13 1 7 20 6 16 4 8 2 4 2 10 4 12 4 12 2 2 2 10 4 12 4 14 6 21, zy
1937: 1 5 16 6 20 6 14 4 12 4 12 4 12 4 12 4 12 4 12 4 12 4 12 4 12 4 12 4 12 4 14 6 20 6 16 5 1 21 6 14 4 12 4 10 2 2 2 12 4 12 4 10 2 4 2 8 4 16 6 20 7 1 13 4 12 4 12 4 13 1 7 20 6 16 4 8 2 4 2 10 4 12 4 12 2 2 2 10 4 12 4 14 6 21, zy
1938: 1 6 1 15 4 8 4 16 4 8 4 15 1 6 1 19 6 16 6 18 4 6 2 6 2 6 2 4 2 10 4 12 4 13 1 7 20 6 16 6 18 6 18 6 17 1 6 1 17 6 18 6 17 1 6 1 17 6 18 6 17 1 6 1 17 6 18 6 18 6 16 6 20 7 1 13 4 12 4 10 2 4 2 6 2 6 2 6 4 18 6 16 6 19, zy
1939: 1 5 10 2 4 2 6 2 6 2 6 2 4 2 8 4 15 1 6 1 18 1 6 1 15 4 8 4 15 1 6 1 18 1 6 1 15 4 8 2 4 2 6 2 6 2 6 2 4 2 10 5 1 17 6 17 1 6 1 17 6 16 4 6 2 8 4 14 6 19 1 5 12 4 12 4 12 5 1 19 6 14 4 8 2 6 4 16 6 17 1 6 1 17 6 17, zy
1940: 1 5 10 2 4 2 8 4 14 5 1 19 6 16 6 19 1 5 14 4 8 2 6 4 16 6 18 6 16 4 6 2 8 4 14 5 1 19 6 16 6 19 1 5 14 4 8 2 4 2 10 5 1 17 6 18 6 16 6 18 6 16 5 1 20 1 5 14 5 1 19 6 16 6 18 6 16 6 19 1 5 14 5 1 20 1 5 16 6 18 6 16 6 18 6 17, zy
1941: 1 5 10 2 4 2 8 4 16 6 18 4 6 2 6 2 4 2 10 4 14 5 1 20 1 5 14 4 10 2 4 2 6 2 6 4 18 6 16 4 8 2 4 2 10 5 1 17 6 18 4 6 2 6 2 4 2 10 4 14 5 1 20 1 5 14 4 10 2 2 2 10 2 2 2 10 4 14 5 1 20 1 5 14 4 10 2 4 2 6 2 6 4 18 6 17, zy
1942: 1 5 10 2 4 2 8 4 16 6 18 6 18 6 18 6 16 6 20 6 15 1 6 1 20 1 5 16 6 18 6 18 6 18 6 17 1 6 1 17 6 18 6 18 6 17 1 6 1 17 6 18 6 18 6 18 6 16 5 1 20 1 6 1 15 6 20 6 16 6 18 6 18 6 18 6 16 4 8 2 4 2 10 5 1 17 6 18 4 6 2 6 4 18 6 17, zy
1943: 1 5 12 2 2 2 10 4 12 4 12 4 12 4 10 2 2 2 12 5 1 18 1 6 1 17 6 18 6 16 4 8 2 4 2 10 4 12 5 1 17 6 19 1 5 14 5 1 19 6 16 5 1 21 7 1 15 6 20 6 15 1 7 21 1 5 16 6 19 1 5 14 5 1 19 6 17 1 5 12 4 10 2 4 2 8 4 16 6 18 6 17 1 6 1 18, zy
1944: 1 5 12 2 2 2 10 4 14 4 10 2 4 2 6 2 8 4 16 4 8 4 17 1 5 12 4 14 5 1 20 1 5 14 4 12 4 12 4 12 4 14 5 1 20 1 5 14 4 12 5 1 17 4 8 4 16 4 8 2 6 2 4 2 10 4 14 4 10 2 2 2 12 5 1 18 1 6 1 17 6 18 4 8 4 16 4 8 4 18 6 17 1 6 1 18, zy
1945: 1 5 12 2 2 2 10 4 14 4 10 4 14 4 10 4 14 4 10 4 14 4 10 4 14 4 10 4 14 4 10 2 2 2 12 5 1 19 6 18 6 16 4 10 4 14 5 1 20 1 5 14 4 10 4 15 1 6 1 20 1 5 15 1 6 1 20 1 6 1 15 5 1 20 1 6 1 15 4 10 4 14 5 1 20 1 5 14 4 10 4 16 6 18 6 19, zy
1946: 1 5 12 2 2 2 10 4 14 5 1 20 1 5 16 6 19 1 5 14 5 1 19 6 17 1 6 1 17 6 19 1 5 14 4 10 4 14 4 10 4 14 5 1 19 6 17 1 6 1 17 6 19 1 5 14 5 1 19 6 16 5 1 20 1 5 14 4 10 2 2 2 12 5 1 18 1 6 1 17 6 18 6 18 6 18 6 18 6 18 6 17 1 6 1 18, zy
1947: 1 5 12 2 4 2 6 2 6 2 6 2 8 4 16 6 19 1 6 1 17 6 18 4 6 2 8 4 16 5 1 21 6 16 6 21 1 5 16 4 8 2 6 4 18 6 17 1 6 1 19 6 16 4 8 2 6 2 6 2 6 2 4 2 12 5 1 19 6 18 6 18 6 18 4 6 2 8 4 16 6 20 6 16 4 8 2 6 4 18 6 18 6 18 6 19, zy
1948: 1 5 12 4 10 2 2 2 10 4 14 6 18 6 17 1 6 1 17 6 16 6 19 1 5 14 6 20 6 14 6 20 6 14 6 20 6 14 5 1 19 6 16 6 17 1 6 1 17 6 18 6 14 4 10 2 2 2 10 4 12 5 1 18 1 6 1 15 4 8 2 4 2 8 4 14 4 8 2 4 2 8 4 14 4 8 2 4 2 8 4 15 1 6 1 18, zy
1949: 1 5 12 4 10 2 4 2 6 2 4 2 10 4 12 5 1 18 1 5 12 4 10 2 4 2 6 2 6 4 17 1 5 12 4 10 4 14 4 8 2 4 2 8 4 14 4 10 4 12 5 1 17 4 6 2 6 2 6 4 17 1 5 12 4 10 4 14 4 8 2 4 2 8 4 14 4 10 4 12 5 1 17 4 6 2 6 2 4 2 10 4 12 5 1 18, zy
1950: 1 5 12 4 10 2 4 2 6 2 6 2 6 4 17 1 6 1 17 6 18 6 16 6 19 1 5 14 6 20 6 14 4 10 4 14 6 19 1 6 1 16 1 6 1 19 6 14 4 10 4 14 6 20 6 14 5 1 19 6 16 6 18 6 17 1 6 1 17 4 6 2 6 2 6 2 4 2 10 4 12 5 1 17 4 6 2 6 2 6 2 6 2 6 4 17, zy
1951: 1 5 12 4 10 2 4 2 6 2 6 4 17 1 5 12 4 10 4 14 4 8 2 4 2 8 4 14 4 10 4 12 5 1 17 4 6 2 6 2 4 2 10 4 10 2 4 2 6 2 6 4 17 1 5 12 4 10 4 14 4 8 2 4 2 8 4 14 4 10 4 12 5 1 17 4 6 2 6 2 4 2 10 4 12 5 1 18 1 5 12 4 12 5 1 18, zy
1952: 1 5 12 4 10 2 4 2 8 4 16 6 18 6 18 6 16 4 8 2 4 2 10 4 12 5 1 17 6 19 1 5 14 5 1 19 6 16 4 8 4 16 6 20 6 14 4 10 4 14 5 1 19 6 17 1 6 1 17 6 18 6 18 6 17 1 6 1 17 6 19 1 5 14 4 10 4 14 6 20 6 16 4 8 4 16 6 19 1 5 14 5 1 19 6 17, zy
1953: 1 5 12 4 10 2 4 2 8 4 16 6 18 6 18 6 17 1 6 1 17 6 19 1 5 14 5 1 19 6 17 1 6 1 17 6 18 6 18 6 16 4 8 2 4 2 10 4 12 5 1 17 6 19 1 5 14 5 1 19 6 16 4 8 4 16 4 8 4 16 6 18 6 18 6 18 6 16 4 8 4 16 4 8 4 16 6 19 1 5 14 5 1 19 6 17, zy
1954: 1 5 12 4 10 2 4 2 8 4 16 6 18 6 18 6 17 1 6 1 17 6 19 1 5 14 5 1 19 6 17 1 6 1 17 6 18 6 18 6 16 4 8 2 4 2 10 4 12 5 1 17 6 19 1 5 14 5 1 19 6 16 4 8 4 16 6 20 6 14 4 10 4 14 4 10 4 14 6 20 6 16 4 8 4 16 6 19 1 5 14 5 1 19 6 17, zy
1955: 1 5 12 4 10 4 14 4 8 2 4 2 8 4 14 4 8 2 4 2 8 4 15 1 6 1 18 1 6 1 15 4 8 2 4 2 8 4 14 4 8 2 4 2 8 4 14 4 10 4 12 5 1 17 6 18 6 16 6 18 6 16 4 6 2 8 4 14 6 19 1 5 12 4 12 4 12 5 1 19 6 14 4 8 2 6 4 16 6 18 6 16 6 18 6 17, zy
1956: 1 5 12 4 10 4 14 4 8 4 16 6 16 4 8 4 15 1 6 1 19 6 14 5 1 19 6 16 6 16 4 8 4 16 6 16 6 19 1 5 14 6 19 1 6 1 15 4 8 4 16 6 16 4 8 4 14 4 10 4 12 5 1 17 4 6 2 6 2 4 2 10 4 10 4 14 4 8 2 4 2 8 4 14 4 10 4 10 2 4 2 6 2 6 4 17, zy
1957: 1 5 12 4 10 4 14 4 8 4 16 6 18 6 14 4 10 4 14 6 19 1 5 12 4 12 4 12 5 1 19 6 14 4 10 4 14 6 18 6 16 4 8 4 14 4 10 4 12 5 1 17 4 6 2 6 2 6 4 16 4 6 2 6 2 6 2 6 4 16 6 18 6 16 6 18 6 16 4 6 2 6 2 6 2 6 4 16 4 6 2 6 2 6 4 17, zy
1958: 1 5 12 4 12 2 2 2 8 2 6 4 17 1 6 1 17 4 6 2 8 2 2 2 12 4 12 5 1 18 1 6 1 17 4 6 2 8 4 16 6 18 4 6 2 8 4 14 4 12 5 1 19 6 16 4 8 2 6 4 17 1 6 1 17 4 6 2 8 4 16 6 19 1 5 12 4 14 4 8 2 6 4 18 6 16 4 8 2 6 4 17 1 6 1 18, zy
1959: 1 5 12 4 12 4 10 2 2 2 10 4 12 4 10 2 2 2 10 4 12 4 10 2 2 2 10 4 12 4 10 2 2 2 10 4 12 4 12 5 1 19 6 14 4 8 2 4 2 8 2 4 2 8 4 14 6 19 1 5 12 4 13 1 7 20 7 1 14 1 7 20 7 1 13 4 12 5 1 19 6 14 4 8 2 4 2 8 2 4 2 8 4 14 6 19, zy
1960: 1 5 12 4 12 4 10 2 4 2 6 2 4 2 10 4 12 4 10 2 4 2 6 2 4 2 10 4 12 4 12 5 1 19 7 1 13 4 12 5 1 19 6 16 6 18 6 16 6 19 1 6 1 15 5 1 20 1 5 14 5 1 19 6 16 6 19 1 5 14 5 1 20 1 5 15 1 6 1 19 6 16 6 18 6 16 6 19 1 5 12 4 13 1 7 19, zy
1961: 1 5 12 4 12 4 10 4 14 6 19 1 5 14 6 20 7 1 15 6 18 6 16 6 19 1 5 14 4 8 2 4 2 8 2 4 2 6 2 6 2 4 2 8 2 4 2 8 4 14 5 1 19 6 16 6 18 6 15 1 7 20 6 14 5 1 19 6 14 4 10 4 12 4 12 5 1 18 1 6 1 15 4 8 4 16 6 16 4 8 4 15 1 6 1 18, zy
1962: 1 5 12 4 12 4 12 2 2 2 10 4 12 4 14 6 21 1 5 15 1 7 21 1 5 16 6 19 1 6 1 17 6 18 6 20 7 1 15 6 21 1 5 16 6 20 6 16 5 1 21 6 15 1 7 20 6 18 6 17 1 6 1 19 6 16 5 1 21 7 1 15 5 1 21 6 14 4 12 4 10 2 2 2 12 4 12 4 12 5 1 17 4 8 4 17, zy
1963: 1 5 12 4 12 4 12 4 12 4 10 2 2 2 12 4 10 4 14 4 10 4 14 6 21 1 5 16 5 1 21 6 14 4 10 4 14 4 10 4 12 2 2 2 10 4 12 4 12 4 12 4 12 5 1 17 4 8 4 16 6 18 6 18 6 18 6 16 4 8 2 4 2 8 2 4 2 8 2 4 2 8 4 16 6 18 6 18 6 18 6 16 4 8 4 17, zy
1964: 1 5 12 4 12 4 12 4 12 4 10 2 2 2 12 4 10 4 14 4 10 4 14 6 21 1 5 16 6 20 6 14 4 10 2 2 2 10 2 2 2 10 2 2 2 10 4 14 6 20 6 16 5 1 21 6 14 4 10 4 14 4 10 4 12 2 2 2 10 4 12 4 12 4 12 4 12 5 1 17 4 8 4 16 6 18 6 18 6 18 6 16 4 8 4 17, zy
1965: 1 5 12 4 12 4 12 4 12 4 12 4 10 2 2 2 12 4 10 4 15 1 6 1 19 6 15 1 7 20 6 17 1 6 1 17 6 18 6 17 1 6 1 17 6 20 7 1 15 6 19 1 6 1 15 4 10 4 12 2 2 2 10 4 12 4 12 4 12 4 12 4 12 5 1 17 6 20 6 14 4 10 4 14 4 10 4 14 4 10 4 14 6 20 6 17, zy
1966: 1 5 12 4 12 4 12 4 12 4 12 4 12 2 2 2 8 2 4 2 8 2 4 2 8 2 4 2 8 2 4 2 8 2 4 2 8 2 2 2 12 4 12 4 12 4 12 4 12 4 12 5 1 17 4 6 2 8 2 4 2 8 4 16 6 20 6 14 4 12 4 12 5 1 18 1 5 12 4 12 4 14 6 20 6 16 4 8 2 4 2 8 2 6 4 17, zy
1967: 1 5 12 4 12 4 12 4 12 4 12 4 12 4 12 4 12 4 12 4 12 4 12 5 1 17 6 20 6 14 4 12 4 10 4 16 6 18 6 19 1 5 14 5 1 19 6 16 5 1 20 1 6 1 15 6 20 6 16 6 20 6 16 6 20 6 15 1 6 1 20 1 5 16 6 19 1 5 14 5 1 19 6 18 6 16 4 10 4 12 4 14 6 20 6 17, zy
1968: 1 5 12 4 12 4 12 4 12 4 12 4 12 4 12 5 1 17 4 8 4 16 6 20 6 14 4 12 4 10 2 4 2 8 4 15 1 7 21 1 5 14 4 12 5 1 19 6 16 6 20 6 16 4 8 4 16 4 8 4 16 6 20 6 16 6 19 1 5 12 4 14 5 1 21 7 1 15 4 8 2 4 2 10 4 12 4 14 6 20 6 16 4 8 4 17, zy
1969: 1 5 12 4 12 4 12 4 12 4 14 6 20 6 16 4 8 2 4 2 10 4 12 4 14 6 21 1 5 16 6 20 6 16 6 20 6 16 6 20 6 16 6 20 6 16 5 1 21 6 14 4 12 4 10 2 4 2 8 4 16 6 20 6 14 4 12 4 12 4 12 4 12 5 1 17 4 8 4 16 6 20 6 16 6 20 6 16 6 20 6 16 4 8 4 17, zy
1970: 1 5 12 4 12 4 12 5 1 17 4 6 2 8 4 15 1 6 1 19 6 16 6 18 4 6 2 6 2 8 4 14 5 1 19 6 16 4 8 4 16 4 6 2 8 4 15 1 6 1 19 6 16 6 19 1 6 1 15 4 8 2 6 4 16 4 8 4 16 6 19 1 5 14 4 8 2 6 2 6 4 18 6 16 6 19 1 6 1 15 4 8 2 6 4 17, zy
1971: 1 5 12 4 12 4 12 5 1 17 6 19 1 6 1 15 5 1 20 1 5 14 4 10 4 14 4 10 4 14 6 21 1 5 16 4 6 2 8 2 4 2 8 4 15 1 6 1 19 6 16 4 8 4 16 6 19 1 6 1 15 4 8 2 4 2 8 2 6 4 16 5 1 21 6 14 4 10 4 14 4 10 4 14 5 1 20 1 5 15 1 6 1 19 6 17, zy
1972: 1 5 12 4 12 4 12 5 1 19 6 14 4 8 2 6 4 16 6 18 6 16 6 19 1 5 14 4 8 2 6 4 16 6 18 6 16 6 18 6 16 6 18 6 16 4 6 2 8 4 14 5 1 19 6 16 6 18 6 16 4 6 2 8 4 14 6 19 1 5 12 4 12 4 12 5 1 19 6 14 5 1 18 1 6 1 16 1 6 1 18 1 5 14 6 19, zy
1973: 1 5 12 4 12 4 12 5 1 19 6 14 4 10 4 12 4 12 4 10 4 12 4 12 4 10 4 14 6 19 1 5 14 6 19 1 6 1 15 4 8 4 16 6 16 4 8 4 14 4 10 4 12 4 10 4 14 4 8 4 16 6 16 4 8 4 15 1 6 1 19 6 14 5 1 19 6 14 4 10 4 12 4 12 4 10 4 12 4 12 4 10 4 14 6 19, zy
1974: 1 5 12 4 12 4 14 5 1 20 1 5 14 4 12 4 12 4 12 4 12 4 14 5 1 20 1 5 14 4 12 4 12 5 1 17 6 20 6 16 5 1 20 1 6 1 15 5 1 20 1 5 15 1 6 1 20 1 5 16 6 20 6 17 1 6 1 17 6 20 6 16 5 1 20 1 6 1 15 5 1 20 1 5 15 1 6 1 20 1 5 16 6 20 6 17, zy
1975: 1 5 12 4 12 4 14 6 20 6 17 1 6 1 17 6 20 7 1 15 6 20 6 16 6 20 6 16 6 20 6 16 6 20 6 16 6 20 6 16 6 20 6 16 6 20 6 16 6 20 6 15 1 7 20 6 17 1 6 1 17 6 20 6 14 4 12 4 12 5 1 18 1 5 12 4 14 6 20 6 17 1 5 12 5 1 17 6 20 6 14 4 12 5 1 18, zy
1976: 1 5 12 4 13 1 7 20 7 1 13 4 12 5 1 18 1 6 1 17 6 16 6 19 1 5 14 5 1 20 1 5 15 1 6 1 19 6 14 4 10 4 14 6 19 1 5 14 6 20 7 1 14 1 7 20 7 1 14 1 7 20 6 14 5 1 19 6 14 4 10 4 14 6 19 1 6 1 15 5 1 20 1 5 14 5 1 19 6 16 6 17 1 6 1 18, zy
1977: 1 5 12 4 14 4 10 4 14 4 10 4 14 4 10 4 14 4 12 5 1 19 6 17 1 6 1 19 6 16 4 8 2 4 2 10 4 12 2 2 2 10 4 14 5 1 20 1 6 1 15 4 10 4 14 4 10 4 14 4 10 4 14 4 10 4 15 1 6 1 20 1 5 14 4 10 2 2 2 12 4 10 2 4 2 8 4 16 6 19 1 6 1 17 6 19, zy
1978: 1 5 12 4 14 4 10 4 14 4 12 4 10 2 4 2 8 4 16 4 8 2 4 2 10 4 12 4 14 4 10 4 14 4 12 5 1 19 6 16 4 10 4 14 5 1 19 6 18 6 19 1 5 14 4 10 4 16 6 20 6 16 6 21 1 5 16 5 1 21 6 16 6 20 6 16 4 10 4 14 5 1 19 6 18 6 19 1 5 14 4 10 4 16 6 19, zy
1979: 1 5 12 4 14 5 1 20 1 5 14 4 10 4 14 4 10 4 14 5 1 20 1 5 14 4 12 5 1 19 6 16 6 20 6 14 4 10 2 4 2 6 2 6 2 8 4 14 5 1 19 6 17 1 6 1 17 6 18 4 6 2 6 2 6 4 18 6 17 1 6 1 17 6 19 1 5 14 4 8 2 6 2 6 2 4 2 10 4 14 6 20 6 16 6 19, zy
1980: 1 5 12 4 14 5 1 20 1 5 14 4 10 4 14 4 10 4 14 6 20 6 16 6 19 1 5 14 5 1 20 1 5 16 6 18 6 18 6 18 6 16 5 1 20 1 5 14 5 1 19 6 16 6 20 6 14 4 10 4 14 4 10 4 14 5 1 20 1 5 14 4 12 5 1 19 6 16 6 20 6 14 4 10 4 14 4 10 4 14 6 20 6 16 6 19, zy
1981: 1 5 12 4 14 5 1 20 1 5 14 4 10 4 15 1 6 1 20 1 5 16 6 19 1 6 1 17 6 18 6 18 6 18 6 17 1 6 1 19 6 16 5 1 20 1 6 1 15 4 10 4 14 5 1 20 1 5 14 4 12 5 1 19 6 16 5 1 20 1 6 1 15 4 10 4 14 5 1 20 1 5 14 4 10 4 15 1 6 1 20 1 5 16 6 19, zy
1982: 1 5 12 4 14 5 1 20 1 6 1 15 4 10 4 14 5 1 20 1 5 14 4 10 4 15 1 6 1 20 1 5 14 4 12 5 1 19 6 16 4 8 2 4 2 10 4 12 4 14 5 1 21 6 14 4 10 4 16 6 18 6 19 1 6 1 16 1 6 1 19 6 18 6 16 4 10 4 14 6 21 1 5 14 4 12 4 10 2 4 2 8 4 16 6 19, zy
1983: 1 5 12 4 14 5 1 21 7 1 15 5 1 20 1 6 1 15 4 10 4 14 5 1 20 1 5 14 5 1 19 6 17 1 6 1 19 6 16 6 20 6 16 6 19 1 6 1 17 6 19 1 5 14 5 1 20 1 5 14 4 10 4 15 1 6 1 20 1 5 15 1 7 21 1 5 14 4 12 5 1 19 6 16 6 21 1 5 16 5 1 21 6 16 6 19, zy
1984: 1 5 12 4 14 6 18 6 16 4 8 4 14 4 8 2 4 2 8 4 15 1 6 1 19 7 1 14 1 7 19 1 6 1 15 4 8 2 4 2 8 4 14 4 8 4 16 6 18 6 14 4 12 5 1 19 6 16 6 16 4 8 2 2 2 12 4 8 2 6 4 16 6 18 6 16 6 18 6 16 4 6 2 8 4 12 2 2 2 8 4 16 6 16 6 19, zy
1985: 1 5 12 4 14 6 19 1 6 1 15 4 8 2 6 4 16 4 6 2 8 4 15 1 6 1 19 6 14 4 12 5 1 18 1 6 1 17 6 16 4 8 2 4 2 8 2 4 2 8 2 2 2 12 4 10 4 14 5 1 19 6 16 4 8 4 16 6 19 1 5 14 4 10 4 12 2 2 2 8 2 4 2 8 2 4 2 8 4 16 6 17 1 6 1 18, zy
1986: 1 5 12 4 14 6 20 6 15 1 6 1 20 1 5 15 1 6 1 20 1 5 16 6 19 1 5 14 5 1 20 1 5 16 6 18 4 6 2 6 2 6 2 6 2 6 2 6 4 18 6 16 5 1 20 1 5 14 5 1 19 6 16 5 1 20 1 6 1 15 5 1 20 1 6 1 15 6 20 6 14 4 12 5 1 18 1 6 1 17 6 17 1 6 1 18, zy
1987: 1 5 12 4 14 6 20 6 16 4 8 2 4 2 10 4 12 4 12 4 12 4 10 2 4 2 8 4 16 6 20 6 14 4 12 5 1 19 6 16 6 20 6 16 4 6 2 8 2 4 2 8 2 4 2 8 4 16 6 20 7 1 15 6 20 6 16 6 20 6 15 1 7 20 6 16 4 8 2 4 2 8 2 4 2 8 2 6 4 16 6 20 6 16 6 19, zy
1988: 1 5 12 4 14 6 20 6 16 6 19 1 6 1 15 4 10 4 12 4 12 4 13 1 7 20 6 16 6 20 7 1 13 4 12 4 12 4 10 4 15 1 6 1 19 6 16 6 20 6 14 4 12 5 1 18 1 6 1 17 6 18 6 18 6 16 4 8 2 4 2 8 2 4 2 8 2 4 2 8 2 4 2 8 4 16 6 18 6 18 6 17 1 6 1 18, zy
1989: 1 5 12 5 1 17 6 18 6 14 4 10 2 2 2 10 4 10 2 4 2 6 2 6 2 4 2 8 2 4 2 8 4 14 5 1 19 6 16 6 18 6 16 6 18 6 16 6 18 6 16 6 18 6 16 6 18 6 16 6 18 6 16 6 19 1 5 14 4 8 2 4 2 8 2 4 2 6 2 6 2 4 2 10 4 10 2 2 2 10 4 14 6 18 6 17, zy
1990: 1 5 14 4 8 2 6 2 6 4 17 1 6 1 17 6 18 6 18 6 16 4 8 4 16 4 8 4 16 6 18 6 18 6 17 1 6 1 17 4 6 2 6 2 8 4 14 5 1 19 6 16 4 8 4 16 4 6 2 8 4 15 1 6 1 19 6 16 6 20 7 1 14 1 7 20 6 16 6 19 1 6 1 15 4 8 2 6 4 16 4 8 4 16 6 19, zy
1991: 1 5 14 4 8 2 6 4 16 6 16 4 8 4 15 1 6 1 18 1 6 1 15 4 8 4 15 1 6 1 18 1 6 1 15 4 8 4 16 6 16 4 6 2 8 4 14 5 1 19 6 16 6 18 6 16 6 18 6 16 6 18 6 15 1 7 20 7 1 14 1 7 20 7 1 14 1 7 20 7 1 15 6 18 6 16 6 18 6 16 6 18 6 16 6 19, zy
1992: 1 5 14 4 10 2 2 2 10 2 2 2 10 4 14 6 20 6 16 6 19 1 5 14 5 1 20 1 5 16 6 18 6 18 6 17 1 6 1 17 4 6 2 6 2 8 4 14 4 8 2 6 2 6 4 17 1 6 1 17 6 18 6 18 6 16 5 1 20 1 5 14 5 1 19 6 16 6 20 6 14 4 10 2 2 2 10 2 2 2 10 4 14 5 1 20, zy
1993: 1 5 14 4 10 2 2 2 12 4 12 4 12 4 12 4 12 2 2 2 10 4 14 5 1 20 1 5 15 1 6 1 20 1 5 14 4 12 4 12 4 12 4 12 4 14 6 21 1 5 15 1 7 21 1 5 14 4 12 4 12 4 12 4 14 5 1 21 7 1 15 5 1 21 6 14 4 12 4 12 4 12 4 12 4 14 5 1 20 1 6 1 15 5 1 20, zy
1994: 1 5 14 4 10 2 4 2 8 4 16 4 8 4 17 1 6 1 17 4 8 4 16 5 1 21 6 15 1 7 21 1 5 16 6 20 6 16 4 8 2 4 2 10 4 14 4 10 4 14 4 10 2 4 2 8 4 16 6 20 6 16 5 1 21 7 1 15 6 21 1 5 16 4 8 4 17 1 6 1 17 4 8 4 16 4 8 2 4 2 10 4 14 5 1 20, zy
1995: 1 5 14 4 10 4 12 2 2 2 10 4 12 4 12 4 12 4 10 2 2 2 12 4 10 4 14 5 1 19 6 16 4 8 2 4 2 8 4 16 6 19 1 5 14 5 1 19 6 16 5 1 20 1 5 14 5 1 19 6 16 4 8 4 16 6 19 1 5 14 5 1 20 1 5 16 6 19 1 5 14 5 1 19 6 16 4 8 2 4 2 8 4 16 6 19, zy
1996: 1 5 14 4 10 4 14 4 10 4 14 4 10 2 2 2 10 2 2 2 10 2 2 2 10 4 14 4 10 4 14 4 10 4 14 5 1 20 1 5 15 1 6 1 20 1 5 14 4 12 4 10 2 4 2 6 2 8 4 16 6 18 6 19 1 5 14 5 1 19 6 18 6 16 4 8 2 6 2 4 2 10 4 12 4 14 5 1 20 1 6 1 15 5 1 20, zy
1997: 1 5 14 4 10 4 14 4 10 4 14 4 10 4 14 4 10 4 14 4 10 4 14 4 10 4 14 4 10 4 14 4 10 4 14 4 10 4 14 4 10 4 14 5 1 19 6 18 6 16 4 10 4 14 5 1 20 1 5 14 4 10 4 16 6 18 6 19 1 5 14 5 1 19 6 18 6 16 4 10 4 14 5 1 20 1 5 14 4 10 4 16 6 18 6 19, zy
1998: 1 5 14 4 10 4 14 4 10 4 14 5 1 19 6 18 6 17 1 6 1 19 6 16 6 20 6 16 6 20 6 15 1 7 20 6 17 1 6 1 17 4 6 2 8 4 16 6 19 1 6 1 17 6 18 6 17 1 6 1 19 6 16 4 8 2 6 4 17 1 6 1 17 6 20 7 1 15 6 20 6 16 6 20 6 16 6 19 1 6 1 17 6 18 6 19, zy
1999: 1 5 14 4 10 4 15 1 6 1 19 6 18 6 16 4 8 2 6 4 18 6 16 6 21 1 5 16 6 20 6 16 6 19 1 6 1 17 6 18 6 18 6 18 4 6 2 6 2 6 4 18 6 18 6 18 6 17 1 6 1 19 6 16 6 20 6 16 5 1 21 6 16 6 18 4 6 2 8 4 16 6 18 6 19 1 6 1 15 4 10 4 14 5 1 20, zy
2000: 1 5 14 4 10 4 16 6 19 1 6 1 17 6 18 6 20 6 16 6 21 1 5 16 4 8 4 18 6 17 1 6 1 19 6 16 4 8 2 6 2 4 2 10 2 2 2 10 2 4 2 6 2 8 4 16 6 19 1 6 1 17 6 18 4 8 4 16 5 1 21 6 16 6 20 6 18 6 17 1 6 1 19 6 16 4 10 4 14 5 1 19 6 18 6 19, zy
2001: 1 5 14 4 12 4 12 4 12 4 12 4 14 5 1 20 1 5 14 4 12 4 12 4 12 4 12 4 14 5 1 20 1 5 15 1 6 1 20 1 5 16 6 20 6 17 1 6 1 17 6 20 6 16 5 1 20 1 6 1 15 5 1 20 1 5 15 1 6 1 20 1 5 16 6 20 6 17 1 6 1 17 6 20 6 16 5 1 20 1 6 1 15 5 1 20, zy
2002: 1 5 14 5 1 19 6 15 1 6 1 19 6 14 4 10 4 12 4 10 4 14 6 20 7 1 15 6 18 6 17 1 6 1 15 4 8 2 4 2 8 4 14 4 8 2 4 2 8 4 14 4 8 2 4 2 8 4 14 4 8 2 4 2 8 4 15 1 6 1 17 6 18 6 15 1 7 20 6 14 4 10 4 12 4 10 4 14 6 19 1 6 1 15 6 19, zy
2003: 1 5 14 5 1 19 6 16 4 8 2 4 2 8 2 4 2 8 4 16 6 19 1 5 14 5 1 19 6 16 4 8 2 4 2 8 2 4 2 8 4 16 6 19 1 5 14 5 1 20 1 5 16 6 19 1 5 14 5 1 19 6 17 1 6 1 17 6 18 4 6 2 6 2 6 4 18 6 17 1 6 1 17 6 19 1 5 14 5 1 19 6 16 5 1 20, zy
2004: 1 5 14 5 1 19 6 16 4 10 4 14 4 10 4 16 6 18 4 8 4 16 4 8 4 18 6 16 4 10 4 14 4 10 4 16 6 19 1 5 14 5 1 20 1 5 16 6 19 1 6 1 17 6 19 1 5 14 5 1 19 6 18 6 18 6 20 7 1 14 1 7 20 6 18 6 18 6 19 1 5 14 5 1 19 6 17 1 6 1 19 6 16 5 1 20, zy
2005: 1 5 14 5 1 19 6 16 6 17 1 6 1 17 6 16 4 6 2 8 4 14 6 20 7 1 15 6 18 6 17 1 6 1 15 4 8 2 4 2 8 4 14 4 8 2 4 2 8 4 14 4 8 2 4 2 8 4 14 4 8 2 4 2 8 4 15 1 6 1 17 6 18 6 15 1 7 20 6 14 4 8 2 6 4 16 6 17 1 6 1 17 6 16 6 19, zy
2006: 1 5 14 5 1 19 6 18 6 16 5 1 20 1 6 1 16 1 6 1 19 6 16 4 8 2 4 2 8 2 4 2 8 2 4 2 8 2 4 2 8 4 16 6 19 1 6 1 16 1 6 1 20 1 5 16 6 18 6 19 1 5 14 5 1 19 6 18 6 17 1 6 1 19 6 15 1 7 20 6 16 6 20 7 1 15 6 19 1 6 1 17 6 18 6 19, zy
2007: 1 5 14 5 1 19 6 18 6 17 1 6 1 19 6 16 4 8 2 4 2 10 4 12 4 14 6 21 1 5 16 6 20 6 16 6 20 6 16 6 19 1 6 1 17 6 19 1 6 1 16 1 6 1 19 6 17 1 6 1 19 6 16 6 20 6 16 6 20 6 16 5 1 21 6 14 4 12 4 10 2 4 2 8 4 16 6 19 1 6 1 17 6 18 6 19, zy
2008: 1 5 14 5 1 19 6 18 6 18 6 16 4 8 2 6 2 4 2 10 4 14 6 21 1 5 16 6 19 1 6 1 17 6 18 6 18 4 6 2 6 2 6 2 6 2 6 2 6 2 6 2 6 2 6 2 6 2 6 2 6 2 6 4 18 6 18 6 17 1 6 1 19 6 16 5 1 21 6 14 4 10 2 4 2 6 2 8 4 16 6 18 6 18 6 19, zy
2009: 1 5 14 5 1 20 1 5 16 6 17 1 6 1 17 6 16 5 1 20 1 5 14 5 1 20 1 5 16 6 17 1 6 1 17 6 16 6 19 1 5 14 6 20 6 12 2 2 2 10 4 10 2 2 2 10 2 2 2 10 4 10 2 2 2 10 2 2 2 10 4 10 2 2 2 12 6 20 6 14 5 1 19 6 16 6 17 1 6 1 17 6 16 5 1 20, zy
2010: 1 5 14 6 19 1 6 1 15 4 8 2 4 2 8 4 14 4 8 2 4 2 8 4 15 1 6 1 19 7 1 14 1 7 19 1 6 1 15 4 8 2 4 2 8 4 14 4 8 2 4 2 8 4 15 1 6 1 19 6 14 5 1 19 6 16 6 17 1 6 1 17 6 18 6 16 6 18 6 16 6 18 6 16 6 18 6 17 1 6 1 17 6 16 6 19, zy
2011: 1 5 16 5 1 21 6 16 6 19 1 6 1 17 6 18 4 6 2 6 2 8 4 16 6 18 6 20 7 1 15 6 20 6 17 1 6 1 17 4 8 4 16 6 20 6 16 6 20 6 16 6 20 6 16 6 20 6 16 4 8 4 17 1 6 1 17 6 20 6 15 1 7 20 6 18 6 16 4 8 2 6 2 6 4 18 6 17 1 6 1 19 6 16 6 21, zy
2012: 1 6 1 15 4 8 2 4 2 8 4 14 4 8 4 16 6 18 6 15 1 7 20 6 14 4 8 2 4 2 8 2 4 2 8 4 14 6 19 1 6 1 15 4 8 4 15 1 6 1 19 6 14 4 8 2 4 2 8 2 4 2 8 4 14 6 20 7 1 15 6 18 6 16 4 8 4 14 4 8 2 4 2 8 4 15 1 6 1 19 7 1 14 1 7 19, zy
2013: 1 5 12 2 2 2 8 2 2 2 12 5 1 19 6 14 5 1 19 7 1 13 4 10 4 12 4 12 4 10 4 13 1 7 19 1 5 14 6 19 1 5 12 2 2 2 8 2 2 2 12 5 1 19 7 1 13 4 10 4 13 1 7 19 1 5 14 6 19 1 5 12 2 2 2 8 2 2 2 12 5 1 19 6 14 5 1 19 7 1 13 4 10 4 13 1 7 19, zy
2014: 1 5 12 2 2 2 8 2 4 2 8 2 2 2 12 5 1 19 6 14 4 12 5 1 19 6 15 1 7 20 6 14 4 10 2 2 2 10 4 14 6 19 1 5 12 4 14 6 18 4 6 2 4 2 10 4 12 4 12 4 10 2 4 2 6 4 18 6 14 4 12 5 1 19 6 14 4 10 2 2 2 10 4 14 6 20 7 1 15 6 19 1 5 12 4 14 6 19, zy
2015: 1 5 12 2 2 2 10 4 12 4 12 4 12 4 10 4 15 1 6 1 18 1 5 12 4 12 4 12 4 12 5 1 18 1 5 12 4 12 4 12 4 12 5 1 18 1 6 1 15 4 10 4 12 4 12 4 12 4 10 2 2 2 12 5 1 19 6 16 6 19 1 5 14 5 1 19 6 17 1 5 12 4 12 5 1 17 6 19 1 5 14 5 1 19 6 16 6 19, zy
2016: 1 5 12 2 2 2 10 4 12 4 14 6 20 6 16 6 19 1 5 12 4 14 5 1 19 6 18 6 17 1 6 1 17 6 18 6 19 1 5 14 4 12 5 1 19 6 16 6 20 6 14 4 12 4 10 2 2 2 12 5 1 18 1 6 1 17 6 18 6 16 4 10 4 14 6 20 6 16 4 8 4 16 6 20 6 14 4 10 4 16 6 18 6 17 1 6 1 18, zy
2017: 1 5 12 2 4 2 6 2 6 2 6 2 8 4 16 6 20 6 16 6 21 1 5 16 5 1 21 6 14 4 12 4 14 6 21 1 5 16 5 1 21 6 16 6 20 6 16 4 8 2 6 2 6 2 6 2 4 2 12 5 1 19 6 18 6 18 6 18 4 6 2 8 4 16 6 20 6 17 1 6 1 17 6 20 6 16 4 8 2 6 4 18 6 18 6 18 6 19, zy
2018: 1 5 12 4 10 4 14 4 8 4 16 6 17 1 6 1 17 6 18 6 14 4 12 5 1 20 1 5 15 1 7 20 6 14 4 10 4 12 4 12 4 10 4 12 4 12 4 10 4 12 4 12 4 10 4 14 6 20 7 1 15 5 1 20 1 5 12 4 14 6 18 6 17 1 6 1 17 6 16 4 8 4 14 4 10 4 12 5 1 17 6 18 6 16 6 18 6 17, zy
2019: 1 5 12 4 12 4 12 4 12 4 12 4 12 4 12 4 12 4 12 4 12 5 1 17 4 8 4 16 4 6 2 8 2 4 2 8 4 16 6 20 6 14 4 12 5 1 18 1 6 1 18 1 5 12 4 14 6 20 6 16 4 8 2 4 2 8 2 6 4 16 4 8 4 17 1 5 12 4 12 4 12 4 12 4 12 4 12 4 12 4 12 4 12 4 12 5 1 18, zy
2020: 1 5 12 4 12 4 12 4 12 4 14 6 20 6 16 4 8 4 17 1 6 1 17 4 8 4 16 6 20 6 14 4 12 4 12 4 12 4 12 5 1 17 4 8 4 16 4 8 4 16 4 6 2 8 2 4 2 8 2 4 2 8 2 4 2 8 2 4 2 8 2 4 2 8 2 4 2 8 2 4 2 8 2 4 2 8 2 6 4 16 4 8 4 16 4 8 4 17, zy
2021: 1 5 12 4 12 4 12 4 14 5 1 20 1 6 1 15 4 10 4 14 5 1 19 6 18 6 18 6 19 1 5 14 4 10 4 14 4 12 5 1 18 1 6 1 18 1 5 12 4 14 4 10 4 14 5 1 19 6 18 6 18 6 19 1 5 14 4 10 4 15 1 6 1 20 1 5 14 4 12 4 12 4 12 5 1 17 4 6 2 8 2 4 2 8 2 6 4 17, zy
2022: 1 5 12 4 12 5 1 18 1 5 12 4 12 5 1 18 1 5 12 4 12 5 1 18 1 6 1 15 4 8 4 16 6 16 6 19 1 5 14 6 19 1 6 1 15 4 8 4 15 1 6 1 18 1 5 12 4 12 5 1 18 1 5 12 4 12 5 1 18 1 6 1 15 4 8 4 15 1 6 1 19 6 14 5 1 19 6 16 6 16 4 8 4 15 1 6 1 18, zy
2023: 1 5 12 4 14 5 1 20 1 6 1 15 4 8 2 6 4 18 6 16 5 1 20 1 6 1 15 4 10 4 12 2 2 2 10 4 14 6 20 6 17 1 6 1 17 6 20 6 14 4 10 2 2 2 12 4 10 4 15 1 6 1 20 1 5 16 6 18 4 6 2 8 4 15 1 6 1 20 1 5 14 4 12 5 1 19 6 16 6 20 6 16 6 20 6 16 6 19, zy
2024: 1 5 12 4 14 6 20 6 16 6 20 6 14 4 10 4 15 1 6 1 19 6 15 1 7 20 6 16 4 8 4 16 6 19 1 6 1 15 4 8 2 4 2 10 4 12 4 12 4 10 2 4 2 8 4 15 1 6 1 19 6 16 4 8 4 16 6 20 7 1 15 6 19 1 6 1 15 4 10 4 14 6 20 6 16 6 20 6 14 4 12 5 1 19 6 16 6 19, zy
2025: 1 5 12 4 14 6 21 1 5 14 4 12 4 12 4 10 2 4 2 8 2 6 4 17 1 6 1 17 4 6 2 8 2 4 2 10 4 12 4 12 4 14 5 1 21 6 14 4 12 5 1 18 1 6 1 17 4 8 4 16 5 1 21 6 16 6 20 6 17 1 6 1 17 4 8 4 17 1 6 1 17 6 20 6 16 6 21 1 5 16 4 8 4 17 1 6 1 18, zy
2026: 1 5 14 4 8 2 6 2 6 2 6 4 18 6 16 4 8 2 6 4 17 1 6 1 17 6 20 7 1 15 6 20 6 16 6 20 6 15 1 7 20 6 17 1 6 1 17 4 6 2 8 4 16 6 18 4 6 2 6 2 6 2 8 4 14 5 1 19 6 18 6 16 4 8 2 4 2 10 4 12 4 12 4 12 4 12 4 10 2 4 2 8 4 16 6 18 6 19, zy
2027: 1 5 14 4 10 2 4 2 8 4 16 5 1 21 6 16 6 21 1 5 16 4 8 2 4 2 10 4 14 5 1 19 6 19 1 5 14 4 10 2 4 2 8 4 16 6 21 1 5 16 4 10 4 14 5 1 20 1 5 14 4 12 4 12 4 12 4 12 4 14 5 1 20 1 5 14 4 10 4 16 5 1 21 6 16 4 8 2 4 2 10 4 14 5 1 19 6 19, zy
2028: 1 5 14 4 10 4 16 4 8 4 17 1 6 1 17 6 20 6 17 1 6 1 17 6 20 6 17 1 6 1 17 4 8 4 16 4 10 4 14 5 1 19 6 18 4 6 2 8 4 16 6 21 1 5 16 4 10 4 14 5 1 19 6 18 6 18 4 8 4 16 4 8 4 18 6 18 6 19 1 5 14 4 10 4 16 5 1 21 6 16 4 8 2 6 4 18 6 19, zy
2029: 1 5 14 5 1 19 6 15 1 6 1 19 6 14 4 8 2 6 4 16 6 17 1 6 1 17 6 16 4 6 2 8 4 14 6 19 1 6 1 15 6 19 1 5 14 5 1 20 1 5 16 6 16 4 8 4 15 1 6 1 18 1 6 1 15 4 8 4 15 1 6 1 18 1 6 1 15 4 8 4 15 1 6 1 18 1 6 1 15 4 8 4 16 6 16 5 1 20, zy
2030: 1 5 14 6 20 7 1 14 1 7 19 1 6 1 15 4 8 4 15 1 6 1 19 7 1 14 1 7 20 6 14 5 1 19 6 16 6 17 1 6 1 17 6 16 4 6 2 8 4 14 6 20 7 1 15 6 18 6 17 1 6 1 15 4 10 4 10 4 15 1 6 1 17 6 18 6 15 1 7 20 6 14 4 8 2 6 4 16 6 17 1 6 1 17 6 16 6 19, zy
2031: 1 5 16 4 8 2 4 2 10 4 14 4 10 4 14 4 12 4 10 2 4 2 8 2 6 4 17 1 6 1 17 4 6 2 8 2 4 2 10 4 12 4 14 4 10 4 14 4 10 2 4 2 8 4 16 5 1 21 6 16 6 20 6 18 6 18 6 18 6 20 6 16 5 1 21 7 1 14 1 7 21 1 5 16 6 20 6 18 6 18 6 18 6 20 6 16 6 21, zy
2032: 1 5 16 6 18 6 19 1 6 1 16 1 6 1 19 6 16 4 8 2 6 4 17 1 6 1 17 4 6 2 8 4 16 6 19 1 6 1 16 1 6 1 19 6 18 6 16 5 1 20 1 6 1 16 1 6 1 19 6 16 4 8 2 4 2 10 4 12 4 12 4 12 4 12 4 12 4 12 4 12 4 10 2 4 2 8 4 16 6 19 1 6 1 16 1 6 1 20, zy
2033: 1 5 16 6 20 6 17 1 6 1 17 4 6 2 8 2 4 2 8 2 6 4 17 1 6 1 17 4 6 2 8 2 4 2 8 2 6 4 17 1 6 1 17 6 20 6 16 5 1 20 1 6 1 15 4 8 2 6 2 6 2 6 2 6 2 8 4 14 4 12 4 12 4 12 4 12 4 12 4 14 4 8 2 6 2 6 2 6 2 6 2 8 4 15 1 6 1 20, zy
2034: 1 5 12 2 2 2 8 2 2 2 12 4 8 2 6 4 16 6 18 6 16 6 18 6 16 6 19 1 5 14 5 1 19 6 16 6 18 6 16 6 18 6 16 4 6 2 8 4 12 2 2 2 8 2 2 2 12 5 1 19 6 14 4 10 4 12 4 12 4 10 4 14 6 18 6 18 6 14 4 10 4 14 6 18 6 18 6 14 4 10 4 12 4 12 4 10 4 14 6 19, zy
2035: 1 5 12 2 2 2 8 2 2 2 12 5 1 19 7 1 13 4 10 4 13 1 7 19 1 5 12 2 2 2 8 2 2 2 12 5 1 19 7 1 13 4 10 4 13 1 7 19 1 5 14 6 19 1 5 12 2 2 2 8 4 16 6 16 6 19 1 5 14 5 1 19 6 16 6 16 4 8 2 2 2 12 5 1 19 6 14 5 1 19 7 1 13 4 10 4 13 1 7 19, zy
2036: 1 5 12 2 2 2 10 2 2 2 10 2 4 2 6 2 6 2 8 4 16 6 20 6 16 6 21 1 5 16 5 1 21 6 16 6 20 6 16 4 8 2 6 2 6 2 4 2 10 2 2 2 10 2 2 2 12 5 1 19 6 16 4 10 4 14 4 10 4 14 4 12 4 10 2 2 2 12 4 12 4 12 2 2 2 10 4 12 4 14 4 10 4 14 4 10 4 16 6 19, zy
2037: 1 5 12 2 2 2 10 4 10 2 4 2 6 2 6 2 6 4 16 4 6 2 6 2 6 2 6 4 16 4 6 2 6 2 6 2 6 4 16 4 6 2 6 2 6 2 4 2 10 4 10 2 2 2 12 5 1 19 6 16 6 18 6 16 6 18 6 16 4 6 2 8 4 14 5 1 19 6 16 6 19 1 5 14 4 8 2 6 4 16 6 18 6 16 6 18 6 16 6 19, zy
2038: 1 5 12 2 2 2 10 4 10 2 4 2 6 2 6 2 6 4 16 4 6 2 6 2 6 2 6 4 16 6 19 1 5 14 4 8 2 6 4 16 6 18 6 16 6 18 6 16 4 6 2 8 4 14 5 1 19 6 16 4 6 2 6 2 6 2 6 4 16 4 6 2 6 2 6 2 4 2 10 4 10 2 2 2 12 5 1 19 6 16 6 18 6 16 6 18 6 16 6 19, zy
2039: 1 5 12 2 2 2 10 4 10 4 14 4 10 4 10 2 4 2 6 2 6 2 6 4 16 6 19 1 5 14 4 8 2 4 2 8 2 4 2 6 2 6 2 6 2 4 2 8 2 4 2 8 4 14 5 1 19 6 16 4 6 2 6 2 6 2 4 2 10 4 10 4 14 4 10 4 10 2 2 2 12 5 1 19 6 16 6 18 6 16 6 18 6 16 6 18 6 16 6 19, zy
2040: 1 5 12 2 2 2 10 4 12 4 14 6 20 6 16 6 19 1 5 12 2 2 2 10 4 14 5 1 20 1 5 14 4 10 2 4 2 6 2 6 2 6 2 6 2 6 2 6 2 6 2 6 2 4 2 10 4 14 5 1 20 1 5 14 4 10 2 2 2 12 5 1 19 6 16 6 20 6 14 4 12 4 10 2 2 2 12 5 1 18 1 6 1 17 6 17 1 6 1 18, zy
2041: 1 5 12 2 2 2 10 4 14 4 8 2 6 4 17 1 6 1 18 1 6 1 17 6 18 6 19 1 5 14 4 10 4 14 5 1 19 6 18 6 17 1 6 1 18 1 6 1 17 4 6 2 8 4 14 4 10 2 2 2 12 5 1 19 6 18 6 16 4 8 4 17 1 6 1 17 6 19 1 6 1 16 1 6 1 19 6 17 1 6 1 17 4 8 4 16 6 18 6 19, zy
2042: 1 5 12 2 2 2 10 4 14 4 10 4 14 4 10 4 14 4 10 2 2 2 12 5 1 19 6 17 1 6 1 19 6 16 4 8 2 4 2 10 4 12 2 2 2 10 4 14 5 1 20 1 6 1 15 4 10 4 14 4 10 4 14 4 10 4 14 4 10 4 15 1 6 1 20 1 5 14 4 10 2 2 2 12 4 10 2 4 2 8 4 16 6 19 1 6 1 17 6 19, zy
2043: 1 5 12 2 2 2 10 4 14 5 1 21 7 1 15 4 8 2 6 4 18 6 16 4 8 4 17 1 6 1 18 1 5 12 4 14 6 20 6 17 1 6 1 17 6 20 6 14 4 12 5 1 18 1 6 1 17 4 8 4 16 6 18 4 6 2 8 4 15 1 7 21 1 5 14 4 10 2 2 2 12 5 1 19 6 16 4 8 4 17 1 6 1 17 4 8 4 16 6 19, zy
2044: 1 5 12 2 2 2 10 4 14 6 20 6 16 6 19 1 6 1 15 4 8 2 6 4 17 1 5 12 4 12 4 10 2 4 2 8 4 15 1 6 1 19 6 16 4 8 4 16 6 19 1 6 1 15 4 8 2 4 2 10 4 12 4 12 5 1 17 4 6 2 8 4 15 1 6 1 19 6 16 6 20 6 14 4 10 2 2 2 12 5 1 19 6 16 4 8 4 16 6 19, zy
2045: 1 5 12 2 2 2 10 4 14 6 20 6 16 6 19 1 6 1 15 4 8 2 6 4 17 1 5 12 4 12 4 12 5 1 17 4 6 2 8 4 15 1 6 1 19 6 16 6 20 6 14 4 10 2 2 2 12 5 1 19 6 16 4 8 4 16 6 19 1 6 1 15 4 8 2 4 2 10 4 12 4 10 2 4 2 8 4 15 1 6 1 19 6 16 4 8 4 16 6 19, zy
2046: 1 5 12 2 2 2 12 5 1 19 6 18 6 18 6 18 6 20 6 16 6 20 6 16 4 10 4 14 5 1 19 6 18 6 18 4 6 2 8 4 16 6 20 6 16 4 10 4 12 2 2 2 10 2 2 2 10 2 2 2 12 4 10 4 16 6 20 6 16 4 8 2 6 4 18 6 18 6 19 1 5 14 4 10 4 16 6 20 6 16 6 20 6 18 6 18 6 18 6 19, zy
2047: 1 5 12 4 10 2 4 2 6 4 17 1 6 1 15 4 8 2 4 2 8 4 14 4 8 2 4 2 8 4 14 4 8 2 4 2 8 4 15 1 6 1 17 4 6 2 4 2 10 4 12 5 1 17 4 6 2 6 2 4 2 10 4 10 2 2 2 10 4 14 6 18 6 17 1 5 12 5 1 17 6 18 6 14 4 10 2 2 2 10 4 10 2 4 2 6 2 6 4 17, zy
2048: 1 5 12 4 10 4 14 4 8 2 4 2 8 4 14 4 8 2 4 2 8 4 14 4 10 4 12 5 1 17 4 6 2 6 2 6 2 4 2 8 2 4 2 8 4 14 6 20 6 14 6 20 6 14 5 1 19 6 16 6 18 6 16 6 18 6 16 6 18 6 16 6 19 1 5 14 6 20 6 14 6 20 6 14 4 8 2 4 2 8 2 4 2 6 2 6 2 6 4 17, zy
2049: 1 5 12 4 10 4 14 4 8 2 4 2 8 4 14 4 8 2 4 2 8 4 15 1 6 1 19 7 1 15 6 18 6 16 6 18 6 16 4 6 2 6 2 6 2 6 2 4 2 8 2 4 2 6 2 6 2 6 2 6 4 16 6 18 6 16 6 18 6 15 1 7 19 1 6 1 15 4 8 2 4 2 8 4 14 4 8 2 4 2 8 4 14 4 10 4 12 5 1 18, zy
2050: 1 5 12 4 10 4 14 4 8 2 4 2 8 4 14 5 1 19 6 16 6 18 6 16 6 18 6 16 6 19 1 5 14 4 8 2 4 2 8 4 14 4 10 4 12 5 1 18 1 5 12 4 12 5 1 19 6 14 5 1 19 6 15 1 6 1 20 1 5 16 6 16 4 8 4 16 6 16 5 1 20 1 6 1 15 6 19 1 5 14 6 19 1 5 12 4 12 5 1 18, zy
2051: 1 5 12 4 10 4 14 5 1 19 6 16 6 18 6 16 6 18 6 16 6 18 6 16 6 18 6 16 6 18 6 16 6 19 1 5 14 4 10 4 12 5 1 17 6 18 6 15 1 7 20 6 14 4 8 2 6 4 16 6 17 1 6 1 17 6 16 6 19 1 5 14 5 1 19 6 16 6 17 1 6 1 17 6 16 4 6 2 8 4 14 6 20 7 1 15 6 18 6 17, zy
2052: 1 5 12 4 12 2 2 2 10 4 12 4 12 4 14 6 20 6 16 4 8 4 16 4 8 2 4 2 8 2 4 2 8 2 4 2 8 4 16 4 8 4 16 6 20 6 14 4 12 4 12 4 10 2 2 2 12 4 12 5 1 19 6 16 6 20 6 16 6 20 6 16 6 20 6 16 6 20 7 1 14 1 7 20 6 16 6 20 6 16 6 20 6 16 6 20 6 16 6 19, zy
2053: 1 5 12 4 12 2 2 2 10 4 14 4 10 4 15 1 6 1 19 6 18 6 19 1 5 14 4 10 2 2 2 12 4 12 4 12 4 12 4 12 2 2 2 10 4 14 5 1 19 6 18 6 19 1 6 1 15 4 10 4 14 4 10 2 2 2 12 4 12 5 1 17 4 8 4 17 1 6 1 17 4 6 2 8 2 4 2 8 2 6 4 17 1 6 1 17 4 8 4 17, zy
2054: 1 5 12 4 12 4 10 2 2 2 10 4 12 4 10 2 4 4 17 1 6 1 16 1 6 1 17 4 6 4 17 1 6 1 16 1 6 1 17 4 4 2 10 4 12 4 10 2 2 2 10 4 12 4 12 5 1 19 6 14 4 8 2 6 4 16 6 17 1 6 1 17 6 16 6 19 1 5 14 5 1 19 6 16 6 17 1 6 1 17 6 16 4 6 2 8 4 14 6 19, zy
2055: 1 5 12 4 12 4 10 2 2 2 10 4 12 4 12 5 1 19 6 14 4 10 4 12 4 12 5 1 19 6 14 5 1 19 6 14 4 10 4 14 6 19 1 5 14 6 19 1 6 1 15 4 8 2 4 2 8 4 14 4 8 2 4 2 8 4 15 1 6 1 19 6 14 5 1 19 6 14 4 10 4 14 6 19 1 5 14 6 19 1 5 12 4 12 4 10 4 14 6 19, zy
2056: 1 5 12 4 12 4 10 2 4 2 6 2 8 4 14 4 10 4 14 4 8 2 6 4 17 1 5 12 4 12 4 10 2 4 2 8 4 14 4 10 2 2 2 10 4 14 4 8 2 4 2 10 4 12 4 12 5 1 17 4 6 2 8 4 14 4 10 4 14 4 8 2 6 2 4 2 10 4 12 4 12 5 1 17 4 6 2 8 4 14 4 10 4 14 4 8 2 6 4 17, zy
2057: 1 5 12 4 12 4 10 2 4 4 18 6 14 4 10 4 12 4 12 4 10 4 14 6 19 1 5 12 4 12 4 12 5 1 19 6 14 4 10 4 12 4 12 4 10 4 14 6 18 4 4 2 10 4 12 4 12 5 1 19 6 14 4 10 4 12 4 12 4 10 4 14 6 18 4 4 2 10 4 12 4 10 2 4 4 18 6 14 4 10 4 12 4 12 4 10 4 14 6 19, zy
2058: 1 5 12 4 12 4 10 4 12 4 12 4 10 4 12 4 12 4 10 4 14 6 19 1 5 14 6 20 6 12 2 2 2 10 4 10 4 14 4 8 2 4 2 8 4 14 4 8 2 4 2 8 4 14 4 8 2 4 2 8 4 14 4 10 4 10 2 2 2 12 6 20 6 14 5 1 19 6 14 4 10 4 12 4 12 4 10 4 12 4 12 4 10 4 12 4 12 5 1 18, zy
2059: 1 5 12 4 12 4 10 4 12 4 12 4 10 4 14 6 19 1 5 14 6 19 1 6 1 15 5 1 20 1 5 14 4 8 2 4 2 8 2 4 2 6 2 6 2 6 2 4 2 8 2 4 2 6 2 6 2 6 2 4 2 8 2 4 2 8 4 14 5 1 20 1 5 15 1 6 1 19 6 14 5 1 19 6 14 4 10 4 12 4 12 4 10 4 12 4 12 5 1 18, zy
2060: 1 5 12 4 12 4 10 4 14 4 10 4 12 4 10 4 14 4 10 4 12 4 12 5 1 18 1 5 12 4 12 5 1 17 4 6 2 8 4 14 6 20 6 14 4 10 4 12 4 12 4 12 5 1 18 1 6 1 17 6 16 4 8 4 16 6 17 1 6 1 18 1 5 12 4 12 4 12 4 10 4 14 6 20 6 14 4 8 2 6 4 17 1 5 12 4 12 5 1 18, zy
2061: 1 5 12 4 12 4 10 4 14 5 1 19 6 16 4 6 2 8 4 14 6 20 7 1 14 1 7 20 6 14 5 1 19 6 14 4 10 4 13 1 7 19 1 5 14 6 20 7 1 14 1 7 20 6 14 5 1 19 7 1 13 4 10 4 14 6 19 1 5 14 6 20 7 1 14 1 7 20 6 14 4 8 2 6 4 16 6 19 1 5 14 4 10 4 12 4 12 5 1 18, zy
2062: 1 5 12 4 12 4 10 4 14 6 19 1 5 12 4 12 4 12 5 1 18 1 6 1 17 6 16 6 18 6 17 1 5 12 5 1 17 6 18 6 16 6 17 1 6 1 18 1 5 12 4 12 4 12 5 1 19 6 14 4 10 4 12 4 12 5 1 18 1 6 1 16 1 6 1 17 6 18 6 16 6 18 6 16 6 18 6 16 6 18 6 17 1 6 1 16 1 6 1 18, zy
2063: 1 5 12 4 12 4 10 4 14 6 19 1 5 12 4 12 4 12 5 1 19 6 14 4 10 4 14 6 18 6 17 1 6 1 17 6 18 6 14 4 10 4 14 6 19 1 5 12 4 12 4 12 5 1 19 6 14 4 10 4 12 4 12 5 1 18 1 6 1 17 6 16 6 18 6 18 6 14 4 10 4 12 4 12 4 10 4 14 6 18 6 18 6 16 6 17 1 6 1 18, zy
2064: 1 5 12 4 12 4 12 2 2 2 8 2 4 2 8 2 4 2 10 4 12 4 10 2 4 2 8 2 4 2 8 2 2 2 12 4 12 4 12 5 1 18 1 6 1 17 6 20 6 14 4 10 2 4 2 6 2 8 4 14 4 12 5 1 19 6 17 1 6 1 18 1 6 1 17 6 19 1 5 12 4 14 4 8 2 6 2 4 2 10 4 14 6 20 6 17 1 6 1 18, zy
2065: 1 5 12 4 12 4 12 2 2 2 8 2 6 4 17 1 6 1 18 1 6 1 17 6 19 1 5 14 5 1 20 1 5 14 5 1 19 6 17 1 6 1 18 1 6 1 17 4 6 2 8 2 2 2 12 4 12 4 12 5 1 18 1 6 1 17 6 19 1 6 1 17 6 18 6 18 6 19 1 5 14 5 1 19 6 18 6 18 6 17 1 6 1 19 6 17 1 6 1 18, zy
2066: 1 5 12 4 12 4 12 4 12 4 12 4 12 4 12 4 14 6 20 6 14 4 12 4 12 4 12 4 12 4 12 4 12 4 12 5 1 17 4 8 4 16 6 20 6 14 4 12 4 12 5 1 18 1 5 12 4 12 4 14 6 21 1 5 16 4 8 4 16 4 8 4 16 5 1 21 6 14 4 12 4 12 5 1 18 1 5 12 4 12 4 14 6 20 6 16 4 8 4 17, zy
2067: 1 5 12 4 12 4 12 4 12 4 12 4 14 6 20 6 16 4 8 2 6 4 17 1 6 1 18 1 5 12 4 14 6 20 6 17 1 6 1 18 1 6 1 17 6 20 6 14 4 12 5 1 18 1 6 1 17 4 6 2 8 4 16 6 20 6 14 4 12 4 12 4 12 4 12 4 12 5 1 17 4 8 4 16 6 20 6 16 6 20 6 16 6 20 6 16 4 8 4 17, zy
2068: 1 5 12 4 12 4 12 4 12 4 14 6 20 6 16 4 8 2 4 2 10 4 12 4 14 6 21 1 5 16 6 20 6 16 6 20 6 16 6 20 6 16 6 20 6 16 6 20 6 16 5 1 21 6 14 4 12 4 10 2 4 2 8 4 16 6 20 6 14 4 12 4 12 4 12 4 12 5 1 17 4 8 4 16 4 8 4 16 4 8 4 16 4 8 4 16 4 8 4 17, zy
2069: 1 5 12 4 12 4 12 4 14 6 20 6 16 4 8 2 4 2 10 4 12 4 12 4 14 6 21 1 5 16 6 20 6 16 6 20 6 16 6 20 6 16 6 20 6 16 6 20 6 16 5 1 21 6 14 4 12 4 12 4 10 2 4 2 8 4 16 6 20 6 14 4 12 4 12 4 12 5 1 17 4 8 4 16 4 8 4 16 4 8 4 16 4 8 4 16 4 8 4 17, zy
2070: 1 5 12 4 12 4 12 4 14 6 20 6 16 6 19 1 6 1 17 6 19 1 5 14 5 1 20 1 5 14 4 10 4 16 6 18 6 18 6 18 6 18 6 18 6 16 4 10 4 14 5 1 20 1 5 14 5 1 19 6 17 1 6 1 19 6 16 6 20 6 14 4 12 4 12 4 12 5 1 18 1 6 1 17 6 19 1 6 1 16 1 6 1 19 6 17 1 6 1 18, zy
2071: 1 5 12 4 12 4 14 6 21 1 5 16 5 1 21 6 14 4 12 4 12 5 1 18 1 5 12 4 12 4 14 6 21 1 5 16 5 1 21 6 14 4 12 4 12 5 1 18 1 5 12 4 12 4 14 6 21 1 5 16 6 20 6 16 6 20 6 16 6 20 6 16 6 20 6 16 6 20 6 16 6 20 6 16 6 20 6 16 5 1 21 6 14 4 12 4 12 5 1 18, zy
2072: 1 5 12 4 13 1 7 20 7 1 15 6 18 6 16 6 18 6 16 6 18 6 16 6 18 6 16 6 18 6 16 6 18 6 16 6 18 6 16 6 18 6 15 1 7 20 7 1 13 4 12 5 1 19 6 14 4 8 2 6 4 16 6 18 6 14 4 10 4 14 6 18 6 17 1 5 12 5 1 17 6 18 6 14 4 10 4 14 6 18 6 16 4 6 2 8 4 14 6 19, zy
2073: 1 5 12 4 14 4 8 2 6 2 6 2 6 2 4 2 10 4 14 4 10 4 14 4 10 4 14 4 10 4 14 4 10 4 14 4 10 2 4 2 6 2 6 2 6 2 8 4 14 4 12 5 1 19 6 16 4 8 2 6 4 18 6 16 4 10 4 12 2 2 2 10 4 14 5 1 20 1 5 14 4 10 2 2 2 12 4 10 4 16 6 18 4 6 2 8 4 16 6 19, zy
2074: 1 5 12 4 14 4 8 2 6 4 18 6 16 4 8 2 4 2 10 4 12 4 12 4 12 4 13 1 7 20 6 16 6 20 6 16 6 20 7 1 13 4 12 4 12 4 12 4 10 2 4 2 8 4 16 6 18 4 6 2 8 4 14 4 12 5 1 19 6 16 4 8 2 4 2 10 4 12 4 12 4 12 4 12 4 12 4 12 4 12 4 10 2 4 2 8 4 16 6 19, zy
2075: 1 5 12 4 14 4 10 2 4 2 6 2 8 4 16 6 20 6 16 5 1 21 7 1 15 6 21 1 5 16 5 1 21 6 15 1 7 21 1 5 16 6 20 6 16 4 8 2 6 2 4 2 10 4 14 4 12 5 1 19 6 16 4 10 4 14 4 10 2 2 2 12 4 10 2 4 2 8 4 16 4 8 2 4 2 10 4 12 2 2 2 10 4 14 4 10 4 16 6 19, zy
2076: 1 5 12 4 14 4 10 4 14 4 8 2 6 2 6 2 8 4 14 4 10 4 14 4 12 5 1 19 6 17 1 6 1 19 6 16 4 8 2 6 4 18 6 16 4 10 4 14 5 1 20 1 5 14 5 1 19 6 18 6 18 6 18 6 18 6 18 6 18 6 19 1 5 14 5 1 20 1 5 14 4 10 4 16 6 18 4 6 2 8 4 16 6 19 1 6 1 17 6 19, zy
2077: 1 5 12 4 14 6 20 6 16 6 18 6 18 6 18 6 17 1 5 12 5 1 17 6 19 1 5 14 4 10 4 14 6 20 6 16 4 6 2 8 4 16 6 18 6 18 6 16 4 8 2 6 4 16 6 20 6 14 4 10 4 14 5 1 19 6 17 1 5 12 5 1 17 6 18 6 18 6 18 6 16 6 20 6 14 4 12 5 1 18 1 6 1 17 6 17 1 6 1 18, zy
2078: 1 5 12 4 14 6 21 1 5 16 6 19 1 6 1 17 6 18 6 19 1 5 14 4 10 4 14 5 1 19 6 18 6 17 1 6 1 19 6 16 5 1 21 6 14 4 12 5 1 19 6 16 6 20 6 16 5 1 21 6 14 4 12 4 10 2 4 2 8 4 15 1 6 1 20 1 6 1 15 4 8 2 4 2 10 4 12 4 14 6 21 1 5 16 6 20 6 16 6 19, zy
2079: 1 5 12 5 1 17 6 20 6 14 4 12 4 10 4 16 6 18 6 19 1 5 14 5 1 20 1 5 14 4 10 2 4 2 6 2 8 4 14 4 10 4 15 1 6 1 19 6 17 1 6 1 18 1 6 1 17 6 19 1 6 1 15 4 10 4 14 4 8 2 6 2 4 2 10 4 14 5 1 20 1 5 14 5 1 19 6 18 6 16 4 10 4 12 4 14 6 20 6 17, zy
2080: 1 5 14 4 8 2 6 2 6 2 4 2 10 4 14 6 20 6 16 6 19 1 5 14 5 1 20 1 5 16 6 19 1 5 14 5 1 19 6 16 4 8 4 16 4 8 4 16 6 19 1 5 14 5 1 19 6 16 5 1 20 1 5 14 5 1 19 6 16 6 20 6 14 4 10 2 4 2 6 2 6 2 8 4 14 5 1 19 6 16 4 8 4 16 4 8 4 16 6 19, zy
2081: 1 5 14 4 8 2 6 2 6 4 17 1 6 1 17 6 18 6 18 6 16 4 8 2 4 2 8 2 4 2 8 4 16 6 18 6 18 6 17 1 6 1 17 4 6 2 6 2 8 4 14 5 1 19 6 16 4 8 4 16 4 6 2 8 4 15 1 6 1 19 6 16 6 20 7 1 14 1 7 20 6 16 6 19 1 6 1 15 4 8 2 6 4 16 4 8 4 16 6 19, zy
2082: 1 5 14 4 10 2 2 2 12 4 10 4 16 6 18 6 19 1 5 14 5 1 19 6 18 6 16 4 10 4 12 2 2 2 10 4 14 5 1 20 1 5 14 4 10 4 15 1 6 1 20 1 5 16 6 19 1 6 1 17 6 18 6 18 6 18 6 18 6 18 6 18 6 18 6 18 6 18 6 17 1 6 1 19 6 16 5 1 20 1 6 1 15 4 10 4 14 5 1 20, zy
2083: 1 5 14 4 10 4 12 2 2 2 8 2 6 4 16 6 19 1 5 14 5 1 19 6 16 6 20 6 14 5 1 19 6 14 4 12 4 10 4 14 4 10 4 14 6 20 6 14 4 10 4 14 4 10 4 12 4 14 6 19 1 5 14 6 20 6 16 6 19 1 5 14 5 1 19 6 16 4 6 2 8 2 2 2 12 4 10 4 14 5 1 19 6 16 4 8 4 16 6 19, zy
2084: 1 5 14 4 10 4 14 4 10 2 2 2 10 2 2 2 10 2 2 2 10 2 2 2 10 4 14 4 10 4 14 5 1 20 1 5 14 4 10 4 15 1 6 1 20 1 5 16 6 18 6 19 1 6 1 15 4 10 4 14 4 10 4 14 5 1 20 1 5 14 4 10 4 14 4 10 4 15 1 6 1 19 6 18 6 16 5 1 20 1 6 1 15 4 10 4 14 5 1 20, zy
2085: 1 5 14 4 10 4 14 4 10 2 2 2 10 2 2 2 10 2 2 2 10 4 14 4 10 4 14 5 1 19 6 18 6 18 6 18 6 16 4 10 4 12 2 2 2 10 4 14 6 21 1 5 16 6 19 1 6 1 17 6 18 6 18 6 18 6 18 6 18 6 17 1 6 1 19 6 16 5 1 21 6 14 4 10 2 2 2 12 4 10 4 16 6 18 6 18 6 18 6 19, zy
2086: 1 5 14 4 10 4 15 1 6 1 19 6 16 4 8 2 6 2 4 2 10 4 12 4 14 6 21 1 5 16 4 8 4 16 4 8 4 16 4 8 4 16 4 8 4 16 4 8 4 16 5 1 21 6 14 4 12 4 10 2 4 2 6 2 8 4 16 6 19 1 6 1 15 4 10 4 14 5 1 19 6 18 6 18 6 17 1 6 1 18 1 6 1 17 6 18 6 18 6 19, zy
2087: 1 5 14 4 10 4 15 1 6 1 19 6 18 6 16 4 8 4 18 6 16 6 20 6 16 5 1 21 6 14 4 12 4 10 2 2 2 12 4 10 4 16 6 18 6 18 6 18 6 18 6 18 6 18 6 18 6 16 4 10 4 12 2 2 2 10 4 12 4 14 6 21 1 5 16 6 20 6 16 6 18 4 8 4 16 6 18 6 19 1 6 1 15 4 10 4 14 5 1 20, zy
2088: 1 5 14 4 10 4 15 1 6 1 19 6 18 6 16 4 10 4 12 4 14 5 1 21 6 14 4 10 4 14 4 10 2 4 2 6 2 6 2 6 2 6 2 6 2 6 2 6 2 6 2 6 2 6 2 6 2 6 2 6 2 6 2 6 2 4 2 10 4 14 4 10 4 14 6 21 1 5 14 4 12 4 10 4 16 6 18 6 19 1 6 1 15 4 10 4 14 5 1 20, zy
2089: 1 5 14 4 10 4 16 6 20 6 16 6 21 1 5 16 4 8 4 18 6 16 4 10 4 14 4 10 2 2 2 12 4 10 4 16 6 20 6 16 4 10 4 12 2 2 2 10 4 14 4 10 4 16 6 18 4 8 4 16 5 1 21 6 16 6 20 6 16 4 10 4 14 5 1 20 1 5 16 6 20 6 16 6 21 1 5 16 5 1 21 6 16 6 20 6 16 5 1 20, zy
2090: 1 5 14 4 12 4 10 2 4 2 8 2 4 2 10 4 12 4 14 5 1 20 1 5 14 4 12 4 10 2 4 2 8 2 4 2 10 4 12 4 14 5 1 20 1 5 15 1 6 1 20 1 5 14 4 12 4 12 4 12 2 2 2 10 4 12 2 2 2 10 4 14 4 10 2 2 2 12 4 10 2 2 2 12 4 12 4 12 4 14 5 1 20 1 6 1 15 5 1 20, zy
2091: 1 5 14 5 1 19 6 18 6 18 6 17 1 6 1 19 6 16 4 10 4 12 4 14 6 21 1 5 16 6 19 1 6 1 17 6 18 6 19 1 6 1 15 4 10 4 14 4 10 4 14 4 10 4 14 4 10 4 14 4 10 4 15 1 6 1 19 6 18 6 17 1 6 1 19 6 16 5 1 21 6 14 4 12 4 10 4 16 6 19 1 6 1 17 6 18 6 18 6 19, zy
2092: 1 5 14 6 20 6 14 5 1 19 6 16 6 18 6 16 6 18 6 16 6 18 6 16 6 19 1 5 14 6 20 6 14 5 1 19 6 16 6 18 6 16 6 18 6 16 6 18 6 16 6 19 1 5 14 6 20 6 14 5 1 20 1 5 15 1 6 1 19 6 15 1 6 1 19 6 16 6 16 4 8 4 16 6 16 6 19 1 6 1 15 6 19 1 6 1 15 5 1 20, zy
2093: 1 5 16 4 8 4 16 4 8 2 4 2 8 2 6 4 16 4 8 2 4 2 10 4 12 4 12 4 14 6 21 1 5 16 6 20 6 16 6 20 6 16 6 20 6 16 5 1 21 6 14 4 12 4 12 4 10 2 4 2 8 4 16 4 6 2 8 2 4 2 8 4 16 4 8 4 16 5 1 21 6 16 6 20 6 16 6 20 6 16 6 20 6 16 6 20 6 16 6 21, zy
2094: 1 5 16 6 18 6 19 1 6 1 17 6 17 1 6 1 19 6 17 1 6 1 19 6 15 1 7 20 6 16 6 20 6 16 4 8 4 16 6 20 6 16 6 20 7 1 15 6 19 1 6 1 17 6 19 1 6 1 17 6 17 1 6 1 19 6 18 6 16 5 1 20 1 6 1 16 1 6 1 19 6 17 1 6 1 18 1 6 1 17 6 19 1 6 1 16 1 6 1 20, zy
2095: 1 5 12 2 2 2 10 4 12 4 14 6 19 1 6 1 15 4 10 4 12 2 2 2 10 4 12 4 12 4 10 2 2 2 12 4 10 4 15 1 6 1 19 6 14 4 12 4 10 2 2 2 12 5 1 19 6 16 6 19 1 6 1 15 4 10 4 12 4 12 4 12 4 12 4 12 5 1 18 1 5 12 4 12 4 12 4 12 4 12 4 10 4 15 1 6 1 19 6 16 6 19, zy
2096: 1 5 12 2 2 2 10 4 14 6 20 6 16 6 18 6 19 1 5 14 4 10 4 14 5 1 19 6 17 1 6 1 17 6 19 1 5 14 4 10 4 14 5 1 19 6 18 6 16 6 20 6 14 4 10 2 2 2 12 5 1 19 6 16 4 8 4 16 6 19 1 5 14 5 1 19 6 16 4 8 2 4 2 8 4 16 6 19 1 5 14 5 1 19 6 16 4 8 4 16 6 19, zy
2097: 1 5 12 4 10 4 14 4 8 4 16 6 16 4 8 4 16 6 16 6 19 1 5 12 4 12 4 12 4 8 2 6 4 16 4 6 2 6 2 4 2 10 4 10 2 4 2 6 2 6 4 16 4 6 2 8 4 12 4 12 4 12 5 1 19 6 16 6 16 4 8 4 16 6 16 4 8 4 14 4 10 4 12 5 1 17 4 6 2 6 2 6 4 16 4 6 2 6 2 6 4 17, zy
2098: 1 5 12 4 12 4 10 4 14 4 8 4 15 1 6 1 19 6 16 6 16 4 8 4 16 6 16 6 19 1 6 1 15 4 8 4 14 4 10 4 12 4 12 5 1 19 6 14 4 10 4 12 4 12 5 1 19 6 14 5 1 19 6 14 4 10 4 14 6 18 6 17 1 6 1 17 6 18 6 14 4 10 4 14 6 19 1 5 14 6 19 1 5 12 4 12 4 10 4 14 6 19, zy
2099: 1 5 12 4 12 4 12 2 2 2 8 2 6 4 17 1 5 12 4 12 4 12 4 12 4 12 4 12 4 12 4 12 4 12 4 12 4 12 4 12 4 12 5 1 17 4 6 2 8 2 2 2 12 4 12 4 12 5 1 18 1 5 12 4 12 4 14 6 20 6 17 1 5 12 4 12 4 12 4 12 4 12 4 12 4 12 4 12 5 1 17 6 20 6 14 4 12 4 12 5 1 18, zy
2100: 1 5 12 4 12 4 12 2 2 2 8 2 6 4 17 1 5 12 4 12 4 12 4 12 5 1 17 4 6 2 8 2 2 2 12 4 12 4 12 5 1 18 1 6 1 17 6 20 7 1 15 6 20 6 16 4 8 4 17 1 5 12 4 12 4 12 4 12 4 12 4 12 4 12 4 12 4 12 4 12 4 12 5 1 17 4 8 4 16 6 20 6 15 1 7 20 6 17 1 6 1 18, zy
2101: 1 5 12 4 12 4 12 4 12 4 12 4 12 4 12 4 12 5 1 17 4 8 4 16 6 20 6 16 6 18 4 6 2 8 4 16 6 19 1 5 14 6 21 1 5 14 4 12 5 1 19 6 16 6 20 6 16 4 8 4 16 4 8 4 16 6 20 6 16 6 19 1 5 12 4 14 5 1 21 6 14 5 1 19 6 16 4 8 2 6 4 18 6 16 6 20 6 16 4 8 4 17, zy
2102: 1 5 12 4 14 5 1 20 1 5 14 4 12 4 12 4 12 4 12 4 14 6 21 1 5 14 4 12 4 12 4 14 5 1 21 6 14 4 12 4 12 4 12 4 12 4 14 5 1 20 1 5 14 4 12 5 1 17 4 8 2 4 2 10 4 14 5 1 20 1 5 14 4 10 2 4 2 8 4 16 4 8 2 4 2 10 4 14 5 1 20 1 5 14 4 10 2 4 2 8 4 17, zy
2103: 1 5 12 4 14 6 20 6 16 6 18 6 18 6 18 6 17 1 5 12 5 1 17 6 19 1 5 14 4 10 4 14 6 20 6 16 6 20 6 14 4 10 4 14 5 1 19 6 17 1 5 12 5 1 17 6 18 6 18 6 18 6 16 6 20 6 14 4 12 5 1 18 1 6 1 17 6 18 6 16 4 8 2 4 2 10 4 10 2 4 2 8 4 16 6 18 6 17 1 6 1 18, zy
2104: 1 5 12 4 14 6 20 6 16 6 18 6 18 6 18 6 17 1 6 1 17 6 18 6 18 6 18 6 16 6 20 6 14 4 12 5 1 19 6 14 4 12 4 10 2 4 2 6 2 6 2 6 2 6 2 6 2 6 2 4 2 10 4 12 2 2 2 8 2 4 2 8 2 2 2 12 4 10 2 4 2 6 2 6 2 6 2 6 2 6 2 6 2 4 2 10 4 12 4 14 6 19, zy
2105: 1 5 14 4 10 4 16 5 1 21 6 16 4 10 4 14 5 1 19 6 18 6 20 6 16 6 20 6 18 6 19 1 5 14 4 10 4 16 6 21 1 5 17 1 6 1 17 5 1 21 6 16 4 10 4 14 5 1 19 6 18 6 20 6 16 6 20 6 18 6 19 1 5 14 4 10 4 16 6 21 1 5 16 4 10 4 14 5 1 19 6 18 6 20 6 16 6 20 6 18 6 19, zy
2106: 1 5 15 1 7 21 1 5 15 1 7 21 1 5 16 6 18 6 19 1 6 1 16 1 6 1 19 6 17 1 6 1 18 1 6 1 17 6 19 1 6 1 16 1 6 1 19 6 18 6 16 5 1 21 7 1 15 5 1 21 7 1 15 5 1 20 1 6 1 16 1 6 1 19 6 16 4 8 2 6 4 17 1 6 1 17 4 6 2 8 4 16 6 19 1 6 1 16 1 6 1 20, zy
2107: 1 5 10 2 4 2 6 2 6 2 6 2 4 2 8 2 4 2 6 2 6 2 6 2 4 2 8 2 4 2 6 2 6 2 6 2 4 2 10 5 1 17 6 18 6 14 4 10 4 13 1 7 19 1 5 12 4 12 4 12 5 1 19 6 14 5 1 19 7 1 13 4 10 4 13 1 7 19 1 5 14 6 19 1 5 12 4 12 4 12 5 1 19 7 1 13 4 10 4 14 6 18 6 17, zy
2108: 1 5 10 2 4 2 8 4 14 6 19 1 6 1 15 4 8 2 4 2 6 2 8 4 14 6 18 4 4 2 10 4 12 4 10 2 4 4 18 6 14 4 8 2 6 2 4 2 8 4 15 1 6 1 19 6 14 4 8 2 4 2 10 5 1 17 6 18 6 16 6 18 6 16 6 18 6 16 6 18 6 17 1 5 12 5 1 17 6 18 6 16 6 18 6 16 6 18 6 16 6 18 6 17, zy
2109: 1 5 12 2 2 2 8 2 4 2 8 2 2 2 12 5 1 19 6 14 4 12 5 1 19 6 15 1 7 20 6 14 4 10 2 2 2 10 4 14 6 19 1 5 12 2 2 2 8 2 4 2 8 4 16 6 16 4 8 2 4 2 8 4 16 6 16 4 8 2 4 2 8 2 2 2 12 5 1 19 6 14 4 10 2 2 2 10 4 14 6 20 7 1 15 6 19 1 5 12 4 14 6 19, zy
2110: 1 5 12 2 2 2 10 4 10 2 4 2 6 2 6 2 6 2 4 2 10 4 10 2 4 2 6 2 6 2 6 4 17 1 5 12 4 10 2 4 2 6 2 6 2 4 2 10 4 12 5 1 17 4 6 2 6 2 6 2 4 2 10 4 10 2 4 2 6 2 6 2 6 2 4 2 10 4 10 2 2 2 12 5 1 19 6 16 6 18 6 16 6 18 6 18 6 16 6 18 6 16 6 19, zy
2111: 1 5 12 2 2 2 10 4 10 2 4 2 8 4 14 4 8 2 4 2 8 2 4 2 8 4 15 1 6 1 19 6 15 1 7 20 6 16 6 18 6 16 6 20 7 1 15 6 19 1 6 1 15 4 8 2 4 2 8 2 4 2 8 4 14 4 8 2 4 2 10 4 10 2 2 2 12 5 1 19 6 16 6 18 6 17 1 6 1 17 6 18 6 17 1 6 1 17 6 18 6 16 6 19, zy
2112: 1 5 12 2 2 2 10 4 12 4 10 4 14 4 10 4 12 4 10 2 2 2 12 5 1 19 6 16 6 18 6 18 6 14 4 12 5 1 19 6 15 1 6 1 20 1 5 16 6 17 1 6 1 18 1 5 12 4 12 4 10 2 2 2 10 2 2 2 10 4 12 4 12 5 1 18 1 6 1 17 6 16 5 1 20 1 6 1 15 6 19 1 5 12 4 14 6 18 6 18 6 16 6 19, zy
2113: 1 5 12 2 2 2 10 4 12 4 10 4 14 4 10 4 12 4 10 2 2 2 12 5 1 19 6 16 6 18 6 18 6 14 4 12 5 1 19 6 15 1 6 1 20 1 5 16 6 17 1 6 1 18 1 5 12 4 12 4 10 2 4 2 6 2 4 2 10 4 12 4 12 5 1 18 1 6 1 17 6 16 5 1 20 1 6 1 15 6 19 1 5 12 4 14 6 18 6 18 6 16 6 19, zy
2114: 1 5 12 2 2 2 10 4 12 4 12 2 2 2 8 4 16 6 19 1 6 1 15 4 8 4 17 1 5 12 4 12 4 12 4 12 5 1 17 4 8 4 15 1 6 1 19 6 16 4 8 2 2 2 12 4 12 4 10 2 2 2 12 5 1 19 6 16 6 19 1 6 1 15 4 8 2 6 2 4 2 10 4 12 4 12 4 10 2 4 2 6 2 8 4 15 1 6 1 19 6 16 6 19, zy
2115: 1 5 12 2 2 2 10 4 12 4 12 4 12 4 10 4 16 6 18 6 17 1 6 1 17 6 19 1 5 14 5 1 19 6 17 1 6 1 17 6 18 6 16 4 10 4 12 4 12 4 12 4 10 2 2 2 12 5 1 18 1 6 1 17 6 18 6 16 4 8 2 6 4 16 4 8 4 16 6 18 6 18 6 18 6 16 4 8 4 16 4 6 2 8 4 16 6 18 6 17 1 6 1 18, zy
2116: 1 5 12 2 2 2 10 4 12 4 12 4 12 4 12 4 10 4 16 6 18 6 17 1 6 1 18 1 5 12 4 14 6 20 6 16 6 18 4 6 2 6 2 8 4 14 4 8 2 6 2 6 4 18 6 16 6 20 6 14 4 12 5 1 18 1 6 1 17 6 18 6 16 4 10 4 12 4 12 4 12 4 12 4 10 2 2 2 12 5 1 18 1 6 1 17 6 18 6 17 1 6 1 18, zy
2117: 1 5 12 2 2 2 10 4 12 4 12 4 12 4 12 5 1 18 1 5 12 4 12 4 12 4 12 4 12 5 1 18 1 5 12 4 12 4 12 4 12 4 10 2 2 2 12 5 1 19 6 16 6 18 4 6 2 8 4 14 4 10 4 14 5 1 20 1 5 14 4 12 5 1 19 6 16 6 19 1 5 12 4 14 5 1 20 1 5 14 4 10 4 14 4 8 2 6 4 18 6 16 6 19, zy
2118: 1 5 12 2 2 2 10 4 14 6 20 6 15 1 7 20 6 16 4 8 4 16 6 20 7 1 15 6 20 6 14 4 10 2 2 2 12 5 1 19 6 16 6 20 7 1 13 4 12 4 10 2 4 2 6 2 6 2 8 4 14 5 1 19 6 16 4 8 2 4 2 8 2 4 2 8 4 16 6 19 1 5 14 4 8 2 6 2 6 2 4 2 10 4 12 4 13 1 7 20 6 16 6 19, zy
2119: 1 5 12 2 2 2 10 4 14 6 20 6 16 6 19 1 6 1 15 4 8 2 6 4 17 1 5 12 4 12 4 12 5 1 17 4 6 2 8 4 15 1 6 1 19 6 16 6 20 6 14 4 10 2 2 2 12 5 1 19 6 16 4 8 4 16 6 19 1 6 1 15 4 8 2 4 2 8 2 4 2 8 2 4 2 8 2 4 2 8 4 15 1 6 1 19 6 16 4 8 4 16 6 19, zy
2120: 1 5 12 2 2 2 10 4 14 6 20 6 16 6 19 1 6 1 15 4 10 4 12 4 12 4 13 1 7 20 6 16 6 20 7 1 13 4 12 4 12 4 10 4 15 1 6 1 19 6 16 6 20 6 14 4 10 2 2 2 12 5 1 19 6 16 4 8 4 16 6 19 1 6 1 15 4 8 2 6 4 16 4 8 4 16 4 6 2 8 4 15 1 6 1 19 6 16 4 8 4 16 6 19, zy
2121: 1 5 12 4 10 2 2 2 10 4 14 6 18 6 16 4 6 2 8 4 14 6 19 1 5 12 4 12 4 12 5 1 19 6 14 4 8 2 6 4 16 6 18 6 14 4 10 2 2 2 10 4 12 5 1 17 4 6 2 6 2 4 2 10 4 10 4 14 4 8 2 4 2 8 4 14 4 8 2 4 2 8 4 14 4 8 2 4 2 8 4 14 4 10 4 10 2 4 2 6 2 6 4 17, zy
2122: 1 5 12 4 10 2 2 2 10 4 14 6 18 6 17 1 6 1 17 6 16 4 6 2 8 4 14 5 1 19 6 16 6 18 6 16 4 6 2 6 2 6 2 6 2 4 2 8 2 4 2 6 2 6 2 6 2 6 4 16 6 18 6 16 6 19 1 5 14 4 8 2 6 4 16 6 17 1 6 1 17 6 18 6 14 4 10 2 2 2 10 4 12 5 1 17 6 18 6 16 6 18 6 17, zy
2123: 1 5 12 4 10 2 2 2 10 4 14 6 19 1 5 14 6 20 6 14 6 20 6 14 5 1 19 6 14 4 10 2 2 2 10 4 12 5 1 18 1 5 12 4 12 4 10 4 14 6 18 6 18 6 15 1 7 20 6 14 4 8 2 6 4 16 6 18 6 16 6 18 6 16 6 18 6 16 4 6 2 8 4 14 6 20 7 1 15 6 18 6 18 6 14 4 10 4 12 4 12 5 1 18, zy
2124: 1 5 12 4 10 2 4 2 8 2 4 2 8 4 16 6 18 6 19 1 5 14 5 1 20 1 5 14 4 10 2 4 2 6 2 6 2 6 2 6 2 6 2 4 2 10 4 14 5 1 20 1 5 14 5 1 19 6 18 6 16 4 8 2 4 2 8 2 4 2 10 4 12 5 1 17 4 6 2 8 4 16 6 19 1 5 14 5 1 20 1 5 14 5 1 19 6 16 4 8 2 6 4 17, zy
2125: 1 5 12 4 10 2 4 2 8 4 16 6 18 6 18 6 17 1 6 1 17 6 19 1 5 14 5 1 19 6 17 1 6 1 17 6 18 6 18 6 16 4 8 2 4 2 10 4 12 5 1 17 6 19 1 5 14 5 1 19 6 16 4 8 2 4 2 8 2 4 2 8 4 16 6 18 6 18 6 18 6 16 4 8 2 4 2 8 2 4 2 8 4 16 6 19 1 5 14 5 1 19 6 17, zy
2126: 1 5 12 4 10 4 14 4 8 2 2 2 12 4 10 4 12 4 12 4 10 4 14 6 19 1 5 12 4 12 4 12 5 1 19 6 14 4 10 4 12 4 12 4 10 4 12 2 2 2 8 4 14 4 10 4 12 5 1 17 4 6 2 6 2 6 4 16 4 6 2 6 2 6 2 6 4 16 6 18 6 16 6 18 6 16 4 6 2 6 2 6 2 6 4 16 4 6 2 6 2 6 4 17, zy
2127: 1 5 12 4 12 4 10 2 2 2 10 4 12 4 10 2 2 2 10 4 12 4 10 2 2 2 10 4 12 4 12 5 1 19 6 14 4 8 2 4 2 8 2 4 2 8 4 14 6 19 1 5 12 4 12 4 12 5 1 19 6 14 5 1 18 1 6 1 16 1 6 1 18 1 5 14 6 19 1 5 12 4 12 4 12 5 1 19 6 14 4 8 2 4 2 8 2 4 2 8 4 14 6 19, zy
2128: 1 5 12 4 12 4 10 4 12 4 12 4 10 4 12 4 12 4 10 4 14 6 19 1 5 14 6 20 6 12 2 2 2 8 2 4 2 8 4 14 4 8 2 4 2 8 4 14 4 8 2 4 2 8 4 14 4 8 2 4 2 8 4 14 4 8 2 4 2 8 2 2 2 12 6 20 6 14 5 1 19 6 14 4 10 4 12 4 12 4 10 4 12 4 12 4 10 4 12 4 12 5 1 18, zy
2129: 1 5 12 4 12 4 10 4 14 4 8 2 4 2 8 4 16 6 17 1 6 1 18 1 5 12 4 12 4 12 4 10 4 14 6 20 6 14 4 8 2 6 4 17 1 5 12 4 12 5 1 18 1 5 12 4 12 5 1 17 4 6 2 8 4 14 6 20 6 14 4 10 4 12 4 12 4 12 5 1 18 1 6 1 17 6 16 4 8 2 4 2 8 4 14 4 10 4 12 4 12 5 1 18, zy
2130: 1 5 12 4 12 4 10 4 14 4 8 4 16 6 16 4 8 4 14 4 10 4 12 4 12 5 1 19 6 14 5 1 19 7 1 13 4 10 4 14 6 18 6 18 6 14 4 10 4 14 6 19 1 5 14 6 19 1 6 1 15 4 8 4 16 6 16 4 8 4 15 1 6 1 19 6 14 5 1 19 6 14 4 10 4 14 6 18 6 18 6 14 4 10 4 13 1 7 19 1 5 14 6 19, zy
2131: 1 5 12 4 12 4 10 4 14 5 1 20 1 5 14 5 1 20 1 5 14 4 10 4 12 4 12 5 1 19 6 14 4 10 4 12 4 10 2 4 2 4 2 10 4 12 4 10 4 14 5 1 20 1 5 14 5 1 19 6 16 6 18 6 16 6 18 6 16 6 18 6 16 6 19 1 5 14 5 1 20 1 5 14 4 10 4 12 4 10 2 4 2 4 2 10 4 12 4 10 4 14 6 19, zy
2132: 1 5 12 4 12 4 12 2 2 2 8 4 16 4 6 2 8 4 16 6 18 6 19 1 5 14 4 10 2 4 2 6 2 6 2 6 2 6 2 4 2 10 4 14 5 1 19 6 18 6 16 4 8 2 6 4 16 4 8 2 2 2 12 4 12 4 12 5 1 17 4 8 4 16 6 18 4 6 2 6 2 6 2 6 2 6 2 6 2 6 2 6 2 6 2 6 4 18 6 16 4 8 4 17, zy
2133: 1 5 12 4 12 4 12 4 10 2 4 2 8 4 16 6 18 6 19 1 5 14 4 10 2 2 2 10 2 2 2 10 2 2 2 10 4 14 5 1 19 6 18 6 16 4 8 2 4 2 10 4 12 4 12 4 12 5 1 17 6 19 1 6 1 15 5 1 20 1 5 14 4 10 2 2 2 10 2 2 2 10 2 2 2 10 2 2 2 10 4 14 5 1 20 1 5 15 1 6 1 19 6 17, zy
2134: 1 5 12 4 12 4 12 4 10 2 4 2 8 4 16 6 18 6 19 1 5 14 4 10 2 2 2 10 2 2 2 10 2 2 2 10 4 14 5 1 19 6 18 6 16 4 8 2 4 2 10 4 12 4 12 4 12 5 1 17 6 19 1 6 1 15 5 1 20 1 5 14 4 10 2 2 2 10 2 4 2 6 2 4 2 10 2 2 2 10 4 14 5 1 20 1 5 15 1 6 1 19 6 17, zy
2135: 1 5 12 4 12 4 12 4 10 4 16 6 18 6 18 6 16 4 8 4 17 1 5 12 4 12 4 12 4 12 5 1 18 1 5 12 4 12 4 12 4 12 4 12 5 1 18 1 5 12 4 12 4 12 4 12 5 1 17 4 8 4 16 6 18 6 18 6 16 4 10 4 12 4 12 4 12 5 1 17 4 8 4 15 1 6 1 19 6 16 4 8 4 16 6 19 1 6 1 15 4 8 4 17, zy
2136: 1 5 12 4 12 4 12 4 12 4 10 4 16 6 18 6 18 6 18 6 17 1 6 1 17 6 18 6 18 6 18 6 16 4 10 4 12 4 12 4 12 4 12 5 1 17 4 6 2 8 4 15 1 6 1 19 6 16 6 20 6 14 4 12 5 1 18 1 5 12 4 12 4 12 4 12 4 12 4 12 5 1 18 1 5 12 4 14 6 20 6 16 6 19 1 6 1 15 4 8 2 6 4 17, zy
2137: 1 5 12 4 12 4 12 4 12 4 12 4 10 4 16 6 18 6 17 1 6 1 18 1 5 12 4 14 6 20 6 16 6 19 1 5 12 4 14 5 1 19 6 18 6 16 4 8 2 6 4 16 4 6 2 8 4 16 6 18 6 19 1 5 14 4 12 5 1 19 6 16 6 20 6 14 4 12 5 1 18 1 6 1 17 6 18 6 16 4 10 4 12 4 12 4 12 4 12 4 12 5 1 18, zy
2138: 1 5 12 4 12 4 12 5 1 17 4 6 2 8 4 15 1 6 1 19 6 16 6 18 4 6 2 6 2 8 4 14 5 1 19 6 16 4 8 2 4 2 8 4 16 6 19 1 5 14 5 1 19 6 16 4 8 4 16 6 19 1 5 14 5 1 19 6 16 4 8 2 4 2 8 4 16 6 19 1 5 14 4 8 2 6 2 6 4 18 6 16 6 19 1 6 1 15 4 8 2 6 4 17, zy
2139: 1 5 12 4 14 4 8 2 6 4 17 1 6 1 18 1 6 1 17 6 19 1 5 14 5 1 20 1 5 14 4 10 4 14 4 10 4 14 5 1 20 1 5 14 5 1 19 6 17 1 6 1 18 1 6 1 17 4 6 2 8 4 14 4 12 5 1 19 6 17 1 6 1 18 1 6 1 17 6 19 1 5 14 5 1 20 1 5 14 5 1 19 6 17 1 6 1 18 1 6 1 17 6 19, zy
2140: 1 5 12 4 14 5 1 20 1 5 14 4 10 2 2 2 10 2 2 2 10 4 14 6 20 6 16 6 19 1 5 14 5 1 20 1 5 16 6 18 6 18 6 18 6 16 5 1 20 1 5 14 5 1 19 6 16 6 20 6 14 4 10 2 2 2 10 2 2 2 10 4 14 5 1 20 1 5 14 4 12 5 1 19 6 16 6 20 6 14 4 10 4 14 4 10 4 14 6 20 6 16 6 19, zy
2141: 1 5 12 4 14 5 1 20 1 5 14 5 1 19 6 18 6 18 6 16 4 10 4 14 5 1 20 1 5 14 4 10 4 16 6 18 6 18 6 19 1 5 14 5 1 20 1 5 14 4 12 5 1 19 6 16 5 1 21 6 14 4 10 2 2 2 12 4 10 4 16 6 19 1 5 14 5 1 20 1 5 14 5 1 19 6 16 4 10 4 12 2 2 2 10 4 14 6 21 1 5 16 6 19, zy
2142: 1 5 12 4 14 5 1 20 1 5 14 5 1 20 1 5 14 4 12 5 1 19 6 16 5 1 21 7 1 15 5 1 21 6 14 4 10 4 15 1 6 1 20 1 5 14 4 10 4 16 6 18 6 18 6 19 1 5 14 4 10 4 14 4 10 4 14 5 1 19 6 18 6 18 6 16 4 10 4 14 5 1 20 1 6 1 15 4 10 4 14 6 21 1 5 15 1 7 21 1 5 16 6 19, zy
2143: 1 5 12 4 14 6 20 6 14 4 12 4 10 4 15 1 6 1 19 6 15 1 7 20 6 16 5 1 21 7 1 15 6 20 6 14 4 10 2 4 2 6 2 6 2 6 2 6 2 6 2 6 2 4 2 10 4 14 6 20 6 15 1 7 21 1 5 16 6 20 7 1 15 6 19 1 6 1 15 4 10 4 12 4 14 6 20 6 14 4 12 5 1 18 1 6 1 17 6 17 1 6 1 18, zy
2144: 1 5 12 4 14 6 20 6 16 6 18 6 18 6 18 6 17 1 5 12 5 1 17 6 19 1 5 14 4 10 4 14 6 20 6 16 6 20 6 14 4 10 4 14 5 1 19 6 17 1 5 12 5 1 17 6 18 6 18 6 18 6 16 6 20 6 14 4 12 5 1 18 1 6 1 17 6 18 6 16 4 8 2 4 2 8 2 4 2 8 2 4 2 8 4 16 6 18 6 17 1 6 1 18, zy
2145: 1 5 14 4 8 2 6 2 6 2 4 2 10 4 12 4 12 2 2 2 8 4 16 6 19 1 5 14 5 1 20 1 5 16 6 18 4 6 2 6 2 6 2 6 2 6 2 6 4 18 6 16 5 1 20 1 5 14 5 1 19 6 16 4 8 2 2 2 12 4 12 4 10 2 4 2 6 2 6 2 8 4 14 5 1 19 6 17 1 6 1 17 6 18 6 18 6 17 1 6 1 17 6 19, zy
2146: 1 5 14 4 10 2 4 2 8 2 6 4 18 6 18 6 18 4 6 2 8 2 4 2 10 4 14 5 1 20 1 5 14 4 12 4 12 4 14 5 1 19 4 6 2 8 4 16 6 20 6 18 6 18 6 20 6 16 5 1 20 1 6 1 15 4 10 4 15 1 6 1 20 1 5 16 6 20 6 18 6 18 6 20 6 16 4 8 2 6 4 19 1 5 14 4 12 4 12 4 14 5 1 20, zy
2147: 1 5 14 4 10 4 12 4 10 4 14 5 1 19 6 16 6 18 6 16 6 18 6 16 6 18 6 16 6 18 6 16 6 18 6 16 6 18 6 16 6 18 6 16 6 19 1 5 14 4 10 4 12 4 10 4 14 5 1 20 1 5 14 4 10 4 12 4 10 4 14 6 19 1 6 1 15 6 19 1 5 14 5 1 19 6 15 1 6 1 19 6 14 4 10 4 12 4 10 4 14 5 1 20, zy
2148: 1 5 14 4 10 4 12 4 10 4 14 5 1 19 6 16 6 18 6 16 6 18 6 16 6 18 6 16 6 19 1 5 14 4 10 4 12 4 10 4 14 6 19 1 6 1 15 6 19 1 5 14 5 1 19 6 15 1 6 1 19 6 14 4 10 4 12 4 10 4 14 5 1 19 6 16 6 18 6 16 6 18 6 16 6 18 6 16 6 19 1 5 14 4 10 4 12 4 10 4 14 5 1 20, zy
2149: 1 5 14 4 10 4 14 4 10 4 14 4 10 4 14 4 10 2 2 2 10 2 2 2 10 4 14 4 10 4 14 4 10 4 14 4 10 4 14 5 1 20 1 5 15 1 6 1 20 1 5 14 4 12 4 10 4 16 6 18 6 19 1 6 1 15 4 10 4 14 5 1 20 1 5 14 4 10 4 15 1 6 1 19 6 18 6 16 4 10 4 12 4 14 5 1 20 1 6 1 15 5 1 20, zy
2150: 1 5 14 4 10 4 14 5 1 19 6 17 1 6 1 17 6 18 4 4 2 10 2 2 2 10 4 14 6 20 6 15 1 7 20 6 16 4 8 4 16 6 19 1 5 14 5 1 19 6 17 1 6 1 17 6 18 6 17 1 6 1 17 6 19 1 5 14 5 1 19 6 16 4 8 4 16 6 20 7 1 15 6 20 6 14 4 10 2 2 2 10 2 4 4 18 6 17 1 6 1 17 6 19, zy
2151: 1 5 14 4 10 4 14 6 20 6 16 6 18 6 18 6 17 1 6 1 17 6 18 6 17 1 6 1 17 6 18 6 18 6 16 6 20 6 14 4 10 4 14 5 1 19 6 17 1 6 1 17 6 18 6 16 5 1 20 1 5 14 4 10 4 14 6 20 6 16 6 19 1 5 14 5 1 19 6 16 6 20 6 14 4 10 4 14 5 1 20 1 5 16 6 18 6 17 1 6 1 17 6 19, zy
2152: 1 5 14 4 12 4 10 2 4 2 6 2 8 4 16 6 18 6 19 1 5 14 5 1 19 6 18 6 16 4 8 2 6 2 4 2 10 4 12 4 14 5 1 21 7 1 15 5 1 20 1 5 14 5 1 19 6 18 6 16 4 8 2 6 4 18 6 16 5 1 20 1 5 14 5 1 20 1 5 16 6 18 4 6 2 8 4 16 6 18 6 19 1 5 14 5 1 20 1 5 15 1 7 21, zy
2153: 1 5 14 5 1 19 6 16 6 19 1 6 1 16 1 6 1 17 4 6 2 8 4 16 6 18 6 16 4 8 2 6 4 17 1 6 1 16 1 6 1 19 6 16 6 19 1 5 14 5 1 20 1 5 15 1 6 1 19 6 17 1 6 1 17 6 18 6 17 1 6 1 17 6 19 1 5 14 5 1 19 6 17 1 6 1 17 6 18 6 17 1 6 1 17 6 19 1 6 1 15 5 1 20, zy
2154: 1 5 16 5 1 21 6 14 4 10 4 14 4 8 2 6 2 6 4 18 6 16 6 20 7 1 13 4 12 4 10 4 16 6 18 6 16 4 10 4 12 4 13 1 7 20 6 15 1 7 20 6 16 4 8 4 16 6 20 7 1 15 6 20 7 1 13 4 12 4 10 4 16 6 18 6 16 4 10 4 12 4 13 1 7 20 6 16 6 18 4 6 2 6 2 8 4 14 4 10 4 14 6 21, zy
2155: 1 5 16 6 20 6 17 1 6 1 17 4 8 4 17 1 6 1 17 6 20 6 16 5 1 20 1 6 1 15 4 10 4 15 1 6 1 20 1 5 16 6 20 6 17 1 6 1 17 4 8 4 17 1 6 1 17 6 20 6 16 5 1 21 6 14 4 12 4 12 2 2 2 8 2 6 2 4 2 10 4 14 4 10 4 14 4 10 2 4 2 6 2 8 2 2 2 12 4 12 4 14 6 21, zy
2156: 1 5 10 2 4 2 6 2 6 2 4 2 10 4 10 2 4 2 6 2 4 2 10 4 12 5 1 17 4 6 2 6 2 4 2 10 4 12 5 1 18 1 5 12 4 12 5 1 18 1 5 12 4 12 5 1 18 1 5 12 4 10 2 4 2 6 2 6 4 17 1 5 12 4 10 2 4 2 6 2 4 2 10 4 10 2 4 2 6 2 6 2 4 2 10 5 1 17 6 17 1 6 1 17 6 17, zy
2157: 1 5 10 2 4 2 8 4 14 4 8 2 4 2 8 2 4 2 8 4 14 4 10 4 12 4 12 5 1 18 1 5 12 4 12 4 10 4 14 4 8 2 4 2 8 2 4 2 8 4 14 4 8 2 4 2 10 5 1 17 6 18 6 16 4 6 2 8 4 14 4 10 4 12 4 12 5 1 18 1 5 12 4 12 5 1 18 1 5 12 4 12 4 10 4 14 4 8 2 6 4 16 6 18 6 17, zy
2158: 1 5 12 2 2 2 8 2 2 2 12 5 1 19 6 14 5 1 19 7 1 13 4 10 4 13 1 7 19 1 5 14 6 19 1 5 12 2 2 2 8 4 16 6 16 6 19 1 5 14 5 1 20 1 5 16 6 17 1 6 1 17 6 16 5 1 20 1 5 14 5 1 19 6 16 6 16 4 8 2 2 2 12 5 1 19 6 14 5 1 19 7 1 13 4 10 4 13 1 7 19 1 5 14 6 19, zy
2159: 1 5 12 2 2 2 10 4 10 2 2 2 12 5 1 19 6 14 4 10 2 2 2 10 4 12 4 10 2 2 2 10 4 14 6 19 1 5 12 2 2 2 10 4 10 2 2 2 12 5 1 19 6 15 1 7 20 6 16 6 17 1 6 1 17 6 18 6 15 1 7 20 6 14 4 10 4 12 4 12 4 10 4 14 6 20 7 1 15 6 18 6 17 1 6 1 17 6 16 6 20 7 1 15 6 19, zy
2160: 1 5 12 2 2 2 10 4 12 4 12 4 12 4 12 4 10 2 2 2 12 5 1 18 1 6 1 17 6 18 6 18 6 16 5 1 20 1 5 14 4 10 4 14 5 1 19 6 17 1 6 1 17 6 19 1 5 14 4 10 4 14 5 1 20 1 5 16 6 18 6 18 6 17 1 6 1 18 1 5 12 2 2 2 10 4 12 4 12 4 12 4 12 4 10 2 2 2 12 5 1 19 6 16 6 19, zy
2161: 1 5 12 2 2 2 10 4 12 4 12 4 12 4 12 4 10 2 2 2 12 5 1 19 6 16 6 19 1 6 1 15 4 8 2 6 2 4 2 8 2 6 4 16 6 20 6 14 5 1 18 1 6 1 17 6 18 6 18 6 16 4 8 4 16 4 8 4 16 6 18 6 18 6 17 1 6 1 18 1 5 14 6 20 6 16 4 6 2 8 2 4 2 6 2 8 4 15 1 6 1 19 6 16 6 19, zy
2162: 1 5 12 2 2 2 10 4 14 5 1 20 1 5 14 4 10 2 4 2 6 2 6 4 18 6 17 1 6 1 17 6 18 4 6 2 6 2 4 2 10 4 14 5 1 20 1 5 14 4 10 2 2 2 12 5 1 19 6 16 4 8 2 4 2 8 2 2 2 12 4 12 5 1 18 1 5 12 4 12 4 12 4 12 4 12 5 1 18 1 5 12 4 12 2 2 2 8 2 4 2 8 4 16 6 19, zy
2163: 1 5 12 4 10 2 4 2 6 2 6 4 16 4 6 2 6 2 6 4 17 1 5 12 4 12 5 1 18 1 5 12 4 12 5 1 18 1 5 12 4 12 5 1 17 4 6 2 6 2 6 4 16 4 6 2 6 2 4 2 10 4 12 5 1 18 1 5 12 4 12 5 1 17 4 6 2 6 2 6 4 16 6 18 6 16 6 18 6 16 4 6 2 6 2 6 4 17 1 5 12 4 12 5 1 18, zy
2164: 1 5 12 4 12 2 2 2 8 2 6 4 17 1 6 1 17 4 6 2 8 2 2 2 12 4 12 5 1 18 1 6 1 17 4 6 2 8 2 2 2 12 4 10 2 4 2 8 4 15 1 7 21 1 5 14 4 12 5 1 19 6 16 6 21 1 5 16 5 1 21 6 16 6 19 1 5 12 4 14 5 1 21 7 1 15 4 8 2 4 2 10 4 12 2 2 2 8 2 6 4 17 1 6 1 18, zy
2165: 1 5 12 4 12 2 2 2 10 4 14 5 1 20 1 6 1 15 5 1 20 1 5 14 5 1 19 6 17 1 6 1 19 6 16 5 1 21 6 14 4 12 4 10 2 4 2 8 2 2 2 12 4 12 2 2 2 8 2 4 2 10 4 12 4 14 6 21 1 5 16 6 19 1 6 1 17 6 19 1 5 14 5 1 20 1 5 15 1 6 1 20 1 5 14 4 10 2 2 2 12 4 12 5 1 18, zy
2166: 1 5 12 4 12 4 10 2 4 2 8 4 14 4 10 2 4 2 6 4 18 6 17 1 6 1 17 6 18 4 6 2 4 2 10 4 14 4 8 2 4 2 10 4 12 4 12 5 1 17 6 19 1 6 1 15 5 1 20 1 5 14 4 10 4 14 4 8 2 6 2 4 2 10 4 12 4 12 4 12 4 10 2 4 2 6 2 8 4 14 4 10 4 14 5 1 20 1 5 15 1 6 1 19 6 17, zy
2167: 1 5 12 4 12 4 12 4 12 4 12 4 10 4 16 6 18 6 16 4 10 4 12 4 13 1 7 20 6 16 6 18 4 6 2 6 2 8 4 14 4 10 4 12 2 2 2 10 4 12 4 12 4 12 4 12 4 10 2 2 2 12 4 10 4 14 4 8 2 6 2 6 4 18 6 16 6 20 7 1 13 4 12 4 10 4 16 6 18 6 16 4 10 4 12 4 12 4 12 4 12 4 12 5 1 18, zy
2168: 1 5 12 4 12 4 12 4 12 4 12 4 12 4 12 4 12 4 12 4 12 4 12 5 1 17 4 8 4 16 6 20 6 15 1 7 20 6 17 1 6 1 18 1 5 12 4 12 4 14 6 20 6 16 5 1 21 6 14 4 12 5 1 18 1 6 1 18 1 5 12 4 14 6 21 1 5 16 6 20 6 14 4 12 4 12 5 1 18 1 6 1 17 6 20 7 1 15 6 20 6 16 4 8 4 17, zy
2169: 1 5 12 4 12 4 12 4 12 4 14 6 20 6 16 4 8 4 17 1 6 1 17 4 8 4 16 6 20 6 14 4 12 4 12 4 12 4 12 5 1 17 4 8 4 16 4 6 2 8 2 4 2 8 2 4 2 8 2 4 2 8 2 4 2 8 2 4 2 8 2 4 2 8 2 4 2 8 2 4 2 8 2 4 2 8 2 4 2 8 2 4 2 8 2 4 2 8 2 6 4 16 4 8 4 17, zy
2170: 1 5 12 4 12 5 1 17 6 19 1 5 14 5 1 19 6 16 4 8 4 16 6 19 1 6 1 15 5 1 20 1 5 14 4 10 4 14 5 1 19 6 17 1 6 1 17 6 18 6 18 6 16 4 8 4 16 4 8 4 16 6 18 6 18 6 17 1 6 1 17 6 19 1 5 14 4 10 4 14 5 1 20 1 5 15 1 6 1 19 6 16 4 8 4 16 6 19 1 5 14 5 1 19 6 17, zy
2171: 1 5 14 4 8 2 6 2 6 2 4 2 10 4 12 4 14 6 20 6 14 4 12 4 10 2 4 2 6 2 6 2 8 4 14 5 1 19 6 16 4 8 4 16 4 8 4 16 6 18 4 6 2 6 2 6 2 8 4 14 5 1 19 6 16 4 8 2 4 2 10 4 10 2 4 2 8 4 16 6 19 1 5 14 4 8 2 6 2 6 2 6 4 18 6 16 4 8 4 16 4 8 4 16 6 19, zy
2172: 1 5 14 4 10 4 16 6 20 6 16 6 21 1 5 16 4 8 4 18 6 16 4 10 4 14 4 10 2 2 2 12 4 10 2 2 2 12 4 12 4 12 4 12 2 2 2 10 4 12 2 2 2 10 4 14 4 10 4 16 6 18 4 8 4 16 5 1 21 6 16 6 20 6 16 4 10 4 14 5 1 20 1 5 16 6 20 6 16 6 21 1 5 16 5 1 21 6 16 6 20 6 16 5 1 20, zy
2173: 1 5 14 4 12 4 10 2 4 2 8 4 16 4 8 4 17 1 6 1 17 4 8 4 16 4 8 4 17 1 6 1 17 4 8 4 16 4 8 4 17 1 6 1 17 4 8 4 16 4 8 2 4 2 10 4 12 4 14 5 1 20 1 6 1 15 4 10 4 14 4 10 4 16 6 18 6 20 6 14 4 12 4 12 4 12 4 14 6 20 6 18 6 16 4 10 4 14 4 10 4 15 1 6 1 20, zy
2174: 1 5 14 5 1 19 6 16 5 1 20 1 5 14 5 1 19 6 17 1 6 1 17 6 18 6 18 6 16 4 10 4 12 4 12 4 12 4 10 4 16 6 18 6 18 6 17 1 6 1 17 6 19 1 5 14 5 1 20 1 5 16 6 19 1 5 14 5 1 19 6 17 1 6 1 17 6 18 4 6 2 6 4 18 6 17 1 6 1 17 6 18 4 6 2 6 4 18 6 17 1 6 1 17 6 19, zy
2175: 1 5 16 6 18 6 19 1 6 1 16 1 6 1 19 6 16 4 8 2 6 4 17 1 6 1 17 4 6 2 8 4 16 6 19 1 6 1 16 1 6 1 19 6 18 6 16 5 1 20 1 6 1 16 1 6 1 19 6 16 4 8 2 4 2 8 2 6 4 16 4 8 2 4 2 8 2 4 2 8 2 4 2 8 4 16 4 6 2 8 2 4 2 8 4 16 6 19 1 6 1 16 1 6 1 20, zy
2176: 1 5 10 2 4 2 6 2 6 2 6 4 16 6 18 6 16 4 6 2 6 2 6 2 4 2 10 5 1 17 6 18 6 14 4 10 2 2 2 10 4 12 4 10 4 14 6 19 1 6 1 15 5 1 20 1 5 14 5 1 19 6 16 6 18 6 16 6 18 6 16 6 18 6 16 6 19 1 5 14 5 1 20 1 5 15 1 6 1 19 6 14 4 10 4 12 4 10 2 2 2 10 4 14 6 18 6 17, zy
2177: 1 5 10 2 4 2 8 4 15 1 6 1 19 6 15 1 7 20 6 16 6 20 6 14 5 1 19 6 16 6 19 1 5 14 6 20 6 16 6 20 7 1 15 6 19 1 6 1 15 4 8 2 4 2 10 5 1 17 6 18 6 17 1 6 1 17 6 19 1 5 14 4 10 4 14 4 8 2 4 2 8 2 4 2 8 2 4 2 8 4 14 4 10 4 14 5 1 19 6 17 1 6 1 17 6 18 6 17, zy
2178: 1 5 10 2 4 2 8 4 16 6 18 6 18 6 18 6 16 4 8 4 17 1 5 12 4 12 4 12 4 12 4 12 5 1 18 1 5 12 4 12 4 12 4 12 4 12 5 1 17 4 8 4 16 6 18 6 18 6 18 6 16 4 8 2 4 2 10 5 1 17 6 18 6 18 6 18 6 16 4 8 4 17 1 5 12 4 12 4 12 4 12 4 12 5 1 17 4 8 4 16 6 18 6 18 6 18 6 17, zy
2179: 1 5 12 2 2 2 8 2 4 2 8 4 14 4 8 4 16 6 17 1 6 1 17 6 18 6 14 4 10 4 13 1 7 18 6 18 6 14 4 10 4 14 6 18 6 18 7 1 13 4 10 4 14 6 18 6 17 1 6 1 17 6 16 4 8 4 14 4 8 2 4 2 8 2 2 2 12 5 1 19 6 16 6 17 1 6 1 17 6 18 6 14 4 10 4 14 6 18 6 17 1 6 1 17 6 16 6 19, zy
2180: 1 5 12 2 2 2 8 2 4 2 8 4 14 4 8 4 16 6 18 6 15 1 7 20 6 14 5 1 19 6 14 4 10 4 14 6 19 1 5 14 6 20 7 1 15 6 18 6 16 4 8 4 14 4 8 2 4 2 8 2 2 2 12 5 1 19 6 14 4 10 4 14 6 18 6 18 6 14 4 10 4 13 1 7 18 4 6 4 18 7 1 13 4 10 4 14 6 18 6 18 6 14 4 10 4 14 6 19, zy
2181: 1 5 12 2 2 2 10 2 2 2 12 5 1 19 6 18 6 17 1 6 1 19 6 16 4 10 4 12 2 2 2 10 4 14 4 10 4 14 5 1 19 6 18 6 18 6 18 6 18 6 19 1 5 14 5 1 19 6 18 6 18 6 18 6 19 1 5 14 5 1 19 6 18 6 18 6 18 6 18 6 19 1 5 14 4 10 4 14 4 10 2 2 2 12 4 10 4 16 6 19 1 6 1 17 6 18 6 19, zy
2182: 1 5 12 2 2 2 10 2 2 2 12 5 1 20 1 5 14 4 12 4 10 2 2 2 12 4 10 2 4 2 6 2 8 4 16 6 19 1 5 12 4 14 4 8 2 6 2 6 4 18 6 18 6 16 4 10 4 14 5 1 20 1 5 14 4 10 4 16 6 18 6 18 4 6 2 6 2 8 4 14 4 12 5 1 19 6 16 4 8 2 6 2 4 2 10 4 12 2 2 2 10 4 12 4 14 5 1 20, zy
2183: 1 5 12 2 2 2 10 2 4 2 6 2 8 4 16 4 8 2 6 4 18 6 18 4 6 2 8 4 16 4 8 2 6 2 4 2 10 2 2 2 12 5 1 19 6 18 6 18 6 20 6 16 5 1 20 1 5 14 4 10 2 2 2 12 4 14 6 21 1 5 16 6 20 6 18 6 18 6 20 6 16 5 1 21 6 14 4 12 2 2 2 10 4 14 5 1 20 1 5 16 6 20 6 18 6 18 6 19, zy
2184: 1 5 12 2 2 2 10 4 12 2 2 2 8 2 4 2 8 2 4 2 8 2 4 2 8 4 15 1 6 1 19 6 17 1 5 12 4 12 4 12 5 1 17 6 19 1 6 1 15 4 8 2 4 2 8 2 4 2 8 2 4 2 8 2 2 2 12 4 10 2 2 2 12 5 1 19 6 16 6 19 1 6 1 15 4 10 4 12 4 14 6 20 6 14 4 12 4 10 4 15 1 6 1 19 6 16 6 19, zy
2185: 1 5 12 2 2 2 10 4 12 4 12 4 12 4 12 4 10 2 4 2 6 2 8 4 14 4 10 4 14 6 21 1 5 16 4 6 2 8 4 16 6 18 6 18 6 18 6 16 4 8 4 16 4 8 4 16 6 18 6 18 6 18 6 16 4 8 2 6 4 16 5 1 21 6 14 4 10 4 14 4 8 2 6 2 4 2 10 4 12 4 12 4 12 4 12 4 10 2 2 2 12 5 1 19 6 16 6 19, zy
2186: 1 5 12 2 2 2 10 4 12 4 12 4 12 4 12 4 10 4 15 1 6 1 19 6 16 6 19 1 5 14 6 20 6 16 4 8 4 16 6 19 1 5 14 5 1 19 6 16 4 8 2 4 2 8 4 16 6 19 1 5 14 5 1 19 6 16 4 8 4 16 6 20 6 14 5 1 19 6 16 6 19 1 6 1 15 4 10 4 12 4 12 4 12 4 12 4 10 2 2 2 12 5 1 19 6 16 6 19, zy
2187: 1 5 12 2 2 2 10 4 12 4 14 6 19 1 6 1 16 1 6 1 18 1 5 12 4 14 6 20 6 14 4 12 5 1 18 1 6 1 16 1 6 1 19 6 14 4 12 4 10 2 2 2 12 5 1 19 6 16 6 19 1 6 1 15 4 10 4 12 4 12 4 13 1 7 20 6 16 6 20 7 1 14 1 7 20 6 16 6 20 7 1 13 4 12 4 12 4 10 4 15 1 6 1 19 6 16 6 19, zy
2188: 1 5 12 2 2 2 10 4 12 4 14 6 19 1 6 1 17 6 16 4 10 4 12 4 14 6 20 6 14 4 12 4 10 4 16 6 17 1 6 1 19 6 14 4 12 4 10 2 2 2 12 5 1 19 6 16 6 19 1 6 1 15 4 10 4 14 6 20 6 16 6 20 6 14 4 12 5 1 19 6 16 6 19 1 5 12 4 14 6 20 6 16 6 20 6 14 4 10 4 15 1 6 1 19 6 16 6 19, zy
2189: 1 5 12 2 2 2 10 4 12 4 14 6 20 6 14 4 10 2 4 2 6 2 6 2 6 2 6 2 6 2 6 2 4 2 10 4 14 6 20 6 14 4 12 4 10 2 2 2 12 5 1 19 6 16 6 19 1 6 1 15 4 10 4 12 4 14 6 20 6 14 4 12 5 1 18 1 6 1 17 6 17 1 6 1 18 1 5 12 4 14 6 20 6 14 4 12 4 10 4 15 1 6 1 19 6 16 6 19, zy
2190: 1 5 12 2 2 2 10 4 12 4 14 6 20 6 14 4 10 2 4 2 6 2 6 2 6 2 6 2 6 2 6 2 4 2 10 4 14 6 20 6 14 4 12 4 10 2 2 2 12 5 1 19 6 16 6 20 6 14 4 10 4 15 1 6 1 19 6 14 4 12 4 12 5 1 18 1 6 1 17 6 17 1 6 1 18 1 5 12 4 12 4 14 6 19 1 6 1 15 4 10 4 14 6 20 6 16 6 19, zy
2191: 1 5 12 2 2 2 10 4 12 4 14 6 20 6 14 4 12 4 10 4 15 1 6 1 19 6 16 6 19 1 6 1 15 4 10 4 12 4 14 6 20 6 14 4 12 4 10 2 2 2 12 5 1 19 6 16 6 19 1 6 1 15 4 10 4 14 6 20 6 16 6 20 6 14 4 12 5 1 19 6 16 6 19 1 5 12 4 14 6 20 6 16 6 20 6 14 4 10 4 15 1 6 1 19 6 16 6 19, zy
2192: 1 5 12 2 2 2 10 4 14 4 8 2 6 4 18 6 16 4 10 4 12 4 14 6 20 6 17 1 5 12 5 1 17 6 20 6 14 4 12 4 10 4 16 6 18 4 6 2 8 4 14 4 10 2 2 2 12 5 1 19 6 16 4 10 4 12 4 14 6 20 6 16 4 8 4 16 4 8 2 4 2 8 2 4 2 8 2 4 2 8 4 16 4 8 4 16 6 20 6 14 4 12 4 10 4 16 6 19, zy
2193: 1 5 12 2 2 2 10 4 14 4 8 2 6 4 18 6 16 6 20 6 16 6 19 1 5 12 4 14 4 8 2 4 2 10 4 12 4 12 2 2 2 8 2 4 2 8 2 2 2 12 4 12 4 10 2 4 2 8 4 14 4 12 5 1 19 6 16 6 20 6 16 6 18 4 6 2 8 4 14 4 10 2 2 2 12 5 1 19 6 16 4 8 2 4 2 8 2 4 2 8 2 4 2 8 4 16 6 19, zy
2194: 1 5 12 2 2 2 10 4 14 4 10 4 14 4 10 2 2 2 12 5 1 19 6 16 4 8 2 6 2 6 2 4 2 10 4 14 4 10 4 14 4 10 2 2 2 12 5 1 19 6 16 4 8 2 6 2 6 2 4 2 10 4 14 4 10 4 14 4 10 2 4 2 6 2 6 2 8 4 16 6 19 1 5 12 2 2 2 10 4 14 4 10 4 14 4 10 2 4 2 6 2 6 2 8 4 16 6 19, zy
2195: 1 5 12 2 2 2 10 4 14 5 1 20 1 5 14 4 10 4 14 4 10 4 14 4 10 4 14 5 1 20 1 5 14 4 10 2 2 2 12 5 1 19 6 17 1 6 1 19 6 16 6 20 6 14 4 12 4 12 4 12 5 1 18 1 6 1 17 6 19 1 6 1 17 6 18 6 17 1 6 1 19 6 17 1 6 1 18 1 5 12 4 12 4 12 4 14 6 20 6 16 6 19 1 6 1 17 6 19, zy
2196: 1 5 12 2 2 2 10 4 14 6 20 6 16 6 19 1 6 1 15 4 8 2 4 2 10 4 12 4 12 5 1 17 4 6 2 8 4 14 4 10 4 14 4 10 4 12 4 14 6 20 6 14 4 12 4 10 4 14 4 10 4 14 4 8 2 6 4 17 1 5 12 4 12 4 10 2 4 2 8 4 15 1 6 1 19 6 16 6 20 6 14 4 10 2 2 2 12 5 1 19 6 16 4 8 4 16 6 19, zy
2197: 1 5 12 2 2 2 10 4 14 6 20 6 16 6 20 6 14 4 10 4 14 4 10 4 14 6 20 6 16 6 20 6 14 4 10 2 2 2 12 5 1 19 6 16 4 8 4 16 6 19 1 6 1 15 5 1 20 1 5 14 4 10 2 2 2 10 2 2 2 10 4 14 5 1 20 1 5 14 4 10 2 2 2 10 2 2 2 10 4 14 5 1 20 1 5 15 1 6 1 19 6 16 4 8 4 16 6 19, zy
2198: 1 5 12 2 2 2 12 5 1 19 6 18 6 18 6 20 6 16 4 8 2 6 2 6 2 6 2 6 2 8 4 16 5 1 21 6 16 4 8 2 6 2 6 2 6 2 6 2 6 2 8 4 16 4 8 4 18 6 18 6 18 4 8 4 16 4 8 2 6 2 6 2 6 2 6 2 6 2 8 4 16 6 21 1 5 16 4 8 2 6 2 6 2 6 2 6 2 8 4 16 6 20 6 18 6 18 6 19, zy
2199: 1 5 12 4 10 2 2 2 10 2 2 2 10 4 12 4 12 5 1 19 7 1 13 4 10 2 2 2 10 4 13 1 7 19 1 5 12 4 12 4 10 2 2 2 10 2 2 2 10 4 12 5 1 17 4 6 2 6 2 6 2 6 4 16 4 6 2 8 4 14 6 20 6 14 5 1 19 6 16 6 18 6 16 6 19 1 5 14 6 20 6 14 4 8 2 6 4 16 4 6 2 6 2 6 2 6 4 17, zy
2200: 1 5 12 4 10 2 2 2 10 4 14 6 18 6 17 1 6 1 17 6 16 4 6 2 8 4 14 5 1 19 6 16 6 19 1 5 14 4 8 2 6 4 16 6 17 1 6 1 17 6 18 6 14 4 10 2 2 2 10 4 12 5 1 17 4 6 2 6 2 6 4 16 4 6 2 6 2 6 2 6 4 16 6 18 6 16 6 18 6 16 4 6 2 6 2 6 2 6 4 16 4 6 2 6 2 6 4 17, zy
2201: 1 5 12 4 10 2 2 2 10 4 14 6 18 6 18 7 1 13 4 10 4 12 4 12 4 10 4 14 6 19 1 5 14 6 19 1 6 1 15 4 8 4 15 1 6 1 19 6 14 5 1 19 6 14 4 10 4 12 4 12 4 10 4 13 1 7 18 6 18 6 14 4 10 2 2 2 10 4 12 5 1 17 4 6 2 6 2 4 2 10 4 12 5 1 18 1 5 12 4 10 2 4 2 6 2 6 4 17, zy
2202: 1 5 12 4 12 2 2 2 8 2 6 4 16 4 8 2 4 2 8 2 4 2 8 2 4 2 8 2 4 2 8 4 16 4 6 2 8 2 2 2 12 4 12 5 1 18 1 6 1 17 4 6 2 8 4 16 6 18 4 6 2 6 2 8 4 14 4 12 5 1 19 6 17 1 6 1 18 1 6 1 17 6 19 1 5 12 4 14 4 8 2 6 2 6 4 18 6 16 4 8 2 6 4 17 1 6 1 18, zy
2203: 1 5 12 4 12 2 2 2 8 2 6 4 17 1 6 1 17 4 6 2 8 4 16 6 19 1 5 12 4 14 5 1 20 1 5 14 4 10 4 14 4 10 4 14 4 10 4 14 4 10 4 14 5 1 20 1 5 14 4 12 5 1 19 6 16 4 8 2 6 4 17 1 6 1 17 4 6 2 8 2 2 2 12 4 12 5 1 18 1 6 1 17 6 19 1 6 1 16 1 6 1 19 6 17 1 6 1 18, zy
2204: 1 5 12 4 12 2 2 2 8 2 6 4 17 1 6 1 17 4 6 2 8 4 16 6 19 1 6 1 16 1 6 1 19 6 16 4 8 2 6 4 17 1 6 1 17 4 6 2 8 2 2 2 12 4 12 5 1 18 1 6 1 17 4 6 2 8 4 16 6 18 6 19 1 6 1 15 4 10 4 14 5 1 20 1 5 14 4 10 4 15 1 6 1 19 6 18 6 16 4 8 2 6 4 17 1 6 1 18, zy
2205: 1 5 12 4 12 2 2 2 10 4 12 4 14 6 20 6 16 4 8 4 17 1 5 12 4 12 4 12 4 12 4 12 5 1 17 4 8 4 16 6 20 6 14 4 12 4 10 2 2 2 12 4 12 5 1 19 6 16 6 20 6 16 5 1 21 6 14 4 12 4 12 5 1 19 6 16 6 20 6 16 6 20 6 16 6 20 6 16 6 19 1 5 12 4 12 4 14 6 21 1 5 16 6 20 6 16 6 19, zy
2206: 1 5 12 4 12 2 2 2 10 4 12 4 14 6 20 6 17 1 5 12 4 12 4 12 4 12 4 12 4 12 4 12 4 12 4 12 4 12 4 12 4 12 4 12 4 12 4 12 4 12 4 12 4 12 4 12 4 12 4 12 4 12 4 12 4 12 5 1 17 6 20 6 14 4 12 4 10 2 2 2 12 4 12 5 1 18 1 5 12 4 14 6 20 6 17 1 6 1 17 6 20 6 14 4 12 5 1 18, zy
2207: 1 5 12 4 12 2 2 2 10 4 14 5 1 19 6 18 6 19 1 5 14 4 10 2 2 2 12 4 12 5 1 17 4 8 4 17 1 6 1 17 6 20 6 16 6 21 1 5 16 4 8 4 18 6 17 1 6 1 18 1 6 1 17 6 19 1 5 12 4 14 4 12 5 1 19 6 17 1 6 1 18 1 6 1 17 6 18 4 8 4 16 5 1 21 6 16 6 20 6 17 1 6 1 17 4 8 4 17, zy
2208: 1 5 12 4 12 4 10 2 4 2 8 4 16 6 18 6 18 6 17 1 6 1 17 6 19 1 5 14 5 1 19 6 17 1 6 1 17 6 18 6 18 6 16 4 8 2 4 2 10 4 12 4 12 5 1 17 4 6 2 8 4 15 1 6 1 19 6 16 6 20 6 14 4 10 2 4 2 6 2 6 2 6 2 6 2 6 2 4 2 10 4 14 6 20 6 16 6 19 1 6 1 15 4 8 2 6 4 17, zy
2209: 1 5 12 4 12 4 12 4 10 2 4 2 6 2 8 4 14 4 8 2 6 2 6 4 18 6 16 6 19 1 5 12 4 14 6 20 6 16 6 18 4 6 2 6 2 6 2 6 2 6 4 18 6 16 6 20 6 14 4 12 5 1 19 6 16 6 18 4 6 2 6 2 8 4 14 4 8 2 6 2 4 2 10 4 12 4 12 4 12 5 1 17 4 6 2 8 4 16 6 18 6 16 4 8 2 6 4 17, zy
2210: 1 5 12 4 12 4 12 4 10 2 4 2 8 4 14 4 10 2 4 2 6 2 4 2 10 4 14 4 8 2 4 2 10 4 12 4 12 4 12 5 1 17 4 6 2 8 4 16 6 18 6 18 6 16 4 10 4 12 4 12 4 12 4 12 5 1 17 4 8 4 16 6 18 6 18 6 18 6 16 4 8 4 17 1 5 12 4 12 4 12 4 12 4 10 4 16 6 18 6 18 6 16 4 8 2 6 4 17, zy
2211: 1 5 12 4 12 4 12 4 10 4 14 6 20 6 14 4 10 4 12 4 12 4 12 5 1 19 6 14 4 10 2 2 2 10 4 12 4 12 4 10 4 14 4 8 4 16 6 19 1 5 14 4 8 2 6 4 16 6 19 1 5 14 5 1 19 6 16 6 19 1 5 14 5 1 19 6 16 4 6 2 8 4 14 5 1 19 6 16 4 8 4 14 4 10 4 12 4 12 4 10 2 2 2 10 4 14 6 19, zy
2212: 1 5 12 4 12 4 12 4 12 4 12 4 10 4 15 1 6 1 19 6 16 6 19 1 6 1 15 4 10 4 12 4 12 4 12 4 12 4 12 5 1 18 1 5 12 4 12 4 13 1 7 20 6 16 6 19 1 6 1 15 4 10 4 12 4 12 4 12 4 12 4 12 5 1 18 1 5 12 4 12 4 12 4 12 4 12 4 10 4 15 1 6 1 19 6 16 6 20 7 1 13 4 12 4 12 5 1 18, zy
2213: 1 5 12 4 12 4 12 4 12 4 12 4 10 4 15 1 6 1 19 6 16 6 20 7 1 13 4 12 4 12 5 1 18 1 5 12 4 12 4 12 4 12 4 12 4 10 4 16 6 18 6 16 4 10 4 12 4 12 4 12 4 12 4 12 5 1 18 1 5 12 4 12 4 13 1 7 20 6 16 6 19 1 6 1 15 4 10 4 12 4 12 4 12 4 12 4 12 5 1 18 1 6 1 16 1 6 1 18, zy
2214: 1 5 12 4 12 4 12 4 12 4 12 4 12 4 12 4 12 2 2 2 8 2 4 2 8 2 2 2 12 4 12 4 12 4 12 4 12 4 12 4 12 4 12 5 1 17 4 8 4 16 6 20 6 14 4 12 4 12 5 1 18 1 5 12 4 12 4 14 6 21 1 5 16 4 8 4 16 4 8 4 16 5 1 21 6 14 4 12 4 12 5 1 18 1 5 12 4 12 4 14 6 20 6 16 4 8 4 17, zy
2215: 1 5 12 4 12 4 12 4 12 4 14 6 20 6 16 4 8 2 4 2 10 4 12 4 12 4 14 6 21 1 5 16 6 20 6 16 6 20 6 16 6 20 6 16 6 20 6 16 6 20 6 16 5 1 21 6 14 4 12 4 12 4 10 2 4 2 8 4 16 6 20 6 14 4 12 4 12 4 12 4 12 5 1 17 4 8 4 16 4 8 4 16 4 8 4 16 4 8 4 16 4 8 4 16 4 8 4 17, zy
2216: 1 5 12 4 12 4 12 5 1 17 4 6 2 8 4 14 4 10 4 14 4 10 4 12 4 13 1 7 20 6 15 1 6 1 20 1 5 15 1 6 1 20 1 5 16 6 19 1 5 14 5 1 19 6 16 4 8 2 4 2 8 4 16 6 19 1 5 14 5 1 19 6 16 5 1 20 1 6 1 15 5 1 20 1 6 1 15 6 20 7 1 13 4 12 4 10 4 14 4 10 4 14 4 8 2 6 4 17, zy
2217: 1 5 12 4 12 4 13 1 7 20 6 16 6 19 1 5 14 5 1 20 1 5 16 6 18 6 18 6 18 6 16 5 1 20 1 5 14 5 1 19 6 16 6 20 7 1 13 4 12 4 12 5 1 18 1 6 1 16 1 6 1 19 6 14 4 12 5 1 18 1 6 1 16 1 6 1 18 1 6 1 16 1 6 1 18 1 6 1 16 1 6 1 18 1 5 12 4 14 6 19 1 6 1 16 1 6 1 18, zy
2218: 1 5 12 4 12 4 14 6 20 6 16 6 20 6 16 6 19 1 6 1 17 6 18 6 19 1 5 14 4 10 4 14 5 1 19 6 18 6 17 1 6 1 19 6 16 6 20 6 16 6 20 6 14 4 12 4 12 5 1 19 6 16 6 20 6 16 6 19 1 6 1 17 6 18 6 18 4 6 2 6 2 6 2 6 2 6 2 6 2 6 4 18 6 18 6 17 1 6 1 19 6 16 6 20 6 16 6 19, zy
2219: 1 5 12 4 12 5 1 17 6 19 1 5 14 5 1 19 6 16 4 8 4 16 6 19 1 6 1 15 5 1 20 1 5 14 4 10 4 14 5 1 19 6 18 6 16 6 19 1 6 1 15 4 10 4 12 4 12 4 12 4 12 4 10 4 15 1 6 1 19 6 16 6 18 6 19 1 5 14 4 10 4 14 5 1 20 1 5 15 1 6 1 19 6 16 4 8 4 16 6 19 1 5 14 5 1 19 6 17, zy
2220: 1 5 12 4 13 1 7 20 7 1 15 6 18 6 16 6 19 1 5 14 5 1 19 6 16 6 18 6 15 1 7 20 7 1 13 4 12 5 1 19 6 14 4 8 2 6 2 4 2 8 4 16 6 16 6 19 1 5 14 6 20 6 14 6 20 6 14 5 1 19 6 14 4 10 4 14 6 19 1 5 14 6 20 6 14 6 20 6 14 5 1 19 6 16 6 16 4 8 2 4 2 6 2 8 4 14 6 19, zy
2221: 1 5 12 4 14 4 8 2 6 2 6 2 6 2 6 2 4 2 10 2 2 2 10 4 14 4 10 2 2 2 10 2 4 2 6 2 6 2 6 2 6 2 8 4 14 4 12 5 1 19 6 16 4 10 4 12 4 14 4 8 2 6 2 4 2 10 4 14 4 10 4 14 5 1 19 6 18 6 18 6 18 6 19 1 5 14 4 10 4 14 4 10 2 4 2 6 2 8 4 14 4 12 4 10 4 16 6 19, zy
2222: 1 5 12 4 14 4 8 2 6 4 18 6 16 4 8 2 4 2 10 4 12 4 12 4 12 4 12 4 13 1 7 20 6 16 6 20 6 16 6 20 7 1 13 4 12 4 12 4 12 4 12 4 10 2 4 2 8 4 16 6 18 4 6 2 8 4 14 4 12 5 1 19 6 16 4 8 2 4 2 10 4 12 4 12 4 12 4 12 4 12 4 12 4 12 4 12 4 12 4 10 2 4 2 8 4 16 6 19, zy
2223: 1 5 12 4 14 4 10 4 14 4 10 2 2 2 12 4 12 4 12 4 12 4 12 2 2 2 10 4 14 4 10 4 14 4 12 5 1 18 1 6 1 17 4 6 2 8 2 4 2 10 4 12 4 14 5 1 20 1 5 14 4 10 2 4 2 8 4 16 5 1 21 6 16 6 21 1 5 16 4 8 2 4 2 10 4 14 5 1 20 1 5 14 4 12 4 10 2 4 2 8 2 6 4 17 1 6 1 18, zy
2224: 1 5 12 4 14 5 1 20 1 5 14 4 10 4 14 4 10 4 12 4 14 6 19 1 6 1 16 1 6 1 18 1 5 12 4 14 6 20 6 14 4 12 5 1 18 1 6 1 16 1 6 1 19 6 14 4 12 4 10 4 14 4 10 4 14 5 1 20 1 5 14 4 12 5 1 19 6 16 6 19 1 6 1 15 4 8 2 4 2 10 4 12 4 10 2 4 2 8 4 15 1 6 1 19 6 16 6 19, zy
2225: 1 5 12 4 14 5 1 20 1 5 14 5 1 19 6 17 1 6 1 19 6 16 4 10 4 14 5 1 20 1 5 14 5 1 19 6 16 4 10 4 14 4 10 4 14 4 10 4 16 6 19 1 5 14 5 1 20 1 5 14 4 10 4 16 6 19 1 6 1 17 6 19 1 5 14 5 1 20 1 5 14 4 12 5 1 19 6 16 5 1 20 1 6 1 15 4 10 4 15 1 6 1 20 1 5 16 6 19, zy
2226: 1 5 12 4 14 5 1 20 1 5 14 5 1 19 6 18 6 17 1 6 1 19 6 16 6 21 1 5 16 4 8 4 16 4 8 4 16 4 8 4 16 5 1 21 6 16 6 19 1 6 1 17 6 18 6 19 1 5 14 5 1 20 1 5 14 4 12 5 1 19 6 16 5 1 20 1 6 1 16 1 6 1 19 6 17 1 6 1 18 1 6 1 17 6 19 1 6 1 16 1 6 1 20 1 5 16 6 19, zy
2227: 1 5 12 4 14 5 1 21 6 14 5 1 19 6 16 4 10 4 12 4 14 6 20 6 16 5 1 21 6 14 4 12 5 1 19 6 16 6 21 1 5 16 4 8 4 16 5 1 21 6 16 6 19 1 5 12 4 14 6 21 1 5 16 6 20 6 14 4 12 4 10 4 16 6 19 1 5 14 6 21 1 5 14 4 12 5 1 19 6 16 6 20 6 16 4 8 4 16 4 8 4 16 6 20 6 16 6 19, zy
2228: 1 5 12 4 14 6 20 6 16 4 8 2 4 2 10 4 12 4 12 4 12 4 12 4 12 4 10 2 4 2 8 4 16 6 20 6 14 4 12 5 1 19 6 16 6 20 6 16 4 6 2 8 2 4 2 8 2 4 2 8 2 4 2 8 4 16 6 20 7 1 15 6 20 6 16 6 20 6 15 1 7 20 6 16 4 8 2 4 2 8 2 4 2 8 2 4 2 8 2 6 4 16 6 20 6 16 6 19, zy
2229: 1 5 12 4 14 6 20 6 17 1 6 1 17 4 8 4 16 6 19 1 6 1 17 6 18 6 19 1 5 14 4 10 4 14 5 1 19 6 18 6 17 1 6 1 19 6 16 4 8 4 17 1 6 1 17 6 20 6 14 4 12 5 1 18 1 6 1 17 4 8 4 16 6 19 1 6 1 17 6 18 6 18 6 18 6 18 6 18 6 18 6 18 6 17 1 6 1 19 6 16 4 8 4 17 1 6 1 18, zy
2230: 1 5 12 4 14 6 21 1 5 16 6 19 1 6 1 17 6 18 6 18 6 18 6 19 1 5 14 4 10 4 14 4 10 4 15 1 6 1 19 6 17 1 6 1 19 6 16 6 19 1 6 1 17 6 19 1 6 1 15 4 10 4 14 4 10 4 14 5 1 19 6 18 6 18 6 18 6 17 1 6 1 19 6 16 5 1 21 6 14 4 12 5 1 19 6 16 6 21 1 5 16 5 1 21 6 16 6 19, zy
2231: 1 5 14 4 8 2 4 2 8 2 4 2 6 2 6 2 6 2 4 2 8 2 4 2 8 4 14 5 1 19 6 16 4 6 2 6 2 6 2 4 2 10 4 10 2 2 2 10 4 14 6 19 1 5 14 6 19 1 6 1 15 4 8 2 4 2 8 4 14 4 8 2 4 2 8 4 15 1 6 1 19 6 14 5 1 19 6 14 4 10 2 2 2 10 4 10 2 4 2 6 2 6 2 6 4 16 6 19, zy
2232: 1 5 14 4 8 2 6 2 6 2 4 2 10 4 12 4 14 6 20 6 14 4 12 4 10 2 4 2 6 2 6 2 8 4 14 5 1 19 6 16 4 8 4 16 4 8 4 16 6 18 4 6 2 6 2 6 2 8 4 14 5 1 19 6 16 4 8 2 4 2 8 2 4 2 8 2 4 2 8 4 16 6 19 1 5 14 4 8 2 6 2 6 2 6 4 18 6 16 4 8 4 16 4 8 4 16 6 19, zy
2233: 1 5 14 4 8 4 16 6 18 6 16 6 18 6 16 6 18 6 16 6 18 6 16 6 19 1 5 14 6 20 6 14 5 1 19 6 16 6 18 6 16 6 18 6 16 6 18 6 16 6 18 6 16 4 8 4 14 5 1 19 6 16 6 18 6 16 6 18 6 16 4 6 2 6 2 6 2 6 4 16 6 18 6 16 6 18 6 16 4 6 2 6 2 6 2 6 4 16 6 18 6 16 6 18 6 16 6 19, zy
2234: 1 5 14 4 10 2 4 2 8 4 16 4 8 2 6 2 6 4 18 6 19 1 5 14 5 1 19 6 16 4 10 4 16 6 19 1 5 14 5 1 19 6 18 4 6 2 6 2 8 4 16 4 8 2 4 2 10 4 14 5 1 19 6 18 6 20 6 15 1 7 21 1 5 16 6 20 6 18 6 18 6 19 1 5 14 5 1 19 6 18 6 18 6 20 6 16 5 1 21 7 1 15 6 20 6 18 6 19, zy
2235: 1 5 14 4 10 4 12 2 2 2 8 2 6 4 16 6 19 1 5 14 5 1 19 6 16 6 20 6 14 5 1 19 6 14 4 12 4 10 4 14 4 10 4 12 2 2 2 8 2 4 2 8 2 2 2 12 4 10 4 14 4 10 4 12 4 14 6 19 1 5 14 6 20 6 16 6 19 1 5 14 5 1 19 6 16 4 6 2 8 2 2 2 12 4 10 4 14 5 1 19 6 16 4 8 4 16 6 19, zy
2236: 1 5 14 4 10 4 14 4 10 4 14 4 10 4 14 4 10 4 14 5 1 20 1 5 14 4 10 4 15 1 6 1 20 1 5 14 4 12 4 10 4 15 1 7 21 1 5 14 4 10 4 16 6 18 6 18 6 19 1 5 14 4 10 4 14 4 10 4 14 5 1 19 6 18 6 18 6 16 4 10 4 14 5 1 21 7 1 15 4 10 4 12 4 14 5 1 20 1 6 1 15 4 10 4 14 5 1 20, zy
2237: 1 5 14 4 10 4 14 4 10 4 14 4 10 4 14 4 10 4 14 5 1 20 1 5 14 4 10 4 15 1 6 1 20 1 5 16 6 18 6 19 1 6 1 15 4 10 4 14 4 10 4 14 5 1 20 1 6 1 15 5 1 20 1 5 14 5 1 20 1 5 15 1 6 1 20 1 5 14 4 10 4 14 4 10 4 15 1 6 1 19 6 18 6 16 5 1 20 1 6 1 15 4 10 4 14 5 1 20, zy
2238: 1 5 14 4 10 4 14 4 10 4 14 5 1 19 6 18 6 18 6 16 4 10 4 12 2 2 2 10 4 12 4 14 6 20 6 16 5 1 21 6 14 4 12 4 10 4 16 6 18 6 18 4 6 2 6 2 6 2 6 2 6 2 6 2 6 2 6 2 6 4 18 6 18 6 16 4 10 4 12 4 14 6 21 1 5 16 6 20 6 14 4 12 4 10 2 2 2 12 4 10 4 16 6 18 6 18 6 19, zy
2239: 1 5 14 4 10 4 14 6 20 6 16 6 18 6 18 6 16 4 8 4 16 6 19 1 5 14 5 1 19 6 16 4 8 4 16 6 18 6 18 6 16 6 20 6 14 4 10 4 14 5 1 19 6 16 4 8 2 4 2 8 4 16 6 18 6 16 4 8 2 4 2 8 2 4 2 8 4 16 6 18 6 16 4 8 2 4 2 8 2 4 2 8 4 16 6 18 6 16 4 8 2 4 2 8 4 16 6 19, zy
2240: 1 5 14 4 10 4 15 1 6 1 19 6 18 6 16 4 10 4 12 2 2 2 10 4 12 4 14 6 21 1 5 16 6 20 6 14 4 12 4 12 4 10 4 16 6 19 1 6 1 17 6 18 6 18 6 18 6 17 1 6 1 19 6 16 4 10 4 12 4 12 4 14 6 20 6 16 5 1 21 6 14 4 12 4 10 2 2 2 12 4 10 4 16 6 18 6 19 1 6 1 15 4 10 4 14 5 1 20, zy
2241: 1 5 14 4 10 4 16 6 19 1 6 1 16 1 6 1 19 6 16 4 10 4 14 5 1 19 6 18 6 18 4 6 2 8 4 16 6 20 6 16 4 8 2 6 4 18 6 18 6 19 1 5 14 4 10 4 16 6 20 6 16 6 20 6 18 6 18 6 18 6 20 6 16 6 20 6 16 4 10 4 14 5 1 19 6 18 6 18 4 6 2 8 4 16 6 20 6 16 4 8 2 6 4 18 6 18 6 19, zy
2242: 1 5 14 4 10 4 16 6 19 1 6 1 17 6 18 6 20 6 16 6 20 6 16 4 10 4 14 5 1 19 6 18 6 18 4 6 2 8 4 16 6 20 6 16 4 8 2 6 4 18 6 18 6 18 4 6 2 8 4 16 6 20 6 16 4 8 2 6 4 18 6 18 6 19 1 5 14 4 10 4 16 6 20 6 16 6 20 6 18 6 17 1 6 1 19 6 16 4 10 4 14 5 1 19 6 18 6 19, zy
2243: 1 5 14 4 10 4 16 6 20 6 18 6 18 6 18 6 20 6 16 4 8 2 6 2 6 4 19 1 5 14 4 12 4 12 4 12 4 14 5 1 19 4 6 2 6 2 8 4 16 6 20 6 18 6 18 6 18 6 20 6 16 4 10 4 14 5 1 19 6 18 6 18 4 8 4 16 4 8 4 18 6 18 6 18 4 8 4 16 4 8 4 18 6 18 6 18 4 8 4 16 4 8 4 18 6 18 6 19, zy
2244: 1 5 14 4 12 4 10 4 16 6 19 1 6 1 17 6 18 6 18 6 19 1 5 14 5 1 19 6 18 6 18 6 17 1 6 1 19 6 16 4 10 4 12 4 14 5 1 20 1 6 1 15 4 10 4 14 4 10 4 14 4 8 2 6 2 6 2 6 2 6 2 6 2 6 2 6 2 6 2 6 2 6 2 6 2 6 2 6 2 6 2 6 2 8 4 14 4 10 4 14 4 10 4 15 1 6 1 20, zy
2245: 1 5 14 4 12 4 12 4 12 4 14 5 1 19 4 6 2 6 2 8 4 16 6 21 1 5 16 4 8 2 6 2 6 2 6 2 6 2 6 2 8 4 16 5 1 21 6 16 4 8 2 6 2 6 4 19 1 5 14 4 12 4 12 4 12 4 14 5 1 20 1 5 15 1 6 1 20 1 5 14 4 12 4 12 4 14 5 1 20 1 5 14 4 12 4 12 4 14 5 1 20 1 6 1 15 5 1 20, zy
2246: 1 5 14 5 1 19 6 16 6 16 4 8 4 16 6 16 6 19 1 5 14 5 1 20 1 5 16 6 16 4 8 4 15 1 6 1 18 1 6 1 15 4 8 4 15 1 6 1 19 6 14 5 1 19 6 16 6 16 4 8 4 15 1 6 1 18 1 6 1 15 4 8 4 16 6 16 6 19 1 5 14 6 19 1 6 1 15 4 8 4 15 1 6 1 18 1 6 1 15 4 8 4 16 6 16 5 1 20, zy
2247: 1 5 15 1 7 21 1 5 16 6 18 6 19 1 6 1 16 1 6 1 19 6 16 4 8 2 6 4 17 1 6 1 17 4 6 2 8 4 16 6 19 1 6 1 16 1 6 1 19 6 18 6 16 5 1 21 7 1 15 5 1 20 1 6 1 16 1 6 1 19 6 16 4 8 2 4 2 10 4 12 4 12 4 12 4 12 4 12 4 12 4 10 2 4 2 8 4 16 6 19 1 6 1 16 1 6 1 20, zy
2248: 1 5 16 4 8 4 17 1 6 1 18 1 6 1 17 4 8 4 16 4 8 4 17 1 6 1 18 1 6 1 17 4 8 4 16 4 8 4 17 1 6 1 18 1 6 1 17 4 8 4 16 5 1 21 6 16 6 21 1 5 16 5 1 21 6 16 6 21 1 5 16 5 1 21 6 16 6 21 1 5 16 5 1 21 6 16 6 21 1 5 16 5 1 21 6 16 6 21 1 5 16 5 1 21 6 16 6 21, zy
2249: 1 6 1 15 4 10 4 12 4 14 6 20 6 16 6 20 7 1 13 4 12 4 10 2 4 2 6 2 8 4 14 4 10 2 2 2 10 2 2 2 10 4 14 4 8 2 6 2 4 2 10 4 12 4 13 1 7 20 6 16 6 20 6 14 4 12 4 10 4 15 1 6 1 19 6 16 6 20 7 1 13 4 12 4 10 4 16 6 18 6 18 6 18 6 16 4 10 4 12 4 13 1 7 20 6 16 6 19, zy
2250: 1 5 10 2 4 2 8 4 14 6 19 1 5 12 4 12 4 12 5 1 19 6 14 5 1 19 7 1 13 4 10 4 12 4 12 4 10 4 12 4 12 4 10 4 12 4 12 4 10 4 13 1 7 19 1 5 14 6 19 1 5 12 4 12 4 12 5 1 19 6 14 4 8 2 4 2 10 5 1 17 6 18 6 14 4 10 4 14 6 18 6 17 1 5 12 5 1 17 6 18 6 14 4 10 4 14 6 18 6 17, zy
2251: 1 5 12 2 2 2 10 4 12 4 12 4 12 4 12 4 10 2 2 2 12 5 1 19 6 16 6 19 1 6 1 15 4 8 2 6 2 4 2 8 2 6 4 16 6 20 7 1 15 6 19 1 6 1 15 4 10 4 12 2 2 2 8 2 4 2 8 2 4 2 8 2 2 2 12 4 10 4 15 1 6 1 19 6 15 1 7 20 6 16 4 6 2 8 2 4 2 6 2 8 4 15 1 6 1 19 6 16 6 19, zy
2252: 1 5 12 2 2 2 10 4 12 4 12 4 12 4 12 4 10 4 15 1 6 1 19 6 15 1 7 20 6 16 5 1 21 6 14 5 1 19 6 16 6 19 1 6 1 15 4 10 4 12 4 12 4 12 4 12 4 10 4 15 1 6 1 19 6 16 6 19 1 5 14 6 21 1 5 16 6 20 7 1 15 6 19 1 6 1 15 4 10 4 12 4 12 4 12 4 12 4 10 2 2 2 12 5 1 19 6 16 6 19, zy
2253: 1 5 12 2 2 2 10 4 14 4 10 4 12 4 14 5 1 21 6 14 5 1 19 6 17 1 6 1 18 1 5 12 4 12 4 12 4 12 4 12 5 1 18 1 6 1 17 6 19 1 5 14 6 21 1 5 14 4 12 4 10 4 14 4 10 2 2 2 12 5 1 20 1 5 14 4 12 5 1 19 6 16 4 8 2 4 2 10 4 12 4 12 4 10 2 4 2 8 4 16 6 19 1 5 12 4 14 5 1 20, zy
2254: 1 5 12 2 2 2 10 4 14 5 1 20 1 5 15 1 6 1 19 6 16 4 8 4 16 6 20 7 1 14 1 7 20 6 16 4 8 4 16 6 19 1 6 1 15 5 1 20 1 5 14 4 10 2 2 2 12 5 1 19 6 16 4 8 4 16 6 20 6 14 4 10 4 14 4 10 4 14 5 1 19 6 17 1 6 1 17 6 19 1 5 14 4 10 4 14 4 10 4 14 6 20 6 16 4 8 4 16 6 19, zy
2255: 1 5 12 4 10 2 4 2 6 2 6 2 6 2 4 2 10 4 12 5 1 17 4 6 2 8 4 14 6 20 6 14 4 10 4 12 4 12 4 12 5 1 18 1 6 1 17 6 18 6 16 6 18 6 17 1 6 1 18 1 5 12 4 12 4 12 4 10 4 14 6 20 6 14 4 8 2 6 4 17 1 5 12 4 10 2 4 2 6 2 6 2 6 2 4 2 10 4 12 5 1 18 1 5 12 4 12 5 1 18, zy
2256: 1 5 12 4 12 4 10 4 14 6 19 1 5 14 5 1 19 6 16 6 17 1 6 1 17 6 16 6 19 1 5 14 5 1 19 6 14 4 10 4 12 4 12 5 1 18 1 5 12 4 12 5 1 17 4 6 2 6 2 4 2 10 4 10 4 14 4 8 2 4 2 8 4 14 4 8 2 4 2 8 4 14 4 8 2 4 2 8 4 14 4 10 4 10 2 4 2 6 2 6 4 17 1 5 12 4 12 5 1 18, zy
2257: 1 5 12 4 12 4 12 4 12 4 12 4 10 4 16 6 18 6 16 4 10 4 12 4 13 1 7 20 6 16 6 18 4 6 2 6 2 8 4 14 4 8 2 6 2 6 2 4 2 10 4 12 4 12 4 12 4 12 4 10 2 4 2 6 2 6 2 8 4 14 4 8 2 6 2 6 4 18 6 16 6 20 7 1 13 4 12 4 10 4 16 6 18 6 16 4 10 4 12 4 12 4 12 4 12 4 12 5 1 18, zy
2258: 1 5 12 4 12 4 12 4 12 4 14 6 20 6 16 4 8 4 17 1 6 1 17 4 8 4 16 6 20 7 1 13 4 12 4 12 4 12 4 12 4 13 1 7 20 6 16 4 8 4 17 1 6 1 17 4 8 4 16 6 20 6 14 4 12 4 12 4 12 4 12 5 1 17 4 8 4 16 4 8 4 16 6 20 6 16 6 20 6 16 6 20 6 16 6 20 6 16 6 20 6 16 4 8 4 16 4 8 4 17, zy
2259: 1 5 12 4 12 4 12 5 1 17 4 6 2 8 4 16 6 17 1 6 1 18 1 6 1 17 6 16 4 8 2 6 4 17 1 5 12 4 12 4 12 5 1 17 6 19 1 6 1 15 5 1 20 1 5 14 4 10 4 14 5 1 19 6 17 1 6 1 17 6 18 6 18 6 17 1 6 1 17 6 18 6 18 6 17 1 6 1 17 6 19 1 5 14 4 10 4 14 5 1 20 1 5 15 1 6 1 19 6 17, zy
2260: 1 5 12 4 12 4 12 5 1 19 6 14 4 10 4 13 1 7 18 6 18 6 16 6 18 6 16 6 18 6 16 6 19 1 5 14 5 1 20 1 5 14 4 10 4 12 4 10 2 2 2 10 4 14 6 18 6 17 1 6 1 17 6 18 6 14 4 10 2 2 2 10 4 12 4 10 4 14 5 1 20 1 5 14 5 1 19 6 16 6 18 6 16 6 18 6 16 6 18 6 18 7 1 13 4 10 4 14 6 19, zy
2261: 1 5 12 4 12 4 13 1 7 20 7 1 13 4 12 4 12 5 1 18 1 6 1 17 4 6 2 8 4 15 1 7 21 1 5 14 4 10 2 4 2 6 2 6 2 6 2 8 4 14 5 1 19 6 18 6 16 4 8 2 6 4 17 1 6 1 17 4 6 2 8 4 16 6 18 6 19 1 5 14 4 8 2 6 2 6 2 6 2 4 2 10 4 14 5 1 21 7 1 15 4 8 2 6 4 17 1 6 1 18, zy
2262: 1 5 12 4 12 5 1 17 4 6 2 6 2 6 4 16 6 18 6 16 6 18 6 16 6 19 1 5 14 4 10 4 12 4 10 4 14 4 8 4 15 1 6 1 18 1 6 1 15 4 8 4 15 1 6 1 18 1 6 1 15 4 8 4 14 4 10 4 12 4 10 4 14 5 1 19 6 16 6 18 6 16 6 18 6 16 4 6 2 6 2 6 4 17 1 5 12 4 12 5 1 18 1 5 12 4 12 5 1 18, zy
2263: 1 5 12 4 12 5 1 17 4 6 2 8 2 2 2 12 4 12 4 10 2 4 2 8 4 16 6 18 4 6 2 8 4 14 4 12 5 1 19 6 16 4 8 2 4 2 10 4 12 4 12 4 14 6 20 6 16 6 20 6 16 6 20 6 14 4 12 4 12 4 10 2 4 2 8 4 16 6 19 1 5 12 4 14 4 8 2 6 4 18 6 16 4 8 2 4 2 10 4 12 4 12 2 2 2 8 2 6 4 17, zy
2264: 1 5 12 4 12 5 1 17 6 19 1 5 14 5 1 19 6 16 4 8 4 16 6 19 1 6 1 15 5 1 20 1 5 14 4 10 4 14 5 1 19 6 17 1 6 1 17 6 18 6 18 6 16 4 8 2 4 2 8 2 4 2 8 4 16 6 18 6 18 6 17 1 6 1 17 6 19 1 5 14 4 10 4 14 5 1 20 1 5 15 1 6 1 19 6 16 4 8 4 16 6 19 1 5 14 5 1 19 6 17, zy
2265: 1 5 12 4 12 5 1 17 6 19 1 5 14 5 1 20 1 5 16 6 19 1 5 14 5 1 19 6 17 1 5 12 5 1 17 6 19 1 5 14 5 1 19 6 16 5 1 20 1 5 14 5 1 19 6 17 1 5 12 4 12 5 1 17 6 19 1 6 1 15 5 1 20 1 5 14 4 10 4 14 5 1 19 6 17 1 6 1 17 6 19 1 5 14 4 10 4 14 5 1 20 1 5 15 1 6 1 19 6 17, zy
2266: 1 5 12 4 14 6 20 6 16 4 8 4 17 1 6 1 17 6 20 7 1 15 6 20 6 16 6 20 6 16 6 20 6 16 6 19 1 5 12 4 14 6 21 1 5 16 6 20 7 1 15 6 20 6 15 1 7 20 6 16 5 1 21 6 14 4 12 5 1 19 6 16 6 20 6 16 6 20 6 16 6 20 6 15 1 7 20 6 17 1 6 1 17 4 8 4 16 6 20 6 14 4 12 5 1 18 1 6 1 18, zy
2267: 1 5 12 4 14 6 20 6 16 6 19 1 5 14 5 1 20 1 5 15 1 6 1 20 1 5 16 6 19 1 5 14 5 1 19 6 17 1 6 1 17 6 19 1 5 14 5 1 19 6 16 5 1 20 1 6 1 15 5 1 20 1 5 14 5 1 19 6 16 6 20 6 14 4 12 5 1 18 1 6 1 17 6 18 6 16 4 10 4 12 4 12 4 12 4 12 4 12 4 10 4 16 6 18 6 17 1 6 1 18, zy
2268: 1 5 14 4 10 4 16 6 19 1 6 1 17 6 18 6 20 6 16 6 20 6 18 6 17 1 6 1 19 6 16 4 10 4 14 5 1 19 6 18 6 18 4 6 2 8 4 16 6 20 6 16 4 10 4 14 5 1 20 1 5 15 1 6 1 20 1 5 14 4 12 4 12 4 12 4 12 4 14 5 1 20 1 6 1 15 5 1 20 1 5 14 4 10 4 16 6 20 6 16 4 8 2 6 4 18 6 18 6 19, zy
2269: 1 5 14 5 1 19 6 16 4 10 4 14 4 10 2 4 2 6 2 8 4 16 6 20 6 17 1 6 1 17 6 20 6 16 4 8 2 6 2 4 2 10 4 14 4 10 4 16 6 19 1 5 14 5 1 20 1 5 16 6 19 1 6 1 17 6 19 1 6 1 15 4 10 2 2 2 12 4 10 4 16 6 20 6 16 4 10 4 12 2 2 2 10 4 15 1 6 1 19 6 17 1 6 1 19 6 16 5 1 20, zy
2270: 1 5 14 5 1 19 6 16 6 16 4 8 4 16 6 16 6 19 1 5 14 5 1 19 6 16 6 18 6 14 4 10 4 14 6 19 1 5 14 6 19 1 6 1 15 4 6 2 8 4 14 4 8 2 4 2 8 4 14 4 8 4 16 6 17 1 6 1 17 6 16 4 8 4 14 4 8 2 4 2 8 4 14 4 8 2 6 4 15 1 6 1 19 6 14 5 1 19 6 14 4 10 4 14 6 18 6 16 6 19, zy
2271: 1 5 14 6 20 6 14 6 20 6 14 6 20 6 14 6 20 6 14 5 1 19 6 16 6 16 4 8 4 15 1 6 1 19 7 1 14 1 7 20 7 1 14 1 7 20 7 1 14 1 7 20 7 1 14 1 7 20 7 1 14 1 7 19 1 6 1 15 4 8 4 16 6 16 6 19 1 5 14 6 20 6 14 6 20 6 14 6 20 6 14 6 20 6 14 5 1 19 6 16 6 17 1 6 1 17 6 16 6 19, zy
2272: 1 5 14 6 20 6 16 4 6 2 8 2 4 2 6 2 8 4 15 1 6 1 19 6 15 1 7 20 6 16 5 1 21 6 14 5 1 19 6 16 6 19 1 6 1 15 4 10 4 12 4 12 4 12 4 12 4 10 4 15 1 6 1 19 6 16 6 19 1 5 14 6 21 1 5 16 6 20 7 1 15 6 19 1 6 1 15 4 8 2 6 2 4 2 8 2 6 4 16 6 20 6 14 5 1 19 6 16 6 19, zy
2273: 1 6 1 17 6 16 4 6 2 8 4 14 4 8 2 6 4 16 6 18 6 16 6 18 6 16 4 6 2 8 4 14 4 8 2 6 4 16 6 17 1 6 1 17 6 18 6 15 1 7 20 6 14 4 10 4 12 4 12 4 10 4 14 4 8 4 16 6 17 1 6 1 17 6 17 1 6 1 17 6 17 1 6 1 17 6 16 4 8 4 14 4 10 4 12 4 12 4 10 4 14 6 20 7 1 15 6 18 6 17, zy
2274: 1 5 10 2 4 2 6 2 6 2 6 2 4 2 8 2 4 2 6 2 6 2 6 2 4 2 8 2 4 2 6 2 6 2 6 2 4 2 10 5 1 17 6 18 6 14 4 10 4 13 1 7 19 1 5 12 2 2 2 8 2 2 2 12 5 1 19 6 14 5 1 19 7 1 13 4 10 4 13 1 7 19 1 5 14 6 19 1 5 12 2 2 2 8 2 2 2 12 5 1 19 7 1 13 4 10 4 14 6 18 6 17, zy
2275: 1 5 10 2 4 2 6 2 6 2 6 2 4 2 8 2 4 2 6 2 6 2 6 2 4 2 8 2 4 2 6 2 6 2 6 4 17 1 5 12 4 12 5 1 17 4 6 2 6 2 6 2 4 2 8 2 4 2 6 2 6 2 6 2 4 2 8 2 4 2 6 2 6 2 6 2 4 2 10 5 1 17 6 18 6 14 4 10 4 12 4 12 4 10 4 12 4 12 4 10 4 12 4 12 4 10 4 14 6 18 6 17, zy
2276: 1 5 10 2 4 2 6 2 6 2 6 2 4 2 8 2 4 2 8 4 14 6 20 6 12 4 14 6 18 6 17 1 5 10 2 4 2 6 2 6 2 6 4 16 6 18 6 16 4 6 2 6 2 6 2 4 2 10 5 1 17 6 18 6 14 4 12 6 20 6 14 4 8 2 4 2 8 2 4 2 6 2 6 2 6 2 4 2 10 5 1 17 6 18 6 16 6 18 6 16 6 18 6 16 6 18 6 16 6 18 6 17, zy
2277: 1 5 10 2 4 2 8 4 14 6 19 1 5 12 4 12 4 12 5 1 19 6 14 4 8 2 4 2 8 2 4 2 6 2 6 2 6 2 4 2 8 2 4 2 6 2 6 2 6 2 4 2 8 2 4 2 8 4 14 6 19 1 5 12 4 12 4 12 5 1 19 6 14 4 8 2 4 2 10 5 1 17 6 18 6 14 4 10 4 14 6 18 6 17 1 5 12 5 1 17 6 18 6 14 4 10 4 14 6 18 6 17, zy
2278: 1 5 10 2 4 2 8 4 14 6 19 1 6 1 15 4 8 4 15 1 6 1 19 6 14 4 8 2 4 2 10 5 1 17 6 18 6 16 6 17 1 6 1 18 1 5 12 4 12 4 12 5 1 19 6 14 4 10 4 12 4 12 5 1 18 1 6 1 15 4 8 2 4 2 8 4 15 1 6 1 18 1 5 12 4 12 4 10 4 14 6 19 1 5 12 4 12 4 12 5 1 18 1 6 1 17 6 16 6 18 6 17, zy
2279: 1 5 12 2 2 2 8 2 2 2 12 5 1 19 6 14 5 1 19 7 1 13 4 10 4 13 1 7 19 1 5 12 2 2 2 8 2 2 2 12 5 1 19 7 1 13 4 10 4 13 1 7 19 1 5 14 6 19 1 5 12 2 2 2 8 2 2 2 12 5 1 19 7 1 13 4 10 4 13 1 7 19 1 5 14 6 19 1 5 12 4 12 4 12 5 1 19 6 14 5 1 19 7 1 13 4 10 4 13 1 7 19, zy
2280: 1 5 12 2 2 2 8 2 4 2 8 4 16 6 16 4 8 2 4 2 8 4 16 6 16 4 8 2 4 2 8 2 2 2 12 5 1 19 6 14 4 10 2 4 2 4 2 10 4 12 4 12 4 10 2 2 2 10 4 14 6 20 6 14 5 1 19 6 16 6 18 6 18 6 16 6 18 6 18 6 16 6 19 1 5 14 6 20 6 14 4 10 2 2 2 10 4 12 4 12 4 10 2 4 2 4 2 10 4 14 6 19, zy
2281: 1 5 12 2 2 2 10 2 2 2 12 5 1 19 6 16 4 10 4 14 4 10 4 14 4 12 4 12 5 1 17 4 8 4 16 4 8 2 6 4 18 6 18 6 18 6 19 1 5 14 5 1 19 6 18 6 18 6 18 4 6 2 8 4 16 4 8 4 17 1 5 12 4 12 4 14 4 10 4 14 4 10 4 16 6 19 1 5 12 2 2 2 10 2 2 2 12 5 1 19 6 16 4 10 4 14 4 10 4 16 6 19, zy
2282: 1 5 12 2 2 2 10 2 2 2 12 5 1 19 6 17 1 6 1 18 1 6 1 17 6 18 4 8 4 16 5 1 21 6 16 6 20 6 17 1 6 1 17 4 8 4 17 1 5 12 4 12 2 2 2 10 4 14 5 1 19 6 18 6 19 1 5 14 4 10 2 2 2 12 4 12 5 1 17 4 8 4 17 1 6 1 17 6 20 6 16 6 21 1 5 16 4 8 4 18 6 17 1 6 1 18 1 6 1 17 6 19, zy
2283: 1 5 12 2 2 2 10 4 10 2 4 2 6 2 6 2 6 2 4 2 10 4 10 2 2 2 12 5 1 19 6 16 6 18 6 16 6 18 6 17 1 6 1 17 6 16 6 19 1 5 12 4 14 6 19 1 5 14 5 1 19 6 16 6 18 6 17 1 6 1 16 1 6 1 17 6 18 6 16 6 19 1 5 14 5 1 19 6 14 4 12 5 1 19 6 16 6 17 1 6 1 17 6 18 6 16 6 18 6 16 6 19, zy
2284: 1 5 12 2 2 2 10 4 12 2 2 2 8 2 4 2 10 4 10 2 4 2 8 4 16 6 18 6 19 1 5 14 4 10 2 2 2 10 2 2 2 10 4 14 5 1 19 6 18 6 16 4 8 2 4 2 10 4 10 2 4 2 8 2 2 2 12 4 10 2 2 2 12 5 1 19 6 16 6 20 6 14 4 10 2 4 2 6 2 6 2 6 2 6 2 6 2 6 2 6 2 4 2 10 4 14 6 20 6 16 6 19, zy
2285: 1 5 12 2 2 2 10 4 12 4 14 6 20 6 14 4 12 4 10 4 15 1 6 1 19 6 15 1 7 21 1 5 16 5 1 21 6 14 4 10 4 14 4 8 2 6 2 6 4 18 6 16 6 20 6 16 6 18 4 6 2 6 2 8 4 14 4 10 4 14 6 21 1 5 16 5 1 21 7 1 15 6 19 1 6 1 15 4 10 4 12 4 14 6 20 6 14 4 12 4 10 2 2 2 12 5 1 19 6 16 6 19, zy
2286: 1 5 12 2 2 2 10 4 14 6 20 6 15 1 6 1 20 1 5 15 1 6 1 20 1 5 16 6 18 4 6 2 6 2 6 2 6 2 6 4 18 6 16 5 1 20 1 6 1 15 5 1 20 1 6 1 15 6 20 6 14 4 10 2 2 2 12 5 1 19 6 16 6 20 6 14 4 10 2 2 2 10 2 2 2 10 4 14 5 1 20 1 5 14 4 10 2 2 2 10 2 2 2 10 4 14 6 20 6 16 6 19, zy
2287: 1 5 12 2 2 2 10 4 14 6 20 6 16 6 19 1 5 14 5 1 20 1 5 16 6 18 6 18 6 18 6 16 5 1 20 1 5 14 5 1 19 6 16 6 20 6 14 4 10 2 2 2 12 5 1 19 6 16 4 8 4 16 6 19 1 5 14 5 1 20 1 5 16 6 18 6 19 1 5 14 4 10 2 2 2 10 4 14 5 1 19 6 18 6 16 5 1 20 1 5 14 5 1 19 6 16 4 8 4 16 6 19, zy
2288: 1 5 12 4 10 2 4 2 6 2 6 4 17 1 6 1 16 1 6 1 18 1 5 14 6 19 1 5 12 4 12 4 12 5 1 19 6 14 5 1 18 1 6 1 16 1 6 1 17 4 6 2 6 2 4 2 10 4 12 5 1 17 4 6 2 6 2 6 2 4 2 8 2 4 2 8 4 15 1 6 1 18 1 5 12 4 12 4 12 5 1 18 1 6 1 15 4 8 2 4 2 8 2 4 2 6 2 6 2 6 4 17, zy
2289: 1 5 12 4 12 2 2 2 8 2 4 2 8 2 4 2 8 4 16 6 18 6 19 1 5 14 4 10 2 2 2 10 2 2 2 10 4 14 5 1 20 1 5 14 4 10 2 4 2 6 2 6 2 4 2 10 4 14 5 1 20 1 5 14 4 10 2 2 2 10 2 2 2 10 4 14 5 1 19 6 18 6 16 4 8 2 4 2 8 2 4 2 8 2 2 2 12 4 12 5 1 18 1 6 1 17 6 17 1 6 1 18, zy
2290: 1 5 12 4 12 2 2 2 8 2 4 2 8 4 16 6 19 1 5 14 5 1 20 1 5 16 6 18 4 6 2 6 2 6 2 6 2 6 2 6 4 18 6 16 5 1 20 1 5 14 5 1 19 6 16 4 8 2 4 2 8 2 2 2 12 4 12 5 1 18 1 5 12 4 12 4 12 4 12 5 1 17 4 6 2 8 4 16 6 18 6 18 6 16 4 8 2 6 4 17 1 5 12 4 12 4 12 4 12 5 1 18, zy
2291: 1 5 12 4 12 4 10 2 4 2 8 4 16 6 18 6 18 6 16 4 8 2 4 2 10 4 12 4 12 5 1 17 4 6 2 8 4 14 4 10 2 4 2 4 2 10 4 14 4 8 2 4 2 10 4 12 4 12 4 12 5 1 17 4 6 2 8 4 16 6 18 6 18 6 16 4 8 2 6 4 17 1 5 12 4 12 4 12 4 10 2 4 2 8 4 14 4 10 2 4 2 4 2 10 4 14 4 8 2 6 4 17, zy
2292: 1 5 12 4 12 4 10 4 14 5 1 20 1 5 15 1 6 1 19 6 14 4 8 2 6 2 4 2 8 2 4 2 6 2 8 4 14 6 19 1 6 1 15 5 1 20 1 5 14 4 10 4 12 4 12 5 1 17 4 6 2 8 4 14 6 19 1 6 1 15 5 1 20 1 5 14 4 10 4 12 4 12 5 1 18 1 5 12 4 12 4 10 4 14 5 1 20 1 5 15 1 6 1 19 6 14 4 8 2 6 4 17, zy
2293: 1 5 12 4 12 4 12 4 12 4 12 4 10 4 15 1 6 1 19 6 16 6 20 7 1 13 4 12 4 12 4 10 4 14 4 10 2 2 2 10 4 14 5 1 20 1 5 15 1 6 1 19 6 16 4 8 4 16 6 19 1 6 1 15 5 1 20 1 5 14 4 10 2 2 2 10 4 14 4 10 4 12 4 12 4 13 1 7 20 6 16 6 19 1 6 1 15 4 10 4 12 4 12 4 12 4 12 4 12 5 1 18, zy
2294: 1 5 12 4 12 4 12 4 12 4 12 4 12 4 12 2 2 2 8 2 4 2 8 2 4 2 8 2 4 2 8 2 2 2 12 4 12 4 12 4 12 4 12 4 12 4 12 5 1 17 4 8 4 16 6 20 6 14 4 12 4 12 5 1 18 1 5 12 4 12 4 14 6 21 1 5 16 4 8 4 16 4 8 4 16 5 1 21 6 14 4 12 4 12 5 1 18 1 5 12 4 12 4 14 6 20 6 16 4 8 4 17, zy
2295: 1 5 12 4 12 4 12 4 12 4 12 4 12 4 12 4 12 4 12 4 12 4 12 4 12 4 12 4 12 4 12 4 12 4 12 5 1 17 4 8 4 16 6 20 6 14 4 12 4 12 5 1 18 1 5 12 4 12 4 14 6 20 6 17 1 5 12 4 12 4 12 4 12 4 12 4 12 4 12 4 12 4 12 5 1 17 6 20 6 14 4 12 4 12 5 1 18 1 5 12 4 12 4 14 6 20 6 16 4 8 4 17, zy
2296: 1 5 12 4 12 4 12 4 12 4 14 6 20 6 16 4 8 4 17 1 6 1 17 4 8 4 16 6 20 7 1 13 4 12 4 12 4 12 4 13 1 7 20 6 16 4 8 4 17 1 6 1 17 4 8 4 16 6 20 6 14 4 12 4 12 4 12 4 12 5 1 17 4 8 4 16 4 8 4 16 4 8 4 16 6 20 6 16 6 20 6 16 6 20 6 16 6 20 6 16 4 8 4 16 4 8 4 16 4 8 4 17, zy
2297: 1 5 12 4 12 4 12 4 12 5 1 17 4 8 4 16 6 18 6 18 6 16 4 8 2 4 2 8 2 4 2 8 4 16 6 19 1 5 14 4 8 2 6 2 6 4 18 6 16 6 19 1 6 1 15 4 10 4 12 4 12 4 12 4 12 4 10 4 15 1 6 1 19 6 16 6 18 4 6 2 6 2 8 4 14 5 1 19 6 16 4 8 2 4 2 8 2 4 2 8 4 16 6 18 6 18 6 16 4 8 4 17, zy
2298: 1 5 12 4 12 4 12 4 14 6 20 6 16 4 8 4 17 1 6 1 17 4 8 4 16 6 20 7 1 13 4 12 4 12 4 12 4 12 4 12 4 13 1 7 20 6 16 4 8 4 17 1 6 1 17 4 8 4 16 6 20 6 14 4 12 4 12 4 12 5 1 17 4 8 4 16 4 8 4 16 4 8 4 16 4 8 4 16 4 8 4 16 4 8 4 16 4 8 4 16 4 8 4 16 4 8 4 16 4 8 4 17, zy
2299: 1 5 12 4 12 4 12 4 14 6 20 6 16 6 19 1 6 1 17 6 19 1 5 14 5 1 20 1 5 14 4 10 4 14 4 10 2 2 2 10 2 2 2 10 2 2 2 10 2 2 2 10 4 14 4 10 4 14 5 1 20 1 5 14 5 1 19 6 17 1 6 1 19 6 16 6 20 6 14 4 12 4 12 4 12 5 1 18 1 6 1 17 6 19 1 6 1 17 6 18 6 17 1 6 1 19 6 17 1 6 1 18, zy
2300: 1 5 12 4 12 4 14 5 1 20 1 5 14 4 12 4 12 4 12 4 14 6 21 1 5 16 6 20 6 16 4 10 4 14 5 1 19 6 18 6 19 1 5 14 4 10 2 2 2 12 4 12 4 12 4 12 4 12 2 2 2 10 4 14 5 1 19 6 18 6 19 1 5 14 4 10 4 16 6 20 6 16 5 1 21 6 14 4 12 4 12 4 12 4 14 5 1 20 1 5 14 4 12 4 12 5 1 17 6 20 6 17, zy
2301: 1 5 12 4 13 1 7 20 7 1 14 1 7 20 7 1 13 4 12 5 1 19 6 14 4 8 2 6 4 16 6 18 6 14 4 10 4 14 6 19 1 5 14 6 20 6 12 2 2 2 10 4 10 4 14 4 8 2 4 2 8 4 14 4 8 2 4 2 8 4 14 4 8 2 4 2 8 4 14 4 10 4 10 2 2 2 12 6 20 6 14 5 1 19 6 14 4 10 4 14 6 18 6 16 4 6 2 8 4 14 6 19, zy
2302: 1 5 12 4 14 4 8 2 6 2 6 4 18 6 17 1 6 1 18 1 6 1 17 6 19 1 6 1 16 1 6 1 19 6 17 1 6 1 18 1 6 1 17 6 18 4 6 2 6 2 8 4 14 4 12 5 1 19 6 17 1 6 1 18 1 6 1 17 6 19 1 6 1 15 4 10 4 14 4 10 4 14 5 1 20 1 5 14 4 10 4 14 4 10 4 15 1 6 1 19 6 17 1 6 1 18 1 6 1 17 6 19, zy
2303: 1 5 12 4 14 4 10 4 14 4 12 5 1 18 1 6 1 17 6 19 1 6 1 15 4 10 2 4 2 6 2 8 4 16 6 20 6 16 5 1 20 1 5 14 5 1 19 6 16 4 10 4 14 4 10 4 16 6 19 1 6 1 16 1 6 1 19 6 16 4 10 4 14 4 10 4 16 6 19 1 5 14 5 1 20 1 5 16 6 20 6 16 4 8 2 6 2 4 2 10 4 15 1 6 1 19 6 17 1 6 1 18, zy
2304: 1 5 12 4 14 5 1 20 1 5 14 4 10 4 14 4 10 4 12 4 14 5 1 20 1 6 1 15 6 20 6 14 4 12 5 1 18 1 6 1 16 1 6 1 19 6 15 1 7 20 6 16 4 8 4 16 6 20 7 1 15 6 19 1 6 1 16 1 6 1 18 1 5 12 4 14 6 20 6 15 1 6 1 20 1 5 14 4 12 4 10 4 14 4 10 4 14 5 1 20 1 5 14 4 12 5 1 19 6 16 6 19, zy
2305: 1 5 12 4 14 5 1 20 1 5 14 5 1 19 6 17 1 6 1 19 6 16 4 10 4 14 5 1 20 1 6 1 15 4 8 2 6 2 6 2 6 2 6 2 6 2 6 2 6 2 6 2 6 2 8 4 15 1 6 1 20 1 5 14 4 10 4 16 6 19 1 6 1 17 6 19 1 5 14 5 1 20 1 5 14 4 12 5 1 19 6 16 5 1 20 1 6 1 15 4 10 4 15 1 6 1 20 1 5 16 6 19, zy
2306: 1 5 12 4 14 5 1 20 1 6 1 15 4 10 4 14 5 1 20 1 5 14 4 10 4 15 1 6 1 20 1 5 14 4 12 5 1 19 6 16 4 8 2 4 2 10 4 12 4 14 5 1 21 7 1 15 5 1 20 1 6 1 15 4 10 4 14 4 10 4 14 4 10 4 14 4 10 4 14 4 10 4 14 4 10 4 15 1 6 1 20 1 5 15 1 7 21 1 5 14 4 12 4 10 2 4 2 8 4 16 6 19, zy
2307: 1 5 12 4 14 5 1 21 7 1 15 4 8 2 4 2 10 4 14 6 20 6 16 4 8 2 6 4 17 1 6 1 17 4 6 2 8 4 16 6 20 6 14 4 10 2 4 2 8 4 15 1 7 21 1 5 14 4 12 5 1 19 6 16 5 1 21 7 1 15 6 20 6 16 4 8 2 4 2 10 4 12 4 12 4 12 4 12 4 12 4 12 4 10 2 4 2 8 4 16 6 20 6 15 1 7 21 1 5 16 6 19, zy
2308: 1 5 12 4 14 6 18 6 17 1 6 1 17 6 16 4 8 4 16 6 16 4 8 4 16 6 16 4 8 4 16 6 17 1 6 1 17 6 18 6 14 4 12 5 1 19 6 14 4 10 2 2 2 10 4 12 4 10 4 14 4 8 4 16 6 18 6 16 6 19 1 5 14 4 8 2 4 2 8 2 4 2 8 4 14 5 1 19 6 16 6 18 6 16 4 8 4 14 4 10 4 12 4 10 2 2 2 10 4 14 6 19, zy
2309: 1 5 12 4 14 6 20 6 16 6 18 6 19 1 5 14 4 10 4 14 5 1 19 6 17 1 6 1 17 6 19 1 5 14 4 10 4 14 5 1 19 6 17 1 6 1 17 6 19 1 5 14 4 10 4 14 5 1 19 6 18 6 16 6 20 6 14 4 12 5 1 18 1 6 1 16 1 6 1 19 6 16 6 18 4 6 2 6 2 8 4 14 4 8 2 6 2 6 4 18 6 16 6 19 1 6 1 16 1 6 1 18, zy
2310: 1 5 12 4 14 6 20 6 17 1 6 1 17 4 8 4 16 6 20 6 16 6 19 1 5 12 4 14 6 21 1 5 16 6 20 7 1 15 6 20 6 15 1 7 20 6 16 5 1 21 6 14 4 12 5 1 19 6 16 6 20 6 16 4 8 4 17 1 6 1 17 6 20 6 14 4 12 5 1 19 6 16 6 20 6 16 4 8 4 16 4 8 4 16 4 8 4 16 4 8 4 16 4 8 4 16 6 20 6 16 6 19, zy
2311: 1 5 14 4 8 2 6 2 4 2 8 4 16 6 18 6 16 6 18 6 18 6 16 6 18 6 16 4 8 2 4 2 6 2 8 4 14 5 1 19 6 17 1 6 1 17 6 16 4 8 2 4 2 8 4 14 4 10 4 12 4 12 4 10 4 14 5 1 19 6 17 1 6 1 17 6 17 1 6 1 17 6 19 1 5 14 4 10 4 12 4 12 4 10 4 14 4 8 2 4 2 8 4 16 6 17 1 6 1 17 6 19, zy
2312: 1 5 14 4 8 2 6 2 6 4 18 6 16 6 20 6 14 4 10 2 4 2 6 2 6 2 6 2 6 2 6 2 4 2 10 4 14 6 20 6 16 6 18 4 6 2 6 2 8 4 14 5 1 19 6 16 4 8 2 4 2 8 2 2 2 12 4 12 4 10 4 14 4 10 2 2 2 10 4 14 5 1 20 1 5 14 4 10 2 2 2 10 4 14 4 10 4 12 4 12 2 2 2 8 2 4 2 8 4 16 6 19, zy
2313: 1 5 14 4 8 2 6 4 16 6 16 4 8 4 15 1 6 1 18 1 6 1 15 5 1 20 1 5 14 4 10 4 12 4 10 4 14 5 1 20 1 5 14 4 10 4 12 4 10 4 14 5 1 20 1 5 15 1 6 1 18 1 6 1 15 4 8 4 16 6 16 4 6 2 8 4 14 5 1 19 6 16 6 18 6 16 6 18 6 16 6 18 6 16 6 18 6 16 6 18 6 16 6 18 6 16 6 18 6 16 6 19, zy
2314: 1 5 14 4 10 2 4 2 8 4 16 6 20 6 17 1 6 1 17 4 6 2 10 4 12 4 12 4 14 5 1 20 1 5 14 4 12 4 12 4 10 2 6 4 17 1 6 1 17 6 20 6 16 4 8 2 4 2 10 4 14 5 1 19 6 18 4 6 2 6 2 8 4 16 6 20 6 16 4 8 2 4 2 10 4 14 4 10 4 14 4 10 2 4 2 8 4 16 6 20 6 16 4 8 2 6 2 6 4 18 6 19, zy
2315: 1 5 14 4 10 4 12 4 10 4 14 4 8 4 15 1 6 1 18 1 6 1 15 5 1 20 1 5 14 4 10 4 12 4 10 4 14 5 1 20 1 5 15 1 6 1 18 1 6 1 15 4 8 4 14 4 10 4 12 4 10 4 14 5 1 19 6 16 6 18 6 16 6 18 6 16 6 18 6 16 6 19 1 5 14 4 10 4 12 4 10 4 14 5 1 19 6 16 6 18 6 16 6 18 6 16 6 18 6 16 6 19, zy
2316: 1 5 14 4 10 4 14 4 10 4 14 4 10 2 2 2 10 2 2 2 10 2 2 2 10 2 2 2 10 2 2 2 10 2 2 2 10 4 14 4 10 4 14 4 10 4 14 5 1 20 1 5 15 1 6 1 20 1 5 14 4 12 4 10 4 16 6 18 6 19 1 6 1 15 4 10 4 14 5 1 20 1 5 14 4 10 4 15 1 6 1 19 6 18 6 16 4 10 4 12 4 14 5 1 20 1 6 1 15 5 1 20, zy
2317: 1 5 14 4 10 4 14 4 10 4 14 4 10 4 14 4 10 4 14 5 1 20 1 5 14 4 10 4 15 1 6 1 20 1 5 15 1 7 21 1 5 14 4 12 4 10 2 2 2 12 4 10 4 16 6 18 6 18 6 19 1 5 14 4 10 4 14 4 10 4 14 5 1 19 6 18 6 18 6 16 4 10 4 12 2 2 2 10 4 12 4 14 5 1 21 7 1 15 5 1 20 1 6 1 15 4 10 4 14 5 1 20, zy
2318: 1 5 14 4 10 4 14 4 10 4 14 4 10 4 14 4 10 4 14 5 1 20 1 5 14 4 10 4 15 1 6 1 20 1 5 15 1 7 21 1 5 15 1 7 21 1 5 14 4 12 4 10 2 2 2 12 4 10 4 16 6 18 6 19 1 5 14 5 1 19 6 18 6 16 4 10 4 12 2 2 2 10 4 12 4 14 5 1 21 7 1 15 5 1 21 7 1 15 5 1 20 1 6 1 15 4 10 4 14 5 1 20, zy
2319: 1 5 14 4 10 4 14 4 10 4 14 5 1 19 6 18 6 18 6 16 4 10 4 14 5 1 21 7 1 15 4 8 2 6 2 4 2 10 4 14 6 21 1 5 16 6 19 1 6 1 17 6 18 6 18 6 18 4 6 2 6 2 6 2 6 2 6 4 18 6 18 6 18 6 17 1 6 1 19 6 16 5 1 21 6 14 4 10 2 4 2 6 2 8 4 15 1 7 21 1 5 14 4 10 4 16 6 18 6 18 6 19, zy
2320: 1 5 14 4 10 4 14 4 10 4 15 1 6 1 19 6 18 6 16 4 8 2 6 4 18 6 16 5 1 21 6 14 4 10 4 16 6 18 6 18 6 18 4 6 2 6 2 6 2 6 2 6 2 6 2 6 2 6 2 6 2 6 2 6 2 6 2 6 4 18 6 18 6 18 6 16 4 10 4 14 6 21 1 5 16 6 18 4 6 2 8 4 16 6 18 6 19 1 6 1 15 4 10 4 14 4 10 4 14 5 1 20, zy
2321: 1 5 14 4 10 4 16 6 19 1 6 1 17 6 18 6 20 6 16 6 20 6 16 4 10 4 14 5 1 19 6 18 6 19 1 5 14 4 10 4 16 6 20 6 16 6 20 6 18 6 17 1 6 1 19 6 16 4 10 4 14 5 1 19 6 18 6 18 4 6 2 8 4 16 6 20 6 16 4 8 2 4 2 10 4 14 4 10 4 14 4 10 2 4 2 8 4 16 6 20 6 16 4 8 2 6 4 18 6 18 6 19, zy
2322: 1 5 14 4 10 4 16 6 20 6 16 5 1 21 6 14 4 12 4 12 4 14 5 1 21 7 1 15 5 1 21 6 14 4 12 4 12 4 14 6 21 1 5 15 1 7 21 1 5 14 4 12 4 12 4 14 6 21 1 5 16 6 20 6 16 4 10 4 14 5 1 19 6 18 4 6 2 8 4 16 6 20 6 16 5 1 21 6 14 4 12 4 12 4 14 6 21 1 5 16 6 20 6 16 4 8 2 6 4 18 6 19, zy
2323: 1 5 14 5 1 19 6 16 4 8 2 4 2 8 4 16 6 19 1 5 14 5 1 19 6 16 4 8 2 4 2 8 4 16 6 19 1 5 14 5 1 19 6 16 4 8 4 16 6 20 7 1 15 6 19 1 6 1 15 4 10 4 12 4 12 4 12 4 12 4 12 4 10 4 14 4 10 4 14 4 10 4 12 4 12 4 12 4 12 4 12 4 10 4 15 1 6 1 19 6 15 1 7 20 6 16 4 8 4 16 6 19, zy
2324: 1 5 14 5 1 19 6 16 6 16 4 8 4 16 6 16 6 19 1 5 14 6 20 6 12 2 2 2 10 4 10 2 2 2 12 6 20 6 14 5 1 19 6 16 6 16 4 8 4 16 6 16 6 19 1 5 14 5 1 20 1 5 16 6 17 1 6 1 17 6 16 6 19 1 5 14 5 1 20 1 5 16 6 17 1 6 1 17 6 16 5 1 20 1 5 14 5 1 19 6 16 6 17 1 6 1 17 6 16 5 1 20, zy
2325: 1 5 16 4 8 4 16 6 19 1 6 1 15 4 8 2 4 2 10 4 12 4 12 4 12 4 12 4 12 4 10 2 4 2 8 4 15 1 6 1 19 6 16 4 8 4 16 5 1 21 6 14 4 10 4 14 4 10 2 2 2 10 4 14 4 10 4 12 2 2 2 10 4 12 4 13 1 7 20 6 16 6 20 7 1 13 4 12 4 10 2 2 2 12 4 10 4 14 4 10 2 2 2 10 4 14 4 10 4 14 6 21, zy
2326: 1 5 10 2 4 2 6 2 6 2 6 2 4 2 8 2 4 2 6 2 6 2 6 2 4 2 8 2 4 2 8 4 14 6 19 1 5 12 4 12 4 10 2 2 2 10 4 12 4 10 2 2 2 10 4 12 4 12 5 1 19 6 14 4 8 2 4 2 8 2 4 2 6 2 6 2 6 2 4 2 8 2 4 2 6 2 6 2 6 2 4 2 10 5 1 17 6 18 6 14 4 10 4 12 4 12 4 10 4 14 6 18 6 17, zy
2327: 1 5 12 2 2 2 8 2 4 2 6 2 6 2 6 2 6 4 16 6 18 6 16 6 18 6 16 6 18 6 17 1 5 12 5 1 17 6 18 6 16 6 18 6 16 6 18 6 16 4 6 2 6 2 6 2 6 2 4 2 8 2 2 2 12 5 1 19 6 14 4 10 4 12 4 12 4 10 4 14 6 18 6 18 6 14 4 10 4 12 4 12 4 10 4 14 6 18 6 18 6 14 4 10 4 12 4 12 4 10 4 14 6 19, zy
2328: 1 5 12 2 2 2 10 4 10 4 15 1 6 1 18 1 5 12 4 12 4 10 2 2 2 10 4 12 4 12 5 1 19 6 14 4 8 2 6 4 16 6 18 6 16 6 18 6 16 4 6 2 8 4 14 6 19 1 5 12 4 12 4 10 2 2 2 10 4 12 4 12 5 1 18 1 6 1 15 4 10 4 10 2 2 2 12 5 1 19 6 16 6 17 1 6 1 17 6 17 1 6 1 17 6 17 1 6 1 17 6 16 6 19, zy
2329: 1 5 12 2 2 2 10 4 14 6 20 6 16 6 19 1 5 14 5 1 20 1 5 15 1 6 1 20 1 5 16 6 18 6 19 1 5 14 4 10 4 14 4 8 2 6 2 4 2 10 4 12 4 12 4 10 2 4 2 6 2 8 4 14 4 10 4 14 5 1 19 6 18 6 16 5 1 20 1 6 1 15 5 1 20 1 5 14 5 1 19 6 16 6 20 6 14 4 10 2 2 2 12 5 1 19 6 16 4 8 4 16 6 19, zy
2330: 1 5 12 2 4 2 6 2 6 2 8 4 16 6 19 1 6 1 17 6 18 6 20 6 16 6 20 6 18 6 17 1 6 1 19 6 16 4 8 2 6 2 6 2 4 2 12 5 1 19 6 18 6 18 6 18 4 6 2 8 4 16 4 8 4 17 1 6 1 17 6 20 6 16 5 1 21 6 14 4 12 4 12 4 14 6 21 1 5 16 6 20 6 17 1 6 1 17 4 8 4 16 4 8 2 6 4 18 6 18 6 18 6 19, zy
2331: 1 5 12 4 12 2 2 2 8 2 6 4 17 1 6 1 17 6 20 6 14 4 12 5 1 19 6 16 6 20 6 16 4 6 2 8 2 4 2 8 2 4 2 8 4 16 6 20 7 1 15 6 20 6 16 6 20 6 15 1 7 20 6 16 4 8 2 4 2 8 2 4 2 8 2 6 4 16 6 20 6 16 6 19 1 5 12 4 14 6 20 6 17 1 6 1 17 4 6 2 8 2 2 2 12 4 12 5 1 18 1 6 1 18, zy
2332: 1 5 12 4 12 4 10 4 13 1 7 18 4 4 2 10 4 12 4 10 4 14 5 1 20 1 5 14 4 10 4 12 4 10 4 14 5 1 19 6 16 6 18 6 16 6 18 6 16 6 19 1 5 14 4 10 4 12 4 10 4 14 5 1 20 1 5 14 4 10 4 12 4 10 2 4 4 18 7 1 13 4 10 4 12 4 12 5 1 18 1 5 12 4 12 5 1 18 1 5 12 4 12 5 1 18 1 5 12 4 12 5 1 18, zy
2333: 1 5 12 4 12 4 12 4 12 4 14 6 20 6 16 4 8 2 4 2 8 2 6 4 17 1 6 1 17 4 6 2 8 2 4 2 8 4 16 6 20 6 14 4 12 4 12 4 12 4 12 5 1 17 4 8 4 16 4 8 4 16 4 8 4 16 4 6 2 8 2 4 2 8 2 4 2 8 2 4 2 8 2 4 2 8 2 4 2 8 2 4 2 8 2 4 2 8 2 6 4 16 4 8 4 16 4 8 4 16 4 8 4 17, zy
2334: 1 5 12 4 12 4 12 4 12 4 14 6 20 6 16 4 8 4 17 1 6 1 17 4 8 4 16 6 20 6 14 4 12 4 12 4 12 4 12 5 1 17 4 8 4 16 4 8 4 16 5 1 21 6 16 6 20 7 1 13 4 12 4 12 4 12 4 12 4 12 4 12 4 12 4 12 4 12 4 12 4 12 4 12 4 12 4 12 4 12 4 12 4 12 4 13 1 7 20 6 16 6 21 1 5 16 4 8 4 16 4 8 4 17, zy
2335: 1 5 12 4 12 5 1 17 6 19 1 5 14 5 1 19 6 16 4 8 4 16 4 6 2 8 4 14 4 10 2 2 2 10 4 14 5 1 19 6 18 6 16 4 8 4 16 6 19 1 6 1 15 4 8 2 4 2 8 2 4 2 8 2 4 2 8 4 15 1 6 1 19 6 16 4 8 4 16 6 18 6 19 1 5 14 4 10 2 2 2 10 4 14 4 8 2 6 4 16 4 8 4 16 6 19 1 5 14 5 1 19 6 17, zy
2336: 1 5 12 4 12 5 1 18 1 5 12 4 12 5 1 18 1 5 12 4 12 5 1 18 1 5 12 4 12 5 1 18 1 6 1 15 4 8 4 16 6 16 6 19 1 5 14 6 19 1 6 1 15 4 8 4 15 1 6 1 18 1 5 12 4 12 5 1 18 1 5 12 4 12 5 1 18 1 5 12 4 12 5 1 18 1 6 1 15 4 8 4 15 1 6 1 19 6 14 5 1 19 6 16 6 16 4 8 4 15 1 6 1 18, zy
2337: 1 5 12 4 14 4 8 2 6 2 4 2 10 4 14 6 20 6 17 1 6 1 18 1 5 12 4 14 6 20 6 17 1 6 1 17 6 20 6 14 4 12 5 1 18 1 6 1 17 6 20 6 14 4 10 2 4 2 6 2 8 4 14 4 12 5 1 19 6 16 4 8 2 4 2 10 4 12 4 12 4 12 4 13 1 7 20 6 16 6 20 6 16 6 20 7 1 13 4 12 4 12 4 12 4 10 2 4 2 8 4 16 6 19, zy
2338: 1 5 12 4 14 4 8 2 6 4 18 6 16 4 8 2 6 4 17 1 6 1 18 1 5 12 4 14 6 20 6 17 1 6 1 17 6 20 6 14 4 12 5 1 18 1 6 1 17 4 6 2 8 4 16 6 18 4 6 2 8 4 14 4 12 5 1 19 6 16 4 8 2 4 2 10 4 12 4 12 4 12 4 13 1 7 20 6 16 6 20 6 16 6 20 7 1 13 4 12 4 12 4 12 4 10 2 4 2 8 4 16 6 19, zy
2339: 1 5 12 4 14 4 10 4 14 4 10 4 16 6 20 6 16 5 1 20 1 6 1 15 5 1 20 1 5 14 4 12 4 12 4 12 4 12 4 14 5 1 19 6 19 1 5 14 4 10 2 2 2 12 4 12 4 12 4 12 2 2 2 10 4 14 5 1 19 6 19 1 5 14 4 12 4 12 4 12 4 12 4 14 5 1 20 1 5 15 1 6 1 20 1 5 16 6 20 6 16 4 10 4 14 4 10 4 14 4 12 5 1 18, zy
2340: 1 5 12 4 14 5 1 21 7 1 15 4 8 2 4 2 10 4 14 6 20 6 16 4 8 2 6 4 17 1 6 1 17 4 6 2 8 4 16 6 20 6 14 4 10 2 4 2 8 4 15 1 7 21 1 5 14 4 12 5 1 19 6 16 5 1 21 7 1 15 6 20 6 16 4 8 2 4 2 8 2 6 4 16 4 8 4 16 4 8 4 16 4 6 2 8 2 4 2 8 4 16 6 20 6 15 1 7 21 1 5 16 6 19, zy
2341: 1 5 12 4 14 6 20 6 16 6 19 1 6 1 17 6 18 6 18 6 18 6 17 1 6 1 19 6 16 6 19 1 6 1 17 6 18 6 18 6 18 6 17 1 6 1 19 6 16 6 20 6 14 4 12 5 1 18 1 6 1 17 4 8 4 16 6 18 6 18 6 18 6 18 6 18 6 16 4 8 2 6 4 17 1 6 1 17 4 6 2 8 4 16 6 18 6 18 6 18 6 18 6 18 6 16 4 8 4 17 1 6 1 18, zy
2342: 1 5 14 4 10 4 14 4 10 4 15 1 6 1 19 6 16 4 8 2 6 2 4 2 10 4 12 4 14 6 20 6 17 1 6 1 17 6 20 6 14 4 12 4 10 2 4 2 6 2 8 4 16 6 19 1 6 1 15 4 10 4 14 4 10 4 14 5 1 19 6 18 6 17 1 6 1 19 6 16 6 20 6 16 6 20 6 16 6 20 6 16 6 20 6 16 6 20 6 16 6 20 6 16 6 19 1 6 1 17 6 18 6 19, zy
2343: 1 5 14 4 12 4 12 4 12 4 14 5 1 21 7 1 15 5 1 21 7 1 15 6 21 1 5 16 6 21 1 5 16 4 8 2 6 4 18 6 18 6 18 6 20 7 1 13 4 14 6 20 6 18 6 18 6 18 6 20 7 1 13 4 13 1 7 20 6 18 6 18 6 18 6 20 6 14 4 13 1 7 20 6 18 6 18 6 18 4 6 2 8 4 16 5 1 21 6 16 5 1 21 6 15 1 7 21 1 5 15 1 7 21, zy
2344: 1 6 1 17 4 6 2 8 2 2 2 12 4 12 4 12 4 10 2 4 2 8 4 16 6 20 6 16 6 20 7 1 13 4 12 4 12 4 12 4 12 4 12 4 12 4 12 4 12 4 12 4 12 4 12 4 12 4 12 4 12 4 12 4 12 4 12 4 12 4 12 4 12 4 12 4 12 4 12 4 12 4 12 4 13 1 7 20 6 16 6 20 6 16 4 8 2 4 2 10 4 12 4 12 4 12 2 2 2 8 2 6 4 17, zy
2345: 1 5 10 2 4 2 6 2 6 2 6 2 4 2 8 2 4 2 6 2 6 2 6 2 4 2 8 2 4 2 8 4 14 6 19 1 5 12 4 12 4 10 2 2 2 10 4 12 4 10 2 2 2 10 4 12 4 10 2 2 2 10 4 12 4 12 5 1 19 6 14 4 8 2 4 2 8 2 4 2 6 2 6 2 6 2 4 2 8 2 4 2 6 2 6 2 6 2 4 2 10 5 1 17 6 18 6 14 4 10 4 14 6 18 6 17, zy
2346: 1 5 10 2 4 2 8 2 4 2 6 2 8 4 15 1 6 1 19 6 16 6 20 6 14 4 10 4 14 4 10 4 14 5 1 19 6 18 6 16 4 8 4 16 6 20 6 14 4 10 4 14 4 10 4 14 6 20 6 16 4 8 4 16 6 18 6 19 1 5 14 4 10 4 14 4 10 4 14 6 20 6 16 6 19 1 6 1 15 4 8 2 6 2 4 2 8 2 4 2 10 5 1 17 6 18 4 6 2 6 2 6 4 18 6 17, zy
2347: 1 5 10 2 4 2 8 2 4 2 8 4 16 6 19 1 5 14 4 8 2 6 2 6 2 6 4 18 6 16 4 8 2 4 2 8 2 6 4 16 5 1 21 6 14 4 10 4 14 4 10 4 14 4 10 4 14 6 21 1 5 16 4 6 2 8 2 4 2 8 4 16 6 18 4 6 2 6 2 6 2 8 4 14 5 1 19 6 16 4 8 2 4 2 8 2 4 2 10 5 1 17 6 19 1 5 14 4 10 4 14 5 1 19 6 17, zy
2348: 1 5 10 2 4 2 8 4 14 4 8 2 4 2 8 2 4 2 8 4 14 4 10 4 12 4 12 5 1 18 1 6 1 17 6 16 5 1 20 1 5 14 6 20 6 14 4 10 4 14 5 1 20 1 5 14 5 1 20 1 5 14 4 10 4 14 6 20 6 14 5 1 20 1 5 16 6 17 1 6 1 18 1 5 12 4 12 4 10 4 14 4 8 2 4 2 8 2 4 2 8 4 14 4 8 2 4 2 10 5 1 17 6 18 6 17, zy
2349: 1 5 12 2 2 2 8 2 2 2 12 5 1 19 6 14 5 1 19 7 1 13 4 10 4 13 1 7 19 1 5 12 2 2 2 8 2 2 2 12 5 1 19 6 14 5 1 19 7 1 13 4 10 4 13 1 7 19 1 5 12 2 2 2 8 2 2 2 12 5 1 19 7 1 13 4 10 4 13 1 7 19 1 5 14 6 19 1 5 12 2 2 2 8 2 2 2 12 5 1 19 7 1 13 4 10 4 13 1 7 19 1 5 14 6 19, zy
2350: 1 5 12 2 2 2 8 2 4 2 8 4 14 4 8 4 16 6 17 1 6 1 17 6 16 6 19 1 5 14 5 1 19 6 16 6 17 1 6 1 17 6 16 4 8 4 14 4 8 2 4 2 8 2 2 2 12 5 1 19 6 15 1 6 1 19 6 14 4 8 2 6 4 16 6 17 1 6 1 17 6 16 5 1 20 1 5 14 5 1 20 1 5 16 6 17 1 6 1 17 6 16 4 6 2 8 4 14 6 19 1 6 1 15 6 19, zy
2351: 1 5 12 2 2 2 10 2 2 2 10 2 2 2 10 2 2 2 10 2 2 2 12 5 1 19 6 18 6 16 4 10 4 14 5 1 20 1 5 14 4 12 4 10 4 16 6 19 1 5 12 2 2 2 10 4 14 4 10 4 14 4 8 2 6 2 6 2 6 2 6 2 6 2 6 2 6 2 8 4 14 4 10 4 14 4 10 2 2 2 12 5 1 19 6 16 4 10 4 12 4 14 5 1 20 1 5 14 4 10 4 16 6 18 6 19, zy
2352: 1 5 12 2 2 2 10 2 2 2 10 2 2 2 12 5 1 19 6 18 6 16 4 10 4 14 4 10 4 16 6 18 6 19 1 5 12 2 2 2 10 2 2 2 10 2 2 2 12 5 1 19 6 18 6 17 1 6 1 19 6 16 5 1 20 1 5 14 5 1 19 6 18 6 18 6 18 6 18 6 19 1 5 14 5 1 19 6 18 6 18 6 18 6 18 6 19 1 5 14 5 1 20 1 5 16 6 19 1 6 1 17 6 18 6 19, zy
2353: 1 5 12 2 2 2 10 4 12 2 2 2 8 2 4 2 8 2 4 2 8 2 4 2 8 4 15 1 6 1 19 6 17 1 5 12 4 12 4 12 5 1 17 6 19 1 6 1 15 4 8 2 4 2 8 2 4 2 8 2 4 2 8 2 2 2 12 4 10 2 2 2 12 5 1 19 6 16 6 19 1 6 1 15 4 10 4 12 2 2 2 8 2 6 4 16 4 6 2 8 2 2 2 12 4 10 4 15 1 6 1 19 6 16 6 19, zy
2354: 1 5 12 2 2 2 10 4 12 4 12 4 12 4 10 2 4 2 8 4 14 4 10 2 2 2 10 4 14 4 8 2 4 2 10 4 12 4 12 4 12 4 10 2 2 2 12 5 1 18 1 6 1 17 6 18 6 16 4 10 4 12 4 12 4 12 4 12 4 10 2 2 2 12 5 1 18 1 6 1 17 6 18 6 17 1 6 1 18 1 5 12 2 2 2 10 4 12 4 12 4 12 4 12 4 10 4 16 6 18 6 17 1 6 1 18, zy
2355: 1 5 12 2 2 2 10 4 12 4 12 4 12 4 12 4 12 4 10 2 2 2 12 5 1 18 1 6 1 16 1 6 1 18 1 6 1 15 4 10 4 14 5 1 20 1 5 14 4 12 5 1 18 1 6 1 17 6 17 1 6 1 18 1 5 14 6 21 1 5 16 5 1 21 6 14 5 1 18 1 6 1 17 6 17 1 6 1 18 1 5 12 4 14 5 1 20 1 5 14 4 10 4 15 1 6 1 18 1 6 1 16 1 6 1 18, zy
2356: 1 5 12 2 2 2 10 4 14 6 20 6 16 6 19 1 6 1 15 4 8 2 4 2 10 4 12 4 12 4 12 5 1 17 4 6 2 8 4 16 6 18 6 18 6 16 4 8 2 4 2 10 4 12 4 10 2 4 2 8 4 16 6 18 6 18 6 16 4 8 2 6 4 17 1 5 12 4 12 4 12 4 10 2 4 2 8 4 15 1 6 1 19 6 16 6 20 6 14 4 10 2 2 2 12 5 1 19 6 16 4 8 4 16 6 19, zy
2357: 1 5 12 2 2 2 10 4 14 6 20 6 16 6 19 1 6 1 15 4 8 2 4 2 10 4 12 4 12 5 1 17 4 6 2 8 4 14 4 10 4 14 4 10 4 12 2 2 2 8 2 6 4 16 4 6 2 8 2 2 2 12 4 10 4 14 4 10 4 14 4 8 2 6 4 17 1 5 12 4 12 4 10 2 4 2 8 4 15 1 6 1 19 6 16 6 20 6 14 4 10 2 2 2 12 5 1 19 6 16 4 8 4 16 6 19, zy
2358: 1 5 12 2 4 2 6 2 6 2 6 2 8 4 16 6 20 6 16 6 21 1 5 16 4 8 4 18 6 16 4 10 4 14 4 10 4 16 6 18 4 8 4 16 5 1 21 6 16 6 20 6 16 4 8 2 6 2 6 2 6 2 4 2 12 5 1 19 6 18 6 18 6 19 1 5 14 4 10 4 15 1 6 1 20 1 5 15 1 6 1 20 1 6 1 15 5 1 20 1 6 1 15 4 10 4 14 5 1 19 6 18 6 18 6 19, zy
2359: 1 5 12 4 10 2 2 2 10 4 14 6 18 6 17 1 6 1 17 6 16 4 6 2 8 4 14 5 1 20 1 5 14 4 8 2 6 4 16 6 17 1 6 1 17 6 18 6 14 4 10 2 2 2 10 4 12 5 1 17 4 6 2 6 2 6 2 4 2 8 2 4 2 8 4 14 6 20 6 12 2 2 2 10 4 10 4 14 4 10 4 10 2 2 2 12 6 20 6 14 4 8 2 4 2 8 2 4 2 6 2 6 2 6 4 17, zy
2360: 1 5 12 4 10 2 4 2 8 2 4 2 8 4 16 4 6 2 8 4 16 6 19 1 6 1 17 6 18 6 17 1 6 1 19 6 16 4 8 2 6 4 16 4 8 2 4 2 8 2 4 2 10 4 12 5 1 17 6 20 6 14 4 12 4 10 2 2 2 12 4 10 4 16 6 18 6 18 6 19 1 5 14 4 10 4 14 4 10 4 14 5 1 19 6 18 6 18 6 16 4 10 4 12 2 2 2 10 4 12 4 14 6 20 6 17, zy
2361: 1 5 12 4 10 2 4 2 8 4 16 6 18 6 18 6 17 1 6 1 17 6 19 1 5 14 5 1 20 1 5 16 6 18 4 6 2 6 2 6 2 6 2 6 2 6 4 18 6 16 5 1 20 1 5 14 5 1 19 6 17 1 6 1 17 6 18 6 18 6 16 4 8 2 4 2 10 4 12 5 1 17 6 19 1 5 14 5 1 19 6 17 1 6 1 17 6 18 6 18 6 17 1 6 1 17 6 19 1 5 14 5 1 19 6 17, zy
2362: 1 5 12 4 10 2 4 2 8 4 16 6 18 6 18 6 18 6 17 1 6 1 17 6 19 1 5 14 4 8 2 6 2 6 2 6 4 18 6 16 6 20 6 16 6 18 6 19 1 5 14 4 10 4 14 5 1 19 6 18 6 16 6 20 6 16 6 18 4 6 2 6 2 6 2 8 4 14 5 1 19 6 17 1 6 1 17 6 18 6 18 6 18 6 16 4 8 2 4 2 10 4 12 5 1 17 6 19 1 5 14 5 1 19 6 17, zy
2363: 1 5 12 4 10 4 14 4 8 2 4 2 8 4 14 4 8 2 4 2 8 4 15 1 6 1 18 1 6 1 15 4 8 2 4 2 8 4 14 4 8 2 4 2 8 4 14 4 10 4 12 5 1 17 4 6 2 6 2 4 2 10 4 10 2 4 2 6 2 4 2 10 4 12 4 10 4 14 6 19 1 5 12 4 12 4 12 5 1 19 6 14 4 10 4 12 4 10 2 4 2 6 2 4 2 10 4 10 2 4 2 6 2 6 4 17, zy
2364: 1 5 12 4 10 4 14 4 10 4 12 5 1 17 6 18 6 16 4 6 2 8 4 14 6 20 6 14 5 1 19 6 16 6 17 1 6 1 17 6 18 6 16 6 18 6 17 1 6 1 17 6 16 6 19 1 5 14 6 20 6 14 4 8 2 6 4 16 6 18 6 17 1 5 12 4 10 4 14 4 10 4 12 5 1 17 6 18 6 16 6 19 1 5 14 4 8 2 4 2 8 2 4 2 8 4 14 5 1 19 6 16 6 18 6 17, zy
2365: 1 5 12 4 12 2 2 2 10 4 12 4 12 4 14 6 20 6 16 4 8 2 4 2 8 2 6 4 16 4 8 4 17 1 5 12 4 12 4 12 4 12 4 12 4 12 4 12 4 12 4 12 4 12 4 12 4 12 4 12 5 1 17 4 8 4 16 4 6 2 8 2 4 2 8 4 16 6 20 6 14 4 12 4 12 4 10 2 2 2 12 4 12 5 1 19 6 16 6 20 6 16 6 20 6 16 6 20 6 16 6 20 6 16 6 19, zy
2366: 1 5 12 4 12 2 2 2 10 4 12 4 14 6 20 6 17 1 5 12 4 12 4 12 4 12 5 1 17 6 20 6 14 4 12 4 10 2 2 2 12 4 12 5 1 18 1 5 12 4 12 4 14 6 20 6 17 1 5 12 4 12 4 12 4 12 4 12 4 12 4 12 4 12 4 12 4 12 4 12 4 12 4 12 4 12 4 12 4 12 4 12 4 12 4 12 4 12 4 12 4 12 5 1 17 6 20 6 14 4 12 4 12 5 1 18, zy
2367: 1 5 12 4 12 4 10 2 2 2 10 4 12 4 10 2 2 2 10 4 12 4 10 2 2 2 10 4 12 4 12 5 1 19 6 14 4 8 2 6 4 16 6 17 1 6 1 17 6 16 4 6 2 8 4 14 6 20 7 1 15 6 18 6 17 1 6 1 15 4 10 4 10 4 14 4 10 4 10 4 15 1 6 1 17 6 18 6 15 1 7 20 6 14 4 8 2 6 4 16 6 17 1 6 1 17 6 16 4 6 2 8 4 14 6 19, zy
2368: 1 5 12 4 12 4 10 2 2 2 10 4 12 4 10 4 14 5 1 20 1 5 14 4 10 4 12 4 10 4 14 5 1 20 1 5 14 4 10 4 12 4 10 2 2 2 10 4 12 4 12 5 1 19 6 14 5 1 19 7 1 13 4 10 4 12 4 12 4 10 4 12 4 12 5 1 18 1 5 12 4 12 5 1 18 1 5 12 4 12 5 1 18 1 5 12 4 12 4 10 4 12 4 12 4 10 4 13 1 7 19 1 5 14 6 19, zy
2369: 1 5 12 4 12 4 10 2 4 2 8 4 15 1 6 1 19 6 16 6 20 6 14 4 12 5 1 19 6 16 6 19 1 5 12 4 14 6 20 6 16 6 19 1 6 1 15 4 8 2 4 2 10 4 12 4 12 5 1 17 6 19 1 6 1 15 5 1 20 1 5 14 4 10 4 14 4 8 2 6 2 4 2 10 4 12 4 12 4 12 4 10 2 4 2 6 2 8 4 14 4 10 4 14 5 1 20 1 5 15 1 6 1 19 6 17, zy
2370: 1 5 12 4 12 4 10 4 12 4 12 4 10 4 12 4 12 4 10 4 13 1 7 19 1 5 14 6 19 1 5 12 4 12 4 12 5 1 19 7 1 13 4 10 4 14 6 18 6 16 4 8 4 14 4 8 2 4 2 8 4 14 4 8 4 16 6 18 6 14 4 10 4 13 1 7 19 1 5 12 4 12 4 12 5 1 19 6 14 5 1 19 7 1 13 4 10 4 12 4 12 4 10 4 12 4 12 4 10 4 12 4 12 5 1 18, zy
2371: 1 5 12 4 12 4 10 4 14 4 8 2 4 2 8 2 4 2 8 4 14 4 8 2 4 2 8 2 4 2 8 4 14 4 10 4 12 4 12 5 1 18 1 6 1 17 6 16 5 1 20 1 5 14 6 20 6 14 4 10 4 14 5 1 20 1 5 14 6 20 6 15 1 7 20 6 16 6 18 6 16 6 20 7 1 15 6 20 6 14 5 1 20 1 5 14 4 10 4 14 6 20 6 14 5 1 20 1 5 16 6 17 1 6 1 18, zy
2372: 1 5 12 4 12 4 10 4 14 6 18 6 17 1 6 1 17 6 16 6 19 1 5 14 4 8 2 4 2 8 4 15 1 6 1 17 4 6 2 6 4 17 1 6 1 15 4 8 2 4 2 8 4 14 5 1 19 6 16 6 17 1 6 1 17 6 18 6 14 4 10 4 12 4 12 5 1 18 1 6 1 15 4 8 2 4 2 8 4 14 5 1 20 1 5 16 6 16 5 1 20 1 5 14 4 8 2 4 2 8 4 15 1 6 1 18, zy
2373: 1 5 12 4 12 4 12 4 12 4 10 2 4 2 6 2 8 4 14 4 10 4 14 5 1 20 1 5 15 1 6 1 19 6 17 1 5 12 4 12 5 1 17 6 19 1 6 1 15 5 1 20 1 5 14 4 10 4 14 4 8 2 6 2 4 2 10 4 12 4 12 4 12 4 12 5 1 17 4 8 4 16 6 18 6 18 6 18 6 16 4 8 2 4 2 10 4 10 2 4 2 8 4 16 6 18 6 18 6 18 6 16 4 8 4 17, zy
2374: 1 5 12 4 12 4 12 4 12 4 12 4 10 2 2 2 12 4 10 4 14 4 10 4 14 6 21 1 5 16 6 20 6 14 4 10 4 15 1 6 1 19 6 14 4 12 4 12 5 1 18 1 5 12 4 12 4 12 4 12 4 12 5 1 18 1 5 12 4 12 4 14 6 19 1 6 1 15 4 10 4 14 6 20 6 16 5 1 21 6 14 4 10 4 14 4 10 4 12 2 2 2 10 4 12 4 12 4 12 4 12 4 12 5 1 18, zy
2375: 1 5 12 4 12 4 12 4 12 4 12 4 10 4 16 6 17 1 6 1 18 1 6 1 16 1 6 1 18 1 5 12 4 12 4 12 4 12 4 12 5 1 18 1 6 1 16 1 6 1 18 1 6 1 17 6 16 4 10 4 12 4 12 4 12 4 12 4 12 5 1 18 1 6 1 17 6 17 1 6 1 17 4 6 2 8 4 15 1 6 1 19 6 16 6 19 1 6 1 15 4 8 2 6 4 17 1 6 1 17 6 17 1 6 1 18, zy
2376: 1 5 12 4 12 4 12 4 12 4 12 4 12 2 2 2 8 2 4 2 8 2 4 2 8 2 4 2 8 2 4 2 8 2 4 2 8 2 2 2 12 4 12 4 12 4 12 4 12 4 12 5 1 17 4 8 4 16 6 20 6 14 4 12 4 12 5 1 18 1 5 12 4 12 4 14 6 21 1 5 16 4 8 4 16 4 8 4 16 5 1 21 6 14 4 12 4 12 5 1 18 1 5 12 4 12 4 14 6 20 6 16 4 8 4 17, zy
2377: 1 5 12 4 12 4 12 4 14 6 20 6 16 6 19 1 6 1 17 6 18 6 19 1 5 14 5 1 19 6 18 6 17 1 6 1 19 6 16 6 20 6 14 4 12 4 12 4 12 5 1 18 1 6 1 17 4 6 2 8 4 16 6 18 4 6 2 6 2 8 4 14 4 10 2 2 2 10 2 4 2 6 2 6 2 6 2 4 2 10 2 2 2 10 4 14 4 8 2 6 2 6 4 18 6 16 4 8 2 6 4 17 1 6 1 18, zy
2378: 1 5 12 4 12 4 12 4 14 6 20 6 16 6 19 1 6 1 17 6 18 6 19 1 5 14 5 1 19 6 18 6 17 1 6 1 19 6 16 6 20 6 14 4 12 4 12 4 12 5 1 18 1 6 1 17 4 6 2 8 4 16 6 18 6 19 1 6 1 15 4 10 4 14 5 1 20 1 5 14 4 10 4 14 4 10 4 14 5 1 20 1 5 14 4 10 4 15 1 6 1 19 6 18 6 16 4 8 2 6 4 17 1 6 1 18, zy
2379: 1 5 12 4 12 4 12 4 14 6 20 6 16 6 20 6 16 6 19 1 6 1 17 6 19 1 5 14 5 1 20 1 5 14 4 10 4 16 6 18 6 18 6 18 6 18 6 18 6 18 6 16 4 10 4 14 5 1 20 1 5 14 5 1 19 6 17 1 6 1 19 6 16 6 20 6 16 6 20 6 14 4 12 4 12 4 12 5 1 18 1 6 1 17 6 19 1 6 1 17 6 18 6 18 6 17 1 6 1 19 6 17 1 6 1 18, zy
2380: 1 5 12 4 12 4 14 4 8 2 6 2 6 2 6 2 6 2 8 4 14 4 12 4 10 2 4 2 8 2 4 2 8 2 4 2 10 4 12 4 14 4 8 2 6 2 6 2 6 2 6 2 8 4 14 4 12 4 12 5 1 17 4 8 4 16 4 8 2 6 4 18 6 18 6 18 6 18 4 6 2 8 4 16 5 1 21 6 16 6 21 1 5 16 4 8 2 6 4 18 6 18 6 18 6 18 4 6 2 8 4 16 4 8 4 17, zy
2381: 1 5 12 4 12 4 14 6 20 6 14 4 12 4 12 4 10 4 16 6 18 6 19 1 5 14 4 10 4 14 5 1 20 1 5 14 4 10 4 14 4 10 4 14 5 1 20 1 5 14 4 10 4 14 5 1 19 6 18 6 16 4 10 4 12 4 12 4 14 6 20 6 14 4 12 4 12 5 1 18 1 6 1 17 4 6 2 8 4 16 6 18 6 18 4 6 2 6 2 6 4 18 6 18 6 16 4 8 2 6 4 17 1 6 1 18, zy
2382: 1 5 12 4 12 4 14 6 20 6 16 6 20 6 16 6 19 1 6 1 17 6 18 6 19 1 5 14 4 10 4 14 5 1 19 6 18 6 17 1 6 1 19 6 16 6 20 6 16 6 20 6 14 4 12 4 12 5 1 18 1 6 1 17 6 20 6 14 4 10 4 16 6 18 6 18 4 6 2 6 2 6 2 6 2 6 2 6 2 6 2 6 2 6 2 6 2 6 4 18 6 18 6 16 4 10 4 14 6 20 6 17 1 6 1 18, zy
2383: 1 5 12 4 13 1 7 20 7 1 14 1 7 20 7 1 13 4 12 5 1 19 6 14 4 8 2 6 4 16 6 18 6 14 4 10 4 14 6 19 1 5 14 6 20 6 12 2 2 2 8 2 4 2 8 4 14 4 8 2 4 2 8 4 14 4 8 2 4 2 8 4 14 4 8 2 4 2 8 4 14 4 8 2 4 2 8 2 2 2 12 6 20 6 14 5 1 19 6 14 4 10 4 14 6 18 6 16 4 6 2 8 4 14 6 19, zy
2384: 1 5 12 4 14 4 10 4 14 4 10 2 4 2 6 2 8 4 16 5 1 21 6 16 5 1 21 6 15 1 7 21 1 5 15 1 6 1 20 1 5 14 4 10 2 4 2 8 4 16 4 8 2 4 2 10 4 14 5 1 20 1 6 1 15 5 1 21 7 1 15 6 21 1 5 16 6 21 1 5 16 4 8 2 6 2 4 2 10 4 14 4 10 4 14 4 12 5 1 18 1 6 1 17 6 20 6 16 6 20 6 17 1 6 1 18, zy
2385: 1 5 12 4 14 4 10 4 14 4 10 4 16 6 19 1 6 1 16 1 6 1 19 6 16 4 10 4 14 4 10 4 14 4 12 5 1 18 1 6 1 17 6 19 1 6 1 16 1 6 1 19 6 16 4 10 4 14 4 10 4 14 4 12 5 1 18 1 6 1 17 6 19 1 6 1 16 1 6 1 19 6 17 1 6 1 18 1 5 12 4 14 4 10 4 14 4 10 4 16 6 19 1 6 1 16 1 6 1 19 6 17 1 6 1 18, zy
2386: 1 5 12 4 14 5 1 20 1 5 14 4 10 4 14 4 10 4 14 4 10 4 14 5 1 20 1 5 14 4 12 5 1 19 6 16 4 8 2 4 2 10 4 12 4 12 4 12 4 12 4 14 6 20 6 15 1 7 20 6 16 4 8 4 17 1 6 1 17 6 19 1 6 1 16 1 6 1 19 6 17 1 6 1 17 4 8 4 16 6 20 7 1 15 6 20 6 14 4 12 4 12 4 12 4 12 4 10 2 4 2 8 4 16 6 19, zy
2387: 1 5 12 4 14 5 1 20 1 5 14 4 12 4 12 4 12 4 12 4 14 6 21 1 5 15 1 7 21 1 5 14 4 12 4 12 4 12 4 14 5 1 21 7 1 15 5 1 21 6 14 4 12 4 12 4 12 4 12 4 14 5 1 20 1 5 14 4 12 5 1 17 4 8 2 4 2 10 4 14 5 1 20 1 5 14 4 10 2 4 2 8 4 16 4 8 2 4 2 10 4 14 5 1 20 1 5 14 4 10 2 4 2 8 4 17, zy
2388: 1 5 12 4 14 5 1 20 1 5 14 4 12 5 1 19 6 16 5 1 20 1 6 1 15 4 10 4 14 4 10 4 14 4 10 4 15 1 6 1 20 1 5 16 6 19 1 5 12 4 14 5 1 20 1 5 14 4 12 5 1 19 6 16 5 1 20 1 6 1 15 4 10 4 14 5 1 19 6 18 6 18 6 18 6 19 1 5 14 5 1 19 6 18 6 18 6 18 6 19 1 5 14 4 10 4 15 1 6 1 20 1 5 16 6 19, zy
2389: 1 5 12 4 14 6 20 6 14 4 12 4 10 4 16 6 17 1 6 1 18 1 6 1 16 1 6 1 18 1 6 1 16 1 6 1 18 1 6 1 17 6 16 4 10 4 12 4 14 6 20 6 14 4 12 5 1 18 1 6 1 16 1 6 1 19 6 16 6 18 4 6 2 6 2 8 4 14 4 10 4 14 6 21 1 5 16 5 1 21 6 14 4 10 4 14 4 8 2 6 2 6 4 18 6 16 6 19 1 6 1 16 1 6 1 18, zy
2390: 1 5 12 4 14 6 20 6 16 6 19 1 5 14 5 1 19 6 17 1 6 1 17 6 19 1 5 14 4 10 4 14 5 1 19 6 17 1 6 1 17 6 19 1 5 14 5 1 19 6 16 6 20 6 14 4 12 5 1 18 1 6 1 17 6 17 1 6 1 18 1 6 1 15 4 10 4 14 5 1 20 1 5 14 4 10 4 14 4 10 4 14 5 1 20 1 5 14 4 10 4 15 1 6 1 18 1 6 1 17 6 17 1 6 1 18, zy
2391: 1 5 12 4 14 6 21 1 5 16 6 19 1 6 1 17 6 18 6 18 6 18 6 18 6 18 6 17 1 6 1 19 6 16 5 1 21 6 14 4 12 5 1 19 6 16 6 20 6 16 5 1 21 6 14 4 12 4 10 2 2 2 12 4 10 4 16 6 18 6 18 6 19 1 5 14 4 10 4 14 4 10 4 14 5 1 19 6 18 6 18 6 16 4 10 4 12 2 2 2 10 4 12 4 14 6 21 1 5 16 6 20 6 16 6 19, zy
2392: 1 5 14 4 8 2 6 2 6 2 4 2 10 4 12 4 12 2 2 2 8 4 16 6 19 1 5 14 5 1 20 1 5 16 6 19 1 5 14 5 1 19 6 16 4 8 2 4 2 8 2 4 2 8 4 16 6 19 1 5 14 5 1 19 6 16 5 1 20 1 5 14 5 1 19 6 16 4 8 2 2 2 12 4 12 4 10 2 4 2 6 2 6 2 8 4 14 5 1 19 6 16 4 8 2 4 2 8 2 4 2 8 4 16 6 19, zy
2393: 1 5 14 4 8 2 6 2 6 2 6 4 18 6 16 4 8 4 16 4 8 4 16 6 19 1 5 14 5 1 19 6 16 4 8 4 16 4 8 4 16 6 18 4 6 2 6 2 6 2 8 4 14 5 1 19 6 16 4 8 2 4 2 10 4 10 2 4 2 8 2 2 2 12 4 10 2 4 2 6 2 6 2 8 4 14 4 8 2 6 2 6 2 4 2 10 4 12 2 2 2 8 2 4 2 10 4 10 2 4 2 8 4 16 6 19, zy
2394: 1 5 14 4 10 2 2 2 12 4 10 4 16 6 18 6 19 1 5 14 4 10 4 14 4 10 4 14 4 10 4 14 4 10 4 14 5 1 19 6 18 6 16 4 10 4 12 2 2 2 10 4 14 5 1 20 1 5 14 4 10 4 16 6 18 6 19 1 5 14 4 10 4 14 4 10 4 14 4 10 4 14 4 10 4 14 4 10 4 14 4 10 4 14 4 10 4 14 4 10 4 14 5 1 19 6 18 6 16 4 10 4 14 5 1 20, zy
2395: 1 5 14 4 10 2 2 2 12 4 10 4 16 6 18 6 19 1 5 14 5 1 19 6 18 6 16 4 10 4 12 2 2 2 10 4 14 5 1 20 1 5 14 4 10 4 16 6 18 6 19 1 5 14 4 10 4 14 4 10 4 14 4 10 4 14 4 10 4 14 4 10 4 14 4 10 4 14 4 10 4 14 4 10 4 14 4 10 4 14 4 10 4 14 4 10 4 14 4 10 4 14 5 1 19 6 18 6 16 4 10 4 14 5 1 20, zy
2396: 1 5 14 4 10 2 4 2 6 2 6 2 8 4 14 4 10 4 15 1 6 1 20 1 5 16 6 18 6 19 1 6 1 15 4 10 4 14 4 10 4 14 5 1 20 1 5 14 4 10 4 14 4 10 4 15 1 6 1 19 6 18 6 16 5 1 20 1 6 1 15 4 10 4 14 4 8 2 6 2 6 2 4 2 10 4 14 5 1 20 1 5 14 5 1 20 1 5 15 1 6 1 20 1 6 1 15 5 1 20 1 5 14 5 1 20, zy
2397: 1 5 14 4 10 2 4 2 8 2 4 2 8 4 17 1 6 1 17 6 20 6 16 5 1 21 6 15 1 7 21 1 5 14 4 12 4 12 4 14 6 21 1 5 16 6 21 1 5 16 4 10 4 12 4 14 4 10 4 14 4 12 4 10 4 16 5 1 21 6 16 5 1 21 6 14 4 12 4 12 4 14 5 1 21 7 1 15 6 21 1 5 16 6 20 6 17 1 6 1 17 4 8 2 4 2 8 2 4 2 10 4 14 5 1 20, zy
2398: 1 5 14 4 10 4 14 4 8 2 6 4 17 1 6 1 17 6 18 6 17 1 6 1 17 6 19 1 5 14 5 1 19 6 17 1 6 1 17 6 18 6 17 1 6 1 17 4 6 2 8 4 14 4 10 4 14 5 1 19 6 17 1 6 1 17 6 19 1 5 14 5 1 19 6 16 6 20 6 14 4 10 2 2 2 10 2 2 2 10 2 2 2 10 4 14 6 20 6 16 6 19 1 5 14 5 1 19 6 17 1 6 1 17 6 19, zy
2399: 1 5 14 4 10 4 14 4 10 4 14 5 1 19 6 18 6 18 6 16 4 10 4 14 5 1 20 1 6 1 15 4 8 2 6 2 6 4 18 6 16 4 10 4 12 4 14 6 21 1 5 16 6 19 1 6 1 17 6 18 6 19 1 5 14 5 1 19 6 18 6 17 1 6 1 19 6 16 5 1 21 6 14 4 12 4 10 4 16 6 18 4 6 2 6 2 8 4 15 1 6 1 20 1 5 14 4 10 4 16 6 18 6 18 6 19, zy
2400: 1 5 14 4 10 4 15 1 6 1 19 6 18 6 16 4 8 2 6 4 18 6 16 5 1 21 7 1 15 5 1 21 6 14 4 10 4 14 4 10 2 4 2 6 2 6 2 6 2 6 2 6 2 6 2 8 4 14 4 8 2 6 2 6 2 6 2 6 2 6 2 6 2 4 2 10 4 14 4 10 4 14 6 21 1 5 15 1 7 21 1 5 16 6 18 4 6 2 8 4 16 6 18 6 19 1 6 1 15 4 10 4 14 5 1 20, zy
2401: 1 5 14 5 1 19 6 18 6 18 6 17 1 6 1 19 6 16 4 8 4 18 6 16 5 1 20 1 6 1 15 4 10 4 14 4 8 2 6 2 6 2 6 2 6 2 6 2 6 2 6 2 6 2 6 2 6 2 6 4 18 4 6 2 6 2 6 2 6 2 6 2 6 2 6 2 6 2 6 2 6 2 6 2 8 4 14 4 10 4 15 1 6 1 20 1 5 16 6 18 4 8 4 16 6 19 1 6 1 17 6 18 6 18 6 19, zy
2402: 1 5 14 6 19 1 6 1 15 4 8 4 16 6 16 4 8 4 16 6 16 6 19 1 6 1 15 6 19 1 5 14 6 20 6 14 6 20 6 14 5 1 19 6 15 1 6 1 19 6 16 6 16 4 8 4 16 6 16 4 8 4 15 1 6 1 19 6 14 5 1 19 6 15 1 6 1 19 6 15 1 6 1 19 6 14 4 10 4 12 4 12 4 10 4 12 4 12 4 10 4 14 6 19 1 6 1 15 6 19 1 6 1 15 6 19, zy
2403: 1 5 10 2 4 2 6 2 6 2 6 2 6 4 16 6 18 6 16 6 18 6 17 1 5 12 5 1 18 1 5 12 4 12 5 1 18 1 5 12 5 1 17 6 18 6 16 6 18 6 16 4 6 2 6 2 6 2 6 2 4 2 10 5 1 17 6 18 6 16 6 18 6 16 6 19 1 5 14 6 20 6 14 5 1 19 6 16 6 18 6 16 6 18 6 16 6 19 1 5 14 6 20 6 14 5 1 19 6 16 6 18 6 16 6 18 6 17, zy
2404: 1 5 12 2 2 2 10 4 12 4 12 4 12 4 12 4 10 4 15 1 6 1 19 6 16 6 20 7 1 13 4 12 4 12 5 1 18 1 5 12 4 12 4 12 4 12 4 12 5 1 18 1 5 12 4 12 4 13 1 7 20 6 16 6 19 1 6 1 15 4 10 4 12 4 12 4 12 4 12 4 10 2 2 2 12 5 1 18 1 6 1 17 6 18 6 16 4 10 4 12 4 12 4 12 4 12 4 10 4 16 6 18 6 17 1 6 1 18, zy
2405: 1 5 12 2 2 2 10 4 14 4 8 2 6 2 6 4 18 6 17 1 6 1 19 6 16 6 20 6 16 6 20 6 16 6 19 1 6 1 17 6 18 4 6 2 6 2 8 4 14 4 10 2 2 2 12 5 1 19 6 18 6 16 4 8 2 4 2 10 4 12 2 2 2 10 4 12 4 12 2 2 2 8 2 6 4 17 1 6 1 17 4 6 2 8 2 2 2 12 4 12 4 10 2 2 2 12 4 10 2 4 2 8 4 16 6 18 6 19, zy
2406: 1 5 12 2 2 2 10 4 14 4 10 2 2 2 12 4 10 2 2 2 12 4 12 4 12 4 12 2 2 2 10 4 12 2 2 2 10 4 14 4 10 2 2 2 12 5 1 18 1 6 1 17 4 6 2 8 2 4 2 8 2 4 2 10 4 12 4 14 5 1 20 1 5 14 4 12 4 12 5 1 17 4 8 4 17 1 5 12 4 12 4 14 5 1 20 1 5 14 4 12 4 10 2 4 2 8 2 4 2 8 2 6 4 17 1 6 1 18, zy
2407: 1 5 12 4 10 4 14 4 8 2 4 2 8 4 14 4 10 4 10 2 4 2 6 2 6 2 6 4 16 6 19 1 5 14 4 10 4 12 4 10 4 14 4 8 4 16 6 16 4 8 4 16 6 16 4 8 4 14 4 10 4 12 4 10 4 14 5 1 19 6 16 4 6 2 6 2 6 2 4 2 10 4 10 4 14 4 8 2 4 2 8 4 14 4 10 4 12 5 1 17 4 6 2 6 2 4 2 10 4 10 2 4 2 6 2 6 4 17, zy
2408: 1 5 12 4 12 4 10 4 14 6 19 1 6 1 15 5 1 20 1 5 14 5 1 19 6 16 6 18 6 16 6 18 6 16 6 19 1 5 14 5 1 20 1 5 15 1 6 1 19 6 14 4 10 4 12 4 12 5 1 18 1 6 1 17 6 16 4 6 2 8 4 14 6 20 7 1 15 6 18 6 17 1 6 1 17 6 17 1 6 1 17 6 17 1 6 1 17 6 18 6 15 1 7 20 6 14 4 8 2 6 4 16 6 17 1 6 1 18, zy
2409: 1 5 12 4 12 4 12 4 12 4 10 2 4 2 6 2 8 4 14 4 10 4 14 5 1 20 1 5 15 1 6 1 19 6 17 1 5 12 4 12 5 1 17 6 19 1 6 1 15 5 1 20 1 5 14 4 10 4 14 4 8 2 6 2 4 2 10 4 12 4 12 4 12 4 12 5 1 17 4 8 4 16 6 18 6 18 6 18 6 16 4 8 2 4 2 8 2 4 2 8 2 4 2 8 4 16 6 18 6 18 6 18 6 16 4 8 4 17, zy
2410: 1 5 12 4 12 4 12 4 12 4 12 4 10 4 15 1 6 1 19 6 16 6 18 6 19 1 5 14 4 10 4 14 5 1 20 1 5 15 1 6 1 19 6 16 4 8 4 16 6 19 1 6 1 15 5 1 20 1 5 14 4 10 4 14 5 1 19 6 18 6 16 6 19 1 6 1 15 4 10 4 12 4 12 4 12 4 12 4 12 5 1 18 1 6 1 17 6 16 4 10 4 12 4 12 4 12 4 12 4 10 4 16 6 17 1 6 1 18, zy
2411: 1 5 12 4 12 4 12 4 12 4 12 4 12 4 12 4 12 4 12 4 10 2 4 2 8 4 16 6 19 1 5 12 4 14 4 8 2 6 4 18 6 16 4 8 2 4 2 10 4 12 4 12 4 12 4 12 4 12 4 12 4 12 4 12 4 12 4 12 4 10 2 4 2 8 4 16 6 18 4 6 2 8 4 14 4 12 5 1 19 6 16 4 8 2 4 2 10 4 12 4 12 4 12 4 12 4 12 4 12 4 12 4 12 4 12 5 1 18, zy
2412: 1 5 12 4 12 4 12 4 12 4 12 4 12 5 1 17 4 8 4 16 6 20 6 14 4 12 4 10 2 4 2 8 4 15 1 7 21 1 5 14 4 12 5 1 19 6 16 5 1 21 7 1 15 6 20 6 16 4 8 2 4 2 8 2 4 2 8 2 4 2 8 2 4 2 8 4 16 6 20 6 15 1 7 21 1 5 16 6 19 1 5 12 4 14 5 1 21 7 1 15 4 8 2 4 2 10 4 12 4 14 6 20 6 16 4 8 4 17, zy
2413: 1 5 12 4 12 4 12 5 1 17 4 8 4 14 4 10 4 14 4 8 2 4 2 8 2 4 2 8 2 4 2 8 4 14 4 10 4 14 5 1 19 6 18 6 16 6 18 4 6 2 6 2 6 2 6 2 6 2 4 2 10 4 12 4 12 4 10 2 4 2 6 2 6 2 6 2 6 2 6 4 18 6 16 6 18 6 19 1 5 14 4 10 4 14 4 8 2 4 2 8 2 4 2 8 2 4 2 8 4 14 4 10 4 14 4 8 4 17, zy
2414: 1 5 12 4 12 5 1 17 4 6 2 6 2 6 4 16 4 6 2 6 2 6 4 16 6 18 6 16 6 19 1 5 14 4 10 4 12 4 10 4 14 4 8 4 15 1 6 1 18 1 6 1 15 4 8 4 15 1 6 1 18 1 6 1 15 4 8 4 14 4 10 4 12 4 10 4 14 5 1 19 6 16 6 18 6 16 4 6 2 6 2 6 4 16 4 6 2 6 2 6 4 17 1 5 12 4 12 5 1 18 1 5 12 4 12 5 1 18, zy
2415: 1 5 12 4 12 5 1 17 6 19 1 5 14 5 1 19 6 16 6 20 6 16 6 18 4 6 2 6 2 6 2 8 4 14 5 1 19 6 16 4 8 4 16 4 8 4 16 6 19 1 5 14 5 1 19 6 16 4 8 2 4 2 8 2 4 2 8 4 16 6 19 1 5 14 5 1 19 6 16 4 8 4 16 4 8 4 16 6 19 1 5 14 4 8 2 6 2 6 2 6 4 18 6 16 6 20 6 16 6 19 1 5 14 5 1 19 6 17, zy
2416: 1 5 12 4 14 4 8 2 4 2 10 4 12 4 12 4 10 2 4 2 8 4 14 4 12 5 1 19 6 16 5 1 21 7 1 15 6 20 6 14 4 12 4 10 4 14 4 10 4 14 4 10 4 12 4 13 1 7 20 6 14 4 12 4 10 4 15 1 6 1 19 6 16 6 19 1 6 1 15 4 10 4 12 4 14 6 20 7 1 13 4 12 4 10 4 14 4 10 4 14 4 10 4 12 4 14 6 20 6 15 1 7 21 1 5 16 6 19, zy
2417: 1 5 12 4 14 5 1 20 1 5 14 4 10 4 14 4 10 4 12 4 14 6 20 6 16 6 18 6 19 1 5 14 4 10 4 14 5 1 20 1 5 16 6 18 6 18 6 18 6 16 4 8 2 4 2 10 4 10 2 4 2 8 4 16 6 18 6 18 6 18 6 16 5 1 20 1 5 14 4 10 4 14 5 1 19 6 18 6 16 6 20 6 14 4 12 4 10 4 14 4 10 4 14 5 1 20 1 5 14 4 12 5 1 19 6 16 6 19, zy
2418: 1 5 14 4 10 2 2 2 10 2 2 2 10 4 14 4 10 4 12 4 14 6 20 6 16 5 1 21 6 14 4 10 4 14 4 10 4 14 5 1 19 6 17 1 6 1 17 6 19 1 5 14 4 10 4 14 4 10 4 14 6 21 1 5 16 6 20 6 14 4 12 4 10 4 14 4 10 2 2 2 10 2 2 2 10 4 14 5 1 19 6 18 6 16 4 8 2 4 2 8 2 6 4 16 4 6 2 8 2 4 2 8 4 16 6 18 6 19, zy
2419: 1 5 14 4 10 4 14 4 12 4 10 4 16 6 20 6 16 6 20 6 16 5 1 21 6 14 4 12 4 10 2 4 2 8 2 4 2 8 2 4 2 8 2 4 2 10 4 12 4 14 6 21 1 5 16 6 20 6 16 6 20 6 16 4 10 4 12 4 14 4 10 4 14 5 1 20 1 5 15 1 6 1 20 1 5 14 4 10 4 16 6 20 6 14 4 12 4 12 4 14 6 20 6 16 4 10 4 14 5 1 20 1 6 1 15 5 1 20, zy
2420: 1 5 16 6 20 6 18 6 18 4 6 2 8 2 4 2 8 2 6 4 18 6 18 6 20 6 16 6 21 1 5 16 6 20 6 18 6 18 4 6 2 8 2 4 2 10 4 12 4 14 4 10 4 16 6 20 6 16 4 10 4 14 4 12 4 10 2 4 2 8 2 6 4 18 6 18 6 20 6 16 5 1 21 6 16 6 20 6 18 6 18 4 6 2 8 2 4 2 8 2 6 4 18 6 18 6 20 6 16 5 1 21 6 14 4 14 6 21, zy
2421: 1 5 10 2 2 2 10 2 2 2 10 4 12 4 10 4 14 6 19 1 6 1 15 6 19 1 6 1 15 6 19 1 5 14 6 20 6 14 6 20 6 14 5 1 19 6 15 1 6 1 19 6 15 1 6 1 19 6 14 4 10 4 12 4 10 2 2 2 10 2 2 2 10 5 1 17 6 16 4 8 4 15 1 6 1 18 1 6 1 15 4 8 2 4 2 8 4 14 4 8 2 4 2 8 4 15 1 6 1 18 1 6 1 15 4 8 4 16 6 17, zy
2422: 1 5 10 2 4 2 6 2 6 2 4 2 10 5 1 17 6 16 4 8 4 14 4 8 2 6 4 15 1 6 1 18 1 6 1 15 4 8 4 14 4 10 4 12 5 1 17 6 18 6 14 4 10 4 14 6 18 6 17 1 6 1 16 1 6 1 17 6 17 1 6 1 16 1 6 1 17 6 18 6 14 4 10 4 14 6 18 6 17 1 5 12 4 10 4 14 4 8 4 15 1 6 1 18 1 6 1 15 4 6 2 8 4 14 4 8 4 16 6 17, zy
2423: 1 5 12 2 2 2 8 2 4 2 8 4 14 4 8 4 16 6 18 6 15 1 7 20 6 14 5 1 19 6 14 4 10 4 14 6 19 1 5 14 6 20 7 1 15 6 18 6 16 4 8 4 14 4 8 2 4 2 8 2 2 2 12 5 1 19 6 15 1 6 1 19 6 15 1 6 1 19 6 14 4 10 4 12 4 12 5 1 18 1 6 1 16 1 6 1 18 1 5 12 4 12 4 10 4 14 6 19 1 6 1 15 6 19 1 6 1 15 6 19, zy
2424: 1 5 12 2 2 2 8 4 16 6 16 6 19 1 6 1 15 6 18 6 17 1 6 1 17 6 16 6 19 1 5 14 6 20 6 14 5 1 19 6 16 6 17 1 6 1 17 6 18 6 15 1 6 1 19 6 16 6 16 4 8 2 2 2 12 5 1 18 1 6 1 17 6 16 6 18 6 16 4 8 4 14 4 8 2 4 2 8 4 15 1 6 1 18 1 6 1 15 4 8 2 4 2 8 4 14 4 8 4 16 6 18 6 16 6 17 1 6 1 18, zy
2425: 1 5 12 2 2 2 10 2 2 2 10 2 2 2 10 2 2 2 10 2 2 2 10 2 2 2 10 2 2 2 12 5 1 20 1 5 15 1 7 21 1 5 14 4 12 4 10 4 16 6 19 1 5 12 4 14 4 8 2 6 2 6 4 18 6 18 6 16 4 10 4 14 5 1 19 6 18 6 19 1 5 14 4 10 4 16 6 18 6 18 4 6 2 6 2 8 4 14 4 12 5 1 19 6 16 4 10 4 12 4 14 5 1 21 7 1 15 5 1 20, zy
2426: 1 5 12 2 2 2 10 4 12 4 10 2 4 2 6 2 6 4 18 7 1 13 4 10 4 14 5 1 20 1 5 14 4 8 2 6 4 16 4 6 2 6 2 8 4 12 4 13 1 7 19 1 6 1 16 1 6 1 19 7 1 13 4 12 4 8 2 6 2 6 4 16 4 6 2 8 4 14 5 1 20 1 5 14 4 10 4 13 1 7 18 4 6 2 6 2 4 2 10 4 12 4 10 2 2 2 12 5 1 20 1 5 14 4 10 4 14 5 1 20, zy
2427: 1 5 12 2 2 2 10 4 12 4 12 4 12 4 12 4 10 4 15 1 6 1 19 6 16 6 19 1 5 14 5 1 20 1 5 16 6 18 6 18 6 17 1 6 1 17 6 19 1 5 14 5 1 19 6 16 4 8 4 16 6 19 1 5 14 5 1 19 6 17 1 6 1 17 6 18 6 18 6 16 5 1 20 1 5 14 5 1 19 6 16 6 19 1 6 1 15 4 10 4 12 4 12 4 12 4 12 4 10 2 2 2 12 5 1 19 6 16 6 19, zy
2428: 1 5 12 2 2 2 10 4 12 4 13 1 7 20 6 15 1 7 20 6 16 4 8 4 16 6 19 1 5 14 5 1 19 6 16 5 1 20 1 5 14 5 1 19 6 16 4 8 4 16 6 19 1 5 14 5 1 20 1 5 16 6 19 1 5 14 5 1 19 6 16 4 8 4 16 6 20 7 1 15 6 20 7 1 13 4 12 4 10 2 2 2 12 5 1 19 6 16 6 20 7 1 14 1 7 20 6 16 6 20 7 1 14 1 7 20 6 16 6 19, zy
2429: 1 5 12 2 2 2 10 4 14 4 10 4 14 6 21 1 5 14 4 12 4 10 2 2 2 12 4 10 4 16 6 18 6 18 6 18 6 18 6 18 6 18 6 18 6 16 4 10 4 12 2 2 2 10 4 12 4 14 5 1 21 6 14 4 10 4 14 4 10 2 2 2 12 5 1 20 1 5 15 1 7 21 1 5 14 4 12 4 10 4 16 6 18 6 19 1 5 14 5 1 19 6 18 6 16 4 10 4 12 4 14 5 1 21 7 1 15 5 1 20, zy
2430: 1 5 12 2 2 2 10 4 14 5 1 21 7 1 15 4 8 2 6 4 18 6 16 4 8 2 4 2 10 4 12 4 12 4 12 4 13 1 7 20 6 16 6 20 7 1 13 4 12 4 12 4 12 4 10 2 4 2 8 4 16 6 18 4 6 2 8 4 15 1 7 21 1 5 14 4 10 2 2 2 12 5 1 19 6 16 4 8 2 4 2 10 4 12 4 12 4 14 6 20 6 16 6 20 6 14 4 12 4 12 4 10 2 4 2 8 4 16 6 19, zy
2431: 1 5 12 2 2 2 10 4 14 6 20 6 16 6 20 6 14 4 10 2 2 2 12 5 1 19 6 16 6 20 6 14 4 10 2 4 2 6 2 8 4 14 4 10 4 14 5 1 20 1 5 16 6 18 6 19 1 5 14 4 10 4 14 4 10 4 14 6 20 6 16 4 8 4 16 6 20 6 14 4 10 4 14 4 10 4 14 5 1 19 6 18 6 16 5 1 20 1 5 14 4 10 4 14 4 8 2 6 2 4 2 10 4 14 6 20 6 16 6 19, zy
2432: 1 5 12 2 2 2 10 4 14 6 20 6 16 6 20 6 14 4 10 2 4 2 6 2 6 2 6 2 6 2 6 2 6 2 6 2 4 2 10 4 14 6 20 6 16 6 20 6 14 4 10 2 2 2 12 5 1 19 6 16 6 20 6 14 4 10 2 4 2 6 2 8 4 14 4 10 4 14 5 1 20 1 5 16 6 19 1 5 14 5 1 19 6 16 5 1 20 1 5 14 4 10 4 14 4 8 2 6 2 4 2 10 4 14 6 20 6 16 6 19, zy
2433: 1 5 12 2 2 2 10 4 14 6 20 6 16 6 20 6 14 4 12 5 1 19 6 16 6 19 1 5 12 4 14 6 20 6 16 6 20 6 14 4 10 2 2 2 12 5 1 19 6 16 4 8 4 16 6 20 6 14 4 10 4 14 4 10 4 14 5 1 19 6 18 6 16 4 8 4 17 1 5 12 4 12 4 12 4 12 4 12 5 1 17 4 8 4 16 6 18 6 19 1 5 14 4 10 4 14 4 10 4 14 6 20 6 16 4 8 4 16 6 19, zy
2434: 1 5 12 2 2 2 10 4 16 6 19 1 5 14 5 1 19 6 18 6 19 1 5 14 5 1 19 6 16 4 10 2 2 2 12 5 1 18 1 6 1 17 6 19 1 6 1 15 4 10 2 4 2 6 2 8 4 16 4 8 2 4 2 10 4 14 5 1 19 6 18 6 19 1 6 1 15 4 10 4 15 1 6 1 19 6 18 6 19 1 5 14 4 10 2 4 2 8 4 16 4 8 2 6 2 4 2 10 4 15 1 6 1 19 6 17 1 6 1 18, zy
2435: 1 5 12 4 10 2 4 2 8 4 16 6 19 1 6 1 16 1 6 1 19 6 16 4 8 2 4 2 10 4 12 4 10 2 4 2 8 4 16 6 19 1 6 1 16 1 6 1 19 6 16 4 8 2 4 2 10 4 12 5 1 17 4 6 2 8 4 16 6 18 6 19 1 5 14 5 1 19 6 18 6 16 4 8 2 6 4 17 1 5 12 5 1 17 4 6 2 8 4 16 6 18 6 19 1 5 14 5 1 19 6 18 6 16 4 8 2 6 4 17, zy
2436: 1 5 12 4 12 2 2 2 10 4 14 4 10 4 15 1 6 1 19 6 18 6 18 6 20 6 14 4 12 4 14 6 20 6 18 6 18 6 19 1 6 1 15 4 10 4 14 4 10 2 2 2 12 4 12 5 1 17 4 8 4 17 1 6 1 17 6 20 6 16 6 20 6 18 6 18 6 18 4 6 2 8 4 16 5 1 21 6 16 6 21 1 5 16 4 8 2 6 4 18 6 18 6 18 6 20 6 16 6 20 6 17 1 6 1 17 4 8 4 17, zy
2437: 1 5 12 4 12 4 10 2 2 2 10 2 2 2 10 4 12 4 10 2 2 2 10 2 2 2 10 4 12 4 12 5 1 18 1 6 1 17 6 16 4 8 4 16 6 18 6 16 6 18 4 6 4 18 6 14 4 12 5 1 19 6 16 6 18 6 16 6 19 1 6 1 15 4 8 2 4 2 8 4 15 1 6 1 19 6 16 6 18 6 16 6 19 1 5 12 4 14 6 18 4 6 4 18 6 16 6 18 6 16 4 8 4 16 6 17 1 6 1 18, zy
2438: 1 5 12 4 12 4 10 2 2 2 10 4 12 4 10 2 2 2 10 4 12 4 12 5 1 19 6 14 4 8 2 6 4 16 6 17 1 6 1 17 6 16 4 6 2 8 4 14 6 20 7 1 15 6 18 6 17 1 6 1 15 4 8 2 4 2 8 4 14 4 8 2 4 2 8 4 14 4 8 2 4 2 8 4 15 1 6 1 17 6 18 6 15 1 7 20 6 14 4 8 2 6 4 16 6 17 1 6 1 17 6 16 4 6 2 8 4 14 6 19, zy
2439: 1 5 12 4 12 4 10 2 2 2 10 4 12 4 10 4 14 5 1 20 1 5 14 4 10 4 12 4 10 4 14 5 1 20 1 5 14 4 10 4 12 4 10 2 2 2 10 4 12 4 12 5 1 19 6 14 4 8 2 4 2 8 2 4 2 8 4 14 6 19 1 5 12 4 13 1 7 20 7 1 14 1 7 20 7 1 14 1 7 20 7 1 14 1 7 20 7 1 13 4 12 5 1 19 6 14 4 8 2 4 2 8 2 4 2 8 4 14 6 19, zy
2440: 1 5 12 4 12 4 10 2 2 2 10 4 12 4 12 5 1 19 6 14 4 8 2 6 4 16 6 17 1 6 1 17 6 16 4 6 2 8 4 14 6 20 7 1 15 6 18 6 17 1 6 1 15 4 8 2 4 2 8 4 14 4 8 2 4 2 8 4 14 4 8 2 4 2 8 4 14 4 8 2 4 2 8 4 15 1 6 1 17 6 18 6 15 1 7 20 6 14 4 8 2 6 4 16 6 17 1 6 1 17 6 16 4 6 2 8 4 14 6 19, zy
2441: 1 5 12 4 12 4 12 4 10 4 16 6 18 6 16 4 10 4 12 4 12 4 12 4 10 4 16 6 18 6 16 4 10 4 12 4 12 4 12 5 1 17 4 6 2 8 4 14 4 10 2 2 2 10 4 14 5 1 20 1 5 14 4 10 2 2 2 10 4 14 4 8 2 6 4 17 1 5 12 4 12 4 12 5 1 17 4 6 2 8 4 14 4 10 2 2 2 10 4 14 5 1 20 1 5 14 4 10 2 2 2 10 4 14 4 8 2 6 4 17, zy
2442: 1 5 12 4 12 4 12 4 12 4 12 4 10 2 4 2 6 2 8 4 14 4 10 4 14 6 21 1 5 16 6 20 6 14 4 10 4 14 4 10 4 14 5 1 20 1 5 14 4 10 2 4 2 6 2 6 2 4 2 10 4 14 5 1 20 1 5 14 4 10 4 14 4 10 4 14 6 20 6 16 5 1 21 6 14 4 10 4 14 4 8 2 6 2 4 2 10 4 12 4 12 4 12 4 12 4 12 5 1 18 1 6 1 17 6 17 1 6 1 18, zy
2443: 1 5 12 4 12 4 12 4 12 4 12 4 12 4 12 2 2 2 8 2 4 2 8 2 4 2 8 2 2 2 12 4 12 4 12 4 12 4 12 4 12 4 12 5 1 17 4 8 4 16 6 20 6 14 4 12 4 12 5 1 18 1 5 12 4 12 4 14 6 20 6 17 1 5 12 4 12 4 12 4 12 4 12 4 12 4 12 4 12 4 12 5 1 17 6 20 6 14 4 12 4 12 5 1 18 1 5 12 4 12 4 14 6 20 6 16 4 8 4 17, zy
2444: 1 5 12 4 12 4 12 4 12 4 12 4 12 4 12 4 12 4 12 4 12 5 1 17 4 8 4 16 6 20 6 14 4 12 5 1 18 1 5 12 4 12 4 12 4 12 4 14 6 20 6 15 1 7 20 6 16 4 8 2 4 2 10 4 12 4 12 4 12 4 12 4 12 4 12 4 12 4 12 4 10 2 4 2 8 4 16 6 20 7 1 15 6 20 6 14 4 12 4 12 4 12 4 12 5 1 18 1 5 12 4 14 6 20 6 16 4 8 4 17, zy
2445: 1 5 12 4 12 4 12 4 12 4 12 5 1 17 4 6 2 8 4 16 6 18 6 18 6 18 6 17 1 6 1 17 6 19 1 5 14 5 1 19 6 16 5 1 20 1 6 1 15 6 20 6 16 6 18 4 6 2 8 4 15 1 6 1 19 6 16 6 19 1 6 1 15 4 8 2 6 4 18 6 16 6 20 6 15 1 6 1 20 1 5 16 6 19 1 5 14 5 1 19 6 17 1 6 1 17 6 18 6 18 6 18 6 16 4 8 2 6 4 17, zy
2446: 1 5 12 4 12 4 12 4 12 4 12 5 1 17 4 8 4 16 6 20 7 1 15 6 20 6 16 6 19 1 6 1 17 6 19 1 5 14 5 1 20 1 5 14 4 10 4 15 1 6 1 20 1 5 14 4 12 5 1 19 6 16 6 21 1 5 16 5 1 21 6 16 6 19 1 5 12 4 14 5 1 20 1 6 1 15 4 10 4 14 5 1 20 1 5 14 5 1 19 6 17 1 6 1 19 6 16 6 20 6 15 1 7 20 6 16 4 8 4 17, zy
2447: 1 5 12 4 12 4 12 4 12 4 14 6 20 6 15 1 7 20 6 16 5 1 21 6 14 4 10 2 4 2 6 2 8 4 14 4 12 5 1 19 6 16 4 8 2 4 2 10 4 12 4 12 4 14 6 20 6 16 6 20 6 16 6 20 6 14 4 12 4 12 4 10 2 4 2 8 4 16 6 19 1 5 12 4 14 4 8 2 6 2 4 2 10 4 14 6 21 1 5 16 6 20 7 1 15 6 20 6 14 4 12 4 12 4 12 4 12 5 1 18, zy
2448: 1 5 12 4 12 4 12 5 1 17 4 6 2 8 4 14 4 10 2 2 2 10 4 14 5 1 20 1 5 14 4 12 5 1 19 6 16 6 20 6 14 4 10 4 14 4 10 4 14 5 1 20 1 5 14 4 10 4 14 4 10 4 14 6 20 6 16 6 19 1 5 12 4 14 5 1 20 1 5 14 4 10 2 2 2 10 4 14 4 8 2 6 4 17 1 5 12 4 12 4 12 5 1 17 4 6 2 8 4 16 6 18 6 16 4 8 2 6 4 17, zy
2449: 1 5 12 4 12 4 12 5 1 19 6 14 4 8 2 6 4 16 6 17 1 6 1 17 6 16 4 6 2 8 4 14 6 20 7 1 15 6 18 6 17 1 6 1 15 4 8 2 4 2 8 4 14 4 8 2 4 2 8 4 14 4 8 2 4 2 8 4 14 4 8 2 4 2 8 4 14 4 8 2 4 2 8 4 15 1 6 1 17 6 18 6 15 1 7 20 6 14 4 8 2 6 4 16 6 17 1 6 1 17 6 16 4 6 2 8 4 14 6 19, zy
2450: 1 5 12 4 12 4 12 5 1 19 6 14 4 8 2 6 4 16 6 18 6 14 4 10 4 14 6 19 1 5 14 6 20 6 12 2 2 2 10 4 10 4 14 4 8 2 4 2 8 4 14 4 8 2 4 2 8 4 14 4 10 4 10 2 2 2 12 6 20 6 14 5 1 19 6 14 4 10 4 14 6 18 6 16 4 6 2 8 4 14 6 19 1 5 12 4 12 4 12 5 1 19 6 14 5 1 18 1 6 1 16 1 6 1 18 1 5 14 6 19, zy
2451: 1 5 12 4 12 4 12 5 1 19 6 14 4 8 2 6 4 16 6 18 6 16 6 19 1 5 14 4 8 2 6 4 16 6 17 1 6 1 17 6 18 6 14 4 10 4 14 6 19 1 5 12 4 14 6 18 6 16 6 19 1 5 14 6 20 6 14 5 1 19 6 16 6 18 6 14 4 12 5 1 19 6 14 4 10 4 14 6 18 6 17 1 6 1 17 6 16 4 6 2 8 4 14 5 1 19 6 16 6 18 6 16 4 6 2 8 4 14 6 19, zy
2452: 1 5 12 4 12 4 13 1 7 20 6 16 6 20 6 14 4 12 5 1 18 1 6 1 16 1 6 1 18 1 5 12 4 14 6 20 6 16 6 20 7 1 13 4 12 4 12 5 1 18 1 5 12 4 14 6 20 6 16 6 19 1 6 1 15 5 1 19 6 18 6 17 1 5 12 5 1 17 6 19 1 5 14 4 10 4 14 5 1 19 6 17 1 5 12 5 1 17 6 18 6 19 1 5 15 1 6 1 19 6 16 6 20 6 14 4 12 5 1 18, zy
2453: 1 5 12 4 12 5 1 17 6 19 1 6 1 15 5 1 20 1 5 14 4 10 4 14 4 8 2 6 4 18 6 16 6 20 7 1 13 4 12 4 10 2 4 2 6 2 8 4 14 4 8 2 6 2 6 2 4 2 10 4 12 4 12 4 12 4 12 4 10 2 4 2 6 2 6 2 8 4 14 4 8 2 6 2 4 2 10 4 12 4 13 1 7 20 6 16 6 18 4 6 2 8 4 14 4 10 4 14 5 1 20 1 5 15 1 6 1 19 6 17, zy
2454: 1 5 12 4 14 4 8 2 4 2 8 2 6 4 16 6 20 6 14 4 10 4 14 4 10 4 14 6 20 6 16 4 6 2 8 2 4 2 8 4 14 4 12 5 1 19 6 16 6 20 6 14 4 10 2 4 2 6 2 6 2 6 2 6 2 6 4 18 6 16 4 8 4 16 5 1 21 6 14 4 10 4 14 4 10 4 14 6 21 1 5 16 4 8 4 16 6 18 4 6 2 6 2 6 2 6 2 6 2 4 2 10 4 14 6 20 6 16 6 19, zy
2455: 1 5 12 4 14 4 8 2 4 2 10 4 12 2 2 2 8 2 6 4 17 1 5 12 5 1 17 4 6 2 8 4 16 6 19 1 5 12 4 14 4 8 2 4 2 10 4 12 4 14 6 20 6 16 6 20 6 14 4 12 4 10 2 4 2 8 4 14 4 12 5 1 19 6 16 4 8 2 6 4 17 1 5 12 5 1 17 4 6 2 8 2 2 2 12 4 10 2 4 2 8 4 14 4 12 5 1 19 6 17 1 6 1 18 1 6 1 17 6 19, zy
2456: 1 5 12 4 14 4 8 2 6 2 6 4 18 6 18 6 16 4 10 4 14 5 1 20 1 5 14 4 10 4 16 6 18 6 18 4 6 2 6 2 8 4 14 4 12 5 1 19 6 16 4 8 2 6 2 4 2 10 4 12 4 14 5 1 20 1 6 1 15 4 10 4 14 5 1 19 6 18 6 18 6 18 6 18 6 18 6 18 6 18 6 19 1 5 14 4 10 4 15 1 6 1 20 1 5 14 4 12 4 10 2 4 2 6 2 8 4 16 6 19, zy
2457: 1 5 12 4 14 4 10 4 16 6 18 4 8 4 16 4 8 4 18 6 16 4 10 4 14 4 12 5 1 19 6 16 4 8 2 6 2 6 2 6 2 6 2 8 4 14 4 12 4 12 4 12 4 12 4 14 5 1 20 1 6 1 15 5 1 20 1 5 14 4 10 4 16 6 20 6 16 4 10 4 14 5 1 20 1 5 15 1 6 1 20 1 5 14 4 12 4 12 4 12 4 12 4 14 4 8 2 6 2 6 2 6 2 6 2 8 4 16 6 19, zy
2458: 1 5 12 4 14 5 1 20 1 5 14 4 10 4 15 1 6 1 19 6 17 1 6 1 17 4 8 4 16 6 19 1 6 1 16 1 6 1 19 6 16 4 8 4 17 1 6 1 17 6 19 1 6 1 15 4 10 4 14 5 1 20 1 5 14 4 12 5 1 18 1 6 1 17 6 20 6 14 4 10 2 2 2 12 4 10 4 16 6 18 6 19 1 5 14 5 1 19 6 18 6 16 4 10 4 12 2 2 2 10 4 14 6 20 6 17 1 6 1 18, zy
2459: 1 5 12 4 14 5 1 20 1 5 14 5 1 19 6 18 6 16 4 8 2 6 4 18 6 16 5 1 20 1 6 1 16 1 6 1 19 6 16 6 20 6 16 4 8 4 16 4 8 4 16 6 20 6 16 6 19 1 6 1 16 1 6 1 20 1 5 16 6 18 4 6 2 8 4 16 6 18 6 19 1 5 14 5 1 20 1 5 14 4 12 5 1 19 6 16 5 1 21 7 1 15 6 21 1 5 16 5 1 21 6 15 1 7 21 1 5 16 6 19, zy
2460: 1 5 12 4 14 5 1 20 1 5 14 5 1 19 6 18 6 16 4 10 4 12 4 14 6 20 6 17 1 6 1 17 6 20 6 14 4 12 4 10 4 16 6 18 6 19 1 5 14 5 1 20 1 5 14 4 12 5 1 19 6 16 5 1 20 1 6 1 16 1 6 1 19 6 16 4 8 2 4 2 10 4 12 4 12 4 12 4 12 4 12 4 12 4 12 4 12 4 10 2 4 2 8 4 16 6 19 1 6 1 16 1 6 1 20 1 5 16 6 19, zy
2461: 1 5 12 4 14 5 1 20 1 6 1 15 4 10 4 14 5 1 20 1 5 14 4 10 4 14 4 10 4 14 4 10 4 14 4 10 4 14 5 1 20 1 5 14 4 10 4 15 1 6 1 20 1 5 14 4 12 5 1 19 6 16 5 1 21 7 1 15 6 21 1 5 16 6 20 6 16 6 19 1 6 1 17 6 18 6 19 1 5 14 5 1 19 6 18 6 17 1 6 1 19 6 16 6 20 6 16 5 1 21 6 15 1 7 21 1 5 16 6 19, zy
2462: 1 5 12 4 14 6 18 6 18 6 16 6 19 1 6 1 15 4 8 4 16 6 18 6 17 1 6 1 17 6 18 6 16 4 8 4 15 1 6 1 19 6 16 6 18 6 18 6 14 4 12 5 1 19 6 14 4 10 2 2 2 10 4 14 6 19 1 6 1 15 4 8 2 4 2 8 2 4 2 8 4 14 4 10 4 12 4 12 4 10 4 14 4 8 2 4 2 8 2 4 2 8 4 15 1 6 1 19 6 14 4 10 2 2 2 10 4 14 6 19, zy
2463: 1 5 12 4 14 6 20 6 16 6 18 6 19 1 5 14 4 10 4 14 5 1 19 6 17 1 6 1 17 6 19 1 5 14 4 10 4 14 5 1 19 6 17 1 6 1 17 6 19 1 5 14 4 10 4 14 5 1 19 6 18 6 16 6 20 6 14 4 12 5 1 18 1 6 1 16 1 6 1 19 6 14 4 12 4 10 2 4 2 6 2 6 2 6 2 6 2 6 2 6 2 6 2 4 2 10 4 12 4 14 6 19 1 6 1 16 1 6 1 18, zy
2464: 1 5 12 4 14 6 20 6 16 6 18 6 19 1 5 14 4 10 4 14 5 1 19 6 17 1 6 1 17 6 19 1 5 14 4 10 4 14 5 1 19 6 17 1 6 1 17 6 19 1 5 14 4 10 4 14 5 1 19 6 18 6 16 6 20 6 14 4 12 5 1 18 1 6 1 16 1 6 1 19 6 15 1 7 21 1 5 16 6 20 6 14 4 10 4 14 4 10 4 14 6 20 6 16 5 1 21 7 1 15 6 19 1 6 1 16 1 6 1 18, zy
2465: 1 5 12 4 14 6 20 6 17 1 6 1 17 6 20 6 14 4 12 4 10 2 2 2 12 4 10 4 16 6 18 6 19 1 5 14 5 1 19 6 18 6 16 4 10 4 12 2 2 2 10 4 12 4 14 6 20 6 17 1 6 1 17 6 20 6 14 4 12 5 1 19 6 16 6 20 6 16 6 20 6 16 6 19 1 6 1 17 6 18 6 18 6 18 6 18 6 18 6 18 6 18 6 17 1 6 1 19 6 16 6 20 6 16 6 20 6 16 6 19, zy
2466: 1 5 12 5 1 17 6 17 1 6 1 17 6 16 4 6 2 8 4 14 6 19 1 5 14 6 19 1 6 1 15 6 19 1 5 14 5 1 19 6 16 6 16 4 8 4 16 6 16 6 19 1 5 14 5 1 19 6 16 6 16 4 8 4 16 6 16 6 19 1 5 14 5 1 19 6 15 1 6 1 19 6 14 5 1 19 6 14 4 8 2 6 4 16 6 17 1 6 1 17 6 17 1 5 12 5 1 17 6 18 6 14 4 10 4 14 6 18 6 17, zy
2467: 1 5 14 4 8 2 6 4 16 6 16 4 8 4 15 1 6 1 18 1 6 1 15 4 6 2 8 4 14 4 8 2 4 2 8 4 14 4 8 2 6 4 15 1 6 1 18 1 6 1 15 4 8 4 16 6 16 4 6 2 8 4 14 5 1 19 6 16 6 18 6 16 6 18 6 16 6 18 6 16 6 18 6 15 1 7 20 7 1 14 1 7 20 7 1 14 1 7 20 7 1 15 6 18 6 16 6 18 6 16 6 18 6 16 6 18 6 16 6 19, zy
2468: 1 5 14 4 10 4 14 4 10 2 2 2 10 2 2 2 10 2 2 2 10 2 2 2 10 2 2 2 10 4 14 4 10 4 14 5 1 20 1 5 14 4 10 4 15 1 6 1 20 1 5 15 1 7 21 1 5 14 4 12 4 10 4 16 6 18 6 19 1 6 1 15 4 10 4 14 5 1 20 1 5 14 4 10 4 15 1 6 1 19 6 18 6 16 4 10 4 12 4 14 5 1 21 7 1 15 5 1 20 1 6 1 15 4 10 4 14 5 1 20, zy
2469: 1 5 14 4 10 4 14 4 10 4 12 4 14 6 20 6 16 6 18 6 19 1 5 14 4 10 4 14 5 1 19 6 18 6 16 6 20 6 14 4 12 4 10 4 14 4 10 4 14 5 1 20 1 5 15 1 6 1 20 1 5 16 6 19 1 6 1 15 4 8 2 4 2 8 2 6 4 16 6 20 6 14 4 10 4 14 4 10 4 14 6 20 6 16 4 6 2 8 2 4 2 8 4 15 1 6 1 19 6 16 5 1 20 1 6 1 15 5 1 20, zy
2470: 1 5 14 4 10 4 14 4 10 4 14 4 10 4 14 5 1 19 6 18 6 18 6 17 1 6 1 19 6 16 6 20 6 16 6 20 6 15 1 7 20 6 17 1 6 1 17 4 6 2 8 2 2 2 12 4 12 4 10 4 16 6 19 1 5 14 5 1 20 1 5 14 5 1 19 6 16 4 10 4 12 4 12 2 2 2 8 2 6 4 17 1 6 1 17 6 20 7 1 15 6 20 6 16 6 20 6 16 6 19 1 6 1 17 6 18 6 18 6 19, zy
2471: 1 5 14 4 10 4 14 4 10 4 14 5 1 19 6 18 6 18 6 16 4 10 4 14 5 1 21 7 1 15 4 8 2 6 2 4 2 10 4 14 6 21 1 5 16 6 19 1 6 1 17 6 18 6 18 4 6 2 6 2 6 2 6 2 6 2 6 2 6 2 6 2 6 2 6 2 6 4 18 6 18 6 17 1 6 1 19 6 16 5 1 21 6 14 4 10 2 4 2 6 2 8 4 15 1 7 21 1 5 14 4 10 4 16 6 18 6 18 6 19, zy
2472: 1 5 14 4 12 4 10 2 4 2 6 2 8 4 16 6 19 1 6 1 17 6 18 6 18 6 19 1 5 14 5 1 19 6 18 6 18 6 17 1 6 1 19 6 16 4 8 2 6 2 4 2 10 4 12 4 14 5 1 20 1 6 1 15 4 10 4 14 4 8 2 6 2 6 2 6 2 6 2 6 2 6 2 6 4 18 6 18 6 18 6 18 6 18 4 6 2 6 2 6 2 6 2 6 2 6 2 6 2 8 4 14 4 10 4 15 1 6 1 20, zy
2473: 1 5 14 4 12 4 10 2 4 2 8 2 6 4 17 1 6 1 17 6 20 6 16 5 1 20 1 6 1 15 4 8 2 6 2 6 2 6 2 6 2 6 2 8 4 15 1 6 1 20 1 5 16 6 20 6 17 1 6 1 17 4 6 2 8 2 4 2 10 4 12 4 14 5 1 20 1 5 15 1 6 1 20 1 5 16 6 20 6 16 4 8 2 6 2 6 4 18 4 6 2 6 2 8 4 16 6 20 6 16 5 1 20 1 6 1 15 5 1 20, zy
2474: 1 5 14 5 1 19 6 17 1 6 1 18 1 6 1 17 6 20 7 1 15 6 20 6 16 4 8 4 16 4 8 4 16 4 8 4 16 6 20 6 15 1 7 20 6 17 1 6 1 18 1 6 1 17 6 19 1 5 14 5 1 20 1 6 1 15 4 8 2 6 4 18 6 16 5 1 20 1 6 1 16 1 6 1 19 6 17 1 6 1 18 1 6 1 17 6 19 1 6 1 16 1 6 1 20 1 5 16 6 18 4 6 2 8 4 15 1 6 1 20, zy
2475: 1 5 14 5 1 19 6 18 6 18 6 17 1 6 1 19 6 16 4 8 4 18 6 16 5 1 20 1 6 1 15 4 10 4 14 4 8 2 6 2 6 2 6 2 6 2 6 2 6 2 6 2 6 2 4 2 10 2 2 2 10 2 2 2 10 2 2 2 10 2 4 2 6 2 6 2 6 2 6 2 6 2 6 2 6 2 6 2 8 4 14 4 10 4 15 1 6 1 20 1 5 16 6 18 4 8 4 16 6 19 1 6 1 17 6 18 6 18 6 19, zy
2476: 1 5 14 5 1 19 6 18 6 18 6 17 1 6 1 19 6 16 4 8 4 18 6 16 5 1 20 1 6 1 15 4 10 4 14 4 8 2 6 2 6 2 6 2 6 2 6 2 6 2 6 2 6 2 6 2 4 2 10 2 2 2 10 2 2 2 10 2 4 2 6 2 6 2 6 2 6 2 6 2 6 2 6 2 6 2 6 2 8 4 14 4 10 4 15 1 6 1 20 1 5 16 6 18 4 8 4 16 6 19 1 6 1 17 6 18 6 18 6 19, zy
2477: 1 5 14 5 1 19 6 18 6 18 6 17 1 6 1 19 6 16 4 8 4 18 6 16 5 1 20 1 6 1 15 4 10 4 14 4 8 2 6 2 6 2 6 2 6 2 6 2 6 2 6 2 6 2 6 2 6 2 4 2 10 2 2 2 10 2 4 2 6 2 6 2 6 2 6 2 6 2 6 2 6 2 6 2 6 2 6 2 8 4 14 4 10 4 15 1 6 1 20 1 5 16 6 18 4 8 4 16 6 19 1 6 1 17 6 18 6 18 6 19, zy
2478: 1 5 14 5 1 19 6 18 6 18 6 17 1 6 1 19 6 16 4 8 4 18 6 16 5 1 20 1 6 1 15 4 10 4 14 4 8 2 6 2 6 2 6 2 6 2 6 2 6 2 6 2 6 2 6 2 6 2 6 2 4 2 10 2 4 2 6 2 6 2 6 2 6 2 6 2 6 2 6 2 6 2 6 2 6 2 6 2 8 4 14 4 10 4 15 1 6 1 20 1 5 16 6 18 4 8 4 16 6 19 1 6 1 17 6 18 6 18 6 19, zy
2479: 1 5 14 6 20 6 16 4 8 4 16 6 18 6 18 6 18 6 16 4 8 2 4 2 8 2 4 2 8 4 16 6 18 6 18 6 18 6 16 4 8 4 16 6 20 6 14 5 1 18 1 6 1 17 6 18 6 18 6 16 4 8 4 16 4 8 4 16 6 18 6 18 6 18 6 16 5 1 20 1 6 1 15 6 20 6 15 1 6 1 20 1 5 16 6 18 6 18 6 18 6 16 4 8 4 16 4 8 4 16 6 18 6 18 6 17 1 6 1 18, zy
2480: 1 5 16 4 8 2 4 2 10 4 14 4 10 4 14 4 10 2 4 2 8 4 16 6 20 6 17 1 6 1 17 5 1 21 6 16 4 8 2 4 2 10 4 14 4 10 4 14 4 10 2 2 2 12 4 12 4 12 4 12 4 12 2 2 2 10 4 14 4 10 4 14 4 10 2 4 2 8 4 16 6 21 1 5 17 1 6 1 17 6 20 6 16 4 8 2 4 2 10 4 14 4 10 4 14 4 10 2 4 2 8 4 16 5 1 21 6 16 6 21, zy
2481: 1 5 16 4 8 2 6 2 6 2 6 2 6 2 6 2 8 4 16 5 1 21 6 16 4 8 2 6 4 18 4 6 2 8 4 16 6 21 1 5 16 4 8 2 6 2 6 2 6 2 6 2 6 2 8 4 16 5 1 21 6 16 4 8 2 6 4 18 4 6 2 8 4 16 6 21 1 5 16 4 8 2 6 2 6 2 6 2 6 2 6 2 8 4 16 5 1 21 6 16 5 1 20 1 6 1 15 4 10 4 15 1 6 1 20 1 5 16 6 21, zy
2482: 1 6 1 15 4 8 2 4 2 10 4 12 4 10 2 4 2 8 4 15 1 6 1 19 6 16 4 8 4 16 6 20 7 1 15 6 20 6 14 4 10 2 4 2 6 2 6 2 6 2 6 2 6 2 6 2 4 2 10 4 14 6 20 6 15 1 7 20 6 16 4 8 4 16 6 20 7 1 15 6 20 6 14 4 10 2 4 2 6 2 6 2 6 2 6 2 6 2 6 2 4 2 10 4 14 6 20 6 15 1 7 20 6 16 4 8 4 16 6 19, zy
2483: 1 7 20 6 14 4 10 4 12 2 2 2 8 4 16 6 18 6 16 6 18 6 18 6 16 6 18 6 18 6 15 1 7 20 6 14 4 10 4 12 4 12 4 12 4 10 4 14 6 20 7 1 15 6 18 6 18 6 16 6 18 6 18 6 16 6 18 6 16 4 8 2 2 2 12 4 10 4 14 6 20 7 1 15 6 18 6 18 6 16 6 18 6 18 6 16 6 18 6 16 4 8 4 16 6 18 6 16 6 18 6 18 6 16 6 18 6 18 6 15, zy
2484: 1 5 10 2 4 2 8 4 14 6 19 1 6 1 15 4 8 4 15 1 6 1 19 6 14 5 1 19 6 14 4 10 4 13 1 7 19 1 5 12 4 12 4 12 5 1 19 7 1 13 4 10 4 14 6 19 1 5 14 6 19 1 6 1 15 4 8 4 15 1 6 1 19 6 14 4 8 2 4 2 10 5 1 17 6 18 6 15 1 7 20 6 14 5 1 19 6 14 4 10 4 12 4 12 4 10 4 14 6 19 1 5 14 6 20 7 1 15 6 18 6 17, zy
2485: 1 5 10 2 4 2 8 4 16 6 18 6 18 6 18 6 16 4 8 2 4 2 8 2 4 2 8 4 16 6 19 1 5 14 4 8 2 6 2 6 2 4 2 10 4 12 4 12 4 12 4 12 4 10 2 4 2 6 2 6 2 8 4 14 5 1 19 6 16 4 8 2 4 2 8 2 4 2 8 4 16 6 18 6 18 6 18 6 16 4 8 2 4 2 10 5 1 17 6 18 6 18 6 18 6 16 4 8 4 16 4 8 4 16 6 18 6 18 6 18 6 17, zy
2486: 1 5 10 4 15 1 6 1 17 6 18 6 15 1 6 1 19 6 14 4 10 4 12 4 10 4 14 5 1 19 6 16 6 18 6 16 6 18 6 16 6 18 6 16 6 18 6 16 6 18 6 16 6 18 6 16 6 19 1 5 14 4 10 4 12 4 10 4 14 6 19 1 6 1 15 6 18 6 17 1 6 1 15 4 10 5 1 17 6 16 6 19 1 5 14 5 1 20 1 5 16 6 17 1 6 1 17 6 16 5 1 20 1 5 14 5 1 19 6 16 6 17, zy
2487: 1 5 12 4 10 4 14 4 8 2 4 2 8 4 14 4 8 2 6 4 16 6 16 4 8 4 15 1 6 1 19 6 14 5 1 19 6 14 4 10 4 14 6 18 6 18 6 14 4 10 4 12 4 12 4 10 4 14 6 18 6 18 6 14 4 10 4 14 6 19 1 5 14 6 19 1 6 1 15 4 8 4 16 6 16 4 6 2 8 4 14 4 8 2 4 2 8 4 14 4 10 4 12 5 1 17 4 6 2 6 2 6 4 16 4 6 2 6 2 6 4 17, zy
2488: 1 5 12 4 12 4 10 4 14 6 19 1 5 14 5 1 19 6 16 6 17 1 6 1 17 6 16 6 19 1 5 14 4 8 2 4 2 8 4 15 1 6 1 17 6 18 6 14 4 10 2 2 2 10 4 10 2 2 2 10 4 14 6 18 6 17 1 6 1 15 4 8 2 4 2 8 4 14 5 1 19 6 16 6 17 1 6 1 17 6 16 6 19 1 5 14 5 1 19 6 14 4 10 4 12 4 12 5 1 18 1 6 1 15 4 8 4 15 1 6 1 18, zy
2489: 1 5 12 4 12 4 12 4 12 4 12 4 12 4 12 4 12 4 12 4 12 4 12 4 12 4 12 4 12 4 12 4 12 5 1 17 4 8 4 16 6 20 7 1 13 4 12 4 12 4 12 4 12 4 12 5 1 17 4 6 2 8 2 4 2 8 4 16 6 20 6 14 4 12 4 12 5 1 18 1 5 12 4 12 4 14 6 20 6 16 4 8 2 4 2 8 2 6 4 17 1 5 12 4 12 4 12 4 12 4 12 4 13 1 7 20 6 16 4 8 4 17, zy
2490: 1 5 12 4 12 4 12 4 12 4 12 4 12 4 12 4 12 4 12 4 12 4 12 4 12 5 1 17 4 8 4 16 6 20 6 16 6 19 1 5 12 4 14 6 20 6 17 1 6 1 18 1 5 12 4 12 4 14 6 20 6 16 4 8 4 17 1 5 12 4 12 4 12 4 12 4 12 4 12 4 12 5 1 17 4 8 4 16 6 20 6 14 4 12 4 12 5 1 18 1 6 1 17 6 20 6 14 4 12 5 1 19 6 16 6 20 6 16 4 8 4 17, zy
2491: 1 5 12 4 12 4 12 4 12 4 12 4 12 4 12 4 12 5 1 17 4 8 4 16 6 20 6 14 4 12 4 10 2 4 2 8 4 16 6 18 6 19 1 6 1 15 4 10 4 14 5 1 19 6 18 6 18 6 18 6 17 1 6 1 19 6 16 6 20 6 16 6 20 6 16 6 19 1 6 1 17 6 18 6 18 6 18 6 19 1 5 14 4 10 4 15 1 6 1 19 6 18 6 16 4 8 2 4 2 10 4 12 4 14 6 20 6 16 4 8 4 17, zy
2492: 1 5 12 4 12 4 12 4 12 4 14 6 20 6 16 4 8 2 4 2 8 2 6 4 17 1 6 1 17 4 6 2 8 2 4 2 8 4 16 6 20 6 14 4 12 4 12 4 12 4 12 5 1 17 4 8 4 16 4 8 4 16 4 6 2 8 2 4 2 8 2 4 2 8 2 4 2 8 2 4 2 8 2 4 2 8 2 4 2 8 2 4 2 8 2 4 2 8 2 4 2 8 2 4 2 8 2 4 2 8 2 6 4 16 4 8 4 16 4 8 4 17, zy
2493: 1 5 12 4 12 4 12 4 12 5 1 17 4 8 4 16 6 18 6 18 6 16 4 8 2 4 2 8 2 4 2 8 4 16 6 19 1 5 14 4 8 2 6 2 6 4 18 6 16 6 19 1 6 1 15 4 8 2 6 2 4 2 8 2 4 2 8 2 4 2 8 2 4 2 6 2 8 4 15 1 6 1 19 6 16 6 18 4 6 2 6 2 8 4 14 5 1 19 6 16 4 8 2 4 2 8 2 4 2 8 4 16 6 18 6 18 6 16 4 8 4 17, zy
2494: 1 5 12 4 12 4 14 6 20 6 14 4 12 4 12 5 1 18 1 6 1 17 4 6 2 8 4 16 6 18 6 18 4 6 2 6 2 4 2 10 2 2 2 10 4 14 5 1 20 1 5 14 5 1 19 6 18 6 16 4 8 2 4 2 10 4 12 4 12 4 12 4 12 4 10 2 4 2 8 4 16 6 18 6 19 1 5 14 5 1 20 1 5 14 4 10 2 2 2 10 2 4 2 6 2 6 4 18 6 18 6 16 4 8 2 6 4 17 1 6 1 18, zy
2495: 1 5 12 4 14 5 1 20 1 5 14 4 10 2 4 2 6 2 4 2 10 4 14 4 8 2 4 2 10 4 12 4 12 4 10 2 4 2 8 4 14 4 10 2 4 2 6 2 4 2 10 4 14 5 1 20 1 5 14 4 12 5 1 19 6 16 6 20 6 14 4 12 5 1 19 6 15 1 7 20 6 16 6 20 6 14 4 12 5 1 19 6 16 6 19 1 5 12 4 14 6 20 6 16 6 20 7 1 15 6 19 1 5 12 4 14 6 20 6 16 6 19, zy
2496: 1 5 12 4 14 5 1 20 1 5 14 5 1 20 1 5 15 1 6 1 20 1 5 14 5 1 19 6 16 4 8 2 6 4 18 6 16 6 21 1 5 16 5 1 21 6 16 6 18 4 6 2 8 4 16 6 19 1 5 14 5 1 20 1 6 1 15 5 1 20 1 5 14 5 1 20 1 5 14 4 12 5 1 19 6 16 4 8 2 4 2 10 4 12 4 12 4 12 4 12 4 12 4 12 4 12 4 12 4 12 4 12 4 10 2 4 2 8 4 16 6 19, zy
2497: 1 5 12 4 14 6 20 6 16 6 19 1 6 1 17 6 18 6 18 6 18 6 17 1 6 1 19 6 16 6 19 1 6 1 17 6 18 6 18 6 18 6 17 1 6 1 19 6 16 6 20 6 14 4 12 5 1 18 1 6 1 17 4 6 2 8 4 16 6 18 6 18 4 6 2 6 4 18 6 18 6 16 4 8 2 6 4 17 1 6 1 17 4 6 2 8 4 16 6 18 6 18 4 6 2 6 4 18 6 18 6 16 4 8 2 6 4 17 1 6 1 18, zy
2498: 1 5 12 5 1 17 6 18 4 6 2 6 2 6 2 6 2 4 2 10 4 14 5 1 20 1 5 15 1 6 1 19 6 16 4 8 4 16 5 1 21 6 14 4 10 4 14 4 10 4 14 4 8 2 6 2 4 2 10 4 12 4 12 4 12 4 12 4 10 2 4 2 6 2 8 4 14 4 10 4 14 4 10 4 14 6 21 1 5 16 4 8 4 16 6 19 1 6 1 15 5 1 20 1 5 14 4 10 2 4 2 6 2 6 2 6 2 6 4 18 6 17, zy
2499: 1 5 14 4 8 2 6 2 6 2 6 4 18 6 16 6 20 6 15 1 6 1 20 1 5 16 6 18 6 18 6 18 6 17 1 6 1 17 4 6 2 8 4 14 4 10 4 14 5 1 19 6 18 6 16 6 20 6 16 6 18 6 19 1 5 14 4 10 4 14 4 8 2 6 4 17 1 6 1 17 6 18 6 18 6 18 6 16 5 1 20 1 6 1 15 6 20 6 16 6 18 4 6 2 6 2 6 2 8 4 14 5 1 19 6 17 1 6 1 17 6 19, zy
2500: 1 5 14 4 10 2 4 2 6 2 6 2 6 2 6 2 6 4 18 6 17 1 6 1 17 6 19 1 5 14 5 1 19 6 16 5 1 20 1 5 14 5 1 19 6 16 6 20 6 16 6 19 1 5 14 5 1 20 1 5 16 6 19 1 5 14 5 1 19 6 17 1 6 1 17 6 18 4 6 2 6 2 6 2 6 2 6 2 4 2 10 4 14 5 1 19 6 18 6 16 4 10 4 12 4 12 4 12 4 12 4 12 4 12 4 10 4 16 6 18 6 19, zy
2501: 1 5 14 4 10 4 14 4 10 4 12 4 14 5 1 20 1 6 1 15 6 20 6 15 1 6 1 20 1 5 14 4 12 4 10 4 14 4 10 4 14 5 1 19 6 18 6 16 5 1 20 1 5 14 5 1 19 6 16 5 1 20 1 6 1 15 5 1 20 1 5 14 4 10 4 14 5 1 19 6 17 1 6 1 17 6 19 1 5 14 4 10 4 14 5 1 20 1 5 15 1 6 1 20 1 5 16 6 19 1 5 14 5 1 20 1 5 16 6 18 6 19, zy
2502: 1 5 14 4 10 4 15 1 6 1 19 6 18 6 16 4 10 4 12 4 14 6 20 6 17 1 6 1 17 6 20 6 14 4 12 4 10 4 16 6 18 6 19 1 6 1 15 4 10 4 14 5 1 20 1 5 14 5 1 19 6 16 4 10 4 12 4 14 6 20 6 16 4 8 2 4 2 8 2 4 2 8 2 4 2 10 4 12 4 10 2 4 2 8 2 4 2 8 2 4 2 8 4 16 6 20 6 14 4 12 4 10 4 16 6 19 1 5 14 5 1 20, zy
2503: 1 5 14 4 10 4 16 6 20 6 16 6 21 1 5 16 4 8 4 18 6 16 4 10 4 14 4 10 2 2 2 12 4 10 4 16 5 1 21 6 16 5 1 21 6 14 4 12 4 12 4 14 6 21 1 5 16 6 21 1 5 16 4 10 4 12 2 2 2 10 4 14 4 10 4 16 6 18 4 8 4 16 5 1 21 6 16 6 20 6 16 4 10 4 14 5 1 20 1 5 16 6 20 6 16 6 21 1 5 16 5 1 21 6 16 6 20 6 16 5 1 20, zy
2504: 1 5 14 5 1 19 6 16 4 10 4 14 4 10 2 4 2 6 2 8 4 16 6 20 6 17 1 6 1 17 6 20 6 16 4 8 2 6 2 4 2 10 4 14 4 10 4 16 6 19 1 5 14 5 1 20 1 5 16 6 20 6 16 5 1 21 7 1 15 6 21 1 5 16 5 1 21 6 16 6 20 6 17 1 6 1 17 4 8 4 17 1 6 1 17 6 20 6 16 6 21 1 5 16 5 1 21 6 15 1 7 21 1 5 16 6 20 6 16 5 1 20, zy
2505: 1 5 14 5 1 19 6 18 6 18 6 18 6 20 6 16 6 20 6 18 6 18 6 18 6 19 1 5 14 5 1 19 6 18 6 18 6 20 7 1 13 4 14 6 20 6 18 6 18 6 18 4 6 2 8 4 16 4 8 4 17 1 6 1 17 6 20 6 16 5 1 21 6 14 4 12 4 12 4 14 6 21 1 5 16 6 20 6 17 1 6 1 17 4 8 4 16 4 8 2 6 4 18 6 18 6 18 6 20 6 14 4 13 1 7 20 6 18 6 18 6 19, zy
2506: 1 5 12 2 2 2 10 2 4 2 6 2 8 4 16 6 19 1 6 1 17 6 18 4 6 2 8 2 4 2 8 2 4 2 8 2 4 2 10 4 14 5 1 20 1 5 14 4 10 2 4 2 8 2 4 2 8 2 4 2 8 2 6 4 18 6 17 1 6 1 19 6 16 4 8 2 6 2 4 2 10 2 2 2 12 5 1 19 6 18 6 18 6 18 6 20 6 14 4 14 6 20 6 18 6 18 6 18 6 20 6 14 4 14 6 20 6 18 6 18 6 18 6 19, zy
2507: 1 5 12 2 2 2 10 4 12 2 2 2 8 2 4 2 8 2 4 2 8 2 2 2 12 4 10 2 2 2 12 5 1 19 6 16 6 20 6 14 4 10 4 15 1 6 1 19 6 14 4 12 4 10 2 2 2 12 5 1 19 6 16 6 19 1 6 1 15 4 10 4 12 4 12 2 2 2 8 2 2 2 12 4 12 4 10 4 15 1 6 1 19 6 16 6 19 1 5 12 2 2 2 10 4 12 4 14 6 19 1 6 1 15 4 10 4 14 6 20 6 16 6 19, zy
2508: 1 5 12 2 2 2 10 4 12 4 12 4 12 4 10 2 2 2 12 5 1 19 6 16 6 19 1 5 12 4 14 5 1 20 1 5 14 5 1 19 6 16 6 20 6 14 4 10 4 14 5 1 19 6 17 1 5 12 5 1 17 6 19 1 5 14 5 1 19 6 16 4 8 4 16 6 19 1 5 14 5 1 19 6 17 1 5 12 5 1 17 6 19 1 5 14 4 10 4 14 6 20 6 16 6 19 1 5 14 5 1 20 1 5 14 4 12 5 1 19 6 16 6 19, zy
2509: 1 5 12 2 2 2 10 4 12 4 12 4 12 4 12 4 10 2 4 2 6 2 8 4 14 4 10 4 14 6 21 1 5 16 6 20 6 14 4 10 4 14 4 10 4 14 5 1 20 1 5 15 1 6 1 19 6 16 4 8 4 16 6 19 1 6 1 15 5 1 20 1 5 14 4 10 4 14 4 10 4 14 6 20 6 16 5 1 21 6 14 4 10 4 14 4 8 2 6 2 4 2 10 4 12 4 12 4 12 4 12 4 10 2 2 2 12 5 1 19 6 16 6 19, zy
2510: 1 5 12 2 2 2 10 4 14 5 1 20 1 5 14 4 10 4 14 4 10 4 12 4 14 6 20 6 16 6 19 1 5 14 5 1 20 1 5 16 6 18 6 18 6 18 6 16 4 8 2 4 2 8 2 4 2 8 2 4 2 8 4 16 6 18 6 18 6 18 6 16 5 1 20 1 5 14 5 1 19 6 16 6 20 6 14 4 12 4 10 4 14 4 10 4 14 5 1 20 1 5 14 4 10 2 2 2 12 5 1 19 6 16 4 8 2 4 2 8 4 16 6 19, zy
2511: 1 5 12 2 2 2 10 4 15 1 6 1 19 6 18 6 18 6 18 6 19 1 6 1 15 4 10 2 2 2 12 5 1 18 1 6 1 17 4 8 4 16 4 8 4 17 1 6 1 18 1 5 12 2 2 2 10 4 15 1 6 1 19 6 18 6 18 6 18 6 19 1 6 1 15 4 10 2 2 2 12 5 1 19 6 16 4 10 4 14 4 10 4 14 4 12 4 10 2 4 2 8 2 4 2 8 2 4 2 10 4 12 4 14 4 10 4 14 4 10 4 16 6 19, zy
2512: 1 5 12 2 2 2 12 5 1 18 1 6 1 17 6 20 6 16 4 10 4 14 5 1 19 6 18 6 18 4 6 2 8 2 4 2 8 2 6 4 18 6 18 6 19 1 5 14 4 10 4 16 6 20 6 17 1 6 1 18 1 5 12 2 2 2 12 5 1 19 6 18 6 18 6 20 6 16 5 1 20 1 6 1 15 4 10 4 14 4 10 2 4 2 8 4 16 4 8 2 4 2 10 4 14 4 10 4 15 1 6 1 20 1 5 16 6 20 6 18 6 18 6 19, zy
2513: 1 5 12 4 12 4 10 2 2 2 10 4 12 4 10 2 4 4 17 1 6 1 16 1 6 1 17 4 4 2 10 4 12 4 10 2 4 4 17 1 6 1 16 1 6 1 17 4 4 2 10 4 12 4 10 2 2 2 10 4 12 4 12 5 1 19 6 14 4 8 2 6 4 16 6 17 1 6 1 17 6 16 4 6 2 8 4 14 6 19 1 5 12 4 12 4 12 5 1 19 6 14 4 8 2 6 4 16 6 17 1 6 1 17 6 16 4 6 2 8 4 14 6 19, zy
2514: 1 5 12 4 12 4 10 2 2 2 10 4 12 4 10 2 4 4 17 1 6 1 16 1 6 1 17 4 6 4 17 1 6 1 16 1 6 1 17 4 4 2 10 4 12 4 10 2 2 2 10 4 12 4 12 5 1 19 6 14 4 8 2 6 4 16 6 17 1 6 1 17 6 16 4 6 2 8 4 14 6 19 1 5 12 4 12 4 10 2 2 2 10 4 12 4 12 5 1 19 6 14 4 8 2 6 4 16 6 17 1 6 1 17 6 16 4 6 2 8 4 14 6 19, zy
2515: 1 5 12 4 12 4 10 2 4 2 8 4 14 4 10 2 4 2 6 2 4 2 10 4 14 4 8 2 4 2 10 4 12 4 12 5 1 17 6 19 1 6 1 15 5 1 20 1 5 14 4 10 4 14 4 8 2 6 2 4 2 10 4 12 4 12 4 12 4 12 5 1 17 4 8 4 16 6 18 6 18 6 18 6 16 4 8 4 17 1 5 12 4 12 4 12 4 12 4 10 2 4 2 6 2 8 4 14 4 10 4 14 5 1 20 1 5 15 1 6 1 19 6 17, zy
2516: 1 5 12 4 12 4 10 2 4 4 18 6 14 4 10 4 12 4 12 4 10 4 12 2 2 2 8 4 15 1 6 1 18 1 6 1 15 4 8 2 2 2 12 4 10 4 12 4 12 4 10 4 14 6 18 4 4 2 10 4 12 4 12 5 1 19 6 14 4 8 2 6 4 16 6 18 6 16 6 18 6 16 4 6 2 8 4 14 6 19 1 5 12 4 12 4 12 5 1 19 6 14 4 8 2 6 4 16 6 18 6 16 6 18 6 16 4 6 2 8 4 14 6 19, zy
2517: 1 5 12 4 12 4 12 4 12 4 10 2 4 2 6 2 8 4 14 4 10 4 14 5 1 20 1 5 15 1 6 1 20 1 5 16 6 19 1 6 1 15 5 1 20 1 5 14 4 10 2 4 2 6 2 4 2 10 4 14 5 1 20 1 5 15 1 6 1 19 6 16 5 1 20 1 6 1 15 5 1 20 1 5 14 4 10 4 14 4 8 2 6 2 4 2 10 4 12 4 12 4 12 4 12 5 1 17 4 8 4 16 6 18 6 18 6 18 6 16 4 8 4 17, zy
2518: 1 5 12 4 12 4 12 4 12 4 12 4 12 4 12 4 12 4 12 4 10 2 4 2 8 4 16 6 19 1 5 12 4 14 4 8 2 6 4 18 6 16 4 8 2 4 2 10 4 12 4 12 4 12 4 12 2 2 2 8 2 4 2 8 2 2 2 12 4 12 4 12 4 12 4 10 2 4 2 8 4 16 6 18 4 6 2 8 4 14 4 12 5 1 19 6 16 4 8 2 4 2 10 4 12 4 12 4 12 4 12 4 12 4 12 4 12 4 12 4 12 5 1 18, zy
2519: 1 5 12 4 12 4 12 4 12 4 12 4 12 4 12 4 12 4 12 4 12 4 12 4 12 4 12 5 1 17 4 6 2 8 2 2 2 12 4 12 4 10 2 4 2 8 4 16 6 19 1 6 1 15 4 10 4 14 4 10 4 14 5 1 19 6 18 6 17 1 6 1 19 6 16 6 20 6 16 6 19 1 6 1 17 6 18 6 19 1 5 14 4 10 4 14 4 10 4 15 1 6 1 19 6 16 4 8 2 4 2 10 4 12 4 12 2 2 2 8 2 6 4 17, zy
2520: 1 5 12 4 12 4 12 4 12 4 12 4 12 4 12 4 12 4 12 5 1 17 4 8 4 16 6 20 6 14 4 12 4 12 4 10 2 4 2 8 4 16 6 19 1 5 12 4 14 4 8 2 6 4 18 6 16 4 10 4 12 4 14 6 21 1 5 16 6 20 7 1 14 1 7 20 6 16 5 1 21 6 14 4 12 4 10 4 16 6 18 4 6 2 8 4 14 4 12 5 1 19 6 16 4 8 2 4 2 10 4 12 4 12 4 14 6 20 6 16 4 8 4 17, zy
2521: 1 5 12 4 12 4 12 4 12 4 12 4 12 4 12 5 1 17 4 8 4 16 6 20 6 14 4 12 4 12 5 1 18 1 6 1 17 4 6 2 8 2 2 2 12 4 10 2 4 2 8 4 15 1 7 21 1 5 14 4 12 5 1 19 6 16 6 21 1 5 16 5 1 21 6 16 6 19 1 5 12 4 14 5 1 21 7 1 15 4 8 2 4 2 10 4 12 2 2 2 8 2 6 4 17 1 6 1 18 1 5 12 4 12 4 14 6 20 6 16 4 8 4 17, zy
2522: 1 5 12 4 12 4 12 4 12 4 12 5 1 17 4 8 4 16 6 20 6 14 4 12 4 10 2 4 2 6 2 8 4 16 6 19 1 5 14 6 21 1 5 14 4 12 5 1 19 6 16 6 20 6 16 4 8 2 4 2 8 2 4 2 8 2 4 2 8 2 4 2 8 2 4 2 8 2 4 2 8 4 16 6 20 6 16 6 19 1 5 12 4 14 5 1 21 6 14 5 1 19 6 16 4 8 2 6 2 4 2 10 4 12 4 14 6 20 6 16 4 8 4 17, zy
2523: 1 5 12 4 12 4 12 4 12 4 14 6 20 6 16 6 20 6 16 6 20 6 15 1 7 20 6 16 4 8 2 4 2 10 4 12 4 12 4 12 4 12 2 2 2 8 2 4 2 8 2 4 2 8 2 4 2 8 2 4 2 8 2 4 2 8 2 4 2 8 2 4 2 8 2 4 2 8 2 2 2 12 4 12 4 12 4 12 4 10 2 4 2 8 4 16 6 20 7 1 15 6 20 6 16 6 20 6 16 6 20 6 14 4 12 4 12 4 12 4 12 5 1 18, zy
2524: 1 5 12 4 12 4 12 4 14 6 20 6 16 6 20 6 16 6 19 1 6 1 17 6 18 6 19 1 5 14 5 1 20 1 5 14 4 10 4 16 6 18 6 18 6 18 6 18 6 18 6 18 6 18 6 16 4 10 4 14 5 1 20 1 5 14 5 1 19 6 18 6 17 1 6 1 19 6 16 6 20 6 16 6 20 6 14 4 12 4 12 4 12 5 1 18 1 6 1 17 6 19 1 6 1 17 6 18 6 18 6 18 6 17 1 6 1 19 6 17 1 6 1 18, zy
2525: 1 5 12 4 12 4 12 4 14 6 20 6 16 6 20 6 16 6 20 6 16 6 20 6 15 1 7 20 6 16 4 8 2 4 2 10 4 12 4 12 4 12 2 2 2 8 2 4 2 10 4 12 4 12 4 12 4 12 4 12 4 12 4 12 4 12 4 12 4 12 4 12 4 10 2 4 2 8 2 2 2 12 4 12 4 12 4 10 2 4 2 8 4 16 6 20 7 1 15 6 20 6 16 6 20 6 16 6 20 6 16 6 20 6 14 4 12 4 12 4 12 5 1 18, zy
2526: 1 5 12 4 12 4 12 5 1 17 6 19 1 5 14 5 1 19 6 16 4 8 4 16 4 8 4 16 6 19 1 6 1 15 5 1 20 1 5 14 4 12 5 1 19 6 16 6 19 1 6 1 15 4 8 2 6 2 4 2 10 4 12 4 12 4 12 4 12 4 12 4 10 2 4 2 6 2 8 4 15 1 6 1 19 6 16 6 19 1 5 12 4 14 5 1 20 1 5 15 1 6 1 19 6 16 4 8 4 16 4 8 4 16 6 19 1 5 14 5 1 19 6 17, zy
2527: 1 5 12 4 12 4 14 6 19 1 6 1 15 4 10 4 14 6 20 6 16 6 19 1 5 12 4 14 5 1 20 1 5 14 4 10 4 14 4 10 4 14 5 1 20 1 5 14 4 12 5 1 19 6 16 6 20 6 14 4 10 4 15 1 6 1 19 6 14 4 12 4 12 5 1 18 1 6 1 16 1 6 1 19 6 14 4 12 4 10 2 4 2 6 2 6 2 6 2 6 2 6 2 6 2 6 2 4 2 10 4 12 4 14 6 19 1 6 1 16 1 6 1 18, zy
2528: 1 5 12 4 12 4 14 6 20 6 16 4 8 4 16 4 8 4 16 6 20 6 14 4 12 4 12 5 1 18 1 6 1 18 1 5 12 4 14 6 21 1 5 16 6 20 6 14 4 12 4 10 2 2 2 12 4 10 2 2 2 12 4 10 4 14 4 12 5 1 19 6 17 1 6 1 18 1 6 1 17 6 19 1 5 12 4 14 4 10 4 12 2 2 2 10 4 12 2 2 2 10 4 12 4 14 6 20 6 16 5 1 21 6 14 4 12 5 1 18 1 6 1 18, zy
2529: 1 5 12 4 12 4 14 6 20 6 16 5 1 21 6 14 4 12 5 1 18 1 6 1 18 1 5 12 4 14 6 21 1 5 16 6 19 1 6 1 17 6 18 6 19 1 5 14 5 1 19 6 18 6 17 1 6 1 19 6 16 5 1 21 6 14 4 12 5 1 18 1 6 1 18 1 5 12 4 14 6 21 1 5 16 6 20 6 14 4 12 4 12 5 1 18 1 6 1 17 6 19 1 6 1 17 6 18 6 18 6 18 6 17 1 6 1 19 6 17 1 6 1 18, zy
2530: 1 5 12 4 12 4 14 6 20 6 16 6 20 6 16 6 19 1 6 1 17 6 19 1 5 14 5 1 20 1 5 14 4 10 2 4 2 6 2 6 2 8 4 14 4 10 4 14 4 10 4 14 4 10 4 14 4 8 2 6 2 6 2 4 2 10 4 14 5 1 20 1 5 14 5 1 19 6 17 1 6 1 19 6 16 6 20 6 16 6 20 6 14 4 12 4 12 5 1 18 1 6 1 17 6 19 1 6 1 17 6 18 6 17 1 6 1 19 6 17 1 6 1 18, zy
2531: 1 5 12 4 12 4 14 6 20 6 16 6 20 6 16 6 20 6 16 6 20 6 14 4 12 4 12 5 1 18 1 6 1 17 4 6 2 8 4 16 6 18 4 6 2 8 4 15 1 7 21 1 5 14 4 10 2 2 2 12 4 10 4 14 4 12 5 1 19 6 17 1 6 1 19 6 16 6 19 1 6 1 17 6 19 1 5 12 4 14 4 10 4 12 2 2 2 10 4 14 5 1 21 7 1 15 4 8 2 6 4 18 6 16 4 8 2 6 4 17 1 6 1 18, zy
2532: 1 5 12 4 12 4 14 6 20 6 16 6 20 6 16 6 20 6 16 6 20 6 14 4 12 4 12 5 1 18 1 6 1 17 6 20 6 14 4 10 2 4 2 6 2 8 4 15 1 7 21 1 5 14 4 10 2 2 2 12 4 10 4 14 4 12 5 1 19 6 17 1 6 1 19 6 16 6 19 1 6 1 17 6 19 1 5 12 4 14 4 10 4 12 2 2 2 10 4 14 5 1 21 7 1 15 4 8 2 6 2 4 2 10 4 14 6 20 6 17 1 6 1 18, zy
2533: 1 5 12 4 14 4 8 2 6 2 6 2 6 2 6 2 6 2 6 2 6 2 6 2 6 2 6 2 8 4 15 1 6 1 20 1 5 14 4 12 4 10 2 4 2 8 2 2 2 12 4 12 4 12 2 2 2 8 2 4 2 10 4 12 4 14 5 1 20 1 6 1 15 4 8 2 6 2 6 2 6 2 6 2 6 2 6 2 6 2 6 2 6 2 6 2 8 4 14 4 12 5 1 18 1 6 1 17 4 8 4 16 6 20 6 16 4 8 4 17 1 6 1 18, zy
2534: 1 5 12 4 14 4 10 2 2 2 12 4 10 4 16 5 1 21 6 16 5 1 21 6 14 4 12 4 12 4 14 5 1 21 7 1 15 6 21 1 5 16 5 1 21 6 15 1 7 21 1 5 14 4 12 4 12 4 14 6 21 1 5 16 6 21 1 5 16 4 10 4 12 2 2 2 10 4 14 4 12 5 1 19 6 16 4 10 4 14 4 10 4 14 4 12 4 10 2 4 2 8 2 4 2 8 2 4 2 10 4 12 4 14 4 10 4 14 4 10 4 16 6 19, zy
2535: 1 5 12 4 14 5 1 20 1 5 14 4 12 4 12 4 12 4 12 4 14 6 21 1 5 16 6 20 6 16 5 1 20 1 6 1 15 4 10 4 14 4 10 4 15 1 6 1 20 1 5 16 6 20 6 16 5 1 21 6 14 4 12 4 12 4 12 4 12 4 14 5 1 20 1 5 14 4 12 5 1 18 1 6 1 17 6 20 6 16 6 20 6 16 4 10 4 14 5 1 19 6 18 6 19 1 5 14 4 10 4 16 6 20 6 16 6 20 6 17 1 6 1 18, zy
2536: 1 5 12 4 14 5 1 20 1 5 14 5 1 19 6 17 1 6 1 19 6 16 6 19 1 6 1 17 6 19 1 5 14 5 1 20 1 5 14 4 12 5 1 19 6 16 5 1 20 1 6 1 16 1 6 1 19 6 16 4 8 4 17 1 6 1 17 6 20 6 14 4 12 5 1 19 6 16 6 20 6 16 6 20 6 16 6 20 6 16 6 19 1 5 12 4 14 6 20 6 17 1 6 1 17 4 8 4 16 6 19 1 6 1 16 1 6 1 20 1 5 16 6 19, zy
2537: 1 5 12 4 14 5 1 20 1 6 1 15 4 10 4 14 5 1 20 1 5 14 4 10 4 14 4 10 4 14 4 10 4 14 5 1 19 6 18 6 18 6 17 1 6 1 19 6 16 6 20 6 16 4 8 4 16 6 20 6 16 6 19 1 6 1 17 6 18 6 18 6 19 1 5 14 4 10 4 14 4 10 4 14 4 10 4 14 5 1 20 1 5 14 4 10 4 15 1 6 1 20 1 5 14 4 12 5 1 19 6 16 6 21 1 5 16 5 1 21 6 16 6 19, zy
2538: 1 5 12 4 14 5 1 20 1 6 1 15 4 10 4 14 5 1 20 1 5 14 5 1 19 6 17 1 6 1 19 6 16 6 20 6 16 6 20 6 16 6 19 1 6 1 17 6 19 1 5 14 5 1 20 1 5 14 4 10 4 15 1 6 1 20 1 5 14 4 12 5 1 19 6 16 4 8 2 4 2 10 4 12 4 12 4 12 4 12 4 13 1 7 20 6 16 6 20 6 16 6 20 7 1 13 4 12 4 12 4 12 4 12 4 10 2 4 2 8 4 16 6 19, zy
2539: 1 5 12 4 14 5 1 21 7 1 15 4 8 2 4 2 10 4 12 2 2 2 10 4 12 4 12 2 2 2 8 2 6 4 17 1 6 1 17 4 6 2 8 2 2 2 12 4 12 4 10 2 2 2 12 4 10 2 4 2 8 4 15 1 7 21 1 5 14 4 12 5 1 19 6 16 5 1 21 7 1 15 6 20 6 16 4 8 2 4 2 10 4 12 4 12 4 12 4 12 4 12 4 12 4 10 2 4 2 8 4 16 6 20 6 15 1 7 21 1 5 16 6 19, zy
2540: 1 5 12 4 14 6 20 6 14 4 12 4 10 4 15 1 6 1 19 6 16 6 19 1 6 1 15 4 10 4 12 4 14 6 20 6 14 4 12 5 1 18 1 6 1 17 6 17 1 6 1 18 1 6 1 17 6 16 4 10 4 12 4 14 6 20 6 14 4 12 5 1 18 1 6 1 17 6 17 1 6 1 18 1 6 1 17 6 17 1 6 1 18 1 5 12 4 14 6 20 6 14 4 12 4 10 4 16 6 17 1 6 1 18 1 6 1 17 6 17 1 6 1 18, zy
2541: 1 5 12 4 14 6 20 6 17 1 6 1 17 4 8 4 16 6 19 1 6 1 17 6 18 6 18 6 18 4 6 2 6 2 6 2 6 2 6 4 18 6 18 6 18 6 17 1 6 1 19 6 16 4 8 4 17 1 6 1 17 6 20 6 14 4 12 5 1 19 6 16 6 20 6 16 6 20 6 16 6 20 6 16 6 19 1 6 1 17 6 18 6 19 1 5 14 5 1 19 6 18 6 17 1 6 1 19 6 16 6 20 6 16 6 20 6 16 6 20 6 16 6 19, zy
2542: 1 5 12 4 14 6 20 6 17 1 6 1 17 6 20 6 14 4 12 4 10 2 2 2 12 4 10 4 16 6 18 6 19 1 5 14 5 1 19 6 18 6 16 4 10 4 12 2 2 2 10 4 12 4 14 6 20 6 17 1 6 1 17 6 20 6 14 4 12 5 1 19 6 16 6 20 6 16 6 20 6 16 6 19 1 6 1 17 6 18 6 18 6 18 4 6 2 6 2 6 4 18 6 18 6 18 6 17 1 6 1 19 6 16 6 20 6 16 6 20 6 16 6 19, zy
2543: 1 5 12 4 14 6 20 6 17 1 6 1 17 6 20 6 14 4 12 5 1 18 1 6 1 17 6 18 4 6 2 6 2 8 4 15 1 6 1 19 6 18 6 16 4 10 4 12 4 14 5 1 20 1 5 14 5 1 19 6 16 4 10 4 12 4 14 6 20 6 17 1 6 1 17 6 20 6 14 4 12 4 10 4 16 6 19 1 5 14 5 1 20 1 5 14 4 12 4 10 4 16 6 18 6 19 1 6 1 15 4 8 2 6 2 6 4 18 6 17 1 6 1 18, zy
2544: 1 5 12 5 1 17 6 18 6 18 6 18 6 16 4 8 4 16 6 20 6 14 5 1 18 1 6 1 17 6 18 6 16 4 10 4 12 4 12 4 12 4 10 4 16 6 18 6 17 1 6 1 18 1 5 14 6 20 6 16 4 8 4 16 6 18 6 18 6 18 6 17 1 5 12 5 1 17 6 19 1 5 14 4 10 4 14 5 1 20 1 5 15 1 6 1 19 6 16 4 8 4 16 6 19 1 6 1 15 5 1 20 1 5 14 4 10 4 14 5 1 19 6 17, zy
2545: 1 5 14 4 8 2 6 2 6 4 18 6 16 6 20 6 15 1 6 1 20 1 5 16 6 18 4 6 2 6 2 6 2 6 2 6 2 6 2 6 4 18 6 16 5 1 20 1 6 1 15 6 20 6 16 6 18 4 6 2 6 2 8 4 14 5 1 19 6 16 4 8 4 16 4 8 4 16 6 18 6 19 1 5 14 4 10 4 14 4 10 4 14 5 1 20 1 5 14 4 10 4 14 4 10 4 14 5 1 19 6 18 6 16 4 8 4 16 4 8 4 16 6 19, zy
2546: 1 5 14 4 8 2 6 4 16 6 18 6 16 6 19 1 5 14 5 1 19 6 16 6 17 1 6 1 17 6 18 6 16 6 18 6 17 1 6 1 17 6 16 6 19 1 5 14 5 1 19 6 16 6 18 6 16 4 6 2 8 4 14 5 1 19 6 16 6 18 6 17 1 6 1 16 1 6 1 17 6 18 6 16 4 6 2 8 4 14 6 20 7 1 14 1 7 20 6 14 4 8 2 6 4 16 6 18 6 17 1 6 1 16 1 6 1 17 6 18 6 16 6 19, zy
2547: 1 5 14 4 10 2 4 2 6 2 6 2 6 2 6 2 6 2 4 2 10 4 14 5 1 19 6 18 6 17 1 6 1 17 6 18 4 6 2 6 2 6 2 6 2 6 2 6 2 4 2 10 4 14 5 1 19 6 18 6 17 1 6 1 17 6 18 4 6 2 6 2 6 2 6 2 6 2 6 2 6 4 18 6 17 1 6 1 17 6 18 6 19 1 5 14 4 10 2 4 2 6 2 6 2 6 2 6 2 6 2 6 4 18 6 17 1 6 1 17 6 18 6 19, zy
2548: 1 5 14 4 10 4 14 4 10 4 14 4 10 2 2 2 10 2 2 2 10 2 2 2 10 2 2 2 10 2 2 2 10 2 2 2 10 2 2 2 10 4 14 4 10 4 14 4 10 4 14 5 1 20 1 5 15 1 6 1 20 1 5 14 4 12 4 10 4 16 6 18 4 6 2 6 2 8 4 16 6 18 6 19 1 5 14 4 10 4 14 5 1 19 6 18 6 16 4 8 2 6 2 6 4 18 6 16 4 10 4 12 4 14 5 1 20 1 6 1 15 5 1 20, zy
2549: 1 5 14 4 10 4 14 4 10 4 14 4 10 4 14 4 10 4 14 5 1 20 1 5 14 4 10 4 14 4 10 4 14 4 10 4 14 4 10 4 14 5 1 20 1 5 14 4 10 4 15 1 6 1 20 1 5 14 4 12 4 10 4 16 6 18 6 18 4 6 2 6 2 6 2 6 2 6 2 6 2 8 4 14 4 8 2 6 2 6 2 6 2 6 2 6 2 6 4 18 6 18 6 16 4 10 4 12 4 14 5 1 20 1 6 1 15 4 10 4 14 5 1 20, zy
2550: 1 5 14 4 10 4 14 5 1 20 1 5 15 1 6 1 20 1 5 16 6 18 4 6 2 6 2 6 2 6 2 6 2 6 2 6 4 18 6 16 5 1 20 1 6 1 15 5 1 20 1 5 14 4 10 4 14 5 1 20 1 5 15 1 6 1 20 1 5 16 6 18 4 6 2 6 2 6 2 6 2 6 2 6 2 6 4 18 6 16 5 1 20 1 6 1 15 5 1 20 1 5 14 4 10 4 14 5 1 20 1 5 16 6 18 6 18 6 18 6 16 5 1 20, zy
2551: 1 5 14 4 10 4 15 1 6 1 19 6 18 6 16 4 8 2 4 2 10 4 12 4 14 6 20 6 17 1 6 1 17 6 20 7 1 15 6 20 6 16 6 20 6 16 6 20 6 15 1 7 20 6 17 1 6 1 17 6 20 6 14 4 12 4 10 2 4 2 8 4 16 6 18 6 19 1 6 1 15 4 10 4 14 5 1 19 6 18 6 18 6 18 6 17 1 6 1 19 6 16 6 20 6 16 6 20 6 16 6 19 1 6 1 17 6 18 6 18 6 18 6 19, zy
2552: 1 5 14 4 12 4 10 2 4 2 8 2 6 4 17 1 6 1 17 6 20 6 16 5 1 20 1 5 14 5 1 19 6 16 4 10 4 14 4 10 4 16 6 19 1 5 14 5 1 20 1 5 16 6 20 6 17 1 6 1 17 4 6 2 8 2 4 2 10 4 12 4 14 5 1 20 1 5 15 1 6 1 20 1 5 16 6 20 6 16 4 8 2 6 2 4 2 10 2 2 2 10 2 4 2 6 2 8 4 16 6 20 6 16 5 1 20 1 6 1 15 5 1 20, zy
2553: 1 5 14 4 12 4 10 2 4 2 8 2 6 4 17 1 6 1 17 6 20 6 16 5 1 20 1 6 1 15 4 8 2 6 2 6 2 6 2 6 2 6 2 8 4 15 1 6 1 20 1 5 16 6 20 6 17 1 6 1 17 4 6 2 8 2 4 2 10 4 12 4 14 5 1 20 1 5 15 1 6 1 20 1 5 16 6 20 6 16 4 8 2 6 2 6 2 4 2 10 2 4 2 6 2 6 2 8 4 16 6 20 6 16 5 1 20 1 6 1 15 5 1 20, zy
2554: 1 5 14 5 1 19 6 17 1 6 1 18 1 6 1 17 6 19 1 5 14 5 1 19 6 18 4 6 2 6 2 8 2 2 2 12 4 14 6 21 1 5 16 6 20 6 18 6 18 6 19 1 6 1 16 1 6 1 18 1 6 1 17 6 20 6 16 5 1 21 6 14 4 12 4 14 6 21 1 5 16 6 20 6 17 1 6 1 18 1 6 1 16 1 6 1 19 6 18 6 18 6 20 6 16 5 1 21 6 14 4 12 2 2 2 8 2 6 2 6 4 18 6 19, zy
2555: 1 5 14 5 1 20 1 5 15 1 6 1 19 6 16 6 18 6 18 6 15 1 7 20 6 14 4 10 4 14 6 19 1 6 1 16 1 6 1 19 6 14 4 10 4 14 6 20 6 14 5 1 19 6 16 6 18 6 17 1 6 1 17 6 18 6 17 1 6 1 17 6 18 6 16 6 19 1 5 14 6 20 6 14 4 10 4 14 6 19 1 6 1 16 1 6 1 19 6 14 4 10 4 14 6 20 7 1 15 6 18 6 18 6 16 6 19 1 6 1 15 5 1 20, zy
2556: 1 5 10 2 4 2 8 4 14 6 19 1 6 1 15 4 8 4 15 1 6 1 19 6 14 5 1 19 6 14 4 10 4 13 1 7 19 1 5 12 2 2 2 8 2 2 2 12 5 1 19 7 1 13 4 10 4 14 6 19 1 5 14 6 19 1 6 1 15 4 8 4 15 1 6 1 19 6 14 4 8 2 4 2 10 5 1 17 6 18 6 15 1 7 20 6 14 5 1 19 6 14 4 10 4 12 4 12 4 10 4 14 6 19 1 5 14 6 20 7 1 15 6 18 6 17, zy
2557: 1 5 10 2 4 2 8 4 16 6 18 6 18 6 17 1 6 1 17 4 6 2 6 2 6 2 8 4 14 5 1 19 6 17 1 6 1 17 6 18 6 18 6 17 1 6 1 17 6 18 6 18 6 17 1 6 1 17 6 19 1 5 14 4 8 2 6 2 6 2 6 4 17 1 6 1 17 6 18 6 18 6 16 4 8 2 4 2 10 5 1 17 6 18 6 18 6 18 6 16 5 1 20 1 6 1 15 6 20 6 15 1 6 1 20 1 5 16 6 18 6 18 6 18 6 17, zy
2558: 1 5 12 2 2 2 8 4 15 1 6 1 18 1 6 1 15 4 6 2 8 4 14 4 8 2 4 2 8 4 14 4 8 2 4 2 8 4 14 4 8 2 4 2 8 4 14 4 8 2 6 4 15 1 6 1 18 1 6 1 15 4 8 2 2 2 12 5 1 18 1 6 1 15 4 8 2 4 2 8 4 14 4 8 2 4 2 8 4 14 4 8 4 16 6 17 1 6 1 17 6 16 4 8 4 14 4 8 2 4 2 8 4 14 4 8 2 4 2 8 4 15 1 6 1 18, zy
2559: 1 5 12 4 12 4 12 4 12 4 12 4 12 4 12 4 12 4 12 4 10 2 4 2 8 4 16 6 20 7 1 15 6 20 6 15 1 7 20 6 16 4 8 2 4 2 10 4 12 4 12 4 12 4 12 4 12 4 12 4 12 4 12 4 12 5 1 17 4 8 4 16 6 20 7 1 14 1 7 20 6 16 4 8 2 4 2 8 2 4 2 10 4 12 4 12 4 12 4 12 4 10 2 4 2 8 2 4 2 8 4 16 6 20 7 1 14 1 7 20 6 16 4 8 4 17, zy
2560: 1 5 12 4 12 4 12 4 12 4 12 4 12 4 12 4 12 5 1 17 4 8 4 16 6 20 6 14 4 12 4 12 5 1 18 1 6 1 17 6 20 7 1 15 6 20 6 16 4 8 4 16 4 8 4 17 1 5 12 4 12 4 12 4 12 4 12 4 12 4 14 6 20 6 14 4 12 4 12 4 12 4 12 4 12 4 12 5 1 17 4 8 4 16 4 8 4 16 6 20 6 15 1 7 20 6 17 1 6 1 18 1 5 12 4 12 4 14 6 20 6 16 4 8 4 17, zy
2561: 1 5 12 4 12 4 12 4 12 5 1 17 4 8 4 16 6 18 6 18 6 16 4 8 2 6 4 16 4 8 4 16 6 18 6 19 1 5 14 4 10 2 2 2 10 2 2 2 10 4 14 6 20 6 16 6 19 1 6 1 15 4 8 2 4 2 10 4 12 4 10 2 4 2 8 4 15 1 6 1 19 6 16 6 20 6 14 4 10 2 2 2 10 2 2 2 10 4 14 5 1 19 6 18 6 16 4 8 4 16 4 6 2 8 4 16 6 18 6 18 6 16 4 8 4 17, zy
2562: 1 5 12 4 12 4 14 6 20 6 16 4 8 4 16 4 8 4 16 4 8 4 16 6 20 6 14 4 12 4 12 5 1 18 1 6 1 17 4 6 2 8 4 16 6 18 4 6 2 8 4 14 4 12 5 1 19 6 16 4 8 2 6 4 17 1 6 1 18 1 5 12 4 14 6 20 6 17 1 6 1 17 6 20 6 14 4 12 5 1 18 1 6 1 17 4 6 2 8 4 16 6 19 1 5 12 4 14 4 8 2 6 4 18 6 16 4 8 2 6 4 17 1 6 1 18, zy
2563: 1 5 12 4 14 4 8 2 6 2 4 2 10 4 14 5 1 20 1 6 1 15 5 1 20 1 6 1 15 4 8 2 4 2 10 4 14 6 20 6 17 1 6 1 17 6 20 6 14 4 10 2 4 2 8 4 15 1 6 1 20 1 5 15 1 6 1 20 1 5 14 4 10 2 4 2 6 2 8 4 14 4 12 5 1 19 6 16 4 8 2 4 2 10 4 12 4 12 4 14 6 20 6 16 6 20 6 16 6 20 6 14 4 12 4 12 4 10 2 4 2 8 4 16 6 19, zy
2564: 1 5 12 4 14 5 1 20 1 5 14 4 10 4 14 5 1 19 6 17 1 6 1 17 6 18 6 18 6 18 6 16 5 1 20 1 6 1 15 6 20 6 16 6 18 6 19 1 5 14 4 10 4 14 5 1 19 6 17 1 6 1 17 6 19 1 5 14 4 10 4 14 5 1 19 6 18 6 16 6 20 6 15 1 6 1 20 1 5 16 6 18 6 18 6 18 6 17 1 6 1 17 6 19 1 5 14 4 10 4 14 5 1 20 1 5 14 4 12 5 1 19 6 16 6 19, zy
2565: 1 5 12 4 14 5 1 20 1 5 14 5 1 19 6 18 6 16 4 10 4 12 4 14 6 20 6 17 1 6 1 17 6 20 6 14 4 12 4 10 4 16 6 18 6 19 1 5 14 5 1 20 1 5 14 4 12 5 1 19 6 16 5 1 21 6 14 4 10 4 15 1 6 1 20 1 5 14 4 12 5 1 19 6 16 6 20 6 16 4 8 4 16 4 8 4 16 6 20 6 16 6 19 1 5 12 4 14 5 1 20 1 6 1 15 4 10 4 14 6 21 1 5 16 6 19, zy
2566: 1 5 12 4 14 5 1 21 7 1 15 4 8 2 4 2 10 4 12 2 2 2 10 4 12 4 12 2 2 2 8 2 6 4 17 1 6 1 17 4 6 2 8 2 2 2 12 4 12 4 10 2 2 2 12 4 10 2 4 2 8 4 15 1 7 21 1 5 14 4 12 5 1 19 6 16 5 1 21 7 1 15 6 20 6 16 4 8 2 4 2 8 2 6 4 16 4 8 4 16 4 8 4 16 4 6 2 8 2 4 2 8 4 16 6 20 6 15 1 7 21 1 5 16 6 19, zy
2567: 1 5 12 4 14 6 20 6 16 6 18 6 18 6 18 6 17 1 6 1 17 6 18 6 18 6 17 1 6 1 17 6 18 6 18 6 17 1 6 1 17 6 18 6 18 6 18 6 16 6 20 6 14 4 12 5 1 18 1 6 1 17 6 18 6 16 4 8 2 4 2 10 4 10 2 4 2 8 4 16 6 18 6 18 6 16 4 8 2 6 4 16 4 6 2 8 4 16 6 18 6 18 6 16 4 8 2 4 2 10 4 10 2 4 2 8 4 16 6 18 6 17 1 6 1 18, zy
2568: 1 5 12 4 14 6 20 6 16 6 19 1 5 14 5 1 19 6 17 1 6 1 17 6 18 6 18 6 17 1 6 1 17 6 18 6 18 6 17 1 6 1 17 6 19 1 5 14 5 1 19 6 16 6 20 6 14 4 12 5 1 18 1 6 1 17 6 18 6 16 4 8 2 6 4 16 4 8 4 16 6 19 1 5 14 5 1 19 6 16 4 8 2 4 2 8 4 16 6 19 1 5 14 5 1 19 6 16 4 8 4 16 4 6 2 8 4 16 6 18 6 17 1 6 1 18, zy
2569: 1 5 14 4 10 2 4 2 8 4 16 5 1 21 6 16 6 20 6 18 6 16 4 10 4 16 6 18 6 20 6 16 6 21 1 5 16 4 8 4 18 6 17 1 6 1 18 1 6 1 17 6 20 6 16 6 20 6 17 1 6 1 18 1 6 1 17 6 18 4 8 4 16 5 1 21 6 16 6 20 6 18 6 16 4 10 4 16 6 18 6 20 6 16 6 21 1 5 16 4 8 2 4 2 10 4 14 5 1 20 1 5 14 4 12 4 12 4 12 4 12 4 14 5 1 20, zy
2570: 1 5 14 4 10 4 14 4 10 4 14 6 20 6 16 6 20 6 14 4 10 4 14 4 10 4 14 5 1 19 6 18 6 16 4 8 4 16 4 8 4 16 6 18 6 18 6 18 6 16 4 8 2 6 4 16 5 1 21 6 14 4 10 4 14 4 8 2 6 2 4 2 10 4 12 4 12 4 12 4 12 4 10 2 4 2 6 2 8 4 14 4 10 4 14 6 21 1 5 16 4 6 2 8 4 16 6 18 6 18 6 18 6 16 4 8 4 16 4 8 4 16 6 18 6 19, zy
2571: 1 5 14 4 10 4 16 6 18 4 6 2 8 4 16 6 20 6 16 5 1 21 6 14 4 12 4 12 4 12 4 12 4 14 6 21 1 5 16 6 20 6 16 4 8 2 6 4 18 6 16 4 10 4 14 5 1 19 6 18 6 19 1 5 14 4 10 4 16 6 19 1 5 14 5 1 20 1 5 14 4 12 4 10 2 4 2 8 4 16 6 20 6 16 4 8 2 4 2 10 4 12 4 14 5 1 20 1 5 14 5 1 19 6 16 4 10 4 14 5 1 19 6 18 6 19, zy
2572: 1 5 14 5 1 19 6 16 4 8 4 16 6 20 7 1 15 6 19 1 6 1 15 4 10 4 14 6 20 6 16 6 19 1 6 1 15 4 10 4 12 4 12 4 12 4 12 4 12 4 10 4 15 1 6 1 19 6 16 6 20 6 14 4 10 4 15 1 6 1 19 6 15 1 7 20 6 16 4 8 4 16 6 19 1 5 14 5 1 19 6 17 1 6 1 17 6 18 4 6 2 6 4 18 6 17 1 6 1 17 6 18 4 6 2 6 4 18 6 17 1 6 1 17 6 19, zy
2573: 1 5 14 6 20 7 1 15 6 18 6 16 4 6 2 8 4 14 4 8 4 16 6 18 6 15 1 7 20 7 1 15 6 18 6 16 4 8 4 14 4 8 2 6 4 16 6 18 6 15 1 7 20 6 14 5 1 20 1 5 15 1 7 20 6 15 1 7 20 6 15 1 6 1 19 6 16 6 17 1 6 1 17 4 6 2 6 2 4 2 10 4 10 2 4 2 6 2 6 4 17 1 6 1 17 6 16 6 19 1 6 1 15 6 20 7 1 15 6 20 7 1 15 5 1 20, zy
2574: 1 5 10 2 4 2 8 4 14 4 8 2 4 2 8 2 4 2 8 4 14 4 8 2 6 4 16 6 19 1 5 14 5 1 19 6 16 6 19 1 5 14 6 20 6 14 4 10 4 14 6 20 6 14 5 1 19 6 16 6 19 1 5 14 5 1 19 6 16 4 6 2 8 4 14 4 8 2 4 2 8 2 4 2 8 4 14 4 8 2 4 2 10 5 1 17 6 18 6 16 4 8 4 15 1 6 1 19 6 16 6 18 6 16 6 19 1 6 1 15 4 8 4 16 6 18 6 17, zy
2575: 1 5 12 2 2 2 8 2 4 2 8 4 14 4 8 2 4 2 8 2 4 2 6 2 6 2 6 2 6 4 16 4 6 2 6 2 6 2 6 2 4 2 8 2 4 2 8 4 14 4 8 2 4 2 8 2 2 2 12 5 1 18 1 6 1 17 6 16 6 18 6 18 6 14 4 10 2 2 2 10 4 12 4 12 5 1 18 1 6 1 15 4 8 2 4 2 8 4 15 1 6 1 18 1 5 12 4 12 4 10 2 2 2 10 4 14 6 18 6 18 6 16 6 17 1 6 1 18, zy
2576: 1 5 12 2 2 2 8 2 6 4 16 6 17 1 6 1 18 1 6 1 16 1 6 1 19 6 14 4 10 4 12 4 12 4 12 5 1 18 1 6 1 17 6 17 1 6 1 18 1 5 12 4 12 4 12 4 10 4 14 6 19 1 6 1 16 1 6 1 18 1 6 1 17 6 16 4 6 2 8 2 2 2 12 5 1 19 6 16 6 18 6 16 4 8 4 16 6 17 1 6 1 17 4 6 2 6 2 6 2 6 4 17 1 6 1 17 6 16 4 8 4 16 6 18 6 16 6 19, zy
2577: 1 5 12 2 2 2 10 2 2 2 10 2 2 2 10 2 2 2 10 2 2 2 10 2 2 2 10 2 2 2 10 2 2 2 10 2 2 2 10 2 2 2 12 5 1 20 1 5 15 1 7 21 1 5 14 4 12 4 10 4 16 6 19 1 5 12 4 14 4 8 2 6 2 6 4 18 6 18 6 16 4 10 4 14 5 1 20 1 5 14 4 10 4 16 6 18 6 18 4 6 2 6 2 8 4 14 4 12 5 1 19 6 16 4 10 4 12 4 14 5 1 21 7 1 15 5 1 20, zy
2578: 1 5 12 2 2 2 10 4 10 2 2 2 12 5 1 19 6 16 6 18 6 14 4 12 5 1 19 6 14 4 10 4 14 6 18 6 17 1 6 1 17 6 16 4 6 2 8 4 14 5 1 19 6 16 6 18 6 16 4 6 2 6 2 6 2 6 4 17 1 5 12 4 12 5 1 17 4 6 2 6 2 6 2 6 4 16 6 18 6 16 6 19 1 5 14 4 8 2 6 4 16 6 17 1 6 1 17 6 18 6 14 4 10 4 14 6 19 1 5 12 4 14 6 18 6 16 6 19, zy
2579: 1 5 12 2 2 2 10 4 12 2 2 2 8 2 4 2 8 2 4 2 8 2 2 2 12 4 10 2 4 2 6 2 6 2 6 2 6 2 6 2 6 2 4 2 10 4 12 2 2 2 8 2 4 2 8 2 4 2 8 2 2 2 12 4 10 2 2 2 12 5 1 19 6 16 6 19 1 6 1 15 4 10 4 12 4 14 6 20 6 14 4 12 5 1 18 1 6 1 17 6 17 1 6 1 18 1 5 12 4 14 6 20 6 14 4 12 4 10 4 15 1 6 1 19 6 16 6 19, zy
2580: 1 5 12 2 2 2 10 4 12 2 2 2 8 2 4 2 8 2 4 2 8 2 2 2 12 4 10 2 4 2 6 2 6 2 6 2 6 2 6 2 6 2 4 2 10 4 12 2 2 2 8 2 4 2 8 2 4 2 8 2 2 2 12 4 10 2 2 2 12 5 1 19 6 16 6 20 6 14 4 10 4 15 1 6 1 19 6 14 4 12 4 12 5 1 18 1 6 1 17 6 17 1 6 1 18 1 5 12 4 12 4 14 6 19 1 6 1 15 4 10 4 14 6 20 6 16 6 19, zy
2581: 1 5 12 2 2 2 10 4 14 4 8 2 6 2 6 4 18 6 17 1 6 1 19 6 16 6 20 6 16 6 20 6 16 6 19 1 6 1 17 6 18 4 6 2 6 2 8 4 14 4 10 2 2 2 12 5 1 19 6 18 6 16 4 8 2 4 2 10 4 12 2 2 2 10 4 12 4 14 6 20 6 16 4 8 4 17 1 5 12 4 12 4 12 4 12 4 12 5 1 17 4 8 4 16 6 20 6 14 4 12 4 10 2 2 2 12 4 10 2 4 2 8 4 16 6 18 6 19, zy
2582: 1 5 12 2 2 2 10 4 14 4 10 4 14 4 10 2 2 2 12 5 1 19 6 16 4 10 4 14 5 1 20 1 5 14 4 10 2 4 2 6 2 8 4 16 6 20 6 16 6 21 1 5 16 4 8 2 4 2 10 4 12 4 14 4 8 2 6 2 4 2 10 4 14 4 10 4 14 4 10 2 4 2 6 2 8 4 14 4 12 4 10 2 4 2 8 4 16 5 1 21 6 16 6 20 6 16 4 8 2 6 2 4 2 10 4 14 5 1 20 1 5 14 4 10 4 16 6 19, zy
2583: 1 5 12 2 2 2 10 4 14 6 20 6 16 6 19 1 5 12 4 14 5 1 20 1 5 14 4 10 2 2 2 10 2 2 2 10 4 14 5 1 20 1 5 14 4 12 5 1 19 6 16 6 20 6 14 4 10 2 2 2 12 5 1 19 6 16 5 1 20 1 6 1 15 5 1 20 1 5 14 4 10 4 14 5 1 19 6 17 1 6 1 17 6 18 4 6 4 18 6 17 1 6 1 17 6 19 1 5 14 4 10 4 14 5 1 20 1 5 15 1 6 1 20 1 5 16 6 19, zy
2584: 1 5 12 2 2 2 10 4 14 6 20 6 16 6 19 1 5 12 4 14 5 1 20 1 5 14 4 10 2 4 2 6 2 4 2 10 4 14 5 1 20 1 5 14 4 12 5 1 19 6 16 6 20 6 14 4 10 2 2 2 12 5 1 19 6 16 5 1 20 1 6 1 15 5 1 20 1 5 14 4 10 4 14 5 1 19 6 17 1 6 1 17 6 18 4 6 4 18 6 17 1 6 1 17 6 19 1 5 14 4 10 4 14 5 1 20 1 5 15 1 6 1 20 1 5 16 6 19, zy
2585: 1 5 12 4 10 2 4 2 6 2 4 2 10 4 12 5 1 17 4 6 2 6 2 6 2 4 2 8 2 4 2 8 4 14 5 1 19 6 16 6 18 6 16 6 19 1 5 14 4 8 2 4 2 8 2 4 2 6 2 6 2 6 2 4 2 8 2 4 2 8 4 14 5 1 19 6 16 6 18 6 16 6 19 1 5 14 4 8 2 4 2 8 2 4 2 6 2 6 2 6 4 17 1 5 12 4 10 2 4 2 6 2 4 2 10 4 12 5 1 17 4 6 2 6 2 6 4 17, zy
2586: 1 5 12 4 10 4 14 4 8 2 4 2 8 4 14 4 8 2 4 2 8 4 15 1 6 1 18 1 6 1 15 4 8 2 4 2 8 4 14 4 8 2 4 2 8 4 14 4 10 4 12 5 1 17 6 18 6 16 6 18 6 16 4 6 2 6 2 6 2 6 4 16 4 6 2 6 2 6 4 17 1 5 12 4 10 4 14 4 8 2 4 2 8 4 14 4 10 4 12 5 1 17 4 6 2 6 2 6 4 16 4 6 2 6 2 6 2 6 4 16 6 18 6 16 6 18 6 17, zy
2587: 1 5 12 4 10 4 14 4 8 4 16 6 16 4 8 4 15 1 6 1 18 1 5 12 4 12 4 10 4 14 6 19 1 5 14 5 1 20 1 5 15 1 6 1 19 6 14 5 1 19 6 14 4 10 4 12 4 10 2 4 2 4 2 10 4 12 4 10 4 14 6 19 1 5 14 6 19 1 6 1 15 5 1 20 1 5 14 5 1 19 6 14 4 10 4 12 4 12 5 1 18 1 6 1 15 4 8 4 16 6 16 4 8 4 14 4 10 4 12 5 1 17 4 6 2 6 4 17, zy
2588: 1 5 12 4 10 4 14 6 19 1 6 1 15 6 19 1 5 14 5 1 19 6 16 6 17 1 6 1 17 6 16 6 19 1 5 14 5 1 19 6 16 6 17 1 6 1 17 6 16 6 19 1 5 14 5 1 19 6 15 1 6 1 19 6 14 4 10 4 12 5 1 17 6 18 6 14 4 10 4 14 6 18 6 17 1 6 1 16 1 6 1 17 4 6 4 17 1 6 1 16 1 6 1 17 4 6 4 17 1 6 1 16 1 6 1 17 6 18 6 14 4 10 4 14 6 18 6 17, zy
2589: 1 5 12 4 12 2 2 2 8 2 4 2 8 4 16 6 19 1 5 14 5 1 20 1 5 16 6 19 1 5 14 5 1 19 6 17 1 6 1 17 6 18 6 18 6 18 6 16 5 1 20 1 6 1 15 6 20 6 15 1 6 1 20 1 5 16 6 18 6 18 6 18 6 17 1 6 1 17 6 19 1 5 14 5 1 19 6 16 5 1 20 1 5 14 5 1 19 6 16 4 8 2 4 2 8 2 2 2 12 4 12 5 1 18 1 5 12 4 12 4 12 4 12 4 12 5 1 18, zy
2590: 1 5 12 4 12 2 2 2 10 4 14 4 10 4 14 4 12 4 10 2 4 2 8 4 16 4 8 2 6 4 18 6 17 1 6 1 18 1 6 1 17 6 18 4 6 2 8 4 16 4 8 2 4 2 10 4 12 4 14 4 10 4 14 4 10 2 2 2 12 4 12 5 1 17 4 8 4 16 4 8 2 6 4 18 6 18 6 18 6 20 6 14 4 12 4 14 6 21 1 5 16 5 1 21 6 14 4 12 4 14 6 20 6 18 6 18 6 18 4 6 2 8 4 16 4 8 4 17, zy
2591: 1 5 12 4 12 4 10 2 4 2 4 2 10 4 12 4 10 2 4 2 6 4 17 1 6 1 17 6 16 6 19 1 5 14 5 1 20 1 5 16 6 18 6 16 6 18 6 16 4 8 4 15 1 6 1 18 1 6 1 15 4 8 4 16 6 18 6 16 6 18 6 16 5 1 20 1 5 14 5 1 19 6 16 6 17 1 6 1 17 4 6 2 4 2 10 4 12 4 10 2 4 2 4 2 10 4 12 4 12 5 1 18 1 6 1 15 4 8 2 4 2 8 4 15 1 6 1 18, zy
2592: 1 5 12 4 12 4 10 4 14 4 8 4 15 1 6 1 19 6 14 4 10 4 12 4 12 4 10 4 12 4 12 4 10 4 12 4 12 4 10 4 14 6 19 1 6 1 15 4 8 4 14 4 10 4 12 4 12 5 1 19 6 14 4 10 4 12 4 12 5 1 19 6 14 5 1 19 6 14 4 10 4 12 4 12 4 10 4 14 6 18 6 17 1 6 1 17 6 18 6 14 4 10 4 12 4 12 4 10 4 14 6 19 1 5 14 6 19 1 5 12 4 12 4 10 4 14 6 19, zy
2593: 1 5 12 4 12 4 10 4 14 5 1 20 1 5 14 4 10 4 12 4 10 4 14 6 19 1 6 1 15 6 19 1 5 14 5 1 19 6 15 1 6 1 19 6 14 4 10 4 12 4 10 4 14 5 1 20 1 5 14 4 10 4 12 4 12 5 1 19 6 14 4 8 2 4 2 8 2 4 2 6 2 6 2 6 4 16 4 6 2 6 2 6 4 16 4 6 2 6 2 6 4 16 4 6 2 6 2 6 4 16 4 6 2 6 2 6 2 4 2 8 2 4 2 8 4 14 6 19, zy
2594: 1 5 12 4 12 4 12 4 10 2 2 2 12 4 10 4 15 1 6 1 19 6 14 4 12 4 12 5 1 18 1 5 12 4 12 4 14 6 19 1 6 1 15 4 10 4 12 2 2 2 10 4 12 4 12 4 12 5 1 17 6 19 1 6 1 15 5 1 20 1 5 14 4 10 4 14 4 8 2 6 2 6 2 4 2 10 4 12 4 12 2 2 2 8 2 2 2 12 4 12 4 10 2 4 2 6 2 6 2 8 4 14 4 10 4 14 5 1 20 1 5 15 1 6 1 19 6 17, zy
2595: 1 5 12 4 12 4 12 4 12 2 2 2 8 2 4 2 8 2 4 2 8 4 16 4 6 2 8 2 4 2 8 4 16 6 19 1 5 12 4 14 4 8 2 6 4 18 6 16 4 8 2 4 2 10 4 12 4 12 4 12 4 12 4 12 4 12 4 12 4 12 4 12 4 10 2 4 2 8 4 16 6 18 4 6 2 8 4 14 4 12 5 1 19 6 16 4 8 2 4 2 8 2 6 4 16 4 8 2 4 2 8 2 4 2 8 2 2 2 12 4 12 4 12 4 12 5 1 18, zy
2596: 1 5 12 4 12 4 12 4 12 4 10 2 4 2 6 2 8 4 14 4 8 2 6 2 4 2 10 4 12 4 12 4 12 4 12 5 1 17 4 8 4 16 6 18 6 18 6 17 1 6 1 17 6 18 4 6 2 4 2 10 4 14 5 1 20 1 5 14 4 12 5 1 19 6 16 6 20 6 14 4 10 4 14 4 10 4 14 6 20 6 16 6 19 1 5 12 4 14 5 1 20 1 5 14 4 10 2 4 2 6 4 18 6 17 1 6 1 17 6 18 6 18 6 16 4 8 4 17, zy
2597: 1 5 12 4 12 4 12 4 12 4 12 2 2 2 8 2 4 2 8 2 2 2 12 4 12 4 12 4 12 4 12 5 1 18 1 5 12 4 14 6 20 6 16 4 8 4 17 1 5 12 4 12 4 12 4 12 4 12 4 12 4 12 4 12 4 12 4 10 2 4 2 8 4 16 6 20 7 1 15 6 20 6 15 1 7 20 6 16 4 8 2 4 2 10 4 12 4 12 4 12 4 12 4 12 4 12 4 12 4 12 4 12 5 1 17 4 8 4 16 6 20 6 14 4 12 5 1 18, zy
2598: 1 5 12 4 12 4 12 4 12 4 12 4 10 4 16 6 18 6 17 1 6 1 18 1 5 12 4 14 6 20 6 16 6 18 4 6 2 8 4 14 4 10 4 14 4 8 2 6 4 18 6 16 6 20 6 14 4 12 5 1 18 1 6 1 17 6 18 6 16 4 10 4 12 4 12 4 12 4 12 4 12 5 1 17 4 8 4 16 6 18 6 19 1 5 14 4 10 4 14 4 10 4 14 5 1 20 1 5 14 4 10 4 14 4 10 4 14 5 1 19 6 18 6 16 4 8 4 17, zy
2599: 1 5 12 4 12 4 12 4 12 5 1 17 4 8 4 16 6 20 6 14 4 10 2 2 2 12 4 10 4 14 4 10 4 14 4 10 4 14 4 10 4 12 2 2 2 10 4 14 6 20 6 16 4 8 4 17 1 5 12 4 12 4 12 4 12 5 1 17 4 8 4 16 6 20 7 1 15 6 20 6 16 6 20 6 14 4 12 4 10 4 16 6 18 6 19 1 5 14 5 1 19 6 18 6 16 4 10 4 12 4 14 6 20 6 16 6 20 6 15 1 7 20 6 16 4 8 4 17, zy
2600: 1 5 12 4 12 4 14 6 20 6 16 6 20 6 16 6 19 1 6 1 17 6 18 6 19 1 5 14 4 10 4 14 5 1 19 6 18 6 17 1 6 1 19 6 16 6 20 6 16 6 20 6 14 4 12 4 12 5 1 18 1 6 1 17 6 20 6 14 4 10 2 2 2 12 4 10 4 14 4 10 2 4 2 6 2 6 2 6 2 6 2 6 2 6 2 6 2 6 2 6 2 6 2 6 2 4 2 10 4 14 4 10 4 12 2 2 2 10 4 14 6 20 6 17 1 6 1 18, zy
2601: 1 5 12 4 13 1 7 20 6 14 6 20 6 14 6 20 6 14 6 20 6 14 6 20 7 1 13 4 12 5 1 19 6 14 5 1 18 1 6 1 16 1 6 1 17 6 16 4 8 4 14 4 8 2 4 2 8 2 2 2 12 6 20 6 14 5 1 19 6 15 1 6 1 18 1 6 1 15 4 8 4 15 1 6 1 18 1 6 1 15 6 19 1 5 14 6 20 6 12 2 2 2 8 2 4 2 8 4 14 4 8 4 16 6 17 1 6 1 16 1 6 1 18 1 5 14 6 19, zy
2602: 1 5 12 4 14 4 12 5 1 18 1 6 1 17 5 1 21 6 17 1 6 1 18 1 5 12 4 14 4 12 5 1 18 1 6 1 17 6 21 1 5 17 1 6 1 18 1 5 12 4 14 4 12 5 1 18 1 6 1 17 5 1 21 6 17 1 6 1 18 1 5 12 4 14 4 12 5 1 18 1 6 1 17 6 21 1 5 17 1 6 1 18 1 5 12 4 14 4 12 5 1 19 6 16 4 10 4 16 6 19 1 5 12 4 14 4 12 5 1 19 6 16 4 10 4 16 6 19, zy
2603: 1 5 12 4 14 6 21 1 5 16 6 19 1 6 1 17 6 18 6 18 4 6 2 6 2 6 2 6 2 6 2 6 2 6 2 6 2 6 2 6 2 6 2 6 2 6 2 6 2 6 4 18 6 18 6 17 1 6 1 19 6 16 5 1 21 6 14 4 12 5 1 19 6 16 6 21 1 5 16 4 8 4 16 6 20 6 16 6 19 1 6 1 17 6 18 6 19 1 5 14 5 1 19 6 18 6 17 1 6 1 19 6 16 6 20 6 16 4 8 4 16 5 1 21 6 16 6 19, zy
2604: 1 5 12 4 14 6 21 1 5 16 6 19 1 6 1 17 6 18 6 18 6 18 4 6 2 6 2 6 2 6 2 6 2 6 2 6 4 18 6 18 6 18 6 17 1 6 1 19 6 16 5 1 21 6 14 4 12 5 1 19 6 16 5 1 21 6 14 4 10 2 2 2 12 4 10 4 16 6 18 6 18 6 18 6 19 1 5 14 4 10 4 14 4 10 4 14 4 10 4 14 5 1 19 6 18 6 18 6 18 6 16 4 10 4 12 2 2 2 10 4 14 6 21 1 5 16 6 19, zy
2605: 1 5 12 4 14 6 21 1 5 16 6 19 1 6 1 17 6 18 6 18 6 19 1 5 14 4 10 4 14 4 10 4 14 4 10 4 14 5 1 19 6 18 6 18 6 17 1 6 1 19 6 16 5 1 21 6 14 4 12 5 1 19 6 16 6 20 6 16 4 8 4 16 4 8 4 16 5 1 21 6 16 6 19 1 6 1 17 6 18 6 18 6 18 6 18 6 18 6 18 6 18 6 17 1 6 1 19 6 16 6 21 1 5 16 4 8 4 16 4 8 4 16 6 20 6 16 6 19, zy
2606: 1 5 12 5 1 17 4 6 2 8 4 16 6 19 1 6 1 17 6 18 6 18 6 18 6 18 6 17 1 6 1 19 6 16 5 1 21 6 14 4 10 4 16 6 18 6 19 1 5 14 5 1 19 6 18 6 17 1 6 1 19 6 16 6 20 6 16 6 20 6 16 6 19 1 6 1 17 6 18 6 19 1 5 14 5 1 19 6 18 6 16 4 10 4 14 6 21 1 5 16 6 19 1 6 1 17 6 18 6 18 6 18 6 18 6 17 1 6 1 19 6 16 4 8 2 6 4 17, zy
2607: 1 5 12 5 1 17 6 17 1 6 1 17 6 16 6 18 6 16 4 6 2 8 4 12 4 12 4 10 4 14 6 19 1 5 14 6 19 1 6 1 15 6 19 1 5 14 6 20 7 1 15 6 18 6 16 6 18 6 16 6 18 6 16 6 18 6 16 6 18 6 16 6 18 6 16 6 18 6 16 6 18 6 15 1 7 20 6 14 5 1 19 6 15 1 6 1 19 6 14 5 1 19 6 14 4 10 4 12 4 12 4 8 2 6 4 16 6 18 6 16 6 17 1 6 1 17 6 17, zy
2608: 1 5 14 4 8 2 6 2 6 4 17 1 6 1 17 6 17 1 6 1 17 6 19 1 5 14 4 10 4 14 6 20 6 16 6 18 6 18 6 16 4 8 2 4 2 8 4 16 6 18 6 18 6 16 6 20 6 14 4 10 4 14 5 1 19 6 17 1 6 1 17 6 17 1 6 1 17 4 6 2 6 2 8 4 14 5 1 20 1 5 16 6 18 6 18 6 16 5 1 20 1 5 14 5 1 19 6 16 6 19 1 5 14 5 1 20 1 5 16 6 18 6 18 6 16 5 1 20, zy
2609: 1 5 14 4 10 2 4 2 8 2 4 2 8 2 4 2 10 4 14 5 1 19 6 19 1 5 14 4 12 4 12 4 12 4 14 5 1 20 1 5 15 1 6 1 20 1 5 14 4 12 2 2 2 8 2 6 2 4 2 10 4 14 4 10 2 4 2 8 4 16 5 1 21 6 16 6 21 1 5 16 4 8 2 4 2 10 4 14 4 10 2 4 2 6 2 8 2 2 2 12 4 14 5 1 20 1 6 1 15 5 1 20 1 5 14 4 12 4 12 4 12 4 14 5 1 19 6 19, zy
2610: 1 5 14 4 10 4 12 4 12 4 10 4 14 5 1 19 6 17 1 6 1 17 6 16 4 8 2 4 2 8 4 15 1 6 1 19 6 14 4 10 4 14 5 1 20 1 5 14 5 1 19 6 16 6 19 1 5 14 5 1 19 6 16 4 8 4 14 4 10 4 12 4 12 4 10 4 14 4 8 4 16 6 19 1 5 14 5 1 19 6 16 6 19 1 5 14 5 1 20 1 5 14 4 10 4 14 6 19 1 6 1 15 4 8 2 4 2 8 4 16 6 17 1 6 1 17 6 19, zy
2611: 1 5 14 4 10 4 14 4 10 4 14 5 1 19 6 18 6 18 6 17 1 6 1 19 6 16 6 20 6 16 4 8 4 16 4 8 4 16 5 1 21 6 16 6 19 1 6 1 17 6 18 6 18 4 6 2 6 2 6 2 6 2 6 2 6 2 6 2 6 2 6 2 6 2 6 2 6 2 6 2 6 2 6 2 6 2 6 4 18 6 18 6 17 1 6 1 19 6 16 6 21 1 5 16 4 8 4 16 4 8 4 16 6 20 6 16 6 19 1 6 1 17 6 18 6 18 6 19, zy
2612: 1 5 14 5 1 19 6 16 4 8 4 16 6 19 1 5 14 5 1 20 1 5 16 6 18 6 18 6 18 6 16 4 8 4 16 4 8 4 16 6 18 6 18 6 17 1 6 1 18 1 5 14 6 20 6 16 4 8 4 16 6 18 6 18 6 18 6 16 4 8 2 4 2 8 2 4 2 8 4 16 6 18 6 18 6 18 6 16 4 8 4 16 6 20 6 14 5 1 18 1 6 1 17 6 18 6 18 6 16 4 8 4 16 4 8 4 16 6 18 6 18 6 18 6 16 5 1 20, zy
2613: 1 5 14 5 1 19 6 16 6 16 4 8 4 15 1 6 1 18 1 6 1 15 4 8 4 15 1 6 1 18 1 6 1 15 4 8 4 16 6 16 6 19 1 5 14 5 1 20 1 5 16 6 17 1 6 1 17 6 16 6 19 1 5 14 5 1 19 6 16 6 17 1 6 1 17 6 16 6 19 1 5 14 6 20 6 14 6 20 6 14 6 20 6 14 5 1 19 6 16 6 17 1 6 1 17 6 16 6 19 1 5 14 5 1 19 6 16 6 17 1 6 1 17 6 16 5 1 20, zy
2614: 1 5 16 4 6 2 8 2 2 2 12 4 10 4 15 1 6 1 19 6 16 6 19 1 6 1 15 4 10 4 12 4 12 4 13 1 7 20 6 16 6 19 1 6 1 15 4 10 4 12 4 14 6 19 1 6 1 16 1 6 1 19 6 14 4 12 4 10 4 15 1 6 1 19 6 16 6 20 7 1 13 4 12 4 12 4 10 4 15 1 6 1 19 6 16 6 19 1 6 1 15 4 10 4 12 2 2 2 8 2 6 4 16 5 1 21 6 14 4 10 4 14 4 10 4 14 6 21, zy
2615: 1 5 16 5 1 21 6 16 6 20 6 16 4 8 2 6 2 6 2 4 2 10 2 2 2 10 2 4 2 6 2 6 2 8 4 16 6 20 6 16 5 1 21 6 14 4 12 4 12 4 14 6 20 6 18 6 18 6 18 4 6 2 8 4 16 6 20 6 16 4 8 2 6 4 18 6 18 6 18 6 20 6 14 4 12 4 12 4 14 6 21 1 5 16 6 20 6 16 4 8 2 6 2 6 2 4 2 10 2 2 2 10 2 4 2 6 2 6 2 8 4 16 6 20 6 16 6 21, zy
2616: 1 5 10 2 4 2 8 4 16 6 18 6 16 4 8 2 4 2 8 2 4 2 8 4 16 6 18 6 16 4 8 2 4 2 10 5 1 17 6 18 6 18 6 16 5 1 20 1 5 14 5 1 19 6 16 6 19 1 5 12 2 2 2 10 4 12 4 12 4 12 4 10 4 15 1 6 1 18 1 5 12 4 12 4 12 4 12 5 1 18 1 6 1 15 4 10 4 12 4 12 4 12 4 10 2 2 2 12 5 1 19 6 16 6 19 1 5 14 5 1 20 1 5 16 6 18 6 18 6 17, zy
2617: 1 5 12 2 2 2 8 4 16 6 16 6 19 1 5 14 5 1 19 6 16 6 16 4 8 4 16 6 16 6 19 1 5 14 6 20 7 1 14 1 7 20 7 1 14 1 7 20 6 14 5 1 19 6 16 6 16 4 8 4 16 6 16 6 19 1 5 14 5 1 19 6 16 6 16 4 8 2 2 2 12 5 1 18 1 6 1 16 1 6 1 17 6 18 6 14 4 10 4 12 4 12 4 10 4 12 4 12 4 10 4 12 4 12 4 10 4 14 6 18 6 17 1 6 1 16 1 6 1 18, zy
2618: 1 5 12 2 2 2 10 4 12 4 12 4 10 2 2 2 12 5 1 19 6 15 1 7 20 6 16 6 19 1 6 1 15 6 20 6 14 4 12 5 1 19 6 16 6 19 1 5 14 5 1 19 6 16 4 8 4 16 6 18 6 18 6 16 5 1 20 1 5 14 5 1 19 6 16 6 19 1 5 14 5 1 20 1 5 16 6 18 6 18 6 16 4 8 4 16 6 19 1 5 14 5 1 19 6 16 6 19 1 5 12 4 14 6 20 6 15 1 6 1 19 6 16 6 20 7 1 15 6 19, zy
2619: 1 5 12 4 12 2 2 2 10 4 12 4 12 4 14 6 20 6 17 1 5 12 4 12 4 12 4 12 4 12 4 12 4 12 4 12 4 12 4 12 5 1 17 6 20 6 14 4 12 4 12 4 10 2 2 2 12 4 12 5 1 18 1 5 12 4 12 4 12 2 2 2 8 2 6 4 17 1 5 12 4 12 4 12 4 12 4 12 4 12 4 12 4 12 4 12 4 12 4 12 4 12 4 12 4 12 4 12 4 12 4 12 5 1 17 4 6 2 8 2 2 2 12 4 12 4 12 5 1 18, zy
2620: 1 5 12 4 12 4 12 4 12 4 10 2 4 2 6 2 8 4 14 4 10 4 14 5 1 20 1 5 14 4 12 5 1 19 6 16 6 19 1 5 12 4 14 5 1 20 1 5 14 4 10 4 14 4 8 2 6 2 4 2 10 4 12 4 12 4 12 4 12 5 1 17 4 8 4 16 6 18 6 18 6 18 6 16 5 1 20 1 5 14 4 10 4 14 5 1 19 6 17 1 6 1 17 6 19 1 5 14 4 10 4 14 5 1 20 1 5 16 6 18 6 18 6 18 6 16 4 8 4 17, zy
2621: 1 5 12 4 12 4 12 4 12 4 12 4 12 4 12 4 12 4 12 4 12 4 12 4 12 4 12 4 12 4 12 4 12 4 12 4 12 4 12 4 12 5 1 17 4 6 2 8 2 4 2 8 4 16 6 20 6 14 4 12 4 12 5 1 18 1 5 12 4 12 4 14 6 20 6 17 1 5 12 4 12 4 12 4 12 4 12 4 12 4 12 4 12 4 12 5 1 17 6 20 6 14 4 12 4 12 5 1 18 1 5 12 4 12 4 14 6 20 6 16 4 8 2 4 2 8 2 6 4 17, zy
2622: 1 5 12 4 12 4 12 4 12 4 12 4 12 4 12 4 12 5 1 17 4 8 4 16 6 20 6 14 4 12 4 10 2 4 2 6 2 8 4 16 6 18 4 6 2 6 2 8 4 14 4 12 5 1 19 6 16 4 10 4 12 4 12 4 14 6 20 6 16 4 8 4 16 4 8 4 16 4 8 4 16 6 20 6 14 4 12 4 12 4 10 4 16 6 19 1 5 12 4 14 4 8 2 6 2 6 4 18 6 16 4 8 2 6 2 4 2 10 4 12 4 14 6 20 6 16 4 8 4 17, zy
2623: 1 5 12 4 12 4 12 4 12 4 12 4 12 4 12 4 12 5 1 17 4 8 4 16 6 20 6 15 1 7 21 1 5 16 6 19 1 5 12 4 14 5 1 21 7 1 15 4 8 2 6 4 18 6 16 5 1 21 6 14 4 10 4 14 4 12 5 1 19 6 17 1 6 1 18 1 6 1 17 6 19 1 5 12 4 14 4 10 4 14 6 21 1 5 16 6 18 4 6 2 8 4 15 1 7 21 1 5 14 4 12 5 1 19 6 16 5 1 21 7 1 15 6 20 6 16 4 8 4 17, zy
2624: 1 5 12 4 14 4 8 2 6 2 4 2 10 4 14 6 20 6 17 1 6 1 18 1 5 12 4 14 6 20 6 16 4 8 4 16 4 8 2 4 2 8 2 4 2 8 4 16 4 8 4 16 6 20 6 14 4 12 5 1 18 1 6 1 17 6 20 6 14 4 10 2 4 2 6 2 8 4 14 4 12 5 1 19 6 16 4 8 2 6 4 17 1 6 1 18 1 5 12 4 14 6 20 6 17 1 6 1 17 6 20 6 14 4 12 5 1 18 1 6 1 17 4 6 2 8 4 16 6 19, zy
2625: 1 5 12 4 14 4 8 2 6 4 18 6 16 4 8 2 6 4 17 1 6 1 18 1 5 12 4 14 6 20 6 16 4 8 4 16 4 8 2 4 2 8 2 4 2 8 4 16 4 8 4 16 6 20 6 14 4 12 5 1 18 1 6 1 17 4 6 2 8 4 16 6 18 4 6 2 8 4 14 4 12 5 1 19 6 16 4 8 2 6 4 17 1 6 1 18 1 5 12 4 14 6 20 6 17 1 6 1 17 6 20 6 14 4 12 5 1 18 1 6 1 17 4 6 2 8 4 16 6 19, zy
2626: 1 5 12 4 14 5 1 20 1 5 15 1 6 1 20 1 5 14 4 12 4 12 4 14 5 1 20 1 6 1 15 5 1 20 1 5 14 4 12 5 1 17 4 8 2 4 2 10 4 14 5 1 19 6 18 4 6 2 8 4 16 4 8 2 6 4 18 6 19 1 5 14 4 10 2 4 2 8 4 17 1 6 1 17 6 20 6 17 1 6 1 17 4 8 2 4 2 10 4 14 5 1 19 6 18 4 6 2 8 4 16 4 8 2 6 4 18 6 19 1 5 14 4 10 2 4 2 8 4 17, zy
2627: 1 5 12 4 14 5 1 21 7 1 15 4 8 2 4 2 10 4 12 2 2 2 10 4 12 4 14 6 20 6 16 4 8 2 6 4 17 1 6 1 17 4 6 2 8 4 16 6 20 6 14 4 12 4 10 2 2 2 12 4 10 2 4 2 8 4 15 1 7 21 1 5 14 4 12 5 1 19 6 16 6 20 6 16 4 8 2 4 2 8 2 4 2 10 4 12 4 12 4 12 4 12 4 12 4 12 4 12 4 12 4 12 4 10 2 4 2 8 2 4 2 8 4 16 6 20 6 16 6 19, zy
2628: 1 5 12 4 14 6 20 6 16 6 19 1 5 14 5 1 19 6 17 1 6 1 17 6 19 1 5 14 4 10 4 14 5 1 19 6 17 1 6 1 17 6 19 1 5 14 4 10 4 14 5 1 19 6 17 1 6 1 17 6 19 1 5 14 5 1 19 6 16 6 20 6 14 4 12 5 1 18 1 6 1 17 6 18 6 17 1 6 1 17 6 19 1 5 14 5 1 19 6 16 4 8 2 4 2 8 4 16 6 19 1 5 14 5 1 19 6 17 1 6 1 17 6 18 6 17 1 6 1 18, zy
2629: 1 5 14 4 10 2 2 2 12 4 12 2 2 2 10 4 14 5 1 19 6 18 4 6 2 8 4 16 4 8 2 6 4 18 6 19 1 5 14 4 10 2 2 2 12 4 14 6 21 1 5 16 6 20 6 18 6 19 1 5 14 4 10 2 4 2 8 4 17 1 6 1 17 6 20 6 17 1 6 1 17 4 8 2 4 2 10 4 14 5 1 19 6 18 6 20 6 16 5 1 21 6 14 4 12 2 2 2 10 4 14 5 1 19 6 18 4 6 2 8 4 16 4 8 2 6 4 18 6 19, zy
2630: 1 5 14 4 10 4 14 4 10 4 14 4 10 4 14 5 1 19 6 18 6 17 1 6 1 18 1 6 1 17 6 18 6 19 1 5 14 4 10 4 14 4 10 4 14 4 10 4 14 5 1 19 6 18 6 18 6 16 4 10 4 12 2 2 2 10 4 12 4 14 5 1 20 1 6 1 15 4 8 2 4 2 10 4 14 6 20 6 17 1 6 1 17 6 20 6 14 4 10 2 4 2 8 4 15 1 6 1 20 1 5 14 4 12 4 10 2 2 2 12 4 10 4 16 6 18 6 18 6 19, zy
2631: 1 5 14 4 10 4 16 6 19 1 6 1 17 6 18 6 20 6 16 6 20 6 18 6 17 1 6 1 19 6 16 4 10 4 14 5 1 19 6 18 6 19 1 5 14 4 10 4 16 6 20 6 16 6 21 1 5 16 4 8 4 18 6 16 4 10 4 14 4 10 2 4 2 6 2 8 4 16 6 20 6 17 1 6 1 17 6 20 6 16 4 8 2 6 2 4 2 10 4 14 4 10 4 16 6 18 4 8 4 16 5 1 21 6 16 6 20 6 16 4 10 4 14 5 1 19 6 18 6 19, zy
2632: 1 5 10 2 4 2 8 2 2 2 12 4 10 2 2 2 12 5 1 19 6 16 6 20 6 14 4 12 5 1 19 6 16 6 19 1 5 14 6 21 1 5 16 6 20 6 14 4 10 4 14 4 10 4 14 6 20 6 16 5 1 21 6 14 5 1 19 6 16 6 19 1 5 12 4 14 6 20 6 16 6 19 1 5 12 2 2 2 10 4 12 2 2 2 8 2 4 2 10 5 1 17 6 18 4 6 2 6 2 4 2 10 4 14 5 1 20 1 5 14 4 10 2 4 2 6 2 6 4 18 6 17, zy
2633: 1 5 10 2 4 2 8 2 4 2 8 4 16 6 19 1 5 12 4 14 5 1 20 1 5 14 5 1 20 1 5 14 4 10 4 15 1 6 1 20 1 5 16 6 18 6 18 4 6 2 6 2 6 2 6 2 6 4 18 6 18 6 16 5 1 20 1 6 1 15 4 10 4 14 5 1 20 1 5 14 5 1 20 1 5 14 4 12 5 1 19 6 16 4 8 2 4 2 8 2 4 2 10 5 1 17 4 6 2 8 4 16 6 18 6 19 1 5 14 5 1 19 6 18 6 16 4 8 2 6 4 17, zy
2634: 1 5 10 2 4 2 8 4 14 6 19 1 5 12 4 12 4 12 5 1 19 6 14 5 1 19 7 1 13 4 10 4 13 1 7 19 1 5 14 6 19 1 5 12 4 12 4 12 5 1 19 6 14 5 1 18 1 6 1 16 1 6 1 18 1 5 14 6 19 1 5 12 4 12 4 12 5 1 19 6 14 5 1 19 7 1 13 4 10 4 13 1 7 19 1 5 14 6 19 1 5 12 4 12 4 12 5 1 19 6 14 4 8 2 4 2 10 5 1 17 6 18 6 14 4 10 4 14 6 18 6 17, zy
2635: 1 5 10 2 4 2 8 4 16 6 18 4 6 2 6 2 6 2 6 4 18 6 16 4 8 2 4 2 8 2 4 2 8 4 16 6 19 1 5 14 5 1 19 6 16 4 8 2 4 2 8 2 4 2 8 4 16 6 18 4 6 2 6 2 6 2 6 4 18 6 16 4 8 2 4 2 10 5 1 17 6 18 6 18 6 18 6 16 4 8 2 4 2 10 4 10 2 4 2 8 4 16 6 18 6 18 6 18 6 16 4 8 2 4 2 10 4 10 2 4 2 8 4 16 6 18 6 18 6 18 6 17, zy
2636: 1 5 10 2 4 2 8 4 16 6 18 6 18 6 16 4 8 2 4 2 10 5 1 17 6 18 6 18 6 17 1 6 1 17 6 18 6 18 6 18 6 16 6 20 6 14 4 12 5 1 18 1 6 1 17 6 18 6 16 4 8 2 4 2 8 2 4 2 8 2 4 2 8 4 16 6 18 6 18 6 16 4 8 2 4 2 8 2 4 2 8 2 4 2 8 4 16 6 18 6 17 1 6 1 18 1 5 12 4 14 6 20 6 16 6 18 6 18 6 18 6 17 1 6 1 17 6 18 6 18 6 17, zy
2637: 1 5 12 2 2 2 8 2 2 2 12 4 8 2 6 4 16 4 6 2 6 2 6 4 16 4 6 2 8 4 14 6 19 1 5 12 2 2 2 8 2 4 2 6 2 6 2 6 2 6 4 16 6 18 6 16 4 6 2 6 2 6 2 6 2 4 2 8 2 2 2 12 5 1 19 6 14 4 8 2 6 4 16 4 6 2 6 2 6 4 16 4 6 2 8 4 12 2 2 2 8 2 2 2 12 5 1 19 6 14 4 8 2 6 4 16 4 6 2 6 2 6 4 16 4 6 2 8 4 14 6 19, zy
2638: 1 5 12 2 2 2 8 2 4 2 8 4 14 5 1 20 1 5 15 1 6 1 19 6 14 4 8 2 6 4 16 6 18 6 16 6 18 6 16 6 18 6 16 4 6 2 8 4 14 6 19 1 6 1 15 5 1 20 1 5 14 4 8 2 4 2 8 2 2 2 12 5 1 19 6 14 4 10 4 12 4 12 4 10 4 12 2 2 2 8 4 14 4 10 4 12 4 10 4 14 5 1 20 1 5 14 4 10 4 12 4 10 4 14 4 8 2 2 2 12 4 10 4 12 4 12 4 10 4 14 6 19, zy
2639: 1 5 12 2 2 2 8 4 16 6 16 6 19 1 5 14 5 1 19 6 15 1 6 1 19 6 14 4 8 2 6 4 16 6 17 1 6 1 17 6 16 4 6 2 8 4 14 6 19 1 6 1 15 6 19 1 5 14 5 1 19 6 16 6 16 4 8 2 2 2 12 5 1 18 1 6 1 16 1 6 1 17 6 18 6 14 4 10 4 12 4 12 4 10 4 12 4 12 4 10 4 12 4 12 4 10 4 12 4 12 4 10 4 12 4 12 4 10 4 14 6 18 6 17 1 6 1 16 1 6 1 18, zy
2640: 1 5 12 2 2 2 10 2 2 2 12 5 1 19 6 17 1 6 1 18 1 6 1 17 6 19 1 6 1 15 4 10 2 4 2 6 2 8 4 16 6 20 6 16 5 1 20 1 6 1 15 4 10 4 14 4 10 4 16 6 19 1 6 1 16 1 6 1 19 6 18 6 18 6 18 6 19 1 6 1 16 1 6 1 19 6 16 4 10 4 14 4 10 4 15 1 6 1 20 1 5 16 6 20 6 16 4 8 2 6 2 4 2 10 4 15 1 6 1 19 6 17 1 6 1 18 1 6 1 17 6 19, zy
2641: 1 5 12 2 2 2 10 4 12 4 12 4 12 4 12 4 10 2 2 2 12 5 1 18 1 6 1 17 6 18 6 17 1 6 1 18 1 5 12 2 2 2 10 4 12 4 12 4 12 4 12 4 10 2 2 2 12 5 1 18 1 6 1 17 6 18 6 18 6 16 5 1 20 1 5 14 4 10 4 14 5 1 19 6 17 1 6 1 17 6 19 1 5 14 4 10 4 14 5 1 19 6 17 1 6 1 17 6 19 1 5 14 4 10 4 14 5 1 20 1 5 16 6 18 6 18 6 17 1 6 1 18, zy
2642: 1 5 12 2 2 2 10 4 12 4 12 4 12 4 12 4 10 4 15 1 6 1 19 6 14 4 12 4 10 2 2 2 12 5 1 19 6 16 6 19 1 6 1 15 4 10 4 12 4 12 4 12 4 12 5 1 18 1 5 12 4 12 4 12 4 12 4 12 5 1 18 1 5 12 4 12 4 12 4 12 4 10 4 15 1 6 1 19 6 16 6 19 1 5 12 2 2 2 10 4 12 4 14 6 19 1 6 1 15 4 10 4 12 4 12 4 12 4 12 4 10 2 2 2 12 5 1 19 6 16 6 19, zy
2643: 1 5 12 2 2 2 10 4 12 4 12 4 12 4 12 4 12 5 1 18 1 5 12 4 12 2 2 2 8 2 4 2 8 2 2 2 12 4 12 5 1 18 1 5 12 4 12 4 12 4 12 4 12 4 10 2 2 2 12 5 1 18 1 6 1 17 6 18 6 18 6 16 4 8 2 6 4 16 4 8 4 16 6 20 7 1 15 6 19 1 6 1 16 1 6 1 18 1 6 1 16 1 6 1 19 6 15 1 7 20 6 16 4 8 4 16 4 6 2 8 4 16 6 18 6 18 6 17 1 6 1 18, zy
2644: 1 5 12 2 2 2 10 4 12 4 12 4 12 5 1 18 1 5 12 4 12 4 12 4 12 4 10 4 15 1 6 1 19 6 15 1 7 20 6 16 6 20 7 1 15 6 19 1 6 1 15 4 10 4 12 4 12 4 12 4 12 5 1 18 1 5 12 4 12 4 12 4 10 2 2 2 12 5 1 19 6 14 4 12 4 10 2 4 2 6 2 6 2 6 2 6 2 6 2 4 2 10 4 12 4 12 4 12 4 10 2 4 2 6 2 6 2 6 2 6 2 6 2 4 2 10 4 12 4 14 6 19, zy
2645: 1 5 12 2 2 2 10 4 12 4 14 6 19 1 6 1 16 1 6 1 18 1 5 12 4 14 6 20 6 14 4 12 5 1 18 1 6 1 16 1 6 1 19 6 14 4 12 4 10 2 2 2 12 5 1 19 6 16 6 19 1 6 1 15 4 10 4 12 4 14 6 20 7 1 13 4 12 5 1 18 1 5 12 4 12 4 12 4 12 4 12 5 1 18 1 5 12 4 12 4 12 4 12 4 12 5 1 18 1 5 12 4 13 1 7 20 6 14 4 12 4 10 4 15 1 6 1 19 6 16 6 19, zy
2646: 1 5 12 2 2 2 10 4 12 4 14 6 20 6 14 4 12 4 10 4 15 1 6 1 19 6 14 4 12 4 12 5 1 17 4 8 4 16 6 18 4 6 2 6 2 6 2 6 2 6 2 6 4 18 6 16 4 8 2 4 2 8 2 4 2 8 2 4 2 8 4 16 6 18 4 6 2 6 2 6 2 6 2 6 2 6 4 18 6 16 4 8 4 17 1 5 12 4 12 4 14 6 19 1 6 1 15 4 10 4 12 4 14 6 20 6 14 4 12 4 10 2 2 2 12 5 1 19 6 16 6 19, zy
2647: 1 5 12 2 2 2 10 4 12 4 14 6 20 6 14 4 12 5 1 18 1 6 1 17 6 18 6 16 4 10 4 12 4 12 4 12 4 12 4 10 4 16 6 18 6 17 1 6 1 18 1 5 12 4 14 6 20 6 14 4 12 4 10 2 2 2 12 5 1 19 6 16 6 20 6 14 4 12 5 1 18 1 6 1 17 6 18 6 18 6 16 4 8 4 17 1 5 12 4 12 4 12 4 12 5 1 17 4 8 4 16 6 18 6 18 6 17 1 6 1 18 1 5 12 4 14 6 20 6 16 6 19, zy
2648: 1 5 12 2 2 2 10 4 14 4 8 2 6 2 4 2 10 4 14 5 1 21 7 1 15 4 8 2 6 4 18 6 16 4 8 4 17 1 6 1 18 1 5 12 4 12 4 14 6 20 6 16 4 8 4 16 4 8 4 16 4 8 4 16 6 20 6 14 4 12 4 12 5 1 18 1 6 1 17 4 8 4 16 6 18 4 6 2 8 4 15 1 7 21 1 5 14 4 10 2 4 2 6 2 8 4 14 4 10 2 2 2 12 5 1 19 6 17 1 6 1 19 6 16 6 19 1 6 1 17 6 19, zy
2649: 1 5 12 2 2 2 10 4 14 6 20 6 16 6 19 1 6 1 15 4 8 2 4 2 8 2 6 4 16 6 20 7 1 15 6 19 1 6 1 15 4 10 4 12 4 12 4 12 4 12 4 12 5 1 18 1 5 12 4 12 4 12 4 12 4 12 5 1 18 1 5 12 4 12 4 12 4 12 4 12 4 10 4 15 1 6 1 19 6 15 1 7 20 6 16 4 6 2 8 2 4 2 8 4 15 1 6 1 19 6 16 6 20 6 14 4 10 2 2 2 12 5 1 19 6 16 4 8 4 16 6 19, zy
2650: 1 5 12 2 2 2 10 4 14 6 20 6 16 6 19 1 6 1 15 4 10 4 12 4 12 4 12 4 12 4 12 4 10 4 15 1 6 1 19 6 16 6 20 6 14 4 10 2 2 2 12 5 1 19 6 16 4 8 4 16 6 19 1 6 1 15 4 8 2 4 2 10 4 12 4 12 4 10 2 4 2 8 4 14 4 12 5 1 19 6 16 4 8 4 16 6 19 1 5 12 4 14 4 8 2 4 2 10 4 12 4 12 4 10 2 4 2 8 4 15 1 6 1 19 6 16 4 8 4 16 6 19, zy
2651: 1 5 12 4 10 2 4 2 8 4 15 1 6 1 19 6 16 6 20 6 14 4 10 4 14 4 10 4 14 5 1 20 1 5 14 4 10 4 14 4 10 4 14 6 20 6 16 6 19 1 6 1 15 4 8 2 4 2 10 4 12 5 1 17 6 19 1 5 14 5 1 19 6 16 6 20 6 14 4 12 5 1 19 6 15 1 7 20 6 16 6 20 6 14 4 10 4 14 4 10 4 14 6 20 6 16 6 20 7 1 15 6 19 1 5 12 4 14 6 20 6 16 6 19 1 5 14 5 1 19 6 17, zy
2652: 1 5 12 4 10 4 14 4 8 4 16 6 17 1 6 1 17 6 18 6 15 1 7 20 6 14 4 8 2 4 2 8 2 4 2 6 2 6 2 6 2 4 2 8 2 4 2 8 4 14 6 20 7 1 15 6 18 6 17 1 6 1 17 6 16 4 8 4 14 4 10 4 12 5 1 17 4 6 2 6 2 4 2 10 4 10 2 4 2 6 2 6 4 17 1 5 12 4 10 4 14 5 1 20 1 5 14 4 10 4 12 5 1 17 4 6 2 6 2 4 2 10 4 10 2 4 2 6 2 6 4 17, zy
2653: 1 5 12 4 12 2 2 2 8 2 4 2 10 4 12 4 10 2 4 2 8 4 16 6 19 1 5 14 5 1 19 6 17 1 5 12 4 12 4 10 2 4 2 8 4 16 6 19 1 5 14 5 1 19 6 16 4 8 2 4 2 8 2 4 2 8 2 4 2 8 2 4 2 8 4 16 6 19 1 5 14 5 1 19 6 16 4 8 2 4 2 10 4 12 4 12 5 1 17 6 19 1 5 14 5 1 19 6 16 4 8 2 4 2 10 4 12 4 10 2 4 2 8 2 2 2 12 4 12 5 1 18, zy
2654: 1 5 12 4 12 2 2 2 10 4 12 4 12 2 2 2 10 4 12 4 12 4 14 6 21 1 5 16 4 8 4 16 4 8 4 16 4 8 4 16 4 8 4 16 4 8 4 16 4 8 4 16 4 8 4 16 5 1 21 6 14 4 12 4 12 4 10 2 2 2 12 4 12 4 10 2 2 2 12 4 12 5 1 18 1 5 12 4 12 4 14 6 21 1 5 16 4 8 4 16 4 8 4 16 4 8 4 16 4 8 4 16 4 8 4 16 4 8 4 16 5 1 21 6 14 4 12 4 12 5 1 18, zy
2655: 1 5 12 4 12 4 10 2 2 2 10 4 12 4 10 4 14 6 19 1 5 12 4 13 1 7 19 1 6 1 15 4 8 4 15 1 6 1 18 1 5 12 4 12 5 1 18 1 6 1 15 4 8 4 15 1 6 1 19 7 1 13 4 12 5 1 19 6 14 4 10 4 12 4 10 2 2 2 10 4 12 4 12 5 1 18 1 6 1 16 1 6 1 17 6 18 6 14 4 10 4 12 4 12 4 10 4 12 4 12 4 10 4 12 4 12 4 10 4 14 6 18 6 17 1 6 1 16 1 6 1 18, zy
2656: 1 5 12 4 12 4 10 2 4 2 8 2 4 2 8 2 2 2 12 4 12 4 12 4 10 2 4 2 8 4 16 6 19 1 5 12 4 14 5 1 20 1 5 14 5 1 20 1 5 14 4 12 5 1 19 6 16 4 8 2 4 2 10 4 12 4 12 4 12 2 2 2 8 2 4 2 8 2 4 2 10 4 12 4 12 5 1 17 4 6 2 8 2 4 2 8 4 16 6 19 1 6 1 17 6 18 6 18 6 18 6 18 6 18 6 17 1 6 1 19 6 16 4 8 2 4 2 8 2 6 4 17, zy
2657: 1 5 12 4 12 4 10 4 14 6 19 1 5 12 4 13 1 7 19 1 6 1 15 6 19 1 6 1 15 6 18 6 16 6 19 1 5 14 4 8 2 6 4 16 6 16 4 6 2 8 4 14 4 8 4 16 6 16 4 8 4 14 4 8 2 6 4 16 6 16 4 6 2 8 4 14 5 1 19 6 16 6 18 6 15 1 6 1 19 6 15 1 6 1 19 7 1 13 4 12 5 1 19 6 14 4 10 4 12 4 12 5 1 18 1 6 1 16 1 6 1 17 6 17 1 6 1 16 1 6 1 18, zy
2658: 1 5 12 4 12 4 10 4 14 6 19 1 5 12 4 13 1 7 19 1 6 1 15 6 19 1 6 1 15 6 18 6 16 6 19 1 5 14 4 8 2 6 4 16 6 16 4 8 4 14 4 8 2 6 4 16 6 16 4 6 2 8 4 14 4 8 4 16 6 16 4 6 2 8 4 14 5 1 19 6 16 6 18 6 15 1 6 1 19 6 15 1 6 1 19 7 1 13 4 12 5 1 19 6 14 4 10 4 12 4 12 5 1 18 1 6 1 16 1 6 1 17 6 17 1 6 1 16 1 6 1 18, zy
2659: 1 5 12 4 12 4 12 4 10 4 12 2 2 2 8 4 16 6 16 4 8 4 16 6 16 4 8 2 2 2 12 4 10 4 12 4 12 4 12 5 1 19 6 14 4 10 4 12 4 12 4 10 2 2 2 10 4 12 4 12 4 10 4 14 6 19 1 5 12 4 12 4 12 4 10 4 14 6 19 1 5 14 6 20 7 1 14 1 7 20 6 14 5 1 19 6 14 4 10 4 12 4 12 4 12 5 1 19 6 14 4 10 4 12 4 12 4 10 2 2 2 10 4 12 4 12 4 10 4 14 6 19, zy
2660: 1 5 12 4 12 4 12 4 12 4 10 4 16 6 18 6 17 1 6 1 18 1 6 1 15 4 10 4 14 6 20 6 16 6 20 6 14 4 10 4 15 1 6 1 18 1 6 1 17 6 18 6 16 4 10 4 12 4 12 4 12 4 12 5 1 17 4 8 4 16 6 18 6 18 6 18 6 16 4 8 4 16 4 8 4 16 6 19 1 5 14 5 1 19 6 17 1 5 12 5 1 17 6 19 1 5 14 5 1 19 6 16 4 8 4 16 4 8 4 16 6 18 6 18 6 18 6 16 4 8 4 17, zy
2661: 1 5 12 4 12 4 12 4 12 4 12 4 10 4 15 1 6 1 19 6 16 6 19 1 5 14 5 1 20 1 5 14 4 12 5 1 19 6 15 1 7 20 6 16 6 20 7 1 15 6 19 1 5 12 4 14 5 1 20 1 5 14 5 1 19 6 16 6 19 1 6 1 15 4 10 4 12 4 12 4 12 4 12 4 12 5 1 18 1 6 1 17 6 17 1 6 1 17 4 6 2 8 4 15 1 6 1 19 6 16 6 19 1 6 1 15 4 8 2 6 4 17 1 6 1 17 6 17 1 6 1 18, zy
2662: 1 5 12 4 12 4 12 4 12 4 12 4 12 4 12 4 12 4 12 4 12 5 1 17 4 8 4 16 4 8 4 16 6 20 7 1 15 6 20 6 15 1 7 20 6 16 5 1 21 6 14 4 12 5 1 19 6 16 6 20 6 16 4 8 4 16 4 8 4 16 6 20 6 16 6 19 1 5 12 4 14 6 21 1 5 16 6 20 7 1 15 6 20 6 15 1 7 20 6 16 4 8 4 16 4 8 4 17 1 5 12 4 12 4 12 4 12 4 12 4 12 4 12 4 12 4 12 4 12 5 1 18, zy
2663: 1 5 12 4 12 4 12 4 12 4 12 4 12 5 1 17 4 6 2 8 4 16 6 20 7 1 15 6 20 6 16 6 19 1 6 1 17 6 18 6 18 6 18 6 18 6 18 6 17 1 6 1 19 6 16 6 20 6 15 1 7 20 6 16 4 8 2 6 4 17 1 5 12 4 12 4 12 4 12 4 12 4 12 5 1 17 6 20 6 14 4 12 4 10 2 4 2 6 2 8 4 16 6 18 6 19 1 5 14 5 1 19 6 18 6 16 4 8 2 6 2 4 2 10 4 12 4 14 6 20 6 17, zy
2664: 1 5 12 4 12 4 12 4 12 5 1 17 4 8 4 16 6 20 6 14 4 10 2 4 2 6 2 6 2 8 4 14 4 10 4 14 4 10 4 14 4 8 2 6 2 6 2 4 2 10 4 14 6 20 6 16 4 8 4 17 1 5 12 4 12 4 12 4 12 5 1 17 4 8 4 16 6 20 7 1 15 6 20 6 16 6 20 6 14 4 12 4 10 4 16 6 18 6 19 1 5 14 5 1 19 6 18 6 16 4 10 4 12 4 14 6 20 6 16 6 20 6 15 1 7 20 6 16 4 8 4 17, zy
2665: 1 5 12 4 12 4 12 5 1 17 6 19 1 5 14 5 1 19 6 16 4 8 2 4 2 8 2 4 2 8 4 16 6 19 1 6 1 15 5 1 20 1 5 14 4 12 5 1 19 6 16 6 19 1 6 1 15 4 8 2 6 2 4 2 10 4 12 4 12 4 12 4 12 4 12 4 10 2 4 2 6 2 8 4 15 1 6 1 19 6 16 6 19 1 5 12 4 14 5 1 20 1 5 15 1 6 1 19 6 16 4 8 2 4 2 8 2 4 2 8 4 16 6 19 1 5 14 5 1 19 6 17, zy
2666: 1 5 12 4 12 4 14 5 1 20 1 5 14 4 12 4 12 4 12 4 12 4 14 5 1 20 1 5 15 1 6 1 20 1 5 16 6 20 6 16 4 10 4 14 5 1 19 6 18 6 19 1 5 14 4 10 4 16 6 20 6 16 5 1 20 1 6 1 15 5 1 20 1 5 14 4 12 4 12 4 12 4 12 4 14 5 1 20 1 5 14 4 12 4 12 5 1 17 6 20 6 16 4 8 2 4 2 10 4 14 5 1 19 6 18 6 19 1 5 14 4 10 2 4 2 8 4 16 6 20 6 17, zy
2667: 1 5 12 4 12 4 14 6 19 1 6 1 16 1 6 1 18 1 5 12 4 14 6 20 6 16 4 8 4 16 6 20 6 14 4 12 5 1 18 1 6 1 16 1 6 1 19 6 14 4 12 4 12 5 1 18 1 5 12 4 14 6 20 6 16 4 8 4 16 6 20 7 1 13 4 12 4 12 4 10 2 2 2 12 4 10 4 15 1 6 1 19 6 16 6 19 1 6 1 15 4 10 4 12 2 2 2 10 4 12 4 12 4 13 1 7 20 6 16 4 8 4 16 6 20 6 14 4 12 5 1 18, zy
2668: 1 5 12 4 12 4 14 6 20 6 17 1 6 1 17 6 20 6 15 1 7 20 6 18 6 16 5 1 20 1 6 1 15 4 10 4 14 4 10 4 14 5 1 20 1 5 14 4 10 4 14 4 10 4 15 1 6 1 20 1 5 16 6 18 6 20 7 1 15 6 20 6 17 1 6 1 17 6 20 6 14 4 12 4 12 5 1 18 1 6 1 17 4 6 2 8 4 16 6 19 1 6 1 17 6 18 6 18 6 18 6 18 6 18 6 17 1 6 1 19 6 16 4 8 2 6 4 17 1 6 1 18, zy
2669: 1 5 12 4 14 4 8 2 6 4 17 1 6 1 18 1 6 1 17 6 19 1 5 14 5 1 20 1 5 14 4 10 4 14 4 10 4 14 5 1 20 1 5 14 4 10 4 14 4 10 4 14 5 1 20 1 5 14 5 1 19 6 17 1 6 1 18 1 6 1 17 4 6 2 8 4 14 4 12 5 1 19 6 17 1 6 1 18 1 6 1 17 6 19 1 5 14 5 1 20 1 5 14 4 10 4 14 4 10 4 14 5 1 20 1 5 14 5 1 19 6 17 1 6 1 18 1 6 1 17 6 19, zy
2670: 1 5 12 4 14 4 10 4 16 6 18 4 6 2 8 2 4 2 8 2 4 2 10 4 12 4 14 5 1 20 1 5 15 1 6 1 20 1 5 14 4 12 4 12 4 12 4 14 5 1 20 1 6 1 15 5 1 20 1 5 14 4 12 4 10 2 4 2 8 2 4 2 8 2 6 4 18 6 16 4 10 4 14 4 12 5 1 19 6 16 4 8 2 6 2 6 2 6 2 6 2 8 4 14 4 12 4 12 4 12 4 12 4 12 4 14 4 8 2 6 2 6 2 6 2 6 2 8 4 16 6 19, zy
2671: 1 5 12 4 14 6 20 6 17 1 6 1 17 4 8 4 16 6 19 1 6 1 17 6 18 6 18 4 6 2 6 2 6 2 6 2 6 2 6 2 6 2 6 2 6 2 6 2 6 4 18 6 18 6 17 1 6 1 19 6 16 4 8 4 17 1 6 1 17 6 20 6 14 4 12 5 1 19 6 16 6 20 6 16 6 20 6 16 6 20 6 16 6 19 1 6 1 17 6 18 6 19 1 5 14 5 1 19 6 18 6 17 1 6 1 19 6 16 6 20 6 16 6 20 6 16 6 20 6 16 6 19, zy
2672: 1 5 12 4 14 6 20 6 17 1 6 1 17 6 20 6 14 4 12 4 10 2 2 2 12 4 10 4 16 6 18 6 18 6 19 1 5 14 4 10 4 14 4 10 4 14 5 1 19 6 18 6 18 6 16 4 10 4 12 2 2 2 10 4 12 4 14 6 20 6 17 1 6 1 17 6 20 6 14 4 12 5 1 19 6 16 6 20 6 16 6 20 6 16 6 19 1 6 1 17 6 18 6 18 6 18 4 6 4 18 6 18 6 18 6 17 1 6 1 19 6 16 6 20 6 16 6 20 6 16 6 19, zy
2673: 1 5 14 4 8 2 6 2 6 2 6 4 18 6 16 6 20 6 16 6 18 4 6 2 6 2 6 2 8 4 14 5 1 19 6 17 1 6 1 17 6 18 4 6 2 6 2 6 2 4 2 10 4 14 5 1 20 1 5 14 4 10 4 14 4 10 4 14 5 1 19 6 18 6 16 4 8 2 4 2 8 2 4 2 8 2 4 2 8 4 16 6 18 6 19 1 5 14 4 10 4 14 4 10 4 14 5 1 20 1 5 14 4 10 2 4 2 6 2 6 2 6 4 18 6 17 1 6 1 17 6 19, zy
2674: 1 5 14 4 10 2 2 2 12 4 10 4 16 6 20 6 16 6 20 6 16 5 1 21 6 14 4 12 4 12 4 10 2 4 2 8 2 4 2 10 4 12 4 12 4 14 6 21 1 5 16 6 20 6 16 6 20 6 16 4 10 4 12 2 2 2 10 4 14 5 1 19 6 18 6 19 1 5 14 4 10 4 15 1 6 1 20 1 5 14 4 12 4 12 4 10 2 4 2 8 2 4 2 8 2 4 2 10 4 12 4 12 4 14 5 1 20 1 6 1 15 4 10 4 14 5 1 19 6 18 6 19, zy
2675: 1 5 14 4 10 2 2 2 12 4 12 4 12 2 2 2 10 4 14 5 1 19 6 18 6 20 6 16 6 20 6 18 6 19 1 5 14 4 10 2 2 2 12 4 12 4 14 6 21 1 5 15 1 7 21 1 5 14 4 12 4 12 4 14 5 1 21 7 1 15 5 1 21 6 14 4 12 4 14 6 21 1 5 15 1 7 21 1 5 14 4 12 4 12 4 14 5 1 21 7 1 15 5 1 21 6 14 4 12 4 12 2 2 2 10 4 14 5 1 19 6 18 6 20 6 16 6 20 6 18 6 19, zy
2676: 1 5 14 4 10 4 12 4 10 4 14 4 8 4 15 1 6 1 18 1 6 1 15 4 8 4 16 6 16 6 19 1 5 14 6 20 6 14 6 20 7 1 14 1 7 19 1 6 1 15 4 8 4 15 1 6 1 18 1 6 1 15 4 8 4 15 1 6 1 18 1 6 1 15 4 8 4 15 1 6 1 19 7 1 14 1 7 20 6 14 6 20 6 14 5 1 19 6 16 6 16 4 8 4 15 1 6 1 18 1 6 1 15 4 8 4 14 4 10 4 12 4 10 4 14 5 1 19 6 16 6 19, zy
2677: 1 5 14 4 10 4 16 6 18 6 18 6 18 6 18 6 18 6 18 6 18 6 16 4 10 4 14 5 1 20 1 5 14 5 1 19 6 18 6 16 4 8 2 6 4 18 6 16 4 8 2 4 2 10 4 12 4 14 6 20 6 16 5 1 21 6 14 4 12 4 10 4 16 6 19 1 5 14 5 1 20 1 5 14 5 1 19 6 16 4 10 4 12 4 14 6 21 1 5 16 6 20 6 14 4 12 4 10 2 4 2 8 4 16 6 18 4 6 2 8 4 16 6 18 6 19 1 5 14 5 1 20, zy
2678: 1 5 14 5 1 19 6 16 6 16 4 8 4 16 6 16 6 19 1 5 14 5 1 19 6 16 6 17 1 6 1 17 6 16 6 19 1 5 14 5 1 20 1 5 16 6 17 1 6 1 17 6 16 6 19 1 5 14 5 1 19 6 16 6 17 1 6 1 17 6 16 6 19 1 5 14 6 20 6 14 5 1 19 6 16 6 17 1 6 1 17 6 16 6 19 1 5 14 5 1 19 6 16 6 17 1 6 1 17 6 16 5 1 20 1 5 14 5 1 19 6 16 6 17 1 6 1 17 6 16 6 19, zy
2679: 1 5 14 5 1 19 6 18 6 17 1 6 1 19 6 16 4 8 2 4 2 10 4 12 4 12 2 2 2 10 4 12 4 12 4 14 6 21 1 5 16 6 20 6 16 6 20 6 16 6 19 1 6 1 17 6 19 1 6 1 15 4 10 4 14 4 10 4 14 4 10 4 14 4 10 4 15 1 6 1 19 6 17 1 6 1 19 6 16 6 20 6 16 6 20 6 16 5 1 21 6 14 4 12 4 12 4 10 2 2 2 12 4 12 4 10 2 4 2 8 4 16 6 19 1 6 1 17 6 18 6 19, zy
2680: 1 7 20 6 16 4 8 2 4 2 10 4 12 4 12 4 12 4 12 4 14 6 20 6 16 6 20 6 16 6 20 6 14 4 12 4 12 4 12 4 12 4 10 2 4 2 8 4 16 6 20 7 1 15 6 20 6 16 6 20 6 16 6 20 6 14 4 12 4 12 4 12 4 12 4 10 2 4 2 8 4 16 6 20 7 1 15 6 20 6 16 6 20 6 16 6 20 6 15 1 7 20 6 16 4 8 2 4 2 10 4 12 4 12 4 12 4 12 4 14 6 20 6 16 6 20 6 16 6 20 6 15, zy
2681: 1 5 10 2 4 2 6 2 6 2 6 2 4 2 8 2 4 2 6 2 6 2 6 4 16 4 6 2 6 2 6 4 16 6 18 6 16 6 19 1 5 14 4 10 4 12 4 10 4 14 5 1 19 6 16 6 18 6 16 4 6 2 6 2 6 4 16 4 6 2 6 2 6 2 4 2 8 2 4 2 6 2 6 2 6 2 4 2 10 5 1 17 6 18 6 14 4 10 4 12 4 12 4 10 4 12 4 12 4 10 4 12 4 12 4 10 4 12 4 12 4 10 4 12 4 12 4 10 4 14 6 18 6 17, zy
2682: 1 5 12 2 2 2 8 4 16 6 16 6 19 1 5 14 5 1 19 6 16 6 17 1 6 1 17 6 16 6 19 1 5 14 5 1 20 1 5 16 6 17 1 6 1 17 6 16 5 1 20 1 5 14 5 1 19 6 16 6 17 1 6 1 17 6 16 6 19 1 5 14 5 1 19 6 16 6 16 4 8 2 2 2 12 5 1 18 1 6 1 16 1 6 1 17 6 18 6 14 4 10 4 14 6 18 6 17 1 5 12 5 1 17 6 18 6 14 4 10 4 14 6 18 6 17 1 6 1 16 1 6 1 18, zy
2683: 1 5 12 2 2 2 10 4 14 4 8 2 6 2 4 2 10 4 12 4 14 6 20 6 16 6 19 1 5 12 4 14 6 20 6 16 6 20 6 14 4 12 5 1 18 1 6 1 18 1 5 12 4 14 6 20 6 16 6 20 6 14 4 12 5 1 19 6 16 6 20 6 14 4 12 4 10 2 4 2 6 2 8 4 14 4 10 2 2 2 12 5 1 20 1 5 14 4 12 5 1 19 6 16 4 8 2 4 2 8 2 4 2 8 2 4 2 8 2 4 2 8 4 16 6 19 1 5 12 4 14 5 1 20, zy
2684: 1 5 12 2 2 2 10 4 14 4 8 2 6 4 18 6 16 4 8 4 17 1 6 1 17 6 20 6 14 4 10 2 2 2 12 5 1 19 6 16 4 8 2 4 2 10 4 12 4 12 4 12 4 12 4 10 2 4 2 8 4 16 6 19 1 5 12 2 2 2 10 4 14 6 20 6 17 1 6 1 17 4 8 4 16 6 18 4 6 2 8 4 14 4 10 2 2 2 12 5 1 19 6 18 6 16 4 8 2 4 2 10 4 12 4 12 4 12 4 12 4 12 4 10 2 4 2 8 4 16 6 18 6 19, zy
2685: 1 5 12 2 2 2 10 4 14 5 1 20 1 5 14 5 1 20 1 5 14 4 12 5 1 19 6 17 1 6 1 18 1 6 1 17 6 19 1 5 12 4 14 5 1 20 1 5 14 5 1 20 1 5 14 4 10 2 2 2 12 5 1 19 6 18 6 16 5 1 21 7 1 15 5 1 20 1 6 1 16 1 6 1 19 6 17 1 6 1 18 1 5 12 4 12 4 12 4 12 4 12 4 12 5 1 18 1 6 1 17 6 19 1 6 1 16 1 6 1 20 1 5 15 1 7 21 1 5 16 6 18 6 19, zy
2686: 1 5 12 4 10 4 14 4 8 4 16 6 16 6 19 1 5 14 6 20 7 1 14 1 7 20 6 14 5 1 19 6 16 6 16 4 8 4 14 4 10 4 12 5 1 17 6 18 6 14 4 10 2 2 2 10 4 10 2 4 2 6 2 6 4 16 4 6 2 6 2 6 4 17 1 5 12 4 12 4 10 4 12 4 12 4 10 4 12 4 12 4 10 4 12 4 12 4 10 4 12 4 12 5 1 17 4 6 2 6 2 6 4 16 4 6 2 6 2 4 2 10 4 10 2 2 2 10 4 14 6 18 6 17, zy
2687: 1 5 12 4 10 4 14 5 1 20 1 5 15 1 6 1 18 1 6 1 15 4 8 4 16 6 16 6 19 1 5 14 5 1 19 6 16 6 17 1 6 1 17 6 16 6 19 1 5 14 5 1 19 6 16 6 16 4 8 4 15 1 6 1 18 1 6 1 15 5 1 20 1 5 14 4 10 4 12 5 1 17 6 18 6 15 1 6 1 19 6 14 4 10 4 12 4 10 4 14 4 8 4 15 1 6 1 18 1 6 1 15 4 8 4 14 4 10 4 12 4 10 4 14 6 19 1 6 1 15 6 18 6 17, zy
2688: 1 5 12 4 12 4 12 4 12 4 12 4 12 5 1 17 4 8 4 16 6 20 6 14 4 12 4 10 2 4 2 8 4 16 6 18 4 6 2 8 4 14 4 12 5 1 19 6 16 4 8 2 4 2 10 4 12 4 12 2 2 2 8 2 4 2 10 4 12 4 12 4 12 4 12 4 12 4 12 4 12 4 10 2 4 2 8 2 2 2 12 4 12 4 10 2 4 2 8 4 16 6 19 1 5 12 4 14 4 8 2 6 4 18 6 16 4 8 2 4 2 10 4 12 4 14 6 20 6 16 4 8 4 17, zy
2689: 1 5 12 4 12 4 12 4 12 4 12 5 1 17 4 8 4 16 6 20 6 14 4 12 4 10 2 2 2 12 4 10 2 4 2 8 4 15 1 7 21 1 5 14 4 12 5 1 19 6 16 5 1 21 7 1 15 6 20 6 16 4 8 2 4 2 10 4 12 4 12 4 12 4 12 4 12 4 12 4 10 2 4 2 8 4 16 6 20 6 15 1 7 21 1 5 16 6 19 1 5 12 4 14 5 1 21 7 1 15 4 8 2 4 2 10 4 12 2 2 2 10 4 12 4 14 6 20 6 16 4 8 4 17, zy
2690: 1 5 12 4 14 4 8 2 6 4 18 6 16 4 8 2 6 4 17 1 6 1 17 4 6 2 8 4 16 6 18 4 6 2 8 4 14 4 12 5 1 19 6 16 5 1 20 1 6 1 15 4 10 4 14 6 21 1 5 16 6 19 1 6 1 16 1 6 1 19 6 16 4 8 2 4 2 8 2 4 2 10 4 12 4 12 4 12 4 12 4 12 4 10 2 4 2 8 2 4 2 8 4 16 6 19 1 6 1 16 1 6 1 19 6 16 5 1 21 6 14 4 10 4 15 1 6 1 20 1 5 16 6 19, zy
2691: 1 5 12 4 14 4 10 4 16 6 18 4 8 4 16 5 1 21 6 16 6 20 6 16 4 10 4 14 5 1 19 6 18 6 18 4 6 2 8 4 16 6 20 6 17 1 6 1 17 6 20 6 16 4 8 2 6 4 18 6 18 6 19 1 5 14 4 10 4 16 6 20 6 16 6 21 1 5 16 4 8 4 18 6 16 4 10 4 14 4 12 5 1 19 6 16 4 10 4 14 4 10 4 14 4 12 4 10 2 4 2 8 2 4 2 8 2 4 2 10 4 12 4 14 4 10 4 14 4 10 4 16 6 19, zy
2692: 1 5 14 4 10 4 12 4 12 4 10 4 14 5 1 19 6 17 1 6 1 17 6 16 4 8 2 4 2 8 4 15 1 6 1 19 6 14 4 10 4 14 5 1 20 1 5 14 5 1 19 6 16 6 19 1 5 14 5 1 19 6 16 4 6 2 8 4 14 4 8 2 4 2 8 2 4 2 8 4 14 4 8 2 6 4 16 6 19 1 5 14 5 1 19 6 16 6 19 1 5 14 5 1 20 1 5 14 4 10 4 14 6 19 1 6 1 15 4 8 2 4 2 8 4 16 6 17 1 6 1 17 6 19, zy
2693: 1 5 16 6 20 6 17 1 6 1 18 1 6 1 17 6 20 6 16 4 10 4 14 4 10 4 16 6 21 1 5 17 1 6 1 17 4 8 4 17 1 6 1 17 5 1 21 6 16 4 10 4 14 4 10 4 16 6 20 6 17 1 6 1 18 1 6 1 17 6 20 6 16 5 1 20 1 6 1 15 4 10 4 14 4 12 4 10 2 4 2 10 4 12 4 14 4 10 2 2 2 12 4 12 4 12 4 12 2 2 2 10 4 14 4 12 4 10 2 4 2 10 4 12 4 14 4 10 4 15 1 6 1 20, zy
2694: 1 6 1 15 4 10 4 12 4 12 4 12 4 10 2 4 2 6 2 6 2 6 2 6 4 18 6 15 1 7 20 6 16 6 18 6 18 6 17 1 6 1 17 6 18 6 17 1 6 1 17 6 18 6 17 1 6 1 17 6 18 6 17 1 6 1 17 6 18 6 17 1 6 1 17 6 18 6 18 6 16 6 20 7 1 15 6 18 4 6 2 6 2 6 2 6 2 4 2 10 4 12 4 12 4 12 4 10 4 15 1 6 1 18 1 6 1 15 4 10 4 12 4 12 4 12 4 10 4 15 1 6 1 18, zy
2695: 1 6 1 17 4 8 4 16 6 20 6 14 4 12 4 12 4 12 4 10 2 4 2 8 2 4 2 8 4 16 6 20 6 16 6 20 6 15 1 7 20 6 17 1 6 1 17 4 8 4 16 6 20 6 16 6 20 6 16 6 20 6 16 6 20 6 16 6 20 6 16 6 20 6 16 6 20 6 16 6 20 6 16 6 20 6 16 4 8 4 17 1 6 1 17 6 20 7 1 15 6 20 6 16 6 20 6 16 4 8 2 4 2 8 2 4 2 10 4 12 4 12 4 12 4 14 6 20 6 16 4 8 4 17, zy
2696: 1 5 10 2 4 2 6 2 6 2 4 2 10 5 1 17 6 16 4 8 4 14 4 10 4 12 5 1 17 6 18 6 16 6 18 6 14 4 12 5 1 19 6 15 1 6 1 19 7 1 13 4 12 5 1 19 6 14 4 10 4 12 4 12 5 1 18 1 6 1 15 4 8 4 16 6 16 4 8 4 15 1 6 1 18 1 5 12 4 12 4 10 4 14 6 19 1 5 12 4 13 1 7 19 1 6 1 15 6 19 1 5 12 4 14 6 18 6 16 6 18 6 17 1 5 12 4 10 4 14 4 8 4 16 6 17, zy
2697: 1 5 12 2 2 2 8 4 16 6 16 6 19 1 5 14 5 1 19 6 16 6 16 4 8 4 16 6 16 6 19 1 5 14 6 20 7 1 14 1 7 20 7 1 14 1 7 20 7 1 14 1 7 20 6 14 5 1 19 6 16 6 16 4 8 4 16 6 16 6 19 1 5 14 5 1 19 6 16 6 16 4 8 2 2 2 12 5 1 18 1 6 1 16 1 6 1 17 6 18 6 14 4 10 4 14 6 18 6 17 1 5 12 5 1 17 6 18 6 14 4 10 4 14 6 18 6 17 1 6 1 16 1 6 1 18, zy
2698: 1 5 12 2 2 2 10 2 2 2 10 2 4 2 6 2 8 4 16 6 19 1 6 1 17 6 18 4 6 2 8 2 4 2 8 4 17 1 5 12 4 12 2 2 2 10 4 14 4 10 4 14 4 10 2 4 2 8 4 16 6 20 6 16 4 8 2 4 2 10 4 14 4 10 4 14 4 10 2 2 2 12 4 12 5 1 17 4 8 2 4 2 8 2 6 4 18 6 17 1 6 1 19 6 16 4 8 2 6 2 4 2 10 2 2 2 10 2 2 2 12 5 1 19 6 17 1 6 1 18 1 6 1 17 6 19, zy
2699: 1 5 12 2 2 2 10 2 2 2 10 2 4 2 6 2 8 4 16 6 20 6 16 6 21 1 5 16 6 20 6 18 6 16 4 10 2 2 2 12 5 1 19 6 17 1 6 1 18 1 6 1 17 6 19 1 5 12 2 2 2 10 4 16 6 18 6 20 6 16 5 1 21 6 16 6 20 6 16 4 8 2 6 2 4 2 10 2 2 2 10 2 2 2 12 5 1 19 6 16 4 10 4 14 4 10 4 15 1 6 1 20 1 5 16 6 20 6 16 5 1 20 1 6 1 15 4 10 4 14 4 10 4 16 6 19, zy
2700: 1 5 12 2 2 2 10 4 12 4 14 6 20 6 16 6 20 6 15 1 7 20 6 17 1 6 1 17 4 6 2 8 4 16 6 18 4 6 2 6 2 6 2 8 4 14 4 10 4 14 5 1 20 1 5 14 4 10 4 14 4 8 2 6 2 6 2 6 4 18 6 16 4 8 2 6 4 17 1 6 1 17 6 20 7 1 15 6 20 6 16 6 20 6 14 4 12 4 10 2 2 2 12 5 1 19 6 16 5 1 21 6 14 4 10 4 14 4 10 2 2 2 10 4 14 4 10 4 14 6 21 1 5 16 6 19, zy
2701: 1 5 12 2 2 2 10 4 14 5 1 20 1 5 14 4 10 2 2 2 12 5 1 19 6 16 4 10 4 12 4 14 5 1 20 1 5 14 5 1 19 6 18 6 18 6 17 1 6 1 19 6 16 4 8 4 18 6 16 5 1 20 1 6 1 15 4 10 4 14 4 10 4 14 4 10 4 14 4 10 4 14 4 10 4 14 4 10 4 14 4 10 4 15 1 6 1 20 1 5 16 6 18 4 8 4 16 6 19 1 6 1 17 6 18 6 18 6 19 1 5 14 5 1 20 1 5 14 4 12 4 10 4 16 6 19, zy
2702: 1 5 12 2 2 2 10 4 14 5 1 20 1 5 14 5 1 19 6 18 6 16 4 10 4 12 4 14 5 1 21 7 1 15 5 1 20 1 6 1 16 1 6 1 19 6 16 4 8 2 4 2 8 2 6 4 17 1 5 12 4 12 4 12 5 1 17 4 6 2 8 2 4 2 8 4 16 6 19 1 6 1 16 1 6 1 20 1 5 15 1 7 21 1 5 14 4 12 4 10 4 16 6 18 6 19 1 5 14 5 1 20 1 5 14 4 10 2 2 2 12 5 1 19 6 17 1 6 1 18 1 6 1 17 6 19, zy
2703: 1 5 12 4 10 2 4 2 6 2 6 4 17 1 6 1 16 1 6 1 17 4 6 2 6 2 4 2 10 4 12 4 10 4 14 5 1 19 6 16 4 6 2 6 2 6 2 6 2 4 2 10 4 10 4 15 1 6 1 17 4 6 2 6 2 6 4 17 1 6 1 15 4 10 4 10 2 4 2 6 2 6 2 6 2 6 4 16 6 19 1 5 14 4 10 4 12 4 10 2 4 2 6 2 6 4 17 1 6 1 16 1 6 1 17 4 6 2 6 2 4 2 10 4 12 5 1 17 4 6 2 6 2 6 4 17, zy
2704: 1 5 12 4 12 2 2 2 10 4 12 4 12 4 14 6 20 6 16 6 20 6 16 6 19 1 6 1 17 6 18 6 19 1 5 14 5 1 19 6 18 6 17 1 6 1 19 6 16 6 20 6 16 6 20 6 14 4 12 4 12 4 10 2 2 2 12 4 12 5 1 19 6 16 6 20 6 16 6 20 6 16 6 19 1 6 1 17 6 18 6 18 4 6 2 6 2 6 2 6 2 6 2 6 2 6 2 6 2 6 2 6 2 6 4 18 6 18 6 17 1 6 1 19 6 16 6 20 6 16 6 20 6 16 6 19, zy
2705: 1 5 12 4 12 4 10 4 14 6 19 1 5 12 4 13 1 7 19 1 6 1 15 6 19 1 6 1 15 6 18 6 16 6 19 1 5 14 4 8 2 6 4 16 6 16 4 8 4 14 4 10 4 10 2 4 2 6 2 6 2 4 2 10 4 10 4 14 4 8 4 16 6 16 4 6 2 8 4 14 5 1 19 6 16 6 18 6 15 1 6 1 19 6 15 1 6 1 19 7 1 13 4 12 5 1 19 6 14 4 10 4 12 4 12 5 1 18 1 6 1 16 1 6 1 17 6 17 1 6 1 16 1 6 1 18, zy
2706: 1 5 12 4 12 4 12 4 10 2 2 2 12 4 10 4 14 4 10 4 12 2 2 2 10 4 12 4 12 4 12 5 1 17 4 8 4 15 1 6 1 19 6 16 4 8 4 16 6 19 1 5 14 5 1 19 6 16 4 8 4 16 6 20 7 1 15 6 19 1 6 1 16 1 6 1 17 4 6 2 8 4 16 6 18 6 16 4 8 2 6 4 17 1 6 1 16 1 6 1 19 6 15 1 7 20 6 16 4 8 4 16 6 19 1 5 14 5 1 19 6 16 4 8 4 16 6 19 1 6 1 15 4 8 4 17, zy
2707: 1 5 12 4 12 4 12 4 10 2 4 2 8 4 14 4 10 4 14 4 8 2 4 2 10 4 12 4 12 4 12 5 1 17 4 8 4 15 1 6 1 19 6 16 4 6 2 8 2 4 2 8 4 14 4 10 2 4 2 4 2 10 4 14 5 1 20 1 5 14 4 12 5 1 19 6 16 6 20 6 14 4 10 4 14 4 10 4 14 6 20 6 16 6 19 1 5 12 4 14 5 1 20 1 5 14 4 10 2 4 2 4 2 10 4 14 4 8 2 4 2 8 2 6 4 16 6 19 1 6 1 15 4 8 4 17, zy
2708: 1 5 12 4 12 4 12 4 12 4 10 2 2 2 12 4 10 4 14 4 8 2 6 2 6 4 18 6 16 6 20 7 1 13 4 12 4 10 2 4 2 6 2 6 2 6 2 6 2 6 2 6 2 6 2 4 2 10 4 12 4 13 1 7 20 6 16 6 18 4 6 2 6 2 8 4 14 4 10 4 12 2 2 2 10 4 12 4 12 4 12 4 12 5 1 17 4 8 4 16 6 18 6 18 6 18 6 16 5 1 20 1 5 14 4 10 4 14 5 1 20 1 5 16 6 18 6 18 6 18 6 16 4 8 4 17, zy
2709: 1 5 12 4 12 4 12 4 12 4 12 4 10 4 16 6 18 6 17 1 6 1 18 1 5 12 4 14 6 20 6 15 1 7 20 6 17 1 5 12 4 12 4 12 5 1 17 6 20 7 1 15 6 20 6 14 4 12 5 1 18 1 6 1 17 6 18 6 16 4 10 4 12 4 12 4 12 4 12 4 12 5 1 18 1 5 12 4 12 4 13 1 7 20 6 16 6 19 1 6 1 15 4 10 4 12 4 14 6 20 6 14 4 12 4 10 4 15 1 6 1 19 6 16 6 20 7 1 13 4 12 4 12 5 1 18, zy
2710: 1 5 12 4 12 4 12 4 12 4 12 4 12 4 12 5 1 17 4 8 4 16 6 20 6 14 4 12 4 12 5 1 18 1 6 1 17 6 20 6 14 4 12 5 1 19 6 16 6 20 6 16 4 8 4 16 4 8 4 17 1 5 12 4 12 4 12 4 12 4 12 4 12 4 14 6 20 6 14 4 12 4 12 4 12 4 12 4 12 4 12 5 1 17 4 8 4 16 4 8 4 16 6 20 6 16 6 19 1 5 12 4 14 6 20 6 17 1 6 1 18 1 5 12 4 12 4 14 6 20 6 16 4 8 4 17, zy
2711: 1 5 12 4 12 4 12 4 12 4 12 4 14 6 20 6 16 6 20 6 16 6 20 6 14 4 12 4 12 4 12 4 12 4 12 5 1 17 4 8 4 16 6 20 6 14 4 12 4 12 4 10 2 4 2 8 4 16 6 19 1 6 1 15 4 10 4 14 4 10 4 14 5 1 19 6 18 6 17 1 6 1 19 6 16 6 20 6 16 6 19 1 6 1 17 6 18 6 19 1 5 14 4 10 4 14 4 10 4 15 1 6 1 19 6 16 4 8 2 4 2 10 4 12 4 12 4 14 6 20 6 16 4 8 4 17, zy
2712: 1 5 12 4 12 4 12 4 12 4 12 5 1 17 4 8 4 16 6 20 6 14 4 12 4 10 2 2 2 12 4 10 2 4 2 8 4 15 1 7 21 1 5 14 4 12 5 1 19 6 16 5 1 21 7 1 15 6 20 6 16 4 8 2 4 2 8 2 6 4 16 4 8 4 16 4 8 4 16 4 6 2 8 2 4 2 8 4 16 6 20 6 15 1 7 21 1 5 16 6 19 1 5 12 4 14 5 1 21 7 1 15 4 8 2 4 2 10 4 12 2 2 2 10 4 12 4 14 6 20 6 16 4 8 4 17, zy
2713: 1 5 12 4 12 4 12 4 12 4 12 5 1 17 4 8 4 16 6 20 6 14 4 12 4 10 2 4 2 6 2 8 4 16 6 18 4 6 2 8 4 14 4 12 5 1 19 6 16 4 8 2 6 4 18 6 16 6 20 6 16 4 8 2 4 2 8 2 4 2 8 2 4 2 8 2 4 2 8 2 4 2 8 2 4 2 8 4 16 6 20 6 16 6 18 4 6 2 8 4 16 6 19 1 5 12 4 14 4 8 2 6 4 18 6 16 4 8 2 6 2 4 2 10 4 12 4 14 6 20 6 16 4 8 4 17, zy
2714: 1 5 12 4 12 4 12 4 12 5 1 17 4 8 4 16 6 18 6 18 6 16 4 8 4 17 1 5 12 4 12 4 12 4 12 5 1 17 4 8 4 16 6 18 6 18 6 16 4 8 4 17 1 5 12 4 12 4 12 4 12 5 1 18 1 5 12 4 14 6 19 1 6 1 16 1 6 1 18 1 5 12 4 14 6 20 7 1 13 4 12 5 1 18 1 5 12 4 12 4 12 4 12 5 1 18 1 5 12 4 13 1 7 20 6 14 4 12 5 1 18 1 6 1 16 1 6 1 19 6 14 4 12 5 1 18, zy
2715: 1 5 12 4 12 4 12 4 14 6 20 6 15 1 7 20 6 16 5 1 21 6 14 4 12 5 1 19 6 16 6 20 6 16 5 1 21 6 15 1 7 21 1 5 16 6 19 1 5 12 4 14 5 1 20 1 5 14 5 1 20 1 5 14 4 12 5 1 19 6 16 5 1 21 7 1 15 6 21 1 5 16 6 20 6 16 6 19 1 5 12 4 14 6 21 1 5 16 6 20 7 1 15 6 20 6 14 4 12 4 12 4 12 5 1 18 1 6 1 17 6 19 1 6 1 16 1 6 1 19 6 17 1 6 1 18, zy
2716: 1 5 12 4 12 4 12 4 14 6 20 6 16 6 20 6 16 6 19 1 6 1 17 6 19 1 5 14 5 1 20 1 5 14 4 10 4 14 4 10 2 2 2 10 2 4 2 6 2 6 2 6 2 6 2 6 2 6 2 6 2 4 2 10 2 2 2 10 4 14 4 10 4 14 5 1 20 1 5 14 5 1 19 6 17 1 6 1 19 6 16 6 20 6 16 6 20 6 14 4 12 4 12 4 12 5 1 18 1 6 1 17 6 19 1 6 1 17 6 18 6 18 6 18 6 17 1 6 1 19 6 17 1 6 1 18, zy
2717: 1 5 12 4 12 4 12 4 14 6 20 6 16 6 20 6 16 6 19 1 6 1 17 6 19 1 5 14 5 1 20 1 5 14 4 10 4 14 4 10 2 4 2 6 2 6 2 6 2 6 2 6 2 6 2 6 2 6 2 6 2 6 2 6 2 4 2 10 4 14 4 10 4 14 5 1 20 1 5 14 5 1 19 6 17 1 6 1 19 6 16 6 20 6 16 6 20 6 14 4 12 4 12 4 12 5 1 18 1 6 1 17 6 19 1 6 1 17 6 18 6 18 6 18 6 17 1 6 1 19 6 17 1 6 1 18, zy
2718: 1 5 12 4 12 4 12 5 1 19 6 14 4 8 2 6 4 16 6 17 1 6 1 17 6 16 4 6 2 8 4 14 6 19 1 5 12 4 13 1 7 20 7 1 15 6 18 6 16 6 18 6 16 6 18 6 16 6 18 6 16 6 18 6 16 6 18 6 15 1 7 20 7 1 13 4 12 5 1 19 6 14 4 8 2 6 4 16 6 17 1 6 1 17 6 16 4 6 2 8 4 14 6 19 1 5 12 4 12 4 12 5 1 19 6 14 5 1 18 1 6 1 17 6 16 6 17 1 6 1 18 1 5 14 6 19, zy
2719: 1 5 12 4 12 4 12 5 1 19 6 14 4 8 2 6 4 16 6 17 1 6 1 17 6 16 4 6 2 8 4 14 6 19 1 5 12 4 13 1 7 20 7 1 15 6 18 6 16 6 18 6 16 6 18 6 16 6 18 6 16 6 18 6 16 6 18 6 16 6 18 6 15 1 7 20 7 1 13 4 12 5 1 19 6 14 4 8 2 6 4 16 6 17 1 6 1 17 6 16 4 6 2 8 4 14 6 19 1 5 12 4 12 4 12 5 1 19 6 14 5 1 18 1 6 1 16 1 6 1 18 1 5 14 6 19, zy
2720: 1 5 12 4 12 4 14 6 19 1 6 1 16 1 6 1 18 1 6 1 16 1 6 1 19 6 14 4 12 4 12 5 1 18 1 6 1 17 6 18 6 16 4 10 4 12 4 12 4 12 4 12 4 10 4 16 6 18 6 17 1 6 1 18 1 5 12 4 14 6 20 6 14 4 12 4 10 4 15 1 6 1 19 6 16 6 19 1 6 1 15 4 10 4 12 4 14 6 20 6 14 4 12 5 1 18 1 6 1 17 6 18 6 16 4 10 4 12 4 12 4 12 4 12 4 10 4 16 6 18 6 17 1 6 1 18, zy
2721: 1 5 12 4 12 4 14 6 20 6 16 5 1 21 6 14 4 12 4 10 4 16 6 18 4 6 2 6 2 8 4 14 4 12 5 1 19 6 17 1 6 1 18 1 6 1 17 6 19 1 5 12 4 14 4 8 2 6 2 6 4 18 6 16 4 10 4 12 4 14 6 21 1 5 16 6 20 6 14 4 12 4 12 5 1 18 1 6 1 17 6 20 6 14 4 12 5 1 19 6 16 6 20 6 16 4 8 4 16 4 8 4 16 4 8 4 16 6 20 6 16 6 19 1 5 12 4 14 6 20 6 17 1 6 1 18, zy
2722: 1 5 12 4 12 4 14 6 20 6 16 6 20 6 16 6 19 1 6 1 17 6 18 6 18 6 19 1 5 14 4 10 4 14 4 10 4 14 4 10 4 14 5 1 20 1 5 14 4 10 4 14 4 10 4 14 4 10 4 14 4 10 4 14 5 1 20 1 5 14 4 10 4 14 4 10 4 14 4 10 4 14 5 1 19 6 18 6 18 6 17 1 6 1 19 6 16 6 20 6 16 6 20 6 14 4 12 4 12 5 1 18 1 6 1 17 6 19 1 6 1 17 6 18 6 17 1 6 1 19 6 17 1 6 1 18, zy
2723: 1 5 12 4 12 4 14 6 20 6 16 6 20 6 16 6 20 6 16 6 19 1 5 12 4 14 5 1 20 1 6 1 15 5 1 20 1 5 14 5 1 19 6 16 4 10 4 12 4 14 6 20 6 16 4 8 2 4 2 8 2 4 2 10 4 12 4 12 4 12 4 10 2 4 2 8 2 4 2 8 4 16 6 20 6 14 4 12 4 10 4 16 6 19 1 5 14 5 1 20 1 5 15 1 6 1 20 1 5 14 4 12 5 1 19 6 16 6 20 6 16 6 20 6 16 6 20 6 14 4 12 4 12 5 1 18, zy
2724: 1 5 12 4 12 4 14 6 20 6 16 6 20 6 16 6 20 6 16 6 19 1 6 1 17 6 18 6 18 6 19 1 5 14 4 10 4 14 4 10 4 14 4 10 4 14 5 1 19 6 18 6 18 6 17 1 6 1 19 6 16 6 20 6 16 6 20 6 16 6 20 6 14 4 12 4 12 5 1 18 1 6 1 17 6 20 6 14 4 10 2 2 2 12 4 10 4 16 6 18 6 18 6 18 6 18 4 6 4 18 6 18 6 18 6 18 6 16 4 10 4 12 2 2 2 10 4 14 6 20 6 17 1 6 1 18, zy
2725: 1 5 12 4 12 4 14 6 20 6 16 6 20 6 16 6 20 6 16 6 19 1 6 1 17 6 18 6 19 1 5 14 4 10 4 14 5 1 19 6 18 6 17 1 6 1 19 6 16 6 20 6 16 6 20 6 16 6 20 6 14 4 12 4 12 5 1 18 1 6 1 17 6 20 6 14 4 10 2 2 2 12 4 10 4 16 6 18 6 18 6 18 4 6 2 6 2 6 2 6 2 6 2 6 2 6 2 6 2 6 4 18 6 18 6 18 6 16 4 10 4 12 2 2 2 10 4 14 6 20 6 17 1 6 1 18, zy
2726: 1 5 12 4 14 4 8 2 6 4 18 6 16 4 8 2 6 4 17 1 6 1 18 1 6 1 17 6 18 6 18 6 18 6 18 6 18 6 18 6 18 6 17 1 6 1 18 1 6 1 17 4 6 2 8 4 16 6 18 4 6 2 8 4 14 4 12 5 1 19 6 17 1 6 1 17 4 8 4 16 6 20 6 14 4 12 4 10 2 2 2 12 4 10 4 16 6 18 6 19 1 5 14 5 1 19 6 18 6 16 4 10 4 12 2 2 2 10 4 12 4 14 6 20 6 16 4 8 4 17 1 6 1 17 6 19, zy
2727: 1 5 12 4 14 5 1 20 1 5 14 4 10 4 14 4 10 4 14 5 1 20 1 5 14 4 12 5 1 19 6 16 6 20 6 14 4 10 2 4 2 6 2 6 2 6 2 6 2 6 2 6 2 6 4 18 6 16 5 1 20 1 5 14 5 1 19 6 16 4 8 4 16 4 6 2 8 4 16 6 18 6 18 6 18 6 16 4 8 2 6 4 16 4 8 4 16 6 19 1 5 14 5 1 20 1 5 16 6 18 4 6 2 6 2 6 2 6 2 6 2 6 2 6 2 4 2 10 4 14 6 20 6 16 6 19, zy
2728: 1 5 12 4 14 6 20 6 16 5 1 21 6 14 4 12 5 1 19 6 16 6 20 6 16 6 19 1 6 1 17 6 18 6 17 1 6 1 19 6 16 5 1 21 6 14 4 10 4 16 6 18 6 17 1 6 1 19 6 16 4 8 4 16 4 8 4 16 6 19 1 6 1 17 6 18 6 16 4 10 4 14 6 21 1 5 16 6 19 1 6 1 17 6 18 6 17 1 6 1 19 6 16 6 20 6 16 6 19 1 5 12 4 14 6 21 1 5 16 6 20 6 14 4 12 5 1 19 6 16 6 20 6 16 6 19, zy
2729: 1 5 12 4 14 6 20 6 16 6 18 6 19 1 5 14 5 1 19 6 16 5 1 21 7 1 15 6 20 6 16 6 18 6 19 1 5 14 4 10 4 14 5 1 19 6 18 6 16 6 20 6 15 1 7 21 1 5 16 6 19 1 5 14 5 1 19 6 18 6 16 6 20 6 14 4 12 5 1 18 1 6 1 17 6 18 6 16 4 10 4 12 4 12 4 12 4 12 4 10 2 2 2 12 4 10 4 14 4 10 4 12 2 2 2 10 4 12 4 12 4 12 4 12 4 10 4 16 6 18 6 17 1 6 1 18, zy
2730: 1 5 12 4 14 6 20 6 16 6 18 6 19 1 5 14 5 1 19 6 16 6 20 6 15 1 6 1 20 1 5 15 1 7 21 1 5 16 6 18 4 6 2 6 2 6 2 6 2 6 2 6 2 6 4 18 6 16 5 1 21 7 1 15 5 1 20 1 6 1 15 6 20 6 16 6 19 1 5 14 5 1 19 6 18 6 16 6 20 6 14 4 12 5 1 18 1 6 1 17 6 18 6 16 4 8 2 6 4 17 1 6 1 17 6 18 6 17 1 6 1 17 4 6 2 8 4 16 6 18 6 17 1 6 1 18, zy
2731: 1 5 14 4 8 2 4 2 8 2 4 2 6 2 6 2 6 2 4 2 8 2 4 2 8 4 14 5 1 20 1 5 15 1 6 1 19 6 14 5 1 19 6 14 4 10 4 12 4 12 4 10 4 12 4 12 4 10 4 14 6 19 1 6 1 15 5 1 20 1 5 14 5 1 19 6 16 6 18 6 16 6 18 6 16 6 18 6 16 6 19 1 5 14 5 1 20 1 5 15 1 6 1 19 6 14 4 10 4 12 4 12 4 10 4 12 4 12 4 10 4 14 6 19 1 5 14 6 19 1 6 1 15 5 1 20, zy
2732: 1 5 14 4 8 2 4 2 8 2 4 2 6 2 6 2 6 2 6 4 16 6 18 6 16 6 18 6 16 6 18 6 16 4 6 2 6 2 6 2 6 2 4 2 8 2 4 2 8 4 14 5 1 20 1 5 15 1 6 1 19 6 14 5 1 19 6 14 4 10 4 12 4 12 4 10 4 12 2 2 2 8 4 14 4 10 4 12 4 10 4 14 5 1 20 1 5 14 4 10 4 12 4 10 4 14 4 8 2 2 2 12 4 10 4 12 4 12 4 10 4 14 6 19 1 5 14 6 19 1 6 1 15 5 1 20, zy
2733: 1 5 14 4 8 2 4 2 8 2 4 2 6 2 6 2 6 2 6 4 16 6 18 6 16 6 18 6 16 6 18 6 16 4 6 2 6 2 6 2 6 2 4 2 8 2 4 2 8 4 14 5 1 20 1 5 15 1 6 1 19 6 14 5 1 19 6 14 4 10 4 12 4 12 4 10 4 12 4 12 4 10 2 2 2 10 4 12 4 10 4 14 5 1 20 1 5 14 4 10 4 12 4 10 2 2 2 10 4 12 4 12 4 10 4 12 4 12 4 10 4 14 6 19 1 5 14 6 19 1 6 1 15 5 1 20, zy
2734: 1 5 14 4 8 2 6 2 6 2 4 2 10 4 12 4 14 6 19 1 6 1 16 1 6 1 18 1 6 1 16 1 6 1 19 6 14 4 12 4 10 2 4 2 6 2 6 2 8 4 14 5 1 19 6 17 1 6 1 17 6 18 6 18 6 18 6 16 4 8 4 16 4 8 4 16 6 18 6 19 1 5 14 4 10 4 14 4 10 4 14 6 20 6 16 6 20 6 14 4 10 4 14 4 10 4 14 5 1 19 6 18 6 16 4 8 4 16 4 8 4 16 6 18 6 18 6 18 6 17 1 6 1 17 6 19, zy
2735: 1 5 14 4 10 2 2 2 10 2 2 2 10 4 14 4 10 4 14 6 20 6 16 4 8 2 4 2 8 2 4 2 8 4 16 6 20 6 14 4 10 4 14 4 10 2 2 2 10 2 2 2 10 4 14 5 1 19 6 18 6 16 4 8 2 4 2 10 4 12 4 12 4 12 4 10 2 4 2 8 4 16 6 18 6 19 1 5 14 4 10 4 15 1 6 1 18 1 6 1 15 4 10 4 14 5 1 19 6 18 6 16 4 8 2 4 2 10 4 12 4 12 4 12 4 10 2 4 2 8 4 16 6 18 6 19, zy
2736: 1 5 14 4 10 2 2 2 10 2 2 2 10 4 14 5 1 19 6 18 6 16 4 8 2 4 2 8 2 4 2 8 4 16 6 19 1 5 14 5 1 19 6 16 5 1 20 1 5 14 5 1 19 6 16 4 8 2 4 2 8 4 16 6 19 1 5 14 5 1 19 6 16 4 8 2 4 2 8 4 16 6 19 1 5 14 5 1 20 1 5 16 6 19 1 5 14 5 1 19 6 16 4 8 2 4 2 8 2 4 2 8 4 16 6 18 6 19 1 5 14 4 10 2 2 2 10 2 2 2 10 4 14 5 1 20, zy
2737: 1 5 14 4 10 2 4 2 6 2 4 2 10 4 14 5 1 19 6 18 6 16 4 8 2 4 2 8 2 4 2 8 4 16 6 19 1 5 14 5 1 19 6 16 5 1 20 1 5 14 5 1 19 6 16 4 8 2 4 2 8 4 16 6 19 1 5 14 5 1 19 6 16 4 8 2 4 2 8 4 16 6 19 1 5 14 5 1 20 1 5 16 6 19 1 5 14 5 1 19 6 16 4 8 2 4 2 8 2 4 2 8 4 16 6 18 6 19 1 5 14 4 10 2 4 2 6 2 4 2 10 4 14 5 1 20, zy
2738: 1 5 14 4 10 4 14 4 8 2 6 4 17 1 6 1 17 6 18 6 18 6 16 4 8 2 6 4 16 4 8 4 16 6 19 1 5 14 5 1 19 6 16 4 8 4 16 4 6 2 8 4 16 6 18 6 18 6 17 1 6 1 17 4 6 2 8 4 14 4 10 4 14 5 1 19 6 18 6 16 6 20 6 14 4 12 4 10 4 14 4 10 4 14 4 8 2 6 4 17 1 6 1 17 6 18 6 17 1 6 1 17 4 6 2 8 4 14 4 10 4 14 4 10 4 12 4 14 6 20 6 16 6 18 6 19, zy
2739: 1 5 14 4 10 4 14 4 10 2 2 2 10 2 4 2 6 2 6 2 6 2 6 2 6 2 6 2 6 2 6 2 6 2 6 2 6 2 6 2 6 2 6 2 6 2 6 2 6 2 4 2 10 2 2 2 10 4 14 4 10 4 14 5 1 20 1 5 15 1 6 1 20 1 5 14 4 12 4 10 2 2 2 12 4 10 2 2 2 12 4 10 4 16 6 18 6 19 1 5 14 5 1 19 6 18 6 16 4 10 4 12 2 2 2 10 4 12 2 2 2 10 4 12 4 14 5 1 20 1 6 1 15 5 1 20, zy
2740: 1 5 14 4 10 4 14 4 10 4 14 4 10 4 14 4 10 4 14 4 10 4 14 5 1 20 1 5 14 4 10 4 14 4 10 4 14 4 10 4 14 4 10 4 14 4 10 4 14 5 1 20 1 5 14 4 10 4 15 1 6 1 20 1 5 14 4 12 4 10 4 16 6 18 6 18 4 6 2 6 2 6 2 6 2 8 4 14 4 10 4 14 4 10 4 14 4 10 4 14 4 8 2 6 2 6 2 6 2 6 4 18 6 18 6 16 4 10 4 12 4 14 5 1 20 1 6 1 15 4 10 4 14 5 1 20, zy
2741: 1 5 14 4 10 4 14 4 10 4 14 4 10 4 14 4 10 4 14 5 1 19 6 18 6 18 6 18 6 17 1 6 1 19 6 16 6 20 6 16 4 8 4 16 4 8 4 16 5 1 21 6 16 6 19 1 6 1 17 6 18 6 18 4 6 2 6 2 6 2 6 2 6 2 6 2 6 2 6 2 6 2 6 2 6 2 6 2 6 2 6 2 6 4 18 6 18 6 17 1 6 1 19 6 16 6 21 1 5 16 4 8 4 16 4 8 4 16 6 20 6 16 6 19 1 6 1 17 6 18 6 18 6 18 6 19, zy
2742: 1 5 14 4 10 4 16 6 19 1 6 1 17 6 18 4 6 2 8 4 16 4 8 4 17 1 6 1 17 6 20 6 16 5 1 21 6 14 4 12 4 12 4 14 6 21 1 5 16 6 20 6 17 1 6 1 17 4 8 4 16 4 8 2 6 4 18 6 17 1 6 1 19 6 16 4 10 4 14 5 1 19 6 18 4 6 2 6 2 8 4 16 6 19 1 6 1 17 6 18 4 6 2 8 2 2 2 12 4 12 2 2 2 8 2 6 4 18 6 17 1 6 1 19 6 16 4 8 2 6 2 6 4 18 6 19, zy
2743: 1 5 14 4 12 4 10 4 16 6 18 6 19 1 5 14 5 1 19 6 18 6 18 6 17 1 6 1 19 6 16 6 21 1 5 16 4 8 4 16 4 8 4 16 5 1 21 6 16 6 19 1 6 1 17 6 18 6 18 6 19 1 5 14 5 1 19 6 18 6 16 4 10 4 12 4 14 5 1 20 1 5 14 5 1 19 6 18 6 17 1 6 1 19 6 16 6 20 6 16 4 8 4 16 4 8 4 16 4 8 4 16 4 8 4 16 6 20 6 16 6 19 1 6 1 17 6 18 6 19 1 5 14 5 1 20, zy
2744: 1 5 14 5 1 19 6 15 1 6 1 19 6 14 4 8 2 6 4 16 6 17 1 6 1 17 6 16 6 19 1 5 14 5 1 19 6 16 6 17 1 6 1 17 6 16 4 6 2 8 4 14 6 19 1 6 1 15 6 19 1 5 14 5 1 20 1 5 16 6 16 4 8 4 15 1 6 1 18 1 6 1 15 4 8 4 15 1 6 1 18 1 6 1 15 4 6 2 8 4 14 4 8 2 6 4 15 1 6 1 18 1 6 1 15 4 8 4 15 1 6 1 18 1 6 1 15 4 8 4 16 6 16 5 1 20, zy
2745: 1 5 14 5 1 19 6 18 6 17 1 6 1 19 6 16 4 8 2 4 2 10 4 12 4 12 2 2 2 10 4 12 4 12 4 14 6 21 1 5 16 6 20 6 16 6 19 1 6 1 17 6 19 1 6 1 15 4 10 4 14 4 10 4 14 4 10 4 14 4 10 4 14 4 10 4 14 4 10 4 14 4 10 4 15 1 6 1 19 6 17 1 6 1 19 6 16 6 20 6 16 5 1 21 6 14 4 12 4 12 4 10 2 2 2 12 4 12 4 10 2 4 2 8 4 16 6 19 1 6 1 17 6 18 6 19, zy
2746: 1 5 15 1 7 21 1 5 15 1 7 21 1 5 16 6 18 6 19 1 6 1 17 6 17 1 6 1 19 6 17 1 6 1 18 1 6 1 17 6 19 1 6 1 17 6 17 1 6 1 19 6 18 6 16 5 1 21 7 1 15 5 1 21 7 1 15 5 1 20 1 6 1 16 1 6 1 19 6 16 4 8 2 6 4 17 1 6 1 17 4 8 4 16 6 20 7 1 15 6 20 6 16 6 20 6 15 1 7 20 6 16 4 8 4 17 1 6 1 17 4 6 2 8 4 16 6 19 1 6 1 16 1 6 1 20, zy
2747: 1 6 1 15 4 10 4 12 4 13 1 7 20 6 15 1 7 20 6 16 4 8 4 16 6 20 7 1 15 6 20 6 14 4 10 2 4 2 6 2 6 2 6 2 6 2 6 2 6 2 4 2 10 4 14 6 20 6 15 1 7 20 6 16 4 8 4 16 6 20 7 1 15 6 20 6 14 4 10 2 4 2 6 2 6 2 6 2 6 2 6 2 6 2 4 2 10 4 14 6 20 6 15 1 7 20 6 16 4 8 4 16 6 20 7 1 15 6 20 7 1 13 4 12 4 10 4 15 1 6 1 19 6 16 6 19, zy
2748: 1 6 1 17 6 16 4 10 4 12 4 13 1 7 20 6 15 1 7 20 6 16 4 8 4 16 6 20 7 1 15 6 20 6 14 4 10 2 4 2 6 2 6 2 6 2 6 2 6 2 6 2 4 2 10 4 14 6 20 6 15 1 7 20 6 16 4 8 4 16 6 20 7 1 15 6 20 6 14 4 10 2 4 2 6 2 6 2 6 2 6 2 6 2 6 2 4 2 10 4 14 6 20 6 15 1 7 20 6 16 4 8 4 16 6 20 7 1 15 6 20 7 1 13 4 12 4 10 4 16 6 17 1 6 1 18, zy
2749: 1 5 10 2 2 2 10 2 2 2 10 4 10 2 4 2 6 2 6 4 17 1 5 12 4 12 5 1 18 1 5 12 4 10 2 4 2 6 2 4 2 10 4 10 2 4 2 6 2 4 2 10 4 10 2 4 2 6 2 4 2 10 4 10 2 4 2 6 2 4 2 10 4 12 5 1 18 1 5 12 4 12 5 1 17 4 6 2 6 2 4 2 10 4 10 2 2 2 10 2 2 2 10 5 1 17 6 16 6 19 1 5 14 6 20 6 14 6 20 7 1 14 1 7 20 6 14 6 20 6 14 5 1 19 6 16 6 17, zy
2750: 1 5 12 2 2 2 10 4 14 4 8 2 6 2 6 4 18 6 16 4 10 4 12 4 14 6 20 6 16 4 8 4 17 1 5 12 4 12 4 12 4 12 4 12 4 12 5 1 17 4 8 4 16 6 20 6 14 4 12 4 10 4 16 6 18 4 6 2 6 2 8 4 14 4 10 2 2 2 12 5 1 19 6 18 6 16 4 8 2 4 2 10 4 12 4 12 2 2 2 8 2 4 2 10 4 12 4 12 4 12 4 12 4 12 4 10 2 4 2 8 2 2 2 12 4 12 4 10 2 4 2 8 4 16 6 18 6 19, zy
2751: 1 5 12 2 2 2 10 4 14 5 1 21 7 1 15 4 8 2 6 2 4 2 10 4 12 2 2 2 10 4 12 4 14 6 20 6 16 4 8 4 17 1 5 12 4 12 4 12 4 12 4 12 4 12 5 1 17 4 8 4 16 6 20 6 14 4 12 4 10 2 2 2 12 4 10 2 4 2 6 2 8 4 15 1 7 21 1 5 14 4 10 2 2 2 12 5 1 19 6 16 4 8 2 4 2 10 4 12 4 12 4 12 4 14 6 20 6 16 6 20 6 14 4 12 4 12 4 12 4 10 2 4 2 8 4 16 6 19, zy
2752: 1 5 12 2 2 2 10 4 14 6 20 6 16 6 19 1 6 1 15 4 8 2 6 2 4 2 10 4 12 4 12 4 10 2 4 2 6 2 8 4 15 1 6 1 19 6 16 6 20 6 14 4 10 2 2 2 12 5 1 19 6 16 4 8 4 16 6 19 1 6 1 15 4 8 2 4 2 10 4 12 4 12 4 10 2 4 2 8 4 14 4 12 5 1 19 6 16 4 8 4 16 6 19 1 5 12 4 14 4 8 2 4 2 10 4 12 4 12 4 10 2 4 2 8 4 15 1 6 1 19 6 16 4 8 4 16 6 19, zy
2753: 1 5 12 4 10 4 14 4 8 2 4 2 8 4 14 4 8 2 6 4 16 6 16 4 8 4 15 1 6 1 19 6 14 5 1 19 6 14 4 10 4 14 6 18 6 17 1 6 1 17 6 16 5 1 20 1 5 14 6 20 6 14 5 1 20 1 5 16 6 17 1 6 1 17 6 18 6 14 4 10 4 14 6 19 1 5 14 6 19 1 6 1 15 4 8 4 16 6 16 4 6 2 8 4 14 4 8 2 4 2 8 4 14 4 10 4 12 5 1 17 4 6 2 6 2 4 2 10 4 10 2 4 2 6 2 6 4 17, zy
2754: 1 5 12 4 12 4 12 4 10 4 14 5 1 20 1 5 14 4 8 2 6 4 16 6 19 1 5 14 5 1 20 1 5 15 1 6 1 19 6 16 6 18 6 16 4 8 4 16 6 16 4 8 2 4 2 8 4 16 6 16 4 8 4 16 6 18 6 16 6 19 1 6 1 15 5 1 20 1 5 14 5 1 19 6 16 4 6 2 8 4 14 5 1 20 1 5 14 4 10 4 12 4 12 4 12 5 1 19 6 14 4 12 5 1 19 6 16 6 18 6 17 1 6 1 17 6 18 6 16 6 19 1 5 12 4 14 6 19, zy
2755: 1 5 12 4 12 4 12 4 12 4 12 4 12 4 12 4 12 4 12 4 10 2 4 2 8 4 16 6 20 6 14 4 12 5 1 19 6 16 6 20 6 16 6 20 6 16 6 20 6 16 6 19 1 5 12 4 14 6 20 6 16 4 8 2 4 2 10 4 12 4 12 4 12 4 12 4 12 4 12 4 12 4 12 4 12 5 1 17 4 8 4 16 4 6 2 8 2 4 2 8 4 16 6 20 6 14 4 12 5 1 18 1 6 1 18 1 5 12 4 14 6 20 6 16 4 8 2 4 2 8 2 6 4 16 4 8 4 17, zy
2756: 1 5 12 4 12 4 12 4 12 5 1 17 4 8 4 15 1 6 1 19 6 16 4 8 4 16 6 19 1 5 14 5 1 19 6 16 4 8 4 16 6 20 7 1 15 6 19 1 6 1 15 4 10 4 12 4 14 6 19 1 6 1 15 4 10 4 12 2 2 2 8 2 4 2 8 2 4 2 8 2 2 2 12 4 10 4 15 1 6 1 19 6 14 4 12 4 10 4 15 1 6 1 19 6 15 1 7 20 6 16 4 8 4 16 6 19 1 5 14 5 1 19 6 16 4 8 4 16 6 19 1 6 1 15 4 8 4 17, zy
2757: 1 5 14 4 12 4 12 4 12 4 12 4 14 5 1 21 7 1 15 5 1 20 1 6 1 15 4 8 2 6 2 6 2 6 2 6 2 8 4 15 1 6 1 20 1 5 16 6 19 1 6 1 17 6 19 1 5 14 5 1 20 1 5 16 6 20 6 16 5 1 21 6 14 4 12 4 12 4 12 4 14 6 21 1 5 16 6 20 6 16 5 1 20 1 5 14 5 1 19 6 17 1 6 1 19 6 16 5 1 20 1 6 1 15 4 8 2 6 2 6 2 6 2 6 2 8 4 15 1 6 1 20 1 5 15 1 7 21, zy
2758: 1 5 14 5 1 19 6 16 6 20 6 14 4 10 2 4 2 6 2 6 2 6 2 6 2 6 2 6 2 4 2 10 4 12 2 2 2 8 2 4 2 8 2 4 2 8 2 2 2 12 4 10 2 4 2 6 2 6 2 6 2 6 2 6 2 6 2 4 2 10 4 14 6 20 6 16 6 19 1 5 14 5 1 20 1 5 16 6 18 6 18 6 18 6 17 1 6 1 17 6 18 4 6 2 6 4 18 6 17 1 6 1 17 6 18 4 6 2 6 4 18 6 17 1 6 1 17 6 18 6 18 6 18 6 16 5 1 20, zy
2759: 1 5 10 2 4 2 6 2 6 2 6 2 4 2 8 2 4 2 6 2 6 2 6 2 4 2 8 2 4 2 6 2 6 2 6 4 16 4 6 2 6 2 6 4 17 1 5 12 4 12 5 1 17 4 6 2 6 2 6 4 16 4 6 2 6 2 6 2 4 2 8 2 4 2 6 2 6 2 6 2 4 2 8 2 4 2 6 2 6 2 6 2 4 2 10 5 1 17 6 18 6 14 4 10 4 12 4 12 4 10 4 12 4 12 4 10 4 12 4 12 4 10 4 12 4 12 4 10 4 12 4 12 4 10 4 14 6 18 6 17, zy
2760: 1 5 10 2 4 2 8 4 14 6 19 1 5 12 4 12 4 12 5 1 19 6 14 5 1 19 7 1 13 4 10 4 13 1 7 19 1 5 14 6 19 1 5 12 2 2 2 8 2 2 2 12 5 1 19 6 14 5 1 18 1 6 1 16 1 6 1 18 1 5 14 6 19 1 5 12 2 2 2 8 2 2 2 12 5 1 19 6 14 5 1 19 7 1 13 4 10 4 13 1 7 19 1 5 14 6 19 1 5 12 4 12 4 12 5 1 19 6 14 4 8 2 4 2 10 5 1 17 6 18 6 14 4 10 4 14 6 18 6 17, zy
2761: 1 5 12 2 2 2 8 2 4 2 8 4 14 5 1 19 6 16 6 18 6 15 1 6 1 19 6 14 4 10 4 12 4 12 5 1 18 1 6 1 16 1 6 1 17 6 17 1 6 1 16 1 6 1 18 1 5 12 4 12 4 10 4 14 6 19 1 6 1 15 6 18 6 16 6 19 1 5 14 4 8 2 4 2 8 2 2 2 12 5 1 19 6 15 1 6 1 19 7 1 13 4 10 2 2 2 10 4 12 4 10 4 14 6 18 6 18 6 14 4 10 4 12 4 10 2 2 2 10 4 13 1 7 19 1 6 1 15 6 19, zy
2762: 1 5 12 2 2 2 8 4 15 1 6 1 18 1 6 1 15 4 8 4 15 1 6 1 18 1 6 1 15 5 1 20 1 5 14 4 10 4 12 4 10 4 14 5 1 20 1 5 14 4 10 4 12 4 10 4 14 5 1 20 1 5 15 1 6 1 18 1 6 1 15 4 8 4 15 1 6 1 18 1 6 1 15 4 8 2 2 2 12 5 1 18 1 6 1 16 1 6 1 17 6 18 6 14 4 10 4 14 6 18 6 16 4 8 4 14 4 8 4 16 6 18 6 14 4 10 4 14 6 18 6 17 1 6 1 16 1 6 1 18, zy
2763: 1 5 12 2 2 2 10 2 2 2 12 5 1 19 6 16 4 10 4 14 4 10 4 16 6 19 1 5 14 5 1 20 1 5 15 1 6 1 20 1 5 14 4 12 5 1 17 4 8 2 4 2 8 2 6 4 18 6 18 6 18 6 19 1 5 14 5 1 19 6 18 6 18 6 18 4 6 2 8 2 4 2 8 4 17 1 5 12 4 14 5 1 20 1 6 1 15 5 1 20 1 5 14 5 1 19 6 16 4 10 4 14 4 10 4 16 6 19 1 5 12 2 2 2 10 2 2 2 12 5 1 19 6 18 6 18 6 18 6 19, zy
2764: 1 5 12 2 2 2 10 4 12 2 2 2 8 2 6 4 16 6 20 6 14 4 10 4 14 4 10 4 14 5 1 19 6 18 6 16 4 8 2 4 2 8 2 4 2 8 4 16 6 19 1 5 14 5 1 19 6 16 4 8 2 4 2 8 2 4 2 8 4 16 6 18 6 19 1 5 14 4 10 4 14 4 10 4 14 6 20 6 16 4 6 2 8 2 2 2 12 4 10 2 2 2 12 5 1 19 6 16 6 20 6 14 4 12 5 1 18 1 6 1 17 6 18 6 17 1 6 1 18 1 5 12 4 14 6 20 6 16 6 19, zy
2765: 1 5 12 2 2 2 10 4 12 4 14 6 19 1 6 1 16 1 6 1 18 1 5 12 4 12 2 2 2 8 2 4 2 8 2 2 2 12 4 12 5 1 18 1 6 1 16 1 6 1 19 6 14 4 12 4 10 2 2 2 12 5 1 19 6 16 6 19 1 6 1 15 4 10 4 12 4 14 6 20 7 1 13 4 12 5 1 18 1 5 12 4 12 4 12 4 12 4 12 5 1 18 1 5 12 4 12 4 12 4 12 4 12 5 1 18 1 5 12 4 13 1 7 20 6 14 4 12 4 10 4 15 1 6 1 19 6 16 6 19, zy
2766: 1 5 12 2 2 2 10 4 12 4 14 6 19 1 6 1 16 1 6 1 18 1 6 1 15 4 10 4 14 5 1 20 1 5 14 4 10 4 15 1 6 1 18 1 6 1 16 1 6 1 19 6 14 4 12 4 10 2 2 2 12 5 1 19 6 16 6 20 7 1 13 4 12 4 12 5 1 18 1 6 1 16 1 6 1 19 6 14 4 12 4 10 2 4 2 6 2 6 2 6 2 6 2 6 2 6 2 6 2 4 2 10 4 12 4 14 6 19 1 6 1 16 1 6 1 18 1 5 12 4 12 4 13 1 7 20 6 16 6 19, zy
2767: 1 5 12 4 12 2 2 2 8 2 6 4 17 1 6 1 17 4 6 2 8 2 2 2 12 4 12 5 1 18 1 6 1 17 4 6 2 8 4 16 6 19 1 5 12 4 14 5 1 20 1 5 14 5 1 19 6 18 6 16 4 10 4 12 4 14 5 1 20 1 6 1 16 1 6 1 19 6 16 4 8 4 17 1 6 1 17 4 8 4 16 6 19 1 6 1 16 1 6 1 20 1 5 14 4 12 4 10 4 16 6 18 6 19 1 5 14 5 1 20 1 5 14 4 12 5 1 19 6 16 4 8 2 6 4 17 1 6 1 18, zy
2768: 1 5 12 4 12 4 12 2 2 2 8 2 4 2 8 2 4 2 8 2 2 2 12 4 12 4 12 5 1 18 1 6 1 18 1 5 12 4 14 6 20 6 16 6 20 6 16 6 19 1 5 12 4 14 6 20 6 16 4 8 4 16 6 20 6 16 6 18 4 6 2 8 4 14 4 12 5 1 19 6 17 1 6 1 18 1 6 1 17 6 19 1 5 12 4 14 4 8 2 6 4 18 6 16 6 20 6 16 4 8 4 16 6 20 6 14 4 12 5 1 19 6 16 6 20 6 16 6 20 6 14 4 12 5 1 18 1 6 1 18, zy
2769: 1 5 12 4 12 4 12 2 2 2 8 2 4 2 10 4 12 4 12 4 12 4 12 4 12 4 12 4 12 4 10 2 4 2 8 2 2 2 12 4 12 4 12 5 1 18 1 6 1 17 6 20 6 14 4 10 2 4 2 6 2 8 4 15 1 7 21 1 5 14 4 10 2 2 2 12 4 10 4 14 4 12 5 1 19 6 17 1 6 1 19 6 16 6 19 1 6 1 17 6 19 1 5 12 4 14 4 10 4 12 2 2 2 10 4 14 5 1 21 7 1 15 4 8 2 6 2 4 2 10 4 14 6 20 6 17 1 6 1 18, zy
2770: 1 5 12 4 12 4 12 4 10 2 2 2 12 4 10 4 14 4 10 4 12 4 14 6 20 6 15 1 7 21 1 5 16 6 19 1 5 14 5 1 20 1 5 16 6 18 6 18 6 18 6 16 4 8 2 4 2 8 2 4 2 8 4 16 6 18 6 18 6 18 6 16 5 1 20 1 5 14 5 1 19 6 16 5 1 21 7 1 15 6 20 6 14 4 12 4 10 4 14 4 10 4 12 2 2 2 10 4 12 4 12 4 12 5 1 17 4 6 2 8 4 15 1 6 1 19 6 16 6 19 1 6 1 15 4 8 2 6 4 17, zy
2771: 1 5 12 4 12 4 12 4 12 4 12 4 12 4 12 4 10 4 16 6 18 6 19 1 5 14 4 10 4 14 5 1 20 1 5 14 4 10 4 14 4 10 4 14 5 1 20 1 5 14 4 10 4 14 5 1 19 6 18 6 16 4 10 4 12 4 12 4 12 4 12 4 12 4 12 4 12 5 1 18 1 6 1 17 4 6 2 8 4 15 1 7 21 1 5 14 4 10 2 4 2 6 2 6 2 6 2 6 2 6 2 6 2 6 2 6 2 6 2 4 2 10 4 14 5 1 21 7 1 15 4 8 2 6 4 17 1 6 1 18, zy
2772: 1 5 12 4 12 4 12 4 12 4 12 4 12 4 12 4 12 4 12 4 12 4 12 5 1 17 4 8 4 16 6 20 6 14 4 12 4 10 2 4 2 8 4 16 6 18 4 6 2 8 4 14 4 12 5 1 19 6 16 5 1 21 7 1 15 6 20 6 16 4 8 2 4 2 8 2 4 2 10 4 12 4 12 4 12 4 10 2 4 2 8 2 4 2 8 4 16 6 20 6 15 1 7 21 1 5 16 6 19 1 5 12 4 14 4 8 2 6 4 18 6 16 4 8 2 4 2 10 4 12 4 14 6 20 6 16 4 8 4 17, zy
2773: 1 5 12 4 12 4 12 4 12 4 12 5 1 17 4 8 4 16 6 20 6 14 4 12 4 10 4 16 6 19 1 5 14 5 1 20 1 6 1 15 5 1 20 1 5 14 5 1 20 1 5 14 4 12 5 1 19 6 16 4 8 2 4 2 10 4 12 4 12 4 12 4 12 4 12 4 12 4 12 4 12 4 12 4 12 4 12 4 10 2 4 2 8 4 16 6 19 1 5 12 4 14 5 1 20 1 5 14 5 1 20 1 5 15 1 6 1 20 1 5 14 5 1 19 6 16 4 10 4 12 4 14 6 20 6 16 4 8 4 17, zy
2774: 1 5 12 4 12 4 12 4 14 6 20 6 16 6 20 6 16 6 19 1 6 1 17 6 19 1 5 14 5 1 20 1 5 14 4 10 4 14 4 10 2 4 2 6 2 6 2 6 2 6 2 6 2 6 2 6 2 6 2 6 2 6 2 6 2 6 2 6 2 6 2 4 2 10 4 14 4 10 4 14 5 1 20 1 5 14 5 1 19 6 17 1 6 1 19 6 16 6 20 6 16 6 20 6 14 4 12 4 12 4 12 5 1 18 1 6 1 17 6 19 1 6 1 17 6 18 6 18 6 17 1 6 1 19 6 17 1 6 1 18, zy
2775: 1 5 12 4 14 6 20 6 14 4 12 4 10 4 15 1 6 1 19 6 16 6 19 1 6 1 15 4 10 4 12 4 13 1 7 20 6 14 4 12 4 10 4 15 1 6 1 19 6 16 6 20 7 1 14 1 7 20 6 16 6 20 7 1 14 1 7 20 6 16 6 19 1 6 1 15 4 10 4 12 4 14 6 20 7 1 13 4 12 4 10 4 15 1 6 1 19 6 16 6 19 1 6 1 15 4 10 4 12 4 14 6 20 6 14 4 12 5 1 18 1 6 1 17 6 17 1 6 1 18 1 6 1 17 6 17 1 6 1 18, zy
2776: 1 5 12 4 14 6 20 6 16 6 19 1 5 14 5 1 20 1 5 15 1 6 1 20 1 5 16 6 19 1 5 14 5 1 19 6 17 1 6 1 17 6 19 1 5 14 4 10 4 14 5 1 19 6 17 1 6 1 17 6 19 1 5 14 5 1 19 6 16 5 1 20 1 6 1 15 5 1 20 1 5 14 5 1 19 6 16 6 20 6 14 4 12 5 1 18 1 6 1 17 6 18 6 17 1 6 1 17 4 6 2 8 4 14 4 10 2 2 2 10 4 14 4 8 2 6 4 17 1 6 1 17 6 18 6 17 1 6 1 18, zy
2777: 1 5 12 4 14 6 20 6 17 1 6 1 17 6 20 6 14 4 12 4 10 2 2 2 12 4 10 4 16 6 18 6 18 6 19 1 5 14 4 10 4 14 4 10 4 14 5 1 19 6 18 6 18 6 16 4 10 4 12 2 2 2 10 4 12 4 14 6 20 6 17 1 6 1 17 6 20 6 14 4 12 5 1 19 6 16 6 20 6 16 6 20 6 16 6 19 1 6 1 17 6 18 6 18 4 6 2 6 2 6 2 6 2 6 2 6 2 6 4 18 6 18 6 17 1 6 1 19 6 16 6 20 6 16 6 20 6 16 6 19, zy
2778: 1 5 12 4 14 6 21 1 5 16 6 19 1 6 1 17 6 18 6 18 6 18 4 6 2 6 2 6 4 18 6 18 6 18 6 17 1 6 1 19 6 16 5 1 21 6 14 4 12 5 1 19 6 16 6 21 1 5 16 4 8 4 16 6 20 6 16 6 19 1 6 1 17 6 18 6 18 6 18 6 19 1 5 14 4 10 4 14 4 10 2 2 2 10 2 2 2 10 2 2 2 10 4 14 4 10 4 14 5 1 19 6 18 6 18 6 18 6 17 1 6 1 19 6 16 6 20 6 16 4 8 4 16 5 1 21 6 16 6 19, zy
2779: 1 5 14 4 8 2 6 2 6 2 6 2 6 2 6 2 6 2 4 2 10 4 14 4 8 2 6 2 6 4 18 6 17 1 6 1 18 1 6 1 17 6 20 7 1 15 6 20 6 16 4 8 4 16 4 8 4 16 4 8 4 16 6 20 6 15 1 7 20 6 17 1 6 1 18 1 6 1 17 6 18 4 6 2 6 2 8 4 14 4 10 2 4 2 6 2 6 2 6 2 6 2 6 2 6 2 8 4 14 5 1 19 6 18 6 17 1 6 1 19 6 16 6 20 6 16 6 20 6 16 6 19 1 6 1 17 6 18 6 19, zy
2780: 1 5 14 4 10 2 2 2 12 4 12 4 12 4 12 4 12 4 14 4 8 2 6 2 6 2 6 2 6 2 8 4 14 4 12 4 12 4 12 4 12 4 12 2 2 2 10 4 14 5 1 19 6 18 6 19 1 5 14 5 1 19 6 18 6 18 6 18 4 6 2 8 4 16 5 1 21 6 16 6 21 1 5 16 4 8 2 4 2 10 4 14 5 1 19 6 19 1 5 14 4 10 2 4 2 8 4 16 5 1 21 6 16 6 21 1 5 16 4 8 2 6 4 18 6 18 6 18 6 19 1 5 14 5 1 19 6 18 6 19, zy
2781: 1 5 14 4 10 2 4 2 6 2 8 2 4 2 8 4 16 4 8 2 6 4 18 6 18 6 18 6 18 4 6 2 8 4 16 4 8 2 4 2 8 2 6 2 4 2 10 4 14 5 1 19 6 18 6 19 1 5 14 5 1 19 6 18 6 18 6 18 4 6 2 8 4 16 5 1 21 6 16 6 21 1 5 16 4 8 2 4 2 10 4 14 5 1 19 6 19 1 5 14 4 10 2 4 2 8 4 16 5 1 21 6 16 6 21 1 5 16 4 8 2 6 4 18 6 18 6 18 6 19 1 5 14 5 1 19 6 18 6 19, zy
2782: 1 5 14 4 10 2 4 2 8 2 4 2 8 2 4 2 8 2 6 4 18 6 17 1 6 1 19 6 16 4 8 2 6 2 6 2 6 4 19 1 5 14 4 10 2 4 2 8 4 16 4 8 4 17 1 6 1 17 6 20 6 16 4 8 2 6 4 18 6 18 6 18 4 6 2 8 4 16 6 20 6 17 1 6 1 17 4 8 4 16 4 8 2 4 2 10 4 14 5 1 19 4 6 2 6 2 6 2 8 4 16 6 19 1 6 1 17 6 18 4 6 2 8 2 4 2 8 2 4 2 8 2 4 2 10 4 14 5 1 20, zy
2783: 1 5 14 4 10 4 14 4 10 4 12 2 2 2 10 4 12 4 12 4 12 4 10 4 16 6 18 6 18 6 17 1 6 1 17 6 19 1 5 14 5 1 19 6 17 1 6 1 17 6 18 6 18 6 16 4 10 4 12 4 12 4 12 4 10 2 2 2 12 4 10 4 14 4 10 4 14 5 1 19 6 18 6 16 4 8 4 16 4 8 4 16 6 18 6 18 6 18 6 17 1 6 1 17 6 18 4 6 2 6 2 6 4 18 6 17 1 6 1 17 6 18 6 18 6 18 6 16 4 8 4 16 4 8 4 16 6 18 6 19, zy
2784: 1 5 14 4 10 4 14 4 10 4 14 4 10 4 14 4 10 4 14 4 10 4 14 5 1 19 6 18 6 18 6 16 4 10 4 14 5 1 20 1 6 1 15 5 1 21 7 1 15 5 1 20 1 6 1 15 4 8 2 6 2 4 2 10 4 14 6 21 1 5 16 6 19 1 6 1 17 6 18 6 18 6 18 6 18 6 18 6 17 1 6 1 19 6 16 5 1 21 6 14 4 10 2 4 2 6 2 8 4 15 1 6 1 20 1 5 15 1 7 21 1 5 15 1 6 1 20 1 5 14 4 10 4 16 6 18 6 18 6 19, zy
2785: 1 5 14 4 10 4 14 4 10 4 14 4 10 4 14 5 1 19 6 18 6 18 6 17 1 6 1 19 6 16 6 20 6 16 5 1 21 6 15 1 7 20 6 18 6 16 5 1 21 7 1 15 5 1 21 6 14 4 10 4 14 4 10 2 4 2 6 2 6 2 6 2 6 2 6 2 6 2 6 2 6 2 6 2 6 2 6 2 6 2 6 2 4 2 10 4 14 4 10 4 14 6 21 1 5 15 1 7 21 1 5 16 6 18 6 20 7 1 15 6 21 1 5 16 6 20 6 16 6 19 1 6 1 17 6 18 6 18 6 19, zy
2786: 1 5 14 4 10 4 14 5 1 19 6 17 1 6 1 17 6 18 6 18 6 16 4 8 4 16 4 8 4 16 6 18 6 18 6 17 1 6 1 17 6 19 1 5 14 4 10 4 14 5 1 20 1 5 15 1 6 1 19 6 16 4 8 4 16 6 19 1 5 14 5 1 19 6 16 4 8 2 4 2 8 4 16 6 19 1 5 14 4 10 4 14 6 20 6 16 6 20 6 14 4 10 4 14 5 1 19 6 16 4 8 2 4 2 8 4 16 6 19 1 5 14 5 1 19 6 16 4 8 4 16 6 19 1 6 1 15 5 1 20, zy
2787: 1 5 14 4 12 4 10 2 4 2 6 2 8 4 16 6 19 1 6 1 17 6 18 6 18 6 19 1 5 14 5 1 19 6 18 6 18 6 17 1 6 1 19 6 16 4 8 2 6 2 4 2 10 4 12 4 14 5 1 20 1 6 1 15 4 10 4 14 4 8 2 6 2 6 2 6 2 6 2 6 2 6 2 6 2 4 2 10 2 2 2 10 2 2 2 10 2 2 2 10 2 2 2 10 2 2 2 10 2 2 2 10 2 4 2 6 2 6 2 6 2 6 2 6 2 6 2 6 2 8 4 14 4 10 4 15 1 6 1 20, zy
2788: 1 5 14 4 12 4 10 4 16 6 18 6 19 1 5 14 5 1 19 6 18 6 18 6 17 1 6 1 19 6 16 6 21 1 5 16 4 8 4 16 4 8 4 16 5 1 21 6 16 6 19 1 6 1 17 6 18 6 18 6 19 1 5 14 5 1 19 6 18 6 16 4 10 4 12 4 14 5 1 20 1 5 14 5 1 19 6 18 6 17 1 6 1 19 6 16 6 20 6 16 4 8 4 16 4 8 2 4 2 8 2 4 2 8 4 16 4 8 4 16 6 20 6 16 6 19 1 6 1 17 6 18 6 19 1 5 14 5 1 20, zy
2789: 1 5 14 4 12 4 12 4 12 4 12 2 2 2 10 4 12 2 2 2 10 4 14 4 10 2 2 2 12 4 10 2 2 2 12 4 12 4 12 4 12 4 14 5 1 20 1 6 1 15 4 8 2 6 2 6 2 6 2 6 2 6 2 8 4 14 4 12 4 12 4 12 4 12 4 12 4 14 5 1 20 1 6 1 15 4 8 2 6 2 6 4 18 4 6 2 6 2 8 4 15 1 6 1 20 1 5 14 4 12 4 12 4 12 4 12 4 12 4 14 4 8 2 6 2 6 2 6 2 6 2 6 2 8 4 15 1 6 1 20, zy
2790: 1 5 14 5 1 19 6 15 1 6 1 19 6 16 6 16 4 8 4 16 6 16 4 6 2 8 4 14 4 8 2 4 2 8 4 14 4 8 2 6 4 16 6 16 4 8 4 16 6 16 6 19 1 6 1 15 6 19 1 5 14 5 1 20 1 5 15 1 6 1 19 6 14 4 10 4 12 4 10 2 2 2 10 4 14 6 18 6 17 1 6 1 17 6 16 6 19 1 5 14 6 20 6 14 5 1 19 6 16 6 17 1 6 1 17 6 18 6 14 4 10 2 2 2 10 4 12 4 10 4 14 6 19 1 6 1 15 5 1 20, zy
2791: 1 5 10 4 14 4 10 4 10 4 14 4 10 4 10 4 14 4 10 4 10 4 14 4 10 5 1 17 6 16 6 19 1 5 14 4 8 2 4 2 8 4 14 4 10 4 10 2 4 2 6 2 6 4 17 1 5 12 4 12 5 1 18 1 5 12 4 12 4 10 4 12 4 12 4 10 4 14 6 18 6 17 1 5 12 5 1 17 6 18 6 14 4 10 4 12 4 12 4 10 4 12 4 12 5 1 18 1 5 12 4 12 5 1 17 4 6 2 6 2 4 2 10 4 10 4 14 4 8 2 4 2 8 4 14 5 1 19 6 16 6 17, zy
2792: 1 5 12 2 2 2 10 4 12 4 12 4 12 4 12 4 10 2 2 2 12 5 1 18 1 6 1 17 6 18 6 18 6 16 5 1 20 1 5 14 4 10 4 14 4 8 2 6 2 4 2 10 4 12 4 12 4 12 4 12 5 1 17 4 8 4 16 6 18 6 18 6 18 6 16 4 8 2 4 2 8 2 4 2 8 2 4 2 8 4 16 6 18 6 18 6 18 6 16 4 8 4 17 1 5 12 4 12 4 12 4 12 4 10 2 4 2 6 2 8 4 14 4 10 4 14 5 1 20 1 5 16 6 18 6 18 6 17 1 6 1 18, zy
2793: 1 5 12 2 2 2 10 4 14 6 20 6 16 6 18 6 19 1 5 14 4 10 4 14 5 1 19 6 17 1 6 1 17 6 18 6 18 6 17 1 6 1 17 6 18 6 18 6 17 1 6 1 17 6 19 1 5 14 4 10 4 14 5 1 19 6 18 6 16 6 20 6 14 4 10 2 2 2 12 5 1 19 6 16 4 6 2 8 2 4 2 8 4 15 1 6 1 19 6 16 6 20 6 14 4 10 4 15 1 6 1 18 1 6 1 15 4 10 4 14 6 20 6 16 6 19 1 6 1 15 4 8 2 4 2 8 2 6 4 16 6 19, zy
2794: 1 5 12 4 12 2 2 2 10 4 12 4 12 4 14 6 20 6 16 6 20 6 15 1 7 20 6 16 4 8 2 4 2 8 2 4 2 10 4 12 4 12 4 12 4 10 2 4 2 8 2 4 2 8 4 16 6 20 7 1 15 6 20 6 16 6 20 6 14 4 12 4 12 4 10 2 2 2 12 4 12 5 1 18 1 6 1 17 4 8 4 16 6 18 4 6 2 8 4 14 4 12 5 1 19 6 16 4 8 4 17 1 6 1 17 4 8 4 16 6 19 1 5 12 4 14 4 8 2 6 4 18 6 16 4 8 4 17 1 6 1 18, zy
2795: 1 5 12 4 12 4 10 4 12 4 12 4 10 4 13 1 7 18 4 4 2 10 4 12 4 10 2 2 2 10 4 12 4 10 4 14 5 1 20 1 5 14 4 10 4 12 4 10 4 14 5 1 19 6 16 6 18 6 16 6 18 6 16 6 19 1 5 14 4 10 4 12 4 10 4 14 5 1 20 1 5 14 4 10 4 12 4 10 2 2 2 10 4 12 4 10 2 4 4 18 7 1 13 4 10 4 12 4 12 4 10 4 12 4 12 5 1 18 1 5 12 4 12 5 1 18 1 5 12 4 12 5 1 18 1 5 12 4 12 5 1 18, zy
2796: 1 5 12 4 12 4 10 4 14 4 8 4 15 1 6 1 19 6 14 4 10 4 12 4 12 4 10 4 12 4 12 4 10 4 12 4 12 4 10 4 14 6 19 1 6 1 15 4 8 4 14 4 10 4 12 4 12 5 1 19 6 14 4 10 4 12 4 12 5 1 19 6 14 5 1 19 6 14 4 10 4 12 4 12 4 10 4 12 4 12 4 10 4 14 6 19 1 5 12 4 12 4 12 5 1 19 6 14 4 10 4 12 4 12 4 10 4 12 4 12 4 10 4 14 6 19 1 5 14 6 19 1 5 12 4 12 4 10 4 14 6 19, zy
2797: 1 5 12 4 12 4 12 4 12 5 1 17 4 8 4 16 6 18 6 18 6 18 6 16 5 1 20 1 5 14 4 10 4 14 5 1 20 1 5 15 1 6 1 20 1 5 16 6 18 4 6 2 6 2 6 2 6 2 6 2 6 2 6 2 4 2 10 4 12 2 2 2 8 2 4 2 8 2 4 2 8 2 2 2 12 4 10 2 4 2 6 2 6 2 6 2 6 2 6 2 6 2 6 4 18 6 16 5 1 20 1 6 1 15 5 1 20 1 5 14 4 10 4 14 5 1 20 1 5 16 6 18 6 18 6 18 6 16 4 8 4 17, zy
2798: 1 5 12 4 14 4 8 2 6 4 18 6 16 4 8 2 6 4 18 6 16 4 8 2 4 2 10 4 12 4 12 2 2 2 8 2 6 4 17 1 6 1 17 4 6 2 8 2 2 2 12 4 12 4 10 2 4 2 8 4 16 6 18 4 6 2 8 4 16 6 18 4 6 2 8 4 14 4 12 5 1 19 6 16 4 8 4 18 6 16 6 20 6 16 4 8 2 4 2 10 4 12 4 12 4 12 4 12 4 12 4 12 4 12 4 12 4 12 4 12 4 12 4 10 2 4 2 8 4 16 6 20 6 16 6 18 4 8 4 16 6 19, zy
2799: 1 5 14 4 10 2 4 2 8 4 16 4 8 2 6 4 18 6 18 6 20 6 16 6 21 1 5 16 5 1 21 6 14 4 14 6 21 1 5 16 5 1 21 6 14 4 14 6 21 1 5 16 5 1 21 6 16 6 20 6 18 6 18 4 6 2 8 4 16 4 8 2 4 2 10 4 14 5 1 19 6 18 6 19 1 6 1 15 4 10 4 14 4 12 4 12 4 12 4 12 4 14 4 10 4 14 4 12 4 12 4 12 4 12 4 14 4 10 4 14 4 12 4 12 4 12 4 12 4 14 4 10 4 15 1 6 1 19 6 18 6 19, zy
2800: 1 5 16 4 8 4 16 4 8 2 4 2 8 2 4 2 10 4 12 4 12 4 12 4 14 6 20 6 16 4 8 2 4 2 10 4 12 4 14 6 21 1 5 16 6 20 6 16 6 20 6 16 6 20 6 16 6 20 6 16 6 20 6 16 5 1 21 6 14 4 12 4 10 2 4 2 8 4 16 6 20 6 14 4 12 4 12 4 12 4 10 2 4 2 8 2 4 2 8 4 16 4 8 4 16 5 1 21 6 16 6 20 6 14 4 12 4 12 4 12 4 12 4 12 4 12 4 12 4 12 4 12 4 12 4 14 6 20 6 16 6 21, zy
2801: 1 5 10 2 4 2 6 2 6 2 4 2 10 4 10 4 14 4 8 4 16 6 16 4 8 4 14 4 8 2 6 4 15 1 6 1 19 6 14 5 1 19 6 14 4 10 4 12 4 12 4 10 4 12 4 10 2 4 2 4 2 10 4 12 4 10 4 14 6 18 6 18 6 14 4 10 4 12 4 10 2 4 2 4 2 10 4 12 4 10 4 12 4 12 4 10 4 14 6 19 1 5 14 6 19 1 6 1 15 4 6 2 8 4 14 4 8 4 16 6 16 4 8 4 14 4 10 4 10 2 4 2 6 2 6 2 4 2 10 5 1 17 6 17, zy
2802: 1 5 10 2 4 2 6 2 6 2 6 2 4 2 8 2 4 2 6 2 6 2 6 4 16 4 6 2 6 2 6 4 16 6 18 6 16 6 18 6 16 6 18 6 16 6 18 6 16 4 6 2 6 2 6 4 16 4 6 2 6 2 6 2 4 2 8 2 4 2 6 2 6 2 6 2 4 2 10 5 1 17 6 18 6 14 4 10 4 12 4 12 4 10 4 12 4 12 4 10 4 12 4 12 4 10 4 12 4 12 5 1 18 1 5 12 4 12 4 10 4 12 4 12 4 10 4 12 4 12 4 10 4 12 4 12 4 10 4 14 6 18 6 17, zy
2803: 1 5 12 2 2 2 8 2 4 2 6 2 6 2 6 2 4 2 8 2 4 2 6 2 6 2 6 2 4 2 8 2 4 2 6 2 6 2 6 2 4 2 8 2 4 2 6 2 6 2 6 2 4 2 8 2 4 2 6 2 6 2 6 2 4 2 8 2 4 2 6 2 6 2 6 2 4 2 8 2 2 2 12 5 1 19 6 14 5 1 19 7 1 13 4 10 4 12 4 12 4 10 4 12 4 12 4 10 4 12 4 12 5 1 18 1 5 12 4 12 4 10 4 12 4 12 4 10 4 12 4 12 4 10 4 13 1 7 19 1 5 14 6 19, zy
2804: 1 5 12 2 2 2 10 2 2 2 10 2 2 2 10 2 2 2 10 4 14 4 10 4 14 4 10 4 14 4 10 2 2 2 10 2 2 2 10 2 2 2 12 5 1 19 6 18 6 18 6 16 4 10 4 14 5 1 20 1 5 14 4 10 4 16 6 18 6 18 6 19 1 5 12 2 2 2 10 2 2 2 10 2 2 2 10 4 14 4 10 4 14 4 10 4 14 4 10 2 2 2 10 2 2 2 10 2 2 2 10 2 2 2 12 5 1 19 6 18 6 18 6 16 4 10 4 14 5 1 20 1 5 14 4 10 4 16 6 18 6 18 6 19, zy
2805: 1 5 12 2 2 2 10 4 14 5 1 21 7 1 15 4 8 2 6 2 4 2 10 4 12 4 14 6 20 6 16 4 8 2 4 2 8 2 4 2 8 2 4 2 8 2 4 2 8 2 4 2 8 4 16 6 20 6 14 4 12 4 10 2 4 2 6 2 8 4 15 1 7 21 1 5 14 4 10 2 2 2 12 5 1 19 6 16 4 8 2 4 2 10 4 12 4 12 4 12 4 12 4 12 4 12 4 12 4 12 4 12 5 1 18 1 5 12 4 12 4 12 4 12 4 12 4 12 4 12 4 12 4 12 4 10 2 4 2 8 4 16 6 19, zy
2806: 1 5 12 2 2 2 10 4 14 6 20 6 16 6 18 6 19 1 5 14 4 10 4 14 5 1 19 6 18 6 16 6 20 6 14 4 10 2 2 2 12 5 1 19 6 16 4 6 2 8 2 4 2 8 4 16 6 18 6 17 1 6 1 18 1 5 12 4 14 6 20 6 15 1 7 21 1 5 16 6 19 1 5 14 5 1 20 1 5 16 6 18 6 18 6 18 6 16 5 1 20 1 5 14 5 1 19 6 16 5 1 21 7 1 15 6 20 6 14 4 12 5 1 18 1 6 1 17 6 18 6 16 4 8 2 4 2 8 2 6 4 16 6 19, zy
2807: 1 5 12 2 2 2 10 4 14 6 20 6 16 6 19 1 6 1 15 4 10 4 12 4 14 6 20 6 14 4 12 4 10 4 15 1 6 1 19 6 16 6 20 6 14 4 10 2 2 2 12 5 1 19 6 16 6 20 6 15 1 6 1 20 1 5 16 6 18 6 19 1 5 14 4 10 4 14 4 8 2 6 2 4 2 10 4 12 4 12 4 12 4 12 4 12 5 1 18 1 5 12 4 12 4 12 4 12 4 12 4 10 2 4 2 6 2 8 4 14 4 10 4 14 5 1 19 6 18 6 16 5 1 20 1 6 1 15 6 20 6 16 6 19, zy
2808: 1 5 12 2 2 2 10 4 14 6 21 1 5 16 6 19 1 5 12 4 14 5 1 21 7 1 15 4 8 2 4 2 10 4 12 4 14 6 20 6 16 4 8 4 17 1 5 12 4 12 4 12 4 12 4 12 4 12 4 12 5 1 17 4 8 4 16 6 20 6 14 4 12 4 10 2 4 2 8 4 15 1 7 21 1 5 14 4 12 5 1 19 6 16 5 1 21 6 14 4 10 2 2 2 12 5 1 19 6 16 4 8 2 4 2 10 4 12 4 12 4 12 4 12 4 12 4 12 4 12 4 12 4 12 4 10 2 4 2 8 4 16 6 19, zy
2809: 1 5 12 2 2 2 10 4 14 6 21 1 5 16 6 19 1 5 12 4 14 5 1 21 7 1 15 4 8 2 4 2 10 4 12 4 14 6 20 6 16 4 8 4 17 1 5 12 4 12 4 12 4 12 4 12 4 12 5 1 17 4 8 4 16 6 20 6 14 4 12 4 10 2 4 2 8 4 15 1 7 21 1 5 14 4 12 5 1 19 6 16 5 1 21 6 14 4 10 2 2 2 12 5 1 19 6 16 4 8 2 4 2 10 4 12 4 12 4 12 4 12 4 12 4 12 4 12 4 12 4 12 4 12 4 10 2 4 2 8 4 16 6 19, zy
2810: 1 5 12 4 10 2 4 2 6 2 4 2 10 4 12 5 1 18 1 5 12 4 10 2 4 2 6 2 4 2 10 4 12 5 1 18 1 5 12 4 10 2 4 2 6 2 6 4 17 1 5 12 4 10 4 14 4 8 2 4 2 8 4 14 4 10 4 12 5 1 17 4 6 2 6 2 6 4 17 1 5 12 4 10 4 14 4 8 2 4 2 8 4 14 4 10 4 12 5 1 17 4 6 2 6 2 6 4 17 1 5 12 4 10 4 14 4 8 2 4 2 8 4 14 4 10 4 12 5 1 17 4 6 2 6 2 4 2 10 4 12 5 1 18, zy
2811: 1 5 12 4 12 4 10 2 2 2 10 4 12 4 10 2 2 2 10 4 12 4 10 4 14 5 1 20 1 5 14 4 10 4 12 4 10 4 14 5 1 20 1 5 14 4 10 4 12 4 10 2 2 2 10 4 12 4 10 2 2 2 10 4 12 4 12 5 1 19 6 14 5 1 19 7 1 13 4 10 4 12 4 12 4 10 4 12 4 12 4 10 4 12 4 12 5 1 18 1 5 12 4 12 5 1 18 1 5 12 4 12 5 1 18 1 5 12 4 12 4 10 4 12 4 12 4 10 4 12 4 12 4 10 4 13 1 7 19 1 5 14 6 19, zy
2812: 1 5 12 4 12 4 10 2 2 2 10 4 12 4 10 4 14 5 1 20 1 5 14 4 10 4 12 4 10 4 14 5 1 20 1 5 14 4 10 4 12 4 10 2 2 2 10 4 12 4 12 5 1 19 6 14 5 1 19 7 1 13 4 10 4 12 4 12 4 10 4 12 4 12 4 10 4 12 4 12 5 1 18 1 5 12 4 12 5 1 17 4 6 2 6 2 6 4 16 4 6 2 6 2 6 4 17 1 5 12 4 12 5 1 18 1 5 12 4 12 4 10 4 12 4 12 4 10 4 12 4 12 4 10 4 13 1 7 19 1 5 14 6 19, zy
2813: 1 5 12 4 12 4 12 4 12 4 12 4 12 4 12 4 12 4 12 5 1 18 1 5 12 4 12 4 12 4 12 4 12 4 13 1 7 20 6 16 6 20 6 16 6 20 6 16 6 19 1 6 1 17 6 18 6 18 6 18 6 19 1 5 14 4 10 4 14 4 10 4 15 1 6 1 19 6 17 1 6 1 18 1 6 1 17 6 19 1 6 1 15 4 10 4 14 4 10 4 14 5 1 19 6 18 6 18 6 18 6 17 1 6 1 19 6 16 6 20 6 16 6 20 6 16 6 20 7 1 13 4 12 4 12 4 12 4 12 4 12 5 1 18, zy
2814: 1 5 12 4 12 4 12 4 12 4 12 4 12 4 12 5 1 17 6 19 1 6 1 15 4 8 2 4 2 10 4 12 2 2 2 10 4 12 4 12 4 14 6 20 6 16 5 1 21 6 14 4 10 4 14 4 12 5 1 19 6 16 5 1 20 1 5 14 5 1 19 6 16 6 20 6 16 4 8 4 16 4 8 4 16 6 20 6 16 6 19 1 5 14 5 1 20 1 5 16 6 19 1 5 12 4 14 4 10 4 14 6 21 1 5 16 6 20 6 14 4 12 4 12 4 10 2 2 2 12 4 10 2 4 2 8 4 15 1 6 1 19 6 17, zy
2815: 1 5 12 4 12 4 12 5 1 19 6 14 5 1 19 7 1 13 4 10 4 13 1 7 19 1 5 14 6 19 1 5 12 4 12 4 12 5 1 19 6 14 5 1 19 7 1 13 4 10 4 13 1 7 19 1 5 14 6 19 1 5 12 4 13 1 7 20 6 14 6 20 6 14 5 1 19 6 16 6 16 4 8 4 16 6 16 6 19 1 5 14 5 1 19 6 16 6 16 4 8 4 16 6 16 6 19 1 5 14 6 20 6 14 6 20 7 1 13 4 12 5 1 19 6 14 5 1 19 7 1 13 4 10 4 13 1 7 19 1 5 14 6 19, zy
2816: 1 5 12 4 12 4 14 5 1 20 1 5 14 4 12 4 12 4 12 4 12 4 14 5 1 20 1 5 14 4 12 4 12 4 12 4 12 4 14 5 1 20 1 5 14 4 12 4 12 5 1 17 6 20 6 16 5 1 20 1 6 1 15 5 1 20 1 5 15 1 6 1 20 1 5 16 6 20 6 17 1 6 1 17 6 20 6 16 5 1 20 1 6 1 15 5 1 20 1 5 15 1 6 1 20 1 5 16 6 20 6 17 1 6 1 17 6 20 6 16 5 1 20 1 6 1 15 5 1 20 1 5 15 1 6 1 20 1 5 16 6 20 6 17, zy
2817: 1 5 12 4 12 4 14 6 20 6 16 4 8 2 4 2 10 4 12 4 12 4 12 4 12 4 12 4 12 4 12 4 13 1 7 20 6 16 4 8 2 4 2 10 4 12 4 12 4 12 4 12 2 2 2 8 2 4 2 8 2 4 2 10 4 12 4 12 4 12 4 12 4 12 4 12 4 12 4 10 2 4 2 8 2 4 2 8 2 2 2 12 4 12 4 12 4 12 4 10 2 4 2 8 4 16 6 20 7 1 13 4 12 4 12 4 12 4 12 4 12 4 12 4 12 4 10 2 4 2 8 4 16 6 20 6 14 4 12 4 12 5 1 18, zy
2818: 1 5 12 4 12 4 14 6 20 6 16 4 8 4 16 4 8 4 16 6 20 6 14 4 12 4 12 5 1 18 1 6 1 17 4 6 2 8 4 16 6 18 6 19 1 6 1 15 4 10 4 14 5 1 20 1 5 14 4 10 4 14 4 10 4 14 4 10 4 14 5 1 19 6 18 6 18 6 17 1 6 1 19 6 16 6 20 6 16 6 19 1 6 1 17 6 18 6 18 6 19 1 5 14 4 10 4 14 4 10 4 14 4 10 4 14 5 1 20 1 5 14 4 10 4 15 1 6 1 19 6 18 6 16 4 8 2 6 4 17 1 6 1 18, zy
2819: 1 5 12 4 12 4 14 6 20 6 16 5 1 21 7 1 15 6 20 6 16 6 20 6 16 5 1 21 6 14 4 12 4 10 2 4 2 6 2 8 4 16 6 18 4 6 2 8 4 14 4 12 5 1 19 6 16 5 1 21 7 1 15 6 21 1 5 16 4 8 4 16 4 8 4 16 5 1 21 6 15 1 7 21 1 5 16 6 19 1 5 12 4 14 4 8 2 6 4 18 6 16 4 8 2 6 2 4 2 10 4 12 4 14 6 21 1 5 16 6 20 6 16 6 20 6 15 1 7 21 1 5 16 6 20 6 14 4 12 4 12 5 1 18, zy
2820: 1 5 12 4 12 4 14 6 20 6 16 6 20 6 16 6 19 1 6 1 17 6 18 6 18 6 19 1 5 14 4 10 4 14 4 10 4 14 4 10 4 14 5 1 19 6 18 6 18 6 17 1 6 1 19 6 16 6 20 6 16 6 20 6 14 4 12 4 12 5 1 18 1 6 1 17 6 19 1 6 1 15 4 10 4 14 4 10 4 14 5 1 20 1 5 14 4 10 4 14 4 10 2 2 2 10 2 2 2 10 2 2 2 10 4 14 4 10 4 14 5 1 20 1 5 14 4 10 4 14 4 10 4 15 1 6 1 19 6 17 1 6 1 18, zy
2821: 1 5 12 4 14 4 10 4 14 4 10 2 4 2 8 4 16 6 20 6 17 1 6 1 17 6 20 6 17 1 6 1 17 6 20 6 16 4 8 2 4 2 10 4 14 4 10 4 14 4 12 5 1 19 6 16 4 8 2 6 2 6 2 6 2 6 2 6 2 6 2 8 4 16 6 19 1 6 1 17 6 18 6 20 6 16 5 1 21 6 15 1 7 21 1 5 16 6 20 6 16 5 1 21 7 1 15 6 21 1 5 16 6 20 6 18 6 17 1 6 1 19 6 16 4 8 2 6 2 6 2 6 2 6 2 6 2 6 2 8 4 16 6 19, zy
2822: 1 5 12 4 14 4 10 4 14 4 10 4 16 6 19 1 6 1 16 1 6 1 19 6 18 6 17 1 6 1 19 6 16 4 10 4 14 5 1 19 6 18 6 18 4 6 2 8 4 16 6 20 6 16 4 8 2 6 4 18 6 18 6 18 4 6 2 8 4 16 6 20 6 16 4 8 2 6 4 18 6 18 6 19 1 5 14 4 10 4 16 6 19 1 6 1 17 6 18 6 19 1 6 1 16 1 6 1 19 6 16 4 10 4 14 4 10 4 14 4 12 5 1 18 1 6 1 17 6 19 1 6 1 16 1 6 1 19 6 17 1 6 1 18, zy
2823: 1 5 12 4 14 4 10 4 16 6 20 6 17 1 6 1 17 4 8 2 4 2 10 4 14 5 1 19 6 18 6 20 6 16 5 1 21 6 14 4 14 6 21 1 5 16 6 20 6 18 6 18 6 20 6 16 4 8 2 6 2 6 2 6 2 6 2 8 4 16 6 20 6 18 6 18 6 20 6 16 5 1 21 6 14 4 14 6 21 1 5 16 6 20 6 18 6 19 1 5 14 4 10 2 4 2 8 4 17 1 6 1 17 6 20 6 16 4 10 4 14 4 12 5 1 18 1 5 12 4 14 5 1 19 6 19 1 5 14 4 12 5 1 18, zy
2824: 1 5 12 4 14 5 1 20 1 5 14 4 10 4 14 5 1 19 6 17 1 6 1 17 6 19 1 5 14 4 10 4 14 5 1 20 1 5 14 4 12 5 1 19 6 16 6 19 1 6 1 15 4 10 4 12 4 14 6 20 6 14 4 12 5 1 18 1 6 1 16 1 6 1 19 6 16 6 19 1 6 1 15 4 8 2 6 2 4 2 10 4 12 4 12 4 10 2 4 2 6 2 8 4 15 1 6 1 19 6 16 6 19 1 6 1 16 1 6 1 18 1 5 12 4 14 6 20 6 14 4 12 4 10 4 15 1 6 1 19 6 16 6 19, zy
2825: 1 5 14 4 10 4 14 4 8 2 6 2 6 2 6 2 6 2 4 2 10 4 14 4 8 2 6 2 6 4 18 6 17 1 6 1 18 1 6 1 17 6 20 7 1 15 6 20 6 16 4 8 4 16 4 8 4 16 4 8 4 16 6 20 6 15 1 7 20 6 17 1 6 1 18 1 6 1 17 6 18 4 6 2 6 2 8 4 14 4 10 2 4 2 6 2 6 2 6 2 6 2 8 4 14 4 10 4 14 5 1 19 6 18 6 17 1 6 1 19 6 16 6 20 6 16 4 8 4 16 6 20 6 16 6 19 1 6 1 17 6 18 6 19, zy
2826: 1 5 14 4 10 4 14 4 10 2 2 2 10 2 4 2 6 2 6 2 6 2 6 2 6 2 6 2 6 2 6 2 6 2 4 2 10 2 2 2 10 4 14 4 10 4 14 5 1 20 1 6 1 15 4 8 2 6 4 18 6 16 4 8 2 4 2 10 4 12 4 12 4 14 6 20 6 16 5 1 21 6 14 4 12 4 10 4 16 6 19 1 5 14 5 1 20 1 5 14 5 1 19 6 16 4 10 4 12 4 14 6 21 1 5 16 6 20 6 14 4 12 4 12 4 10 2 4 2 8 4 16 6 18 4 6 2 8 4 15 1 6 1 20, zy
2827: 1 5 14 4 10 4 16 6 20 6 16 4 8 2 6 4 18 6 18 6 18 4 6 2 8 4 16 6 20 6 16 4 10 4 14 5 1 20 1 5 14 4 12 4 12 4 12 4 14 5 1 21 7 1 15 5 1 21 6 14 4 12 4 12 4 12 4 12 4 14 5 1 20 1 5 14 4 12 4 12 4 12 4 12 4 12 4 14 5 1 20 1 5 14 4 12 4 12 4 12 4 12 4 12 4 14 5 1 20 1 5 14 4 12 4 12 4 12 4 12 4 14 6 21 1 5 15 1 7 21 1 5 14 4 12 4 12 4 12 4 14 5 1 20, zy
2828: 1 5 14 4 12 4 12 4 12 4 14 4 8 2 6 2 8 4 15 1 6 1 20 1 5 16 6 20 6 18 6 18 6 18 4 8 4 16 4 8 2 6 2 6 4 18 4 6 2 6 2 8 4 16 4 8 4 18 6 18 6 18 6 20 6 16 5 1 20 1 6 1 15 4 8 2 6 2 8 4 14 4 12 4 12 4 12 4 14 5 1 20 1 5 15 1 6 1 20 1 5 15 1 6 1 20 1 5 14 4 12 4 12 4 14 5 1 20 1 5 14 4 12 4 12 4 14 5 1 20 1 6 1 15 5 1 20 1 6 1 15 5 1 20, zy
2829: 1 5 14 5 1 19 6 16 6 17 1 6 1 17 4 6 4 18 7 1 13 4 10 4 13 1 7 18 4 6 4 18 7 1 13 4 10 4 13 1 7 18 4 6 4 18 7 1 13 4 10 4 13 1 7 18 4 6 4 18 7 1 13 4 10 4 13 1 7 18 4 6 4 18 7 1 13 4 10 4 13 1 7 18 4 6 4 17 1 6 1 17 6 16 6 19 1 5 14 5 1 20 1 5 16 6 16 4 8 2 2 2 12 4 8 2 6 4 16 4 6 2 6 2 6 4 16 4 6 2 8 4 12 2 2 2 8 4 16 6 16 5 1 20, zy
2830: 1 5 16 5 1 21 6 16 6 20 6 16 4 8 2 6 2 6 2 4 2 10 2 2 2 10 2 4 2 6 2 6 2 8 4 16 6 20 6 16 5 1 21 6 14 4 12 4 12 4 12 2 2 2 10 4 12 4 14 4 10 4 14 4 10 2 4 2 6 2 8 4 16 6 20 6 16 4 8 2 6 2 4 2 10 4 14 4 10 4 14 4 12 4 10 2 2 2 12 4 12 4 12 4 14 6 21 1 5 16 6 20 6 16 4 8 2 6 2 6 2 4 2 10 2 2 2 10 2 4 2 6 2 6 2 8 4 16 6 20 6 16 6 21, zy
2831: 1 5 10 2 4 2 6 2 6 2 6 2 4 2 8 2 4 2 8 4 14 5 1 20 1 5 14 4 10 4 12 4 12 4 10 4 12 4 12 4 10 4 12 4 12 4 10 4 14 5 1 20 1 5 14 4 8 2 4 2 8 2 4 2 6 2 6 2 6 2 4 2 10 5 1 17 6 18 6 14 4 10 2 2 2 10 4 12 4 10 4 14 5 1 20 1 5 14 4 10 4 12 4 10 4 14 5 1 19 6 16 6 19 1 5 14 4 10 4 12 4 10 4 14 5 1 20 1 5 14 4 10 4 12 4 10 2 2 2 10 4 14 6 18 6 17, zy
2832: 1 5 12 2 2 2 8 4 16 6 16 6 18 6 17 1 6 1 16 1 6 1 17 6 18 6 14 4 10 4 14 6 18 6 17 1 5 12 5 1 17 6 18 6 14 4 10 4 14 6 18 6 17 1 6 1 16 1 6 1 17 6 18 6 16 6 16 4 8 2 2 2 12 5 1 18 1 6 1 16 1 6 1 17 6 18 6 14 4 10 4 12 4 12 4 10 4 12 4 12 4 10 4 12 4 12 4 10 4 12 4 12 4 10 4 12 4 12 4 10 4 12 4 12 4 10 4 12 4 12 4 10 4 14 6 18 6 17 1 6 1 16 1 6 1 18, zy
2833: 1 5 12 2 2 2 10 2 4 2 6 2 8 4 16 6 19 1 6 1 17 6 18 6 20 6 16 5 1 21 6 16 6 20 6 16 4 8 2 6 2 6 4 18 6 19 1 5 14 4 10 4 16 6 20 6 16 6 21 1 5 16 5 1 21 6 16 6 20 6 16 4 10 4 14 5 1 19 6 18 4 6 2 6 2 8 4 16 6 20 6 16 6 21 1 5 16 6 20 6 18 6 17 1 6 1 19 6 16 4 8 2 6 2 4 2 10 2 2 2 12 5 1 19 6 18 6 18 6 18 6 20 6 14 4 14 6 20 6 18 6 18 6 18 6 19, zy
2834: 1 5 12 2 2 2 10 4 12 4 12 4 12 4 12 4 10 2 2 2 12 5 1 18 1 6 1 17 6 18 6 17 1 6 1 17 4 6 2 8 4 14 4 10 4 14 5 1 19 6 17 1 6 1 17 6 19 1 5 14 4 10 4 14 5 1 19 6 17 1 6 1 17 6 19 1 5 14 4 10 4 14 5 1 19 6 17 1 6 1 17 6 19 1 5 14 4 10 4 14 4 8 2 6 4 17 1 6 1 17 6 18 6 17 1 6 1 18 1 5 12 2 2 2 10 4 12 4 12 4 12 4 12 4 10 2 2 2 12 5 1 19 6 16 6 19, zy
2835: 1 5 12 2 2 2 10 4 14 6 20 6 16 6 19 1 6 1 15 4 8 2 6 2 4 2 10 4 12 4 12 5 1 17 6 19 1 6 1 15 5 1 20 1 5 14 4 10 4 14 4 8 2 6 2 4 2 10 4 12 4 12 4 12 4 12 4 10 2 4 2 6 2 8 4 14 4 10 4 14 5 1 20 1 5 15 1 6 1 19 6 17 1 5 12 4 12 4 10 2 4 2 6 2 8 4 15 1 6 1 19 6 16 6 20 6 14 4 10 2 2 2 12 5 1 19 6 16 5 1 21 7 1 15 6 20 6 15 1 7 21 1 5 16 6 19, zy
2836: 1 5 12 4 10 2 4 2 6 2 6 4 16 4 6 2 6 2 6 4 17 1 5 12 4 12 5 1 18 1 5 12 4 12 5 1 18 1 5 12 4 12 5 1 18 1 5 12 4 12 5 1 18 1 5 12 4 12 5 1 17 4 6 2 6 2 6 4 16 4 6 2 6 2 4 2 10 4 12 5 1 18 1 5 12 4 12 5 1 18 1 5 12 4 12 5 1 17 4 6 2 6 2 6 4 16 4 6 2 6 2 6 4 16 4 6 2 6 2 6 4 16 4 6 2 6 2 6 4 17 1 5 12 4 12 5 1 18 1 5 12 4 12 5 1 18, zy
2837: 1 5 12 4 12 4 12 4 12 4 12 4 10 2 4 2 6 2 8 4 14 4 10 4 14 5 1 19 6 18 6 16 6 20 6 16 6 19 1 5 14 5 1 20 1 5 15 1 6 1 20 1 5 16 6 18 4 6 2 6 2 6 2 8 4 14 5 1 19 6 17 1 6 1 17 6 19 1 5 14 4 8 2 6 2 6 2 6 4 18 6 16 5 1 20 1 6 1 15 5 1 20 1 5 14 5 1 19 6 16 6 20 6 16 6 18 6 19 1 5 14 4 10 4 14 4 8 2 6 2 4 2 10 4 12 4 12 4 12 4 12 4 12 5 1 18, zy
2838: 1 5 12 4 12 4 12 4 12 4 12 4 10 4 15 1 6 1 19 6 16 6 19 1 5 12 4 14 5 1 20 1 5 14 4 10 4 14 4 10 4 12 4 14 6 20 6 16 6 18 6 19 1 5 14 4 10 4 14 5 1 19 6 17 1 6 1 17 6 19 1 5 14 4 10 4 14 5 1 19 6 18 6 16 6 20 6 14 4 12 4 10 4 14 4 10 4 14 5 1 20 1 5 14 4 12 5 1 19 6 16 6 19 1 6 1 15 4 10 4 12 4 12 4 12 4 12 4 12 5 1 18 1 5 12 4 12 4 12 4 12 4 12 5 1 18, zy
2839: 1 5 12 4 12 4 12 4 12 4 12 4 12 4 12 4 12 5 1 17 4 8 4 16 6 20 6 16 6 19 1 5 12 4 14 5 1 20 1 6 1 15 4 10 4 14 5 1 20 1 5 14 5 1 19 6 17 1 6 1 19 6 16 6 20 6 15 1 7 20 6 16 4 8 4 17 1 5 12 4 12 4 12 4 12 4 12 5 1 17 4 8 4 16 6 20 7 1 15 6 20 6 16 6 19 1 6 1 17 6 19 1 5 14 5 1 20 1 5 14 4 10 4 15 1 6 1 20 1 5 14 4 12 5 1 19 6 16 6 20 6 16 4 8 4 17, zy
2840: 1 5 12 4 12 4 12 4 12 4 14 6 20 6 16 4 8 4 17 1 6 1 17 4 8 4 16 6 20 7 1 13 4 12 4 12 4 12 4 12 4 13 1 7 20 6 16 4 8 4 17 1 6 1 17 4 8 4 16 6 20 6 14 4 12 4 12 4 12 4 12 5 1 17 4 8 4 16 4 8 4 16 4 6 2 8 2 4 2 8 2 4 2 8 2 4 2 8 2 4 2 8 2 4 2 8 2 4 2 8 2 4 2 8 2 4 2 8 2 4 2 8 2 4 2 8 2 4 2 8 2 4 2 8 2 6 4 16 4 8 4 16 4 8 4 17, zy
2841: 1 5 12 4 14 4 8 2 6 4 18 6 16 4 8 2 4 2 10 4 12 4 14 6 20 6 16 4 8 2 4 2 8 2 4 2 10 4 12 4 12 4 12 4 12 4 10 2 4 2 8 2 4 2 8 4 16 6 20 6 14 4 12 4 10 2 4 2 8 4 16 6 18 4 6 2 8 4 14 4 12 5 1 19 6 16 4 8 2 4 2 10 4 12 4 12 4 14 6 20 6 16 6 20 6 16 6 20 6 16 6 20 7 1 14 1 7 20 6 16 6 20 6 16 6 20 6 16 6 20 6 14 4 12 4 12 4 10 2 4 2 8 4 16 6 19, zy
2842: 1 5 12 4 14 4 10 4 14 4 10 2 4 2 8 4 16 6 20 6 16 5 1 21 6 14 4 12 4 12 4 12 4 14 6 21 1 5 16 6 20 6 16 4 8 2 4 2 10 4 14 4 10 4 14 4 12 5 1 18 1 6 1 17 6 20 6 16 5 1 21 6 14 4 12 4 12 4 14 6 21 1 5 16 6 20 6 16 4 10 4 14 5 1 20 1 5 14 4 12 4 12 4 12 4 12 4 14 5 1 20 1 5 14 4 10 4 16 6 20 6 16 5 1 21 6 14 4 12 4 12 4 14 6 21 1 5 16 6 20 6 17 1 6 1 18, zy
2843: 1 5 14 4 10 2 2 2 12 4 12 4 12 2 2 2 10 4 14 4 10 4 15 1 6 1 20 1 5 14 4 12 4 12 4 14 5 1 20 1 6 1 15 4 10 4 14 4 10 2 2 2 12 4 12 4 12 2 2 2 10 4 14 5 1 19 6 18 6 20 6 16 6 20 6 18 6 19 1 5 14 4 10 2 2 2 12 4 12 4 12 2 2 2 10 4 14 5 1 19 6 18 6 20 6 16 6 20 6 18 6 19 1 5 14 4 10 2 2 2 12 4 12 4 12 2 2 2 10 4 14 5 1 19 6 18 6 20 6 16 6 20 6 18 6 19, zy
2844: 1 5 10 2 4 2 6 2 6 2 4 2 10 4 10 4 14 4 8 4 16 6 16 4 8 4 15 1 6 1 18 1 5 12 4 12 4 10 4 14 6 18 6 18 6 14 4 10 4 12 4 10 2 4 2 4 2 10 4 12 4 10 4 14 6 18 6 18 6 14 4 10 4 12 4 12 5 1 18 1 6 1 15 4 8 4 16 6 16 4 8 4 14 4 10 4 10 2 4 2 6 2 6 2 4 2 10 5 1 17 6 17 1 5 10 2 4 2 6 2 6 2 4 2 10 5 1 17 6 17 1 5 10 2 4 2 6 2 6 2 4 2 10 5 1 17 6 17, zy
2845: 1 5 12 2 2 2 8 2 2 2 12 5 1 18 1 6 1 16 1 6 1 17 6 18 6 14 4 10 4 14 6 18 6 17 1 6 1 15 4 10 4 10 4 15 1 6 1 17 6 18 6 14 4 10 4 14 6 18 6 17 1 6 1 16 1 6 1 18 1 5 12 2 2 2 8 2 2 2 12 5 1 19 6 14 5 1 18 1 6 1 16 1 6 1 17 6 18 6 15 1 6 1 19 6 14 4 8 2 6 4 16 6 17 1 6 1 17 6 16 4 6 2 8 4 14 6 19 1 6 1 15 6 18 6 17 1 6 1 16 1 6 1 18 1 5 14 6 19, zy
2846: 1 5 12 2 2 2 8 2 4 2 6 2 8 4 12 4 12 4 10 4 14 6 18 6 17 1 6 1 16 1 6 1 17 4 6 4 17 1 6 1 16 1 6 1 17 4 6 4 17 1 6 1 16 1 6 1 17 6 18 6 14 4 10 4 12 4 12 4 8 2 6 2 4 2 8 2 2 2 12 5 1 19 6 14 4 10 4 12 4 10 4 14 4 8 4 15 1 6 1 18 1 6 1 15 4 8 4 16 6 16 6 19 1 5 14 5 1 19 6 16 6 16 4 8 4 15 1 6 1 18 1 6 1 15 4 8 4 14 4 10 4 12 4 10 4 14 6 19, zy
2847: 1 5 12 2 2 2 10 2 2 2 10 2 4 2 6 2 8 4 16 6 20 6 16 6 21 1 5 16 6 20 6 18 6 16 4 10 2 2 2 12 5 1 19 6 17 1 6 1 18 1 6 1 17 6 19 1 5 12 2 2 2 10 4 16 6 18 6 20 6 16 5 1 21 6 16 6 20 6 16 4 8 2 6 2 4 2 10 2 2 2 10 2 2 2 12 5 1 19 6 16 4 10 4 14 4 10 4 16 6 19 1 5 14 5 1 20 1 5 14 4 12 4 12 4 12 4 14 5 1 20 1 5 14 5 1 19 6 16 4 10 4 14 4 10 4 16 6 19, zy
2848: 1 5 12 2 2 2 10 2 2 2 10 4 14 4 10 4 14 5 1 20 1 5 14 4 10 4 14 4 10 2 2 2 10 2 2 2 12 5 1 20 1 5 15 1 7 21 1 5 14 4 12 4 10 4 16 6 18 6 19 1 5 12 2 2 2 10 2 2 2 10 4 14 4 10 4 14 5 1 20 1 5 14 4 10 4 14 4 10 4 14 4 10 2 2 2 10 4 14 4 10 4 14 4 10 4 14 5 1 20 1 5 14 4 10 4 14 4 10 2 2 2 10 2 2 2 12 5 1 19 6 18 6 16 4 10 4 12 4 14 5 1 21 7 1 15 5 1 20, zy
2849: 1 5 12 2 2 2 10 4 12 4 10 4 14 4 10 4 12 4 12 5 1 19 7 1 13 4 12 5 1 19 6 15 1 7 20 6 15 1 7 20 6 16 6 18 6 16 6 20 7 1 15 6 20 7 1 15 6 19 1 5 12 4 13 1 7 19 1 5 12 4 12 4 10 4 14 4 10 4 12 4 10 2 2 2 12 5 1 20 1 5 16 6 17 1 6 1 18 1 5 12 4 12 4 10 4 14 4 8 2 4 2 8 2 2 2 12 4 10 4 12 2 2 2 8 2 4 2 8 4 14 4 10 4 12 4 12 5 1 18 1 6 1 17 6 16 5 1 20, zy
2850: 1 5 12 2 2 2 10 4 12 4 12 4 12 4 10 4 15 1 6 1 18 1 6 1 15 4 10 4 12 4 12 4 12 4 12 5 1 18 1 6 1 17 6 16 4 8 2 4 2 8 2 4 2 8 4 16 6 18 6 16 4 8 2 4 2 8 2 4 2 8 4 16 6 17 1 6 1 18 1 5 12 4 12 4 12 4 12 4 10 4 15 1 6 1 18 1 6 1 15 4 10 4 12 4 12 4 12 4 10 2 2 2 12 5 1 19 6 16 6 19 1 6 1 15 5 1 20 1 5 14 4 10 4 14 5 1 20 1 5 15 1 6 1 19 6 16 6 19, zy
2851: 1 5 12 2 2 2 10 4 14 5 1 19 6 18 6 18 6 18 6 18 6 16 4 10 4 14 5 1 20 1 5 14 4 12 5 1 19 6 16 6 20 6 16 4 8 2 4 2 8 2 4 2 10 4 12 4 12 4 12 4 12 4 12 4 12 4 12 4 12 4 12 4 12 4 10 2 4 2 8 2 4 2 8 4 16 6 20 6 16 6 19 1 5 12 4 14 5 1 20 1 5 14 4 10 4 16 6 18 6 18 6 18 6 18 6 19 1 5 14 4 10 2 2 2 12 5 1 19 6 16 4 8 2 6 4 17 1 6 1 17 4 6 2 8 4 16 6 19, zy
2852: 1 5 12 2 2 2 10 4 14 5 1 20 1 5 14 4 10 4 14 4 10 4 14 5 1 20 1 5 14 4 10 4 15 1 6 1 18 1 6 1 17 6 17 1 6 1 18 1 5 12 4 14 6 20 6 14 4 12 4 10 4 16 6 17 1 6 1 18 1 6 1 17 6 16 4 10 4 12 4 14 6 20 6 14 4 12 5 1 18 1 6 1 17 6 17 1 6 1 18 1 6 1 15 4 10 4 14 5 1 20 1 5 14 4 10 4 14 4 10 4 14 5 1 20 1 5 14 4 10 2 2 2 12 5 1 19 6 16 4 8 2 4 2 8 4 16 6 19, zy
2853: 1 5 12 4 10 2 2 2 10 4 13 1 7 19 1 5 12 4 12 4 10 4 14 6 18 4 4 2 10 4 12 4 10 4 14 6 18 6 18 6 14 4 10 4 12 4 10 2 4 4 18 6 14 4 10 4 12 4 12 5 1 19 7 1 13 4 10 2 2 2 10 4 12 5 1 17 6 18 6 16 6 18 6 14 4 10 2 2 2 10 4 12 4 10 4 12 2 2 2 8 4 14 4 10 4 12 5 1 17 4 6 2 6 4 17 1 5 12 4 10 4 14 4 8 2 2 2 12 4 10 4 12 4 10 2 2 2 10 4 14 6 18 6 16 6 18 6 17, zy
2854: 1 5 12 4 12 2 2 2 8 2 4 2 8 4 16 6 19 1 5 14 5 1 20 1 5 16 6 19 1 5 14 5 1 19 6 17 1 6 1 17 6 18 6 18 6 18 6 16 5 1 20 1 5 14 5 1 19 6 16 5 1 21 7 1 15 6 20 6 15 1 7 21 1 5 16 6 19 1 5 14 5 1 20 1 5 16 6 18 6 18 6 18 6 17 1 6 1 17 6 19 1 5 14 5 1 19 6 16 5 1 20 1 5 14 5 1 19 6 16 4 8 2 4 2 8 2 2 2 12 4 12 5 1 18 1 5 12 4 12 4 12 4 12 4 12 5 1 18, zy
2855: 1 5 12 4 12 4 10 2 2 2 10 4 12 4 10 2 2 2 10 4 12 4 10 2 4 4 17 1 6 1 16 1 6 1 17 4 4 2 10 4 12 4 10 2 2 2 10 4 12 4 10 2 2 2 10 4 12 4 12 5 1 19 6 14 4 8 2 6 4 16 6 17 1 6 1 17 6 16 4 6 2 8 4 14 6 19 1 5 12 4 12 4 12 5 1 19 6 14 5 1 18 1 6 1 16 1 6 1 18 1 5 14 6 19 1 5 12 4 12 4 12 5 1 19 6 14 4 8 2 6 4 16 6 17 1 6 1 17 6 16 4 6 2 8 4 14 6 19, zy
2856: 1 5 12 4 12 4 12 4 10 2 2 2 12 4 10 4 14 4 10 4 14 5 1 19 6 18 6 16 5 1 20 1 6 1 15 6 20 6 16 6 18 6 19 1 5 14 4 10 4 14 5 1 19 6 18 6 16 6 20 6 15 1 6 1 20 1 5 16 6 18 6 19 1 5 14 4 10 4 14 4 10 4 12 2 2 2 10 4 12 4 12 4 12 5 1 17 4 6 2 8 4 15 1 6 1 19 6 16 6 20 6 14 4 10 2 4 2 6 2 6 2 6 2 6 2 6 2 4 2 10 4 14 6 20 6 16 6 19 1 6 1 15 4 8 2 6 4 17, zy
2857: 1 5 12 4 12 4 12 4 12 4 12 4 12 2 2 2 8 2 4 2 8 2 4 2 8 2 4 2 8 2 2 2 12 4 12 4 12 4 12 4 12 4 12 5 1 17 4 8 4 16 4 8 4 16 6 20 6 16 6 19 1 5 12 4 14 6 20 6 17 1 6 1 18 1 5 12 4 12 4 14 6 20 6 16 4 8 4 17 1 5 12 4 12 4 12 4 12 4 12 4 12 4 12 5 1 17 4 8 4 16 6 20 6 14 4 12 4 12 5 1 18 1 6 1 17 6 20 6 14 4 12 5 1 19 6 16 6 20 6 16 4 8 4 16 4 8 4 17, zy
2858: 1 5 12 4 12 4 12 4 12 4 12 4 12 4 12 4 12 5 1 17 4 8 4 16 6 20 6 16 6 18 4 6 2 8 4 16 6 19 1 5 14 5 1 20 1 6 1 15 5 1 20 1 5 14 5 1 20 1 5 14 4 12 5 1 19 6 16 4 8 2 4 2 10 4 12 4 12 4 12 4 12 4 12 4 12 4 12 4 12 4 12 4 12 4 10 2 4 2 8 4 16 6 19 1 5 12 4 14 5 1 20 1 5 14 5 1 20 1 5 15 1 6 1 20 1 5 14 5 1 19 6 16 4 8 2 6 4 18 6 16 6 20 6 16 4 8 4 17, zy
2859: 1 5 12 4 12 4 12 4 12 4 14 6 20 6 16 4 8 4 17 1 6 1 17 4 8 4 16 6 20 7 1 13 4 12 4 12 4 12 4 13 1 7 20 6 16 4 8 4 17 1 6 1 17 4 8 4 16 6 20 6 14 4 12 4 12 4 12 4 12 5 1 17 4 8 4 16 4 8 4 16 4 6 2 8 2 4 2 8 2 4 2 8 2 4 2 8 2 4 2 8 2 4 2 8 2 4 2 8 2 4 2 8 2 4 2 8 2 4 2 8 2 4 2 8 2 4 2 8 2 4 2 8 2 4 2 8 2 6 4 16 4 8 4 16 4 8 4 17, zy
2860: 1 5 12 4 12 4 12 4 12 5 1 17 4 8 4 16 6 19 1 6 1 17 6 18 6 18 4 6 2 6 2 6 2 6 2 6 2 6 2 6 2 6 2 6 2 6 2 6 4 18 6 18 6 17 1 6 1 19 6 16 4 8 4 17 1 5 12 4 12 4 12 4 12 5 1 17 4 8 4 16 6 20 7 1 15 6 20 6 16 6 19 1 6 1 17 6 19 1 6 1 15 4 10 4 14 4 10 4 14 5 1 20 1 5 14 4 10 4 14 4 10 4 15 1 6 1 19 6 17 1 6 1 19 6 16 6 20 6 15 1 7 20 6 16 4 8 4 17, zy
2861: 1 5 12 4 12 4 12 5 1 19 6 14 4 8 2 6 4 16 6 17 1 6 1 17 6 16 4 6 2 8 4 14 6 19 1 6 1 15 6 19 1 5 14 6 20 6 14 6 20 7 1 14 1 7 19 1 6 1 15 4 8 4 15 1 6 1 18 1 6 1 15 4 8 4 15 1 6 1 18 1 6 1 15 4 8 4 15 1 6 1 18 1 6 1 15 4 8 4 15 1 6 1 19 7 1 14 1 7 20 6 14 6 20 6 14 5 1 19 6 15 1 6 1 19 6 14 4 8 2 6 4 16 6 17 1 6 1 17 6 16 4 6 2 8 4 14 6 19, zy
2862: 1 5 12 4 12 4 12 5 1 19 6 14 4 10 4 12 4 10 4 14 5 1 20 1 5 15 1 6 1 18 1 6 1 15 4 8 4 16 6 16 4 6 2 8 4 14 5 1 19 6 16 6 18 6 16 6 18 6 16 6 18 6 16 6 18 6 16 6 18 6 16 6 18 6 16 6 18 6 16 6 19 1 5 14 4 8 2 6 4 16 6 16 4 8 4 15 1 6 1 18 1 6 1 15 5 1 20 1 5 14 4 10 4 12 4 10 4 14 6 19 1 5 12 4 12 4 12 5 1 19 6 14 5 1 18 1 6 1 16 1 6 1 18 1 5 14 6 19, zy
2863: 1 5 12 4 12 4 14 5 1 20 1 5 14 4 12 4 12 5 1 17 4 6 2 10 4 12 4 12 4 14 4 8 2 6 2 6 2 6 2 8 4 15 1 6 1 20 1 5 16 6 20 6 16 5 1 21 7 1 15 6 21 1 5 16 5 1 21 6 16 6 20 6 17 1 6 1 18 1 5 12 4 14 4 10 4 14 4 12 5 1 18 1 6 1 17 6 20 6 16 6 21 1 5 16 5 1 21 6 15 1 7 21 1 5 16 6 20 6 16 5 1 20 1 6 1 15 4 8 2 6 2 6 2 6 2 8 4 14 4 12 4 12 4 10 2 6 4 17, zy
2864: 1 5 12 4 12 4 14 5 1 20 1 5 14 4 12 4 12 5 1 17 4 6 2 10 4 12 4 12 4 14 4 10 4 14 4 10 4 15 1 6 1 20 1 5 16 6 19 1 6 1 17 6 19 1 6 1 15 4 10 2 4 2 6 2 8 4 16 6 20 6 16 6 21 1 5 16 6 20 6 18 6 16 4 10 4 16 6 18 6 20 6 16 5 1 21 6 16 6 20 6 16 4 8 2 6 2 4 2 10 4 15 1 6 1 19 6 17 1 6 1 19 6 16 5 1 20 1 6 1 15 4 10 4 14 4 10 4 14 4 12 4 12 4 10 2 6 4 17, zy
2865: 1 5 12 4 12 4 14 6 20 6 16 5 1 21 6 14 4 10 2 2 2 12 4 10 4 15 1 6 1 20 1 5 16 6 18 4 6 2 8 4 16 6 19 1 5 14 5 1 20 1 5 14 4 12 5 1 18 1 6 1 17 6 20 7 1 15 6 20 6 16 6 20 6 16 6 20 6 16 6 20 6 15 1 7 20 6 17 1 6 1 18 1 5 12 4 14 5 1 20 1 5 14 5 1 19 6 16 4 8 2 6 4 18 6 16 5 1 20 1 6 1 15 4 10 4 12 2 2 2 10 4 14 6 21 1 5 16 6 20 6 14 4 12 4 12 5 1 18, zy
2866: 1 5 12 4 14 4 10 4 14 4 12 5 1 19 6 16 4 8 2 6 2 6 2 6 2 6 2 6 2 6 2 8 4 16 6 19 1 6 1 17 6 18 6 20 6 16 6 21 1 5 16 4 8 4 18 6 17 1 6 1 19 6 16 4 8 2 6 2 4 2 10 4 15 1 6 1 19 6 18 6 18 6 18 6 19 1 6 1 15 4 10 2 4 2 6 2 8 4 16 6 19 1 6 1 17 6 18 4 8 4 16 5 1 21 6 16 6 20 6 18 6 17 1 6 1 19 6 16 4 8 2 6 2 6 2 6 2 6 2 6 2 6 2 8 4 16 6 19, zy
2867: 1 5 12 4 14 5 1 20 1 5 14 4 10 4 14 4 10 4 14 4 10 4 14 4 10 4 14 4 10 4 14 5 1 20 1 5 14 4 12 5 1 19 6 16 5 1 21 6 14 4 10 4 16 6 18 6 18 6 19 1 5 14 4 10 4 14 4 10 4 14 4 10 4 14 4 10 4 14 4 8 2 6 2 6 2 6 2 4 2 10 4 14 5 1 20 1 5 14 4 10 2 4 2 6 2 6 2 6 2 8 4 14 4 10 4 14 4 10 4 14 4 10 4 14 4 10 4 14 5 1 19 6 18 6 18 6 16 4 10 4 14 6 21 1 5 16 6 19, zy
2868: 1 5 12 4 14 5 1 20 1 5 14 5 1 20 1 5 14 4 12 5 1 19 6 16 4 8 2 4 2 8 2 6 4 17 1 6 1 17 4 6 2 8 4 16 6 19 1 6 1 16 1 6 1 20 1 5 16 6 18 6 19 1 6 1 16 1 6 1 19 6 17 1 6 1 18 1 6 1 17 6 19 1 6 1 16 1 6 1 19 6 17 1 6 1 18 1 6 1 17 6 19 1 6 1 16 1 6 1 19 6 18 6 16 5 1 20 1 6 1 16 1 6 1 19 6 16 4 8 2 6 4 17 1 6 1 17 4 6 2 8 2 4 2 8 4 16 6 19, zy
2869: 1 5 12 4 14 5 1 20 1 6 1 15 4 10 4 12 2 2 2 10 4 14 6 21 1 5 16 6 19 1 6 1 17 6 18 6 18 6 18 6 18 6 18 6 17 1 6 1 19 6 16 6 21 1 5 16 4 8 4 16 4 8 4 16 5 1 21 6 16 6 19 1 6 1 17 6 18 6 18 6 18 6 18 6 18 6 17 1 6 1 19 6 16 5 1 21 6 14 4 10 2 2 2 12 4 10 4 15 1 6 1 20 1 5 14 4 12 5 1 19 6 16 6 20 6 16 4 8 4 16 4 8 2 4 2 8 4 16 4 8 4 16 6 20 6 16 6 19, zy
2870: 1 5 12 4 14 6 20 6 16 6 18 6 19 1 5 14 4 10 4 14 5 1 19 6 17 1 6 1 17 6 19 1 5 14 5 1 19 6 16 5 1 20 1 6 1 15 5 1 20 1 5 14 4 10 4 14 5 1 20 1 5 15 1 6 1 20 1 5 16 6 19 1 5 14 5 1 19 6 17 1 6 1 17 6 19 1 5 14 4 10 4 14 5 1 19 6 18 6 16 6 20 6 14 4 12 5 1 18 1 6 1 17 6 18 6 17 1 6 1 17 4 6 2 8 4 14 4 10 4 14 4 8 2 6 4 17 1 6 1 17 6 18 6 17 1 6 1 18, zy
2871: 1 5 12 4 14 6 20 6 16 6 19 1 6 1 15 4 10 4 12 4 12 4 13 1 7 20 6 16 6 20 7 1 13 4 12 4 12 4 10 4 15 1 6 1 19 6 16 6 20 6 14 4 12 5 1 19 6 15 1 7 20 6 16 5 1 21 6 14 5 1 19 6 16 6 20 7 1 13 4 12 4 10 2 4 2 6 2 6 2 8 4 14 4 10 4 14 6 20 6 16 4 8 4 16 6 20 6 14 4 10 4 14 4 8 2 6 2 6 2 4 2 10 4 12 4 13 1 7 20 6 16 6 19 1 5 14 6 21 1 5 16 6 20 7 1 15 6 19, zy
2872: 1 5 12 4 14 6 21 1 5 16 6 20 6 14 4 12 4 10 2 4 2 6 2 8 4 16 6 19 1 5 14 5 1 20 1 5 14 5 1 19 6 16 4 8 2 6 2 4 2 10 4 12 4 14 6 20 6 16 5 1 21 6 14 4 12 5 1 19 6 16 6 20 6 16 5 1 21 6 15 1 7 21 1 5 16 6 18 4 6 2 8 4 16 6 18 6 19 1 6 1 15 4 10 4 14 5 1 20 1 5 14 4 10 4 15 1 6 1 19 6 18 6 16 4 8 2 6 4 18 6 16 5 1 21 7 1 15 6 21 1 5 16 6 20 6 16 6 19, zy
2873: 1 5 14 4 10 4 14 4 10 2 2 2 10 2 2 2 10 2 2 2 10 4 14 4 10 4 14 5 1 20 1 5 14 4 10 4 14 4 10 2 2 2 10 2 2 2 10 2 2 2 10 4 14 4 10 4 14 5 1 20 1 5 14 4 10 4 15 1 6 1 20 1 5 16 6 18 6 19 1 6 1 15 4 10 4 14 4 10 4 14 5 1 20 1 5 14 4 10 4 14 4 10 4 14 4 10 4 14 4 10 4 14 5 1 20 1 5 14 4 10 4 14 4 10 4 15 1 6 1 19 6 18 6 16 5 1 20 1 6 1 15 4 10 4 14 5 1 20, zy
2874: 1 5 14 4 10 4 14 4 10 4 14 4 10 4 14 4 10 4 14 4 10 4 14 5 1 20 1 5 14 4 10 4 15 1 6 1 20 1 5 15 1 7 21 1 5 15 1 7 21 1 5 15 1 7 21 1 5 15 1 7 21 1 5 16 6 18 4 6 2 8 4 16 6 18 6 19 1 6 1 15 4 10 4 14 5 1 20 1 5 14 4 10 4 15 1 6 1 19 6 18 6 16 4 8 2 6 4 18 6 16 5 1 21 7 1 15 5 1 21 7 1 15 5 1 21 7 1 15 5 1 21 7 1 15 5 1 20 1 6 1 15 4 10 4 14 5 1 20, zy
2875: 1 5 14 4 10 4 14 4 10 4 15 1 6 1 19 6 18 6 16 4 10 4 12 2 2 2 10 4 12 4 14 5 1 21 7 1 15 5 1 20 1 6 1 15 4 10 4 14 4 8 2 6 2 6 2 6 4 18 6 18 6 16 4 10 4 12 4 14 5 1 20 1 5 14 5 1 20 1 5 14 4 12 4 10 4 16 6 18 6 18 4 6 2 6 2 6 2 8 4 14 4 10 4 15 1 6 1 20 1 5 15 1 7 21 1 5 14 4 12 4 10 2 2 2 12 4 10 4 16 6 18 6 19 1 6 1 15 4 10 4 14 4 10 4 14 5 1 20, zy
2876: 1 5 14 4 12 4 12 4 12 4 14 5 1 20 1 6 1 15 4 8 2 6 2 6 2 6 2 6 2 6 2 6 2 8 4 16 6 20 6 16 6 21 1 5 16 5 1 21 6 16 6 20 6 16 4 8 2 6 2 6 2 6 2 6 2 6 2 6 2 8 4 15 1 6 1 20 1 5 14 4 12 4 12 4 12 4 14 5 1 21 7 1 15 5 1 21 7 1 15 6 21 1 5 16 5 1 21 6 16 6 20 6 17 1 6 1 17 4 8 4 17 1 6 1 17 6 20 6 16 6 21 1 5 16 5 1 21 6 15 1 7 21 1 5 15 1 7 21, zy
2877: 1 5 16 6 20 6 14 4 12 4 10 4 16 6 18 6 18 6 18 6 18 6 17 1 6 1 19 6 16 6 20 6 16 6 20 7 1 15 6 20 6 14 4 12 4 12 4 10 2 2 2 12 4 10 4 16 6 18 6 18 6 18 6 18 6 16 4 10 4 12 2 2 2 10 4 12 4 12 4 14 6 20 6 15 1 7 20 6 16 6 20 6 16 6 19 1 6 1 17 6 18 6 18 6 18 6 18 6 16 4 10 4 12 4 14 6 20 6 16 5 1 21 6 14 4 12 4 10 4 16 6 18 6 18 6 18 6 18 6 16 4 10 4 12 4 14 6 21, zy
2878: 1 5 12 2 2 2 8 2 2 2 12 5 1 18 1 6 1 16 1 6 1 17 4 4 2 10 4 12 4 10 2 2 2 10 4 12 4 10 2 2 2 10 4 12 4 12 5 1 19 6 14 5 1 19 6 14 5 1 18 1 6 1 16 1 6 1 17 6 18 6 14 4 10 4 12 4 12 4 10 4 12 4 12 4 10 4 12 4 12 4 10 4 14 6 18 6 17 1 6 1 16 1 6 1 18 1 5 14 6 19 1 5 14 6 19 1 5 12 4 12 4 10 2 2 2 10 4 12 4 10 2 2 2 10 4 12 4 10 2 4 4 17 1 6 1 16 1 6 1 18, zy
2879: 1 5 12 4 10 4 14 5 1 20 1 5 15 1 6 1 18 1 6 1 15 4 8 4 16 6 16 6 19 1 5 14 5 1 19 6 16 6 17 1 6 1 17 6 16 6 19 1 5 14 5 1 19 6 16 6 16 4 8 4 15 1 6 1 18 1 6 1 15 5 1 20 1 5 14 4 10 4 12 5 1 17 6 18 6 15 1 6 1 19 6 14 4 10 4 12 4 10 4 14 5 1 20 1 5 15 1 6 1 18 1 6 1 15 4 8 4 15 1 6 1 18 1 6 1 15 5 1 20 1 5 14 4 10 4 12 4 10 4 14 6 19 1 6 1 15 6 18 6 17, zy
2880: 1 5 12 4 12 4 10 2 2 2 10 4 12 4 10 2 2 2 10 4 12 4 10 4 14 4 8 4 15 1 6 1 18 1 6 1 15 4 8 4 14 4 10 4 12 4 10 2 2 2 10 4 12 4 10 2 2 2 10 4 12 4 12 5 1 19 6 14 4 8 2 4 2 8 2 4 2 6 2 6 2 6 2 4 2 8 2 4 2 6 2 6 2 6 4 16 4 6 2 6 2 6 4 17 1 5 12 4 12 5 1 17 4 6 2 6 2 6 4 16 4 6 2 6 2 6 2 4 2 8 2 4 2 6 2 6 2 6 2 4 2 8 2 4 2 8 4 14 6 19, zy
2881: 1 5 12 4 12 4 12 4 12 4 12 2 2 2 8 2 4 2 10 4 12 4 12 4 12 4 14 6 20 6 16 4 8 4 17 1 6 1 17 4 8 4 16 6 20 6 14 4 12 4 12 4 12 4 10 2 4 2 8 2 2 2 12 4 12 4 12 4 12 4 12 5 1 17 4 8 4 16 4 6 2 8 2 4 2 8 2 4 2 8 2 4 2 8 4 16 4 8 4 16 4 8 4 16 4 8 4 16 4 8 4 16 4 8 4 16 4 8 4 16 4 8 4 16 4 8 4 16 4 8 2 4 2 8 2 4 2 8 2 4 2 8 2 6 4 16 4 8 4 17, zy
2882: 1 5 12 4 12 4 12 4 12 4 12 4 12 4 12 4 12 4 12 4 12 4 12 4 12 5 1 17 4 6 2 8 2 2 2 12 4 12 4 10 2 4 2 8 4 16 6 19 1 5 12 4 14 4 8 2 6 2 6 4 18 6 17 1 6 1 18 1 5 12 4 14 6 20 6 17 1 6 1 17 6 20 7 1 15 6 20 6 16 6 20 6 15 1 7 20 6 17 1 6 1 17 6 20 6 14 4 12 5 1 18 1 6 1 17 6 18 4 6 2 6 2 8 4 14 4 12 5 1 19 6 16 4 8 2 4 2 10 4 12 4 12 2 2 2 8 2 6 4 17, zy
2883: 1 5 12 4 12 4 12 4 12 4 12 4 12 4 12 4 12 5 1 17 4 8 4 16 6 20 6 16 6 19 1 5 12 4 14 5 1 20 1 6 1 15 4 10 4 14 5 1 20 1 5 14 4 10 4 14 4 10 4 14 4 10 4 14 5 1 19 6 18 6 18 6 17 1 6 1 19 6 16 6 20 6 16 4 8 4 16 6 20 6 16 6 19 1 6 1 17 6 18 6 18 6 19 1 5 14 4 10 4 14 4 10 4 14 4 10 4 14 5 1 20 1 5 14 4 10 4 15 1 6 1 20 1 5 14 4 12 5 1 19 6 16 6 20 6 16 4 8 4 17, zy
2884: 1 5 12 4 12 4 12 4 12 4 12 4 12 5 1 17 4 8 4 16 6 20 6 14 4 12 4 10 2 2 2 12 4 10 2 4 2 6 2 8 4 15 1 6 1 20 1 5 14 4 10 4 15 1 6 1 20 1 5 14 4 12 5 1 19 6 16 6 20 6 16 4 8 2 4 2 8 2 4 2 8 2 4 2 8 2 4 2 8 2 4 2 8 4 16 6 20 6 16 6 19 1 5 12 4 14 5 1 20 1 6 1 15 4 10 4 14 5 1 20 1 6 1 15 4 8 2 6 2 4 2 10 4 12 2 2 2 10 4 12 4 14 6 20 6 16 4 8 4 17, zy
2885: 1 5 12 4 12 4 12 4 12 4 12 5 1 17 4 8 4 16 6 20 6 14 4 12 5 1 18 1 6 1 17 4 6 2 8 4 16 6 19 1 5 12 4 14 5 1 20 1 5 14 5 1 19 6 18 6 16 4 10 4 12 4 14 5 1 20 1 6 1 16 1 6 1 19 6 16 4 8 4 17 1 6 1 17 4 8 4 16 6 19 1 6 1 16 1 6 1 20 1 5 14 4 12 4 10 4 16 6 18 6 19 1 5 14 5 1 20 1 5 14 4 12 5 1 19 6 16 4 8 2 6 4 17 1 6 1 18 1 5 12 4 14 6 20 6 16 4 8 4 17, zy
2886: 1 5 12 4 12 4 12 4 12 5 1 17 4 8 4 16 6 19 1 6 1 17 6 18 6 18 6 18 6 18 6 18 6 18 6 16 4 10 4 14 5 1 20 1 5 14 5 1 19 6 18 6 16 4 8 2 6 2 4 2 10 4 12 4 14 6 20 6 16 4 8 2 4 2 10 4 12 4 12 4 12 4 12 4 12 4 10 2 4 2 8 4 16 6 20 6 14 4 12 4 10 2 4 2 6 2 8 4 16 6 18 6 19 1 5 14 5 1 20 1 5 14 4 10 4 16 6 18 6 18 6 18 6 18 6 18 6 18 6 17 1 6 1 19 6 16 4 8 4 17, zy
2887: 1 5 16 6 18 6 19 1 6 1 16 1 6 1 19 6 17 1 6 1 18 1 6 1 17 6 19 1 6 1 16 1 6 1 19 6 18 6 16 5 1 20 1 6 1 15 4 10 4 14 4 8 2 6 2 6 4 18 6 17 1 6 1 19 6 16 6 20 6 16 6 20 6 15 1 7 20 6 16 4 8 2 4 2 8 2 4 2 10 4 12 4 12 4 12 4 12 4 12 4 12 4 10 2 4 2 8 2 4 2 8 4 16 6 20 7 1 15 6 20 6 16 6 20 6 16 6 19 1 6 1 17 6 18 4 6 2 6 2 8 4 14 4 10 4 15 1 6 1 20, zy
2888: 1 6 1 17 6 16 4 8 4 14 4 8 4 16 6 18 6 14 4 10 2 2 2 10 4 10 2 4 2 6 2 6 2 4 2 8 2 4 2 8 4 14 6 20 7 1 15 6 18 6 16 4 6 2 6 2 6 2 6 4 16 6 18 6 16 6 18 6 16 6 18 6 16 6 18 6 16 6 18 6 16 6 18 6 16 6 18 6 16 6 18 6 16 4 6 2 6 2 6 2 6 4 16 6 18 6 15 1 7 20 6 14 4 8 2 4 2 8 2 4 2 6 2 6 2 4 2 10 4 10 2 2 2 10 4 14 6 18 6 16 4 8 4 14 4 8 4 16 6 17, zy
2889: 1 5 10 2 4 2 6 2 6 2 6 2 4 2 8 2 4 2 6 2 6 2 6 2 4 2 8 2 4 2 6 2 6 2 6 2 4 2 8 2 4 2 6 2 6 2 6 2 4 2 10 5 1 17 6 17 1 6 1 17 6 16 4 6 2 8 4 14 6 19 1 5 12 4 12 4 12 5 1 19 6 14 5 1 18 1 6 1 16 1 6 1 18 1 5 14 6 19 1 5 12 4 12 4 12 5 1 19 6 14 5 1 18 1 6 1 16 1 6 1 18 1 5 14 6 19 1 5 12 4 12 4 12 5 1 19 6 14 4 8 2 6 4 16 6 17 1 6 1 17 6 17, zy
2890: 1 5 12 2 2 2 8 4 16 6 16 6 18 6 17 1 6 1 16 1 6 1 17 6 18 6 14 4 10 4 14 6 18 6 17 1 5 12 5 1 17 6 18 6 14 4 10 4 14 6 18 6 17 1 6 1 16 1 6 1 17 6 18 6 16 6 16 4 8 2 2 2 12 5 1 18 1 6 1 16 1 6 1 17 6 18 6 14 4 10 4 12 4 12 4 10 4 12 4 12 4 10 4 12 4 12 4 8 2 6 2 4 2 8 2 4 2 6 2 8 4 12 4 12 4 10 4 12 4 12 4 10 4 12 4 12 4 10 4 14 6 18 6 17 1 6 1 16 1 6 1 18, zy
2891: 1 5 12 2 2 2 10 2 2 2 10 4 14 4 10 4 14 5 1 19 6 18 6 18 6 18 6 18 6 16 4 10 4 14 5 1 20 1 5 14 5 1 19 6 17 1 6 1 19 6 16 6 20 6 16 6 20 6 16 6 19 1 6 1 17 6 19 1 5 14 5 1 20 1 5 14 4 10 4 16 6 18 6 18 6 18 6 18 6 19 1 5 14 4 10 4 14 4 10 2 2 2 10 2 2 2 12 5 1 20 1 5 15 1 7 21 1 5 14 4 12 5 1 19 6 16 6 21 1 5 16 5 1 21 6 16 6 19 1 5 12 4 14 5 1 21 7 1 15 5 1 20, zy
2892: 1 5 12 2 2 2 10 4 10 4 14 4 8 2 4 2 8 4 14 4 8 4 16 6 17 1 6 1 17 6 16 4 6 2 8 4 14 6 19 1 5 12 4 12 4 12 5 1 19 6 14 4 8 2 6 4 16 6 17 1 6 1 17 6 16 4 8 4 14 4 8 2 4 2 8 4 14 4 10 4 10 2 2 2 12 5 1 19 6 15 1 6 1 19 6 14 4 8 2 4 2 8 2 4 2 6 2 6 2 6 4 16 6 18 6 16 6 18 6 16 6 18 6 16 6 18 6 16 4 6 2 6 2 6 2 4 2 8 2 4 2 8 4 14 6 19 1 6 1 15 6 19, zy
2893: 1 5 12 2 2 2 10 4 14 4 8 2 6 2 6 4 18 6 16 4 10 4 12 4 14 6 20 6 17 1 6 1 17 4 6 2 8 4 16 6 20 7 1 15 6 20 6 16 6 20 6 16 6 20 6 15 1 7 20 6 16 4 8 2 6 4 17 1 6 1 17 6 20 6 14 4 12 4 10 4 16 6 18 4 6 2 6 2 8 4 14 4 10 2 2 2 12 5 1 19 6 18 6 16 4 8 2 4 2 10 4 12 4 14 6 20 6 16 4 8 4 16 4 8 2 4 2 8 4 16 4 8 4 16 6 20 6 14 4 12 4 10 2 4 2 8 4 16 6 18 6 19, zy
2894: 1 5 12 2 2 2 10 4 14 4 8 2 6 2 6 4 18 6 17 1 6 1 18 1 6 1 17 4 6 2 8 4 16 6 19 1 6 1 16 1 6 1 20 1 5 16 6 18 6 19 1 6 1 16 1 6 1 19 6 17 1 6 1 19 6 16 6 19 1 6 1 17 6 19 1 6 1 16 1 6 1 19 6 18 6 16 5 1 20 1 6 1 16 1 6 1 19 6 16 4 8 2 6 4 17 1 6 1 18 1 6 1 17 6 18 4 6 2 6 2 8 4 14 4 10 2 2 2 12 5 1 19 6 17 1 6 1 19 6 16 6 20 6 16 6 19 1 6 1 17 6 19, zy
2895: 1 5 12 2 2 2 10 4 14 4 8 2 6 2 6 4 18 6 17 1 6 1 18 1 6 1 18 1 5 12 4 14 6 21 1 5 16 6 19 1 6 1 17 6 18 6 19 1 5 14 5 1 19 6 18 6 17 1 6 1 19 6 16 5 1 21 6 14 4 12 5 1 18 1 6 1 18 1 6 1 17 6 18 4 6 2 6 2 8 4 14 4 10 2 2 2 12 5 1 19 6 18 6 16 4 8 2 6 4 17 1 6 1 18 1 6 1 17 6 19 1 6 1 17 6 18 6 17 1 6 1 19 6 17 1 6 1 18 1 6 1 17 4 6 2 8 4 16 6 18 6 19, zy
2896: 1 5 12 2 2 2 10 4 14 4 10 4 14 5 1 20 1 6 1 15 5 1 20 1 5 14 5 1 20 1 5 15 1 6 1 20 1 5 14 4 10 4 14 4 10 2 2 2 12 5 1 19 6 18 6 16 4 8 2 4 2 10 4 12 4 14 6 21 1 5 16 6 20 6 16 6 19 1 6 1 17 6 18 6 18 6 19 1 5 14 4 10 4 14 4 10 2 2 2 10 2 2 2 10 2 2 2 10 4 14 4 10 4 14 5 1 19 6 18 6 18 6 17 1 6 1 19 6 16 6 20 6 16 5 1 21 6 14 4 12 4 10 2 4 2 8 4 16 6 18 6 19, zy
2897: 1 5 12 2 2 2 10 4 14 6 20 6 15 1 7 21 1 5 16 6 19 1 6 1 15 4 8 2 4 2 10 4 12 4 10 2 4 2 8 4 15 1 6 1 19 6 16 5 1 21 7 1 15 6 20 6 14 4 10 2 2 2 12 5 1 19 6 16 6 20 6 14 4 10 2 2 2 10 2 2 2 10 2 2 2 10 4 14 6 20 6 16 6 19 1 5 12 4 14 4 8 2 4 2 8 2 4 2 8 2 4 2 8 2 4 2 8 4 14 4 12 5 1 19 6 16 6 20 6 14 4 10 2 2 2 10 2 2 2 10 2 2 2 10 4 14 6 20 6 16 6 19, zy
2898: 1 5 12 2 2 2 10 4 14 6 20 6 16 6 19 1 6 1 15 4 8 2 6 4 17 1 5 12 4 12 4 12 4 10 2 2 2 12 4 10 4 14 4 10 4 14 5 1 19 6 18 6 16 5 1 20 1 5 14 5 1 19 6 16 5 1 21 7 1 15 6 20 6 15 1 7 21 1 5 16 6 19 1 5 14 5 1 20 1 5 16 6 18 6 19 1 5 14 4 10 4 14 4 10 4 12 2 2 2 10 4 12 4 12 4 12 5 1 17 4 6 2 8 4 15 1 6 1 19 6 16 6 20 6 14 4 10 2 2 2 12 5 1 19 6 16 4 8 4 16 6 19, zy
2899: 1 5 12 4 12 4 12 2 2 2 8 2 6 4 16 4 8 2 4 2 8 2 6 4 16 4 8 4 17 1 5 12 4 12 4 12 4 12 4 12 4 12 4 12 4 12 4 12 4 12 4 12 4 12 4 12 4 12 4 12 5 1 17 4 8 4 16 4 6 2 8 2 4 2 8 4 16 4 6 2 8 2 2 2 12 4 12 4 12 5 1 18 1 6 1 17 6 20 7 1 15 6 20 6 16 4 8 4 17 1 5 12 4 12 4 12 4 12 4 12 4 12 4 12 4 12 4 12 4 12 4 12 5 1 17 4 8 4 16 6 20 6 15 1 7 20 6 17 1 6 1 18, zy
2900: 1 5 12 4 12 4 12 4 10 2 4 2 8 2 4 2 8 4 16 6 20 6 14 4 12 4 10 2 2 2 12 4 10 2 2 2 12 4 10 4 15 1 6 1 20 1 5 14 4 10 4 16 6 18 6 18 6 18 6 18 6 18 6 18 6 18 6 16 4 10 4 14 5 1 20 1 6 1 15 4 10 4 12 2 2 2 10 4 12 2 2 2 10 4 12 4 14 6 20 6 16 4 8 2 4 2 8 2 4 2 10 4 12 4 12 4 12 5 1 17 4 8 4 16 6 19 1 6 1 17 6 18 6 18 6 18 6 18 6 18 6 17 1 6 1 19 6 16 4 8 4 17, zy
2901: 1 5 12 4 12 4 12 4 12 4 10 2 4 2 6 2 8 4 14 4 10 4 14 5 1 19 6 18 6 16 6 20 6 16 6 18 4 6 2 6 2 6 2 6 2 6 2 6 2 6 4 18 6 16 5 1 20 1 5 14 5 1 19 6 16 4 8 2 4 2 8 4 16 6 19 1 5 14 5 1 20 1 5 16 6 18 4 6 2 6 2 6 2 6 2 6 2 6 2 6 4 18 6 16 6 20 6 16 6 18 6 19 1 5 14 4 10 4 14 4 8 2 6 2 4 2 10 4 12 4 12 4 12 4 12 5 1 18 1 5 12 4 14 6 20 6 14 4 12 5 1 18, zy
2902: 1 5 12 4 12 4 12 4 12 4 10 4 15 1 6 1 18 1 5 12 4 12 4 12 4 12 5 1 17 4 8 4 15 1 6 1 19 6 16 6 18 6 18 6 18 6 16 6 19 1 6 1 15 4 8 4 17 1 5 12 4 12 4 12 4 12 5 1 18 1 6 1 15 4 10 4 12 4 12 4 12 4 12 5 1 18 1 6 1 16 1 6 1 17 4 6 2 8 4 14 4 10 4 14 6 20 6 15 1 7 21 1 5 16 6 19 1 5 14 5 1 19 6 16 5 1 21 7 1 15 6 20 6 14 4 10 4 14 4 8 2 6 4 17 1 6 1 16 1 6 1 18, zy
2903: 1 5 12 4 12 4 12 4 12 4 12 2 2 2 8 2 4 2 8 2 4 2 8 2 4 2 8 2 4 2 8 2 4 2 8 2 2 2 12 4 12 4 12 4 12 4 12 5 1 17 4 8 4 16 4 8 4 16 6 20 6 16 6 19 1 5 12 4 14 6 20 6 17 1 6 1 18 1 5 12 4 12 4 14 6 20 6 16 4 8 4 17 1 5 12 4 12 4 12 4 12 4 12 4 12 4 12 5 1 17 4 8 4 16 6 20 6 14 4 12 4 12 5 1 18 1 6 1 17 6 20 6 14 4 12 5 1 19 6 16 6 20 6 16 4 8 4 16 4 8 4 17, zy
2904: 1 5 12 4 12 4 12 4 12 4 12 4 12 4 12 4 12 4 12 4 12 4 12 5 1 17 4 8 4 16 6 20 6 14 4 12 4 10 2 4 2 6 2 8 4 16 6 19 1 5 14 5 1 20 1 5 14 4 12 4 10 4 16 6 18 6 19 1 5 14 4 10 4 14 4 10 4 14 5 1 19 6 18 6 17 1 6 1 18 1 6 1 17 6 18 6 19 1 5 14 4 10 4 14 4 10 4 14 5 1 19 6 18 6 16 4 10 4 12 4 14 5 1 20 1 5 14 5 1 19 6 16 4 8 2 6 2 4 2 10 4 12 4 14 6 20 6 16 4 8 4 17, zy
2905: 1 5 12 4 12 4 12 4 12 4 12 4 12 4 12 4 12 4 12 5 1 18 1 5 12 4 12 4 12 4 12 4 13 1 7 20 6 16 6 20 6 16 6 20 6 14 4 12 4 10 2 4 2 8 4 16 6 18 4 6 2 8 4 14 4 12 5 1 19 6 16 4 8 2 4 2 10 4 12 4 12 4 12 4 14 6 20 6 14 4 12 4 12 4 12 4 10 2 4 2 8 4 16 6 19 1 5 12 4 14 4 8 2 6 4 18 6 16 4 8 2 4 2 10 4 12 4 14 6 20 6 16 6 20 6 16 6 20 7 1 13 4 12 4 12 4 12 4 12 5 1 18, zy
2906: 1 5 12 4 12 4 12 4 12 4 14 6 20 6 16 4 8 4 17 1 6 1 17 4 8 4 16 6 20 7 1 13 4 12 4 12 4 12 4 12 4 12 4 13 1 7 20 6 16 4 8 4 17 1 6 1 17 4 8 4 16 6 20 6 14 4 12 4 12 4 12 4 12 5 1 17 4 8 4 16 4 6 2 8 2 4 2 8 2 4 2 8 2 4 2 8 2 4 2 8 2 4 2 8 2 4 2 8 2 4 2 8 2 4 2 8 2 4 2 8 2 4 2 8 2 4 2 8 2 4 2 8 2 4 2 8 2 4 2 8 2 4 2 8 2 6 4 16 4 8 4 17, zy
2907: 1 5 12 4 12 4 12 4 12 5 1 17 4 8 4 16 6 19 1 6 1 17 6 18 6 18 6 18 6 18 6 18 6 18 6 16 4 10 4 14 5 1 20 1 6 1 15 4 10 4 12 2 2 2 10 4 12 2 2 2 10 4 12 4 14 6 20 6 16 4 8 2 4 2 8 2 4 2 10 4 12 4 12 4 10 2 4 2 8 2 4 2 8 4 16 6 20 6 14 4 12 4 10 2 2 2 12 4 10 2 2 2 12 4 10 4 15 1 6 1 20 1 5 14 4 10 4 16 6 18 6 18 6 18 6 18 6 18 6 18 6 17 1 6 1 19 6 16 4 8 4 17, zy
2908: 1 5 12 4 12 4 12 4 14 6 20 6 16 6 20 6 16 6 19 1 6 1 17 6 18 6 18 6 19 1 5 14 4 10 4 14 4 10 4 14 5 1 20 1 5 14 4 10 2 4 2 6 2 6 2 8 4 14 4 10 4 14 4 10 4 14 4 10 4 14 4 8 2 6 2 6 2 4 2 10 4 14 5 1 20 1 5 14 4 10 4 14 4 10 4 14 5 1 19 6 18 6 18 6 17 1 6 1 19 6 16 6 20 6 16 6 20 6 14 4 12 4 12 4 12 5 1 18 1 6 1 17 6 19 1 6 1 17 6 18 6 17 1 6 1 19 6 17 1 6 1 18, zy
2909: 1 5 12 4 12 4 12 5 1 17 6 20 6 14 4 12 4 10 4 16 6 19 1 5 14 5 1 19 6 18 6 18 6 16 4 10 4 12 4 14 5 1 20 1 5 14 5 1 19 6 16 4 8 2 6 2 4 2 10 4 12 4 14 6 20 6 16 4 8 4 16 4 8 2 4 2 8 2 4 2 8 2 4 2 8 2 4 2 8 4 16 4 8 4 16 6 20 6 14 4 12 4 10 2 4 2 6 2 8 4 16 6 19 1 5 14 5 1 20 1 5 14 4 12 4 10 4 16 6 18 6 18 6 19 1 5 14 5 1 19 6 16 4 10 4 12 4 14 6 20 6 17, zy
2910: 1 5 12 4 12 4 14 6 20 6 16 4 8 2 4 2 8 2 4 2 8 2 4 2 8 2 4 2 8 2 4 2 8 2 4 2 8 4 16 6 20 6 14 4 12 4 12 5 1 18 1 6 1 18 1 5 12 4 14 6 21 1 5 16 6 20 6 14 4 12 4 10 2 4 2 6 2 8 4 16 6 18 4 6 2 6 2 8 4 14 4 12 5 1 19 6 17 1 6 1 18 1 6 1 17 6 19 1 5 12 4 14 4 8 2 6 2 6 4 18 6 16 4 8 2 6 2 4 2 10 4 12 4 14 6 20 6 16 5 1 21 6 14 4 12 5 1 18 1 6 1 18, zy
2911: 1 5 12 4 14 4 8 2 4 2 10 4 12 4 12 4 10 2 4 2 8 4 14 4 12 5 1 19 6 16 5 1 20 1 6 1 15 4 8 2 4 2 8 2 4 2 8 2 4 2 8 4 16 6 19 1 5 14 4 8 2 6 2 6 4 18 6 16 6 20 6 15 1 7 21 1 5 16 6 19 1 5 14 5 1 19 6 17 1 6 1 17 6 19 1 5 14 5 1 19 6 16 5 1 21 7 1 15 6 20 6 16 6 18 4 6 2 6 2 8 4 14 5 1 19 6 16 4 8 2 4 2 8 2 4 2 8 2 4 2 8 4 15 1 6 1 20 1 5 16 6 19, zy
2912: 1 5 12 4 14 4 8 2 6 2 6 4 18 6 16 4 8 2 6 4 17 1 6 1 18 1 6 1 17 6 18 6 19 1 5 14 5 1 20 1 5 14 4 10 2 4 2 6 2 6 2 8 4 14 4 10 4 14 4 10 4 14 4 10 4 14 4 8 2 6 2 6 2 4 2 10 4 14 5 1 20 1 5 14 5 1 19 6 18 6 17 1 6 1 18 1 6 1 17 4 6 2 8 4 16 6 18 4 6 2 6 2 8 4 14 4 12 5 1 19 6 17 1 6 1 18 1 6 1 17 6 19 1 6 1 16 1 6 1 19 6 17 1 6 1 18 1 6 1 17 6 19, zy
2913: 1 5 12 4 14 4 8 2 6 2 6 4 18 6 17 1 6 1 19 6 16 5 1 21 6 14 4 12 5 1 18 1 6 1 18 1 5 12 4 14 5 1 20 1 6 1 15 4 10 4 14 5 1 20 1 5 14 4 10 4 15 1 6 1 20 1 5 14 4 12 5 1 18 1 6 1 18 1 5 12 4 14 6 21 1 5 16 6 19 1 6 1 17 6 18 4 6 2 6 2 8 4 14 4 12 5 1 19 6 16 4 8 2 6 4 17 1 6 1 18 1 6 1 17 6 19 1 6 1 16 1 6 1 19 6 17 1 6 1 18 1 6 1 17 4 6 2 8 4 16 6 19, zy
2914: 1 5 12 4 14 5 1 20 1 6 1 15 4 10 4 14 5 1 20 1 5 14 4 10 4 14 4 10 4 14 4 10 4 14 5 1 19 6 18 6 18 6 17 1 6 1 19 6 16 5 1 21 6 14 4 12 5 1 19 6 16 6 20 6 16 4 8 4 16 4 8 4 16 6 20 6 16 6 19 1 5 12 4 14 6 21 1 5 16 6 19 1 6 1 17 6 18 6 18 6 19 1 5 14 4 10 4 14 4 10 4 14 4 10 4 14 5 1 20 1 5 14 4 10 4 15 1 6 1 20 1 5 14 4 12 5 1 19 6 16 6 21 1 5 16 5 1 21 6 16 6 19, zy
2915: 1 5 12 4 14 5 1 21 7 1 15 4 8 2 6 4 18 6 16 5 1 21 7 1 15 5 1 21 6 14 4 10 4 14 4 10 2 4 2 6 2 6 2 6 2 6 2 6 2 6 2 6 2 6 2 6 2 6 2 6 2 6 2 6 2 4 2 10 4 14 4 10 4 14 6 21 1 5 15 1 7 21 1 5 16 6 18 4 6 2 8 4 15 1 7 21 1 5 14 4 12 5 1 19 6 16 5 1 21 6 14 4 10 4 16 6 18 6 18 6 19 1 5 14 4 10 4 14 4 10 4 14 5 1 19 6 18 6 18 6 16 4 10 4 14 6 21 1 5 16 6 19, zy
2916: 1 5 14 4 10 2 4 2 8 4 16 4 8 2 6 2 4 2 10 4 15 1 6 1 19 6 17 1 6 1 18 1 6 1 17 6 19 1 6 1 15 4 10 2 4 2 6 2 8 4 16 4 8 2 4 2 10 4 14 5 1 19 6 18 6 19 1 6 1 15 4 10 2 2 2 12 4 10 2 4 2 8 4 17 1 6 1 17 6 20 6 16 4 10 4 14 5 1 19 6 18 6 18 4 8 4 16 4 8 4 18 6 18 6 19 1 5 14 4 10 4 16 6 20 6 17 1 6 1 17 4 8 2 4 2 10 4 12 2 2 2 10 4 15 1 6 1 19 6 18 6 19, zy
2917: 1 5 14 4 10 4 14 4 8 2 6 4 17 1 6 1 17 6 18 6 17 1 6 1 17 4 6 2 8 4 14 4 10 4 14 5 1 20 1 5 15 1 6 1 19 6 16 4 8 4 16 6 19 1 5 14 5 1 20 1 5 16 6 19 1 5 14 5 1 19 6 16 4 8 4 16 4 6 2 8 4 16 6 18 6 17 1 6 1 17 6 19 1 5 14 5 1 19 6 17 1 6 1 17 6 18 6 16 4 8 2 6 4 16 4 8 4 16 6 19 1 5 14 5 1 19 6 16 5 1 20 1 5 14 5 1 19 6 16 4 8 4 16 6 19 1 6 1 15 5 1 20, zy
2918: 1 5 14 4 10 4 15 1 6 1 20 1 5 14 4 12 4 10 2 4 2 8 4 16 4 8 4 16 4 8 2 4 2 10 4 12 4 14 5 1 20 1 6 1 15 4 10 4 14 5 1 20 1 5 14 4 12 4 10 2 4 2 8 4 16 4 8 4 16 4 8 2 4 2 10 4 12 4 14 6 21 1 5 16 6 19 1 6 1 17 6 18 4 6 2 8 4 16 6 20 6 16 6 20 6 16 4 8 2 6 4 18 6 17 1 6 1 19 6 16 5 1 21 6 14 4 12 4 10 2 4 2 8 4 16 4 8 4 16 4 8 2 4 2 10 4 12 4 14 5 1 20, zy
2919: 1 5 14 5 1 19 6 15 1 6 1 19 6 14 4 10 4 12 4 10 4 14 6 19 1 6 1 15 6 19 1 5 14 5 1 19 6 15 1 7 20 6 14 4 10 4 12 4 10 4 14 6 19 1 6 1 15 6 19 1 5 14 5 1 19 6 16 6 16 4 8 4 16 6 16 6 19 1 5 14 6 20 6 14 6 20 6 14 6 20 6 14 6 20 6 14 6 20 6 14 6 20 6 14 6 20 6 14 5 1 19 6 16 6 16 4 8 4 16 6 16 6 19 1 5 14 5 1 19 6 15 1 6 1 19 6 14 4 10 4 12 4 10 4 14 6 20 7 1 15 6 19, zy
2920: 1 5 14 5 1 19 6 18 6 16 4 8 2 6 2 4 2 10 4 12 4 14 6 21 1 5 16 6 20 6 16 6 19 1 6 1 17 6 18 6 18 6 18 6 18 6 18 6 17 1 6 1 19 6 16 6 20 6 16 5 1 21 6 14 4 12 4 10 2 4 2 6 2 8 4 16 6 18 6 19 1 5 14 5 1 19 6 18 6 17 1 6 1 19 6 16 6 20 6 15 1 7 20 6 16 4 8 4 17 1 6 1 17 6 19 1 6 1 16 1 6 1 19 6 17 1 6 1 17 4 8 4 16 6 20 7 1 15 6 20 6 16 6 19 1 6 1 17 6 18 6 19, zy
2921: 1 7 20 6 16 4 8 2 4 2 10 4 12 4 12 4 12 4 12 2 2 2 8 2 4 2 8 2 4 2 8 2 6 4 16 4 8 4 16 4 6 2 8 2 4 2 8 2 4 2 8 2 2 2 12 4 12 4 12 4 12 4 10 2 4 2 8 4 16 6 20 7 1 15 6 20 6 16 6 20 6 16 6 20 6 14 4 12 4 12 4 12 4 12 4 10 2 4 2 8 4 16 6 20 7 1 15 6 20 6 16 6 20 6 16 6 20 6 15 1 7 20 6 16 4 8 2 4 2 10 4 12 4 12 4 12 4 12 4 14 6 20 6 16 6 20 6 16 6 20 6 15, zy
2922: 1 5 10 2 4 2 8 4 16 6 18 6 18 6 18 6 16 4 8 4 17 1 5 12 4 12 4 12 4 12 4 12 5 1 18 1 5 12 4 12 4 12 4 12 4 12 5 1 17 4 8 4 16 6 18 6 18 6 18 6 16 4 8 2 4 2 10 5 1 17 6 18 6 18 6 18 6 16 4 8 4 16 4 8 4 16 6 18 6 19 1 5 14 4 10 2 2 2 10 4 14 4 8 2 6 2 4 2 10 4 12 4 12 4 10 2 4 2 6 2 8 4 14 4 10 2 2 2 10 4 14 5 1 19 6 18 6 16 4 8 4 16 4 8 4 16 6 18 6 18 6 18 6 17, zy
2923: 1 5 12 2 2 2 10 4 14 5 1 20 1 5 14 5 1 19 6 16 4 8 2 6 4 17 1 6 1 17 4 6 2 8 4 16 6 19 1 5 14 5 1 20 1 5 14 4 10 2 2 2 12 5 1 19 6 16 5 1 21 7 1 15 6 21 1 5 16 4 8 4 16 5 1 21 6 14 4 12 4 12 5 1 18 1 6 1 17 6 19 1 5 14 5 1 19 6 18 6 17 1 6 1 18 1 6 1 17 6 18 6 19 1 5 14 5 1 19 6 17 1 6 1 18 1 5 12 4 12 4 14 6 21 1 5 16 4 8 4 16 5 1 21 6 15 1 7 21 1 5 16 6 19, zy
2924: 1 5 12 2 2 2 10 4 14 5 1 21 7 1 15 4 8 2 6 2 4 2 10 4 12 2 2 2 10 4 12 4 14 6 20 6 16 4 8 4 17 1 5 12 4 12 4 12 4 12 4 12 4 12 5 1 17 4 8 4 16 6 20 6 14 4 12 4 10 2 2 2 12 4 10 2 4 2 6 2 8 4 15 1 7 21 1 5 14 4 10 2 2 2 12 5 1 19 6 16 4 8 2 4 2 10 4 12 4 12 4 12 2 2 2 8 2 4 2 8 2 4 2 10 4 12 4 10 2 4 2 8 2 4 2 8 2 2 2 12 4 12 4 12 4 10 2 4 2 8 4 16 6 19, zy
2925: 1 5 12 4 10 2 4 2 8 4 16 6 18 6 17 1 6 1 17 4 6 2 8 4 15 1 6 1 19 6 15 1 7 20 6 16 5 1 21 6 14 5 1 19 6 16 6 19 1 6 1 15 4 10 4 12 4 12 4 12 4 12 4 10 4 15 1 6 1 19 6 16 6 19 1 5 14 6 21 1 5 16 6 20 7 1 15 6 19 1 6 1 15 4 8 2 6 4 17 1 6 1 17 6 18 6 16 4 8 2 4 2 10 4 12 5 1 17 6 19 1 5 14 5 1 19 6 16 5 1 21 7 1 15 6 20 6 15 1 7 21 1 5 16 6 19 1 5 14 5 1 19 6 17, zy
2926: 1 5 12 4 12 4 12 2 2 2 8 2 4 2 10 4 12 4 12 4 12 4 12 4 12 4 12 4 10 2 4 2 8 2 2 2 12 4 12 4 12 5 1 17 4 8 4 16 4 8 4 16 6 20 6 14 4 12 4 10 2 4 2 8 4 16 6 18 4 6 2 8 4 14 4 12 5 1 19 6 16 6 20 6 16 4 8 2 4 2 8 2 4 2 8 2 4 2 8 2 4 2 8 2 4 2 8 2 4 2 8 4 16 6 20 6 16 6 19 1 5 12 4 14 4 8 2 6 4 18 6 16 4 8 2 4 2 10 4 12 4 14 6 20 6 16 4 8 4 16 4 8 4 17, zy
2927: 1 5 12 4 12 4 12 4 12 4 12 2 2 2 8 2 4 2 10 4 12 4 12 4 12 4 14 6 20 6 16 4 8 4 17 1 6 1 17 4 8 4 16 6 20 6 14 4 12 4 12 4 12 4 10 2 4 2 8 2 2 2 12 4 12 4 12 4 12 4 12 5 1 17 4 8 4 16 4 6 2 8 2 4 2 8 2 4 2 8 2 4 2 8 2 4 2 8 4 16 4 8 4 16 4 8 4 16 4 8 4 16 4 8 4 16 4 8 4 16 4 8 4 16 4 8 4 16 4 8 2 4 2 8 2 4 2 8 2 4 2 8 2 4 2 8 2 6 4 16 4 8 4 17, zy
2928: 1 5 12 4 12 4 12 4 12 4 12 4 12 4 12 4 12 4 12 4 12 4 12 4 12 5 1 17 4 8 4 16 4 8 4 16 6 20 6 14 4 12 4 12 4 10 2 2 2 12 4 10 2 4 2 8 4 15 1 7 21 1 5 14 4 12 5 1 19 6 16 6 20 6 16 4 8 2 4 2 8 2 4 2 8 2 4 2 8 2 4 2 8 2 4 2 8 2 4 2 8 2 4 2 8 4 16 6 20 6 16 6 19 1 5 12 4 14 5 1 21 7 1 15 4 8 2 4 2 10 4 12 2 2 2 10 4 12 4 12 4 14 6 20 6 16 4 8 4 16 4 8 4 17, zy
2929: 1 5 12 4 12 4 12 4 12 4 12 4 12 4 12 4 12 4 12 5 1 17 4 8 4 16 6 20 6 16 6 19 1 5 12 4 14 6 20 6 17 1 6 1 18 1 5 12 4 12 4 12 4 14 6 20 6 16 6 20 6 16 6 20 6 15 1 7 20 6 16 4 8 2 4 2 10 4 12 4 12 4 12 4 12 4 12 4 12 4 12 4 12 4 12 4 12 4 10 2 4 2 8 4 16 6 20 7 1 15 6 20 6 16 6 20 6 16 6 20 6 14 4 12 4 12 4 12 5 1 18 1 6 1 17 6 20 6 14 4 12 5 1 19 6 16 6 20 6 16 4 8 4 17, zy
2930: 1 5 12 4 12 4 12 4 12 4 12 4 12 4 12 5 1 17 4 8 4 16 6 20 6 14 4 12 4 10 2 4 2 6 2 8 4 16 6 18 6 19 1 5 14 5 1 20 1 5 14 4 12 5 1 19 6 16 5 1 20 1 6 1 16 1 6 1 19 6 16 4 8 2 4 2 10 4 12 4 12 4 12 4 12 4 12 4 12 4 12 4 12 4 10 2 4 2 8 4 16 6 19 1 6 1 16 1 6 1 20 1 5 16 6 19 1 5 12 4 14 5 1 20 1 5 14 5 1 19 6 18 6 16 4 8 2 6 2 4 2 10 4 12 4 14 6 20 6 16 4 8 4 17, zy
2931: 1 5 12 4 12 4 12 4 12 5 1 17 4 8 4 16 6 19 1 6 1 17 6 18 6 18 6 18 6 18 6 18 6 18 6 16 4 10 4 14 5 1 20 1 5 14 5 1 19 6 18 6 16 4 8 2 6 2 4 2 10 4 12 4 14 6 20 6 16 4 8 2 4 2 8 2 4 2 10 4 12 4 12 4 12 4 10 2 4 2 8 2 4 2 8 4 16 6 20 6 14 4 12 4 10 2 4 2 6 2 8 4 16 6 18 6 19 1 5 14 5 1 20 1 5 14 4 10 4 16 6 18 6 18 6 18 6 18 6 18 6 18 6 17 1 6 1 19 6 16 4 8 4 17, zy
2932: 1 5 12 4 12 4 12 4 12 5 1 17 4 8 4 16 6 19 1 6 1 17 6 18 6 18 6 18 6 18 6 18 6 18 6 16 4 10 4 14 5 1 20 1 6 1 15 4 8 2 6 2 4 2 10 4 12 2 2 2 10 4 12 4 14 6 20 6 16 4 8 2 4 2 8 2 4 2 10 4 12 4 12 4 12 4 10 2 4 2 8 2 4 2 8 4 16 6 20 6 14 4 12 4 10 2 2 2 12 4 10 2 4 2 6 2 8 4 15 1 6 1 20 1 5 14 4 10 4 16 6 18 6 18 6 18 6 18 6 18 6 18 6 17 1 6 1 19 6 16 4 8 4 17, zy
2933: 1 5 12 4 12 4 14 5 1 20 1 5 14 4 12 4 10 2 4 2 8 2 4 2 10 4 12 4 14 5 1 20 1 5 14 4 12 4 12 5 1 17 5 1 21 6 16 4 8 2 4 2 10 4 14 5 1 20 1 5 15 1 6 1 20 1 5 14 4 12 4 12 4 12 4 12 4 14 5 1 20 1 5 14 4 10 2 4 2 8 4 16 4 8 4 17 1 6 1 17 4 8 4 16 4 8 2 4 2 10 4 14 5 1 20 1 5 14 4 12 4 12 4 12 4 12 4 14 5 1 20 1 6 1 15 5 1 20 1 5 14 4 10 2 4 2 8 4 16 6 21 1 5 17, zy
2934: 1 5 12 4 12 5 1 17 6 20 6 14 4 12 4 10 2 4 2 6 2 8 4 16 6 18 6 18 4 6 2 6 2 6 2 6 2 6 2 6 2 8 4 14 5 1 19 6 18 6 16 4 10 4 12 2 2 2 10 4 12 4 14 6 20 6 16 4 8 2 4 2 8 2 4 2 8 2 4 2 8 2 4 2 8 2 4 2 8 2 4 2 8 4 16 6 20 6 14 4 12 4 10 2 2 2 12 4 10 4 16 6 18 6 19 1 5 14 4 8 2 6 2 6 2 6 2 6 2 6 2 6 4 18 6 18 6 16 4 8 2 6 2 4 2 10 4 12 4 14 6 20 6 17, zy
2935: 1 5 12 4 14 4 8 2 6 4 18 6 16 4 8 2 6 4 17 1 6 1 18 1 5 12 4 14 6 20 6 17 1 6 1 17 6 20 6 14 4 12 5 1 18 1 6 1 17 4 6 2 8 4 16 6 18 4 6 2 8 4 14 4 12 5 1 19 6 16 4 8 2 4 2 10 4 12 4 12 4 12 4 12 4 12 4 13 1 7 20 6 16 5 1 21 6 14 4 12 5 1 19 6 16 6 20 6 16 6 20 6 16 6 20 6 16 6 19 1 5 12 4 14 6 21 1 5 16 6 20 7 1 13 4 12 4 12 4 12 4 12 4 12 4 10 2 4 2 8 4 16 6 19, zy
2936: 1 5 14 4 8 2 6 2 6 2 6 4 18 6 16 6 20 6 15 1 7 21 1 5 16 6 19 1 5 14 5 1 19 6 17 1 6 1 17 6 19 1 5 14 5 1 19 6 16 5 1 21 7 1 15 6 20 6 16 6 18 4 6 2 6 2 6 2 8 4 14 5 1 19 6 18 6 16 6 20 6 14 4 12 4 10 4 14 4 10 4 14 5 1 19 6 18 6 16 5 1 20 1 5 14 5 1 19 6 16 4 8 2 4 2 8 4 16 6 19 1 5 14 5 1 20 1 5 16 6 18 6 19 1 5 14 4 10 4 14 4 10 4 12 4 14 6 20 6 16 6 18 6 19, zy
2937: 1 5 14 4 10 4 14 4 8 2 6 4 17 1 6 1 17 6 18 6 17 1 6 1 17 4 6 2 8 4 14 4 10 4 14 5 1 19 6 17 1 6 1 17 6 18 4 6 4 18 6 17 1 6 1 17 6 18 6 18 6 18 6 16 5 1 20 1 6 1 15 6 20 6 15 1 6 1 20 1 5 16 6 18 6 18 6 18 6 17 1 6 1 17 6 18 4 6 4 18 6 17 1 6 1 17 6 19 1 5 14 4 10 4 14 4 8 2 6 4 17 1 6 1 17 6 18 6 17 1 6 1 17 4 6 2 8 4 14 4 10 4 14 5 1 19 6 17 1 6 1 17 6 19, zy
2938: 1 7 20 6 16 4 8 2 4 2 10 4 12 4 12 4 12 4 12 2 2 2 8 2 4 2 8 2 4 2 8 2 4 2 10 4 12 4 12 4 10 2 4 2 8 2 4 2 8 2 4 2 8 2 2 2 12 4 12 4 12 4 12 4 10 2 4 2 8 4 16 6 20 7 1 15 6 20 6 16 6 20 6 16 6 20 6 14 4 12 4 12 4 12 4 12 4 10 2 4 2 8 4 16 6 20 7 1 15 6 20 6 16 6 20 6 16 6 20 6 15 1 7 20 6 16 4 8 2 4 2 10 4 12 4 12 4 12 4 12 4 14 6 20 6 16 6 20 6 16 6 20 6 15, zy
2939: 1 5 12 2 2 2 10 2 2 2 10 2 4 2 6 2 8 4 16 6 19 1 6 1 17 6 19 1 5 14 5 1 19 6 18 6 19 1 5 14 4 10 4 16 6 20 6 16 6 21 1 5 16 5 1 21 6 16 6 20 6 16 4 10 4 14 5 1 19 6 18 6 19 1 5 14 5 1 19 6 17 1 6 1 19 6 16 4 8 2 6 2 4 2 10 2 2 2 10 2 2 2 12 5 1 19 6 16 4 10 4 14 4 10 4 16 6 19 1 5 14 5 1 20 1 5 14 4 12 4 12 4 12 4 14 5 1 20 1 5 14 5 1 19 6 16 4 10 4 14 4 10 4 16 6 19, zy
2940: 1 5 12 2 2 2 10 4 12 4 12 4 12 4 12 4 10 2 2 2 12 5 1 18 1 6 1 17 6 18 6 17 1 6 1 17 4 6 2 8 4 14 4 10 4 14 4 10 4 14 6 20 6 16 6 20 7 1 13 4 12 4 12 4 10 4 15 1 6 1 19 6 16 6 19 1 6 1 15 4 8 2 6 2 4 2 10 4 12 4 12 4 10 2 4 2 6 2 8 4 15 1 6 1 19 6 16 6 19 1 6 1 15 4 10 4 12 4 12 4 13 1 7 20 6 16 6 20 6 14 4 10 4 14 4 10 4 14 4 8 2 6 4 17 1 6 1 17 6 18 6 17 1 6 1 18, zy
2941: 1 5 12 2 2 2 10 4 14 4 10 4 14 5 1 20 1 5 14 5 1 19 6 18 6 16 4 10 4 12 4 14 6 21 1 5 16 6 19 1 6 1 17 6 18 6 19 1 5 14 5 1 19 6 18 6 17 1 6 1 19 6 16 5 1 21 6 14 4 12 4 10 4 16 6 18 6 19 1 5 14 5 1 20 1 5 14 4 10 4 14 4 10 2 2 2 12 5 1 19 6 18 6 16 4 10 4 12 4 14 6 21 1 5 16 6 19 1 6 1 17 6 18 6 19 1 5 14 5 1 19 6 18 6 17 1 6 1 19 6 16 5 1 21 6 14 4 12 4 10 4 16 6 18 6 19, zy
2942: 1 5 12 2 2 2 10 4 14 5 1 20 1 5 14 4 10 4 14 4 10 4 14 4 10 4 14 5 1 20 1 5 14 4 10 2 2 2 12 5 1 19 6 18 6 16 4 8 2 4 2 10 4 12 4 14 6 20 6 16 6 20 6 16 5 1 21 6 16 6 19 1 5 12 4 14 5 1 20 1 6 1 15 4 10 4 14 5 1 20 1 5 14 4 10 4 14 4 10 4 14 4 10 4 14 5 1 20 1 5 14 4 10 4 15 1 6 1 20 1 5 14 4 12 5 1 19 6 16 6 21 1 5 16 6 20 6 16 6 20 6 14 4 12 4 10 2 4 2 8 4 16 6 18 6 19, zy
2943: 1 5 12 4 12 2 2 2 10 4 12 4 12 2 2 2 8 2 6 4 17 1 5 12 4 12 5 1 17 4 6 2 8 2 4 2 8 4 16 6 19 1 6 1 17 6 18 6 18 6 18 6 18 6 18 6 17 1 6 1 19 6 16 4 8 2 4 2 8 2 6 4 17 1 5 12 4 12 5 1 17 4 6 2 8 2 2 2 12 4 12 4 10 2 2 2 12 4 12 5 1 19 6 16 6 20 6 16 6 20 6 16 6 20 6 16 6 19 1 6 1 17 6 18 6 19 1 5 14 5 1 19 6 18 6 17 1 6 1 19 6 16 6 20 6 16 6 20 6 16 6 20 6 16 6 19, zy
2944: 1 5 12 4 12 2 2 2 10 4 12 4 14 6 21 1 5 16 6 20 7 1 13 4 12 4 12 4 12 4 12 4 12 4 12 4 12 4 12 4 12 4 12 4 13 1 7 20 6 16 5 1 21 6 14 4 12 4 10 2 2 2 12 4 12 5 1 18 1 6 1 17 6 20 7 1 15 6 20 6 16 5 1 21 6 14 4 12 4 10 2 2 2 12 4 12 4 10 2 4 2 8 4 16 6 20 7 1 13 4 12 4 12 4 13 1 7 20 6 16 4 8 2 4 2 10 4 12 4 12 2 2 2 10 4 12 4 14 6 21 1 5 16 6 20 6 15 1 7 20 6 17 1 6 1 18, zy
2945: 1 5 12 4 12 4 10 2 2 2 10 4 12 4 10 2 2 2 10 4 12 4 10 4 14 4 8 4 15 1 6 1 18 1 6 1 15 4 8 4 14 4 10 4 12 4 10 2 2 2 10 4 12 4 10 2 2 2 10 4 12 4 12 5 1 19 6 14 5 1 19 6 14 5 1 18 1 6 1 16 1 6 1 17 6 18 6 14 4 10 4 12 4 12 4 10 4 12 4 12 5 1 18 1 5 12 4 12 5 1 18 1 5 12 4 12 5 1 18 1 5 12 4 12 4 10 4 12 4 12 4 10 4 14 6 18 6 17 1 6 1 16 1 6 1 18 1 5 14 6 19 1 5 14 6 19, zy
2946: 1 5 12 4 12 4 10 2 4 2 8 4 15 1 6 1 19 6 16 6 19 1 6 1 15 4 8 2 4 2 10 4 12 4 12 5 1 17 4 6 2 8 4 15 1 6 1 19 6 16 6 19 1 5 14 5 1 20 1 5 16 6 18 6 18 6 17 1 6 1 17 6 19 1 5 14 4 8 2 6 2 6 2 4 2 10 4 12 4 12 4 12 4 12 5 1 18 1 5 12 4 12 4 12 4 12 4 10 2 4 2 6 2 6 2 8 4 14 5 1 19 6 17 1 6 1 17 6 18 6 18 6 16 5 1 20 1 5 14 5 1 19 6 16 6 19 1 6 1 15 4 8 2 6 4 17, zy
2947: 1 5 12 4 12 4 10 4 14 6 18 6 17 1 6 1 17 6 16 6 18 6 16 4 6 2 8 4 12 2 2 2 8 4 15 1 6 1 18 1 5 12 4 12 4 10 4 14 6 18 6 18 6 14 4 10 4 12 4 12 5 1 18 1 6 1 15 4 8 2 2 2 12 4 8 2 6 4 16 6 18 6 16 6 17 1 6 1 17 6 18 6 14 4 10 4 12 4 12 5 1 18 1 6 1 15 4 8 2 2 2 12 4 8 2 6 4 16 6 18 6 16 6 17 1 6 1 17 6 17 1 6 1 17 6 16 6 18 6 16 4 6 2 8 4 12 2 2 2 8 4 15 1 6 1 18, zy
2948: 1 5 12 4 12 4 12 4 10 2 4 2 6 2 8 4 14 4 10 4 14 5 1 20 1 5 15 1 6 1 19 6 16 4 8 4 16 6 19 1 5 14 5 1 20 1 5 16 6 18 4 6 2 6 2 6 2 6 2 6 4 18 6 16 5 1 20 1 5 14 5 1 19 6 16 4 8 4 16 6 19 1 6 1 15 5 1 20 1 5 14 4 10 4 14 4 8 2 6 2 4 2 10 4 12 4 12 4 12 5 1 17 4 6 2 8 4 16 6 18 6 17 1 6 1 17 4 6 2 8 4 14 4 10 4 14 4 8 2 6 4 17 1 6 1 17 6 18 6 16 4 8 2 6 4 17, zy
2949: 1 5 12 4 12 4 12 4 10 2 4 2 8 4 14 4 10 2 2 2 10 2 2 2 10 4 14 5 1 20 1 5 14 4 10 2 2 2 10 2 2 2 10 4 14 4 8 2 4 2 10 4 12 4 12 4 12 5 1 17 4 8 4 15 1 6 1 19 6 16 4 8 2 2 2 12 4 12 4 10 2 4 2 6 2 6 2 6 2 8 4 14 5 1 19 6 17 1 6 1 17 6 19 1 5 14 4 10 4 14 5 1 19 6 17 1 6 1 17 6 19 1 5 14 4 8 2 6 2 6 2 6 2 4 2 10 4 12 4 12 2 2 2 8 4 16 6 19 1 6 1 15 4 8 4 17, zy
2950: 1 5 12 4 12 4 12 4 12 4 12 4 12 4 12 4 12 4 12 4 12 5 1 17 4 8 4 16 4 8 4 16 6 20 6 14 4 12 4 10 4 16 6 19 1 5 14 5 1 20 1 6 1 15 5 1 20 1 5 14 5 1 20 1 5 14 4 12 5 1 19 6 16 4 8 2 4 2 10 4 12 4 12 4 12 4 12 4 12 4 12 4 12 4 12 4 12 4 12 4 10 2 4 2 8 4 16 6 19 1 5 12 4 14 5 1 20 1 5 14 5 1 20 1 5 15 1 6 1 20 1 5 14 5 1 19 6 16 4 10 4 12 4 14 6 20 6 16 4 8 4 16 4 8 4 17, zy
2951: 1 5 12 4 12 4 12 4 12 4 12 4 12 4 12 5 1 17 4 8 4 16 6 20 6 14 4 12 4 12 5 1 18 1 6 1 17 4 6 2 8 4 16 6 19 1 6 1 16 1 6 1 20 1 5 16 6 18 6 19 1 6 1 16 1 6 1 19 6 17 1 6 1 19 6 15 1 7 20 6 16 6 20 6 16 4 8 4 16 6 20 6 16 6 20 7 1 15 6 19 1 6 1 17 6 19 1 6 1 16 1 6 1 19 6 18 6 16 5 1 20 1 6 1 16 1 6 1 19 6 16 4 8 2 6 4 17 1 6 1 18 1 5 12 4 12 4 14 6 20 6 16 4 8 4 17, zy
2952: 1 5 12 4 12 4 12 4 12 4 12 5 1 18 1 6 1 16 1 6 1 19 6 14 4 12 4 10 2 4 2 6 2 6 2 8 4 14 5 1 19 6 17 1 6 1 17 6 18 6 18 6 18 6 16 5 1 20 1 5 14 5 1 19 6 16 4 8 4 16 6 20 7 1 15 6 19 1 6 1 16 1 6 1 18 1 6 1 16 1 6 1 19 6 15 1 7 20 6 16 4 8 4 16 6 19 1 5 14 5 1 20 1 5 16 6 18 6 18 6 18 6 17 1 6 1 17 6 19 1 5 14 4 8 2 6 2 6 2 4 2 10 4 12 4 14 6 19 1 6 1 16 1 6 1 18, zy
2953: 1 5 12 4 12 4 12 4 12 5 1 17 4 8 4 16 6 19 1 6 1 17 6 18 6 18 6 18 6 18 6 18 6 18 6 16 4 10 4 14 5 1 20 1 6 1 15 4 10 4 12 2 2 2 10 4 12 2 2 2 10 4 12 4 14 6 20 6 16 4 8 2 4 2 8 2 4 2 8 2 4 2 10 4 10 2 4 2 8 2 4 2 8 2 4 2 8 4 16 6 20 6 14 4 12 4 10 2 2 2 12 4 10 2 2 2 12 4 10 4 15 1 6 1 20 1 5 14 4 10 4 16 6 18 6 18 6 18 6 18 6 18 6 18 6 17 1 6 1 19 6 16 4 8 4 17, zy
2954: 1 5 12 4 12 4 12 5 1 19 6 14 4 8 2 6 4 16 6 17 1 6 1 17 6 16 4 6 2 8 4 14 6 19 1 6 1 15 6 19 1 5 14 5 1 20 1 5 16 6 16 4 8 4 15 1 6 1 18 1 6 1 15 4 8 4 15 1 6 1 18 1 6 1 15 4 8 4 14 4 10 4 12 4 10 4 14 4 8 4 15 1 6 1 18 1 6 1 15 4 8 4 15 1 6 1 18 1 6 1 15 4 8 4 16 6 16 5 1 20 1 5 14 5 1 19 6 15 1 6 1 19 6 14 4 8 2 6 4 16 6 17 1 6 1 17 6 16 4 6 2 8 4 14 6 19, zy
2955: 1 5 12 4 14 4 8 2 6 2 4 2 10 4 14 4 8 2 6 2 6 4 18 6 18 6 16 4 10 4 14 5 1 20 1 5 14 4 10 4 16 6 18 6 18 4 6 2 6 2 8 4 14 4 10 2 4 2 6 2 8 4 14 4 12 5 1 19 6 16 4 8 2 6 2 4 2 10 4 12 2 2 2 10 4 12 4 14 5 1 20 1 6 1 15 4 10 4 14 5 1 19 6 18 6 18 6 18 6 18 6 18 6 18 6 18 6 18 6 18 6 19 1 5 14 4 10 4 15 1 6 1 20 1 5 14 4 12 4 10 2 2 2 12 4 10 2 4 2 6 2 8 4 16 6 19, zy
2956: 1 5 12 4 14 6 21 1 5 16 6 19 1 6 1 17 6 18 6 18 6 18 6 18 6 18 6 18 6 17 1 6 1 19 6 16 6 21 1 5 16 4 8 4 16 5 1 21 6 16 6 19 1 6 1 17 6 18 6 18 6 18 6 18 6 18 6 18 6 17 1 6 1 19 6 16 5 1 21 6 14 4 12 5 1 19 6 16 5 1 21 6 14 4 10 4 16 6 18 6 19 1 5 14 5 1 19 6 18 6 17 1 6 1 19 6 16 6 20 6 16 6 20 6 16 6 19 1 6 1 17 6 18 6 19 1 5 14 5 1 19 6 18 6 16 4 10 4 14 6 21 1 5 16 6 19, zy
2957: 1 5 14 4 8 2 6 2 6 4 18 6 16 6 19 1 6 1 15 4 10 4 12 4 12 4 12 4 12 4 10 2 4 2 6 2 6 2 6 2 6 2 6 2 6 2 6 2 4 2 10 4 12 4 12 4 12 4 12 4 10 4 15 1 6 1 19 6 16 6 18 4 6 2 6 2 8 4 14 5 1 19 6 16 4 8 4 16 4 6 2 8 4 16 6 18 6 17 1 6 1 17 4 6 2 8 4 14 4 10 2 2 2 10 4 14 5 1 20 1 5 14 4 10 2 2 2 10 4 14 4 8 2 6 4 17 1 6 1 17 6 18 6 16 4 8 2 6 4 16 4 8 4 16 6 19, zy
2958: 1 5 14 4 10 4 12 4 10 4 14 5 1 19 6 16 6 18 6 16 6 18 6 16 6 18 6 16 6 19 1 5 14 4 10 4 12 4 10 4 14 5 1 20 1 5 14 4 10 4 12 4 10 4 14 5 1 20 1 5 15 1 6 1 18 1 6 1 15 4 8 4 16 6 16 6 19 1 5 14 6 20 6 12 2 2 2 10 4 10 4 14 4 8 2 4 2 8 4 14 4 8 2 4 2 8 4 14 4 10 4 10 2 2 2 12 6 20 6 14 5 1 19 6 16 6 16 4 8 4 15 1 6 1 18 1 6 1 15 5 1 20 1 5 14 4 10 4 12 4 10 4 14 5 1 20, zy
2959: 1 5 14 4 10 4 15 1 6 1 19 6 18 6 16 4 10 4 12 2 2 2 10 4 12 4 14 6 20 6 17 1 6 1 17 4 8 4 16 6 20 7 1 15 6 20 6 16 6 20 6 14 4 12 4 12 4 12 4 10 2 4 2 8 4 16 6 19 1 6 1 17 6 18 6 18 6 18 6 18 6 18 6 17 1 6 1 19 6 16 4 8 2 4 2 10 4 12 4 12 4 12 4 14 6 20 6 16 6 20 6 15 1 7 20 6 16 4 8 4 17 1 6 1 17 6 20 6 14 4 12 4 10 2 2 2 12 4 10 4 16 6 18 6 19 1 6 1 15 4 10 4 14 5 1 20, zy
2960: 1 5 14 4 10 4 16 6 18 6 18 6 18 6 18 6 18 6 18 6 17 1 6 1 19 6 16 4 8 4 17 1 6 1 17 6 20 7 1 15 6 20 6 16 6 20 6 16 6 20 6 15 1 7 20 6 17 1 6 1 17 4 8 4 16 6 19 1 6 1 17 6 18 6 18 6 18 6 18 6 18 6 18 6 16 4 10 4 14 5 1 20 1 6 1 15 4 8 2 6 2 6 4 18 6 16 4 8 2 4 2 10 4 12 4 14 6 20 6 16 6 20 6 16 6 20 6 16 6 20 6 14 4 12 4 10 2 4 2 8 4 16 6 18 4 6 2 6 2 8 4 15 1 6 1 20, zy
2961: 1 5 14 4 10 4 16 6 20 6 16 4 8 2 6 4 18 6 18 6 19 1 5 14 4 10 4 16 6 20 6 16 6 20 6 18 6 18 6 18 6 20 6 14 4 12 4 14 6 21 1 5 16 6 20 6 17 1 6 1 17 4 8 4 17 1 6 1 17 6 20 6 16 5 1 21 6 14 4 12 4 14 6 20 6 18 6 18 6 18 6 20 6 16 6 20 6 16 4 10 4 14 5 1 19 6 18 6 18 4 6 2 8 4 16 6 20 6 16 4 10 4 14 5 1 20 1 5 15 1 7 21 1 5 14 4 12 4 10 2 4 2 10 4 12 4 14 5 1 21 7 1 15 5 1 20, zy
2962: 1 5 14 4 10 4 16 6 20 6 16 5 1 20 1 6 1 15 4 10 4 14 4 10 2 4 2 6 2 8 4 16 6 20 6 17 1 6 1 17 6 20 6 16 4 8 2 6 2 4 2 10 4 14 4 10 4 15 1 6 1 20 1 5 16 6 20 6 16 4 10 4 14 5 1 20 1 5 16 6 19 1 6 1 17 6 19 1 5 14 5 1 19 6 18 6 19 1 5 14 4 10 4 16 6 20 6 16 5 1 21 6 14 4 12 4 12 4 14 6 21 1 5 16 6 20 6 16 4 10 4 14 5 1 19 6 18 6 19 1 5 14 5 1 19 6 17 1 6 1 19 6 16 5 1 20, zy
2963: 1 5 14 5 1 19 6 16 6 16 4 8 4 16 6 16 6 19 1 5 14 5 1 19 6 16 6 16 4 8 4 16 6 16 6 19 1 5 14 5 1 19 6 16 6 17 1 6 1 17 6 16 4 6 2 8 4 14 6 20 7 1 15 6 18 6 17 1 6 1 16 1 6 1 17 6 18 6 14 4 10 4 12 4 12 4 10 4 12 4 12 4 10 4 12 4 12 4 10 4 12 4 12 4 10 4 12 4 12 4 10 4 12 4 12 4 10 4 14 6 18 6 17 1 6 1 16 1 6 1 17 6 18 6 15 1 7 20 6 14 4 8 2 6 4 16 6 17 1 6 1 17 6 16 6 19, zy
2964: 1 5 12 2 2 2 10 4 12 4 12 4 12 4 12 4 10 2 2 2 12 5 1 19 6 15 1 7 20 6 16 6 20 7 1 13 4 12 4 12 4 10 4 14 4 10 4 14 4 8 2 6 2 4 2 10 4 12 4 12 5 1 17 6 19 1 5 14 5 1 19 6 17 1 5 12 4 12 5 1 17 6 19 1 5 14 5 1 19 6 17 1 5 12 4 12 4 10 2 4 2 6 2 8 4 14 4 10 4 14 4 10 4 12 4 12 4 13 1 7 20 6 16 6 20 7 1 15 6 19 1 5 12 2 2 2 10 4 12 4 12 4 12 4 12 4 10 2 2 2 12 5 1 19 6 16 6 19, zy
2965: 1 5 12 2 2 2 10 4 14 4 8 2 6 2 6 4 18 6 17 1 6 1 18 1 6 1 17 6 19 1 6 1 16 1 6 1 19 6 18 6 16 5 1 20 1 6 1 16 1 6 1 19 6 16 4 8 2 4 2 10 4 12 4 12 4 12 4 12 4 12 4 12 4 12 4 12 4 12 4 12 4 10 2 4 2 8 4 16 6 19 1 6 1 16 1 6 1 20 1 5 16 6 18 6 19 1 6 1 16 1 6 1 19 6 17 1 6 1 18 1 6 1 17 6 18 4 6 2 6 2 8 4 14 4 10 2 2 2 12 5 1 19 6 17 1 6 1 19 6 16 6 19 1 6 1 17 6 19, zy
2966: 1 5 12 4 12 2 2 2 8 2 6 4 17 1 6 1 17 4 6 2 8 2 2 2 12 4 12 5 1 18 1 6 1 17 4 6 2 8 4 16 6 19 1 5 12 4 14 5 1 20 1 5 14 5 1 19 6 18 6 16 4 10 4 12 4 14 5 1 20 1 6 1 16 1 6 1 19 6 16 4 8 2 4 2 8 2 6 4 17 1 5 12 4 12 4 12 5 1 17 4 6 2 8 2 4 2 8 4 16 6 19 1 6 1 16 1 6 1 20 1 5 14 4 12 4 10 4 16 6 18 6 19 1 5 14 5 1 20 1 5 14 4 12 5 1 19 6 16 4 8 2 6 4 17 1 6 1 18, zy
2967: 1 5 12 4 12 4 12 4 12 5 1 17 4 8 4 16 6 19 1 6 1 17 6 18 6 18 6 18 6 18 6 18 6 18 6 18 6 16 4 10 4 14 6 21 1 5 16 6 18 4 6 2 8 4 16 6 18 6 19 1 6 1 15 4 10 4 14 4 8 2 6 2 6 4 18 6 17 1 6 1 19 6 16 6 20 6 16 6 19 1 6 1 17 6 18 4 6 2 6 2 8 4 14 4 10 4 15 1 6 1 19 6 18 6 16 4 8 2 6 4 18 6 16 5 1 21 6 14 4 10 4 16 6 18 6 18 6 18 6 18 6 18 6 18 6 18 6 17 1 6 1 19 6 16 4 8 4 17, zy
2968: 1 5 12 4 12 4 14 6 20 6 16 4 8 2 4 2 8 2 6 4 16 4 8 2 4 2 8 2 4 2 10 4 12 4 12 4 12 4 12 4 12 4 12 4 12 4 12 4 10 2 4 2 8 2 4 2 8 4 16 4 6 2 8 2 4 2 8 4 16 6 20 6 14 4 12 4 12 5 1 17 4 8 4 16 4 8 4 16 4 6 2 8 2 4 2 8 4 16 4 6 2 8 2 4 2 8 4 16 6 20 6 14 4 12 4 12 5 1 18 1 5 12 4 12 4 14 6 20 6 16 4 8 2 4 2 8 2 6 4 16 4 8 2 4 2 8 2 6 4 16 4 8 4 16 4 8 4 17, zy
2969: 1 5 12 4 14 4 8 2 6 4 18 6 16 4 8 2 6 4 18 6 16 4 8 2 4 2 10 4 12 4 12 2 2 2 8 2 6 4 17 1 6 1 17 4 6 2 8 2 2 2 12 4 12 4 10 2 4 2 8 4 16 6 18 4 6 2 8 4 16 6 18 4 6 2 8 4 14 4 12 5 1 19 6 16 4 8 2 4 2 10 4 12 4 12 4 14 6 20 6 16 4 8 4 16 4 8 2 4 2 8 2 4 2 8 2 4 2 8 2 4 2 8 2 4 2 8 2 4 2 8 2 4 2 8 4 16 4 8 4 16 6 20 6 14 4 12 4 12 4 10 2 4 2 8 4 16 6 19, zy
2970: 1 5 14 4 10 4 14 4 10 4 14 4 10 4 14 4 8 2 6 2 6 2 6 4 18 6 17 1 6 1 19 6 16 6 20 6 16 6 20 6 15 1 7 20 6 16 4 8 2 4 2 10 4 12 4 12 4 12 4 12 4 12 4 12 4 12 4 12 4 10 2 4 2 8 4 16 6 20 7 1 15 6 20 6 16 6 20 6 16 6 19 1 6 1 17 6 18 4 6 2 6 2 6 2 8 4 14 4 10 4 14 4 10 4 14 4 10 4 14 5 1 19 6 18 6 18 6 17 1 6 1 19 6 16 6 20 6 16 4 8 4 16 6 20 6 16 6 19 1 6 1 17 6 18 6 18 6 19, zy
2971: 1 5 14 4 10 4 16 6 18 6 18 6 18 6 18 6 18 6 18 6 17 1 6 1 19 6 16 4 8 4 17 1 6 1 17 4 8 4 16 6 19 1 6 1 17 6 18 6 18 6 18 6 18 6 18 6 18 6 16 4 10 4 14 5 1 20 1 5 14 5 1 19 6 18 6 16 4 8 2 6 2 4 2 10 4 12 2 2 2 10 4 12 4 14 6 20 6 16 4 8 4 16 4 8 2 4 2 8 2 4 2 8 2 4 2 8 2 4 2 8 4 16 4 8 4 16 6 20 6 14 4 12 4 10 2 2 2 12 4 10 2 4 2 6 2 8 4 16 6 18 6 19 1 5 14 5 1 20, zy
2972: 1 5 16 6 20 6 16 6 20 6 14 4 12 4 12 4 10 2 4 2 8 4 16 6 20 7 1 15 6 20 6 16 6 20 6 16 6 20 6 16 6 20 6 15 1 7 20 6 16 4 8 2 4 2 10 4 12 4 12 4 14 6 20 6 16 6 20 6 16 5 1 21 6 15 1 7 20 6 17 1 6 1 18 1 6 1 17 6 20 7 1 15 6 20 6 16 4 8 2 4 2 10 4 12 4 12 4 12 4 12 4 12 4 12 4 12 4 12 4 12 4 12 4 12 4 12 4 10 2 4 2 8 4 16 6 20 6 15 1 7 20 6 17 1 6 1 18 1 6 1 17 6 20 7 1 15 6 21, zy
2973: 1 5 12 2 2 2 10 2 2 2 10 2 2 2 10 2 2 2 10 2 2 2 10 2 2 2 10 4 14 4 10 2 2 2 10 2 2 2 10 2 2 2 10 2 2 2 10 2 2 2 12 5 1 19 6 18 6 18 6 16 4 10 4 14 5 1 20 1 5 14 4 10 4 16 6 18 6 18 6 19 1 5 12 2 2 2 10 2 2 2 10 2 2 2 10 2 2 2 10 2 2 2 10 4 14 4 10 2 2 2 10 2 2 2 10 2 2 2 10 2 2 2 10 2 2 2 10 2 2 2 12 5 1 19 6 18 6 18 6 16 4 10 4 14 5 1 20 1 5 14 4 10 4 16 6 18 6 18 6 19, zy
2974: 1 5 12 2 2 2 10 4 12 2 2 2 8 2 6 4 16 6 20 6 14 4 10 4 14 4 10 4 14 5 1 19 6 18 6 16 4 8 2 4 2 8 2 4 2 8 4 16 6 19 1 5 14 5 1 19 6 16 4 8 2 4 2 8 2 4 2 8 4 16 6 18 6 19 1 5 14 4 10 4 14 4 10 4 14 6 20 6 16 4 6 2 8 2 2 2 12 4 10 2 2 2 12 5 1 19 6 16 5 1 21 6 14 5 1 19 6 16 6 20 6 14 4 12 5 1 18 1 6 1 17 6 18 6 17 1 6 1 18 1 5 12 4 14 6 20 6 16 6 19 1 5 14 6 21 1 5 16 6 19, zy
2975: 1 5 12 2 2 2 10 4 12 5 1 17 4 6 2 6 2 6 4 17 1 5 12 4 10 2 2 2 12 5 1 19 6 16 6 18 6 16 6 19 1 5 14 4 8 2 4 2 8 2 4 2 6 2 6 2 6 2 6 4 17 1 5 12 4 12 4 10 4 14 6 20 7 1 15 6 18 6 16 4 8 4 15 1 6 1 19 6 14 5 1 19 6 14 4 10 4 14 6 19 1 5 14 6 19 1 6 1 15 4 8 4 16 6 18 6 15 1 7 20 6 14 4 10 4 12 4 12 5 1 17 4 6 2 6 2 6 2 6 2 4 2 8 2 4 2 8 4 14 5 1 19 6 16 6 18 6 16 6 19, zy
2976: 1 5 12 4 12 2 2 2 10 4 12 4 12 4 14 6 20 6 16 6 20 6 16 6 20 6 16 6 19 1 6 1 17 6 18 6 19 1 5 14 5 1 20 1 5 14 4 10 4 16 6 18 6 18 6 18 6 18 6 18 6 18 6 18 6 18 6 16 4 10 4 14 5 1 20 1 5 14 5 1 19 6 18 6 17 1 6 1 19 6 16 6 20 6 16 6 20 6 16 6 20 6 14 4 12 4 12 4 10 2 2 2 12 4 12 5 1 18 1 6 1 17 4 8 4 16 6 19 1 6 1 17 6 18 6 18 6 18 6 18 6 18 6 18 6 17 1 6 1 19 6 16 4 8 4 17 1 6 1 18, zy
2977: 1 5 12 4 12 4 10 2 2 2 10 4 12 4 10 4 14 5 1 20 1 5 14 4 10 4 12 4 10 4 14 6 19 1 6 1 15 6 19 1 5 14 5 1 19 6 15 1 6 1 19 6 14 4 10 4 12 4 10 4 14 5 1 20 1 5 14 4 10 4 12 4 10 2 2 2 10 4 12 4 12 5 1 19 6 14 4 8 2 4 2 8 2 4 2 6 2 6 2 6 4 16 4 6 2 6 2 6 4 16 4 6 2 6 2 6 4 16 4 6 2 6 2 6 4 16 4 6 2 6 2 6 4 16 4 6 2 6 2 6 4 16 4 6 2 6 2 6 2 4 2 8 2 4 2 8 4 14 6 19, zy
2978: 1 5 12 4 12 4 12 2 2 2 8 2 4 2 10 4 12 4 12 4 12 4 12 4 12 4 12 5 1 17 4 8 4 16 6 20 6 14 4 12 4 12 5 1 18 1 6 1 17 4 8 4 16 6 19 1 5 12 4 14 5 1 20 1 5 14 5 1 20 1 5 14 4 12 5 1 19 6 16 4 8 4 17 1 6 1 18 1 5 12 4 12 4 14 6 20 6 16 4 8 4 17 1 5 12 4 12 4 12 4 12 4 12 4 12 4 10 2 4 2 8 2 2 2 12 4 12 4 12 5 1 18 1 6 1 17 6 19 1 6 1 17 6 18 6 18 6 18 6 17 1 6 1 19 6 17 1 6 1 18, zy
2979: 1 5 12 4 12 4 12 4 10 2 4 2 8 2 4 2 8 4 16 6 20 6 14 4 12 4 10 2 2 2 12 4 10 2 2 2 12 4 10 4 15 1 6 1 20 1 5 14 4 10 4 16 6 18 6 18 6 18 6 18 6 18 6 18 6 18 6 16 4 10 4 14 5 1 20 1 6 1 15 4 10 4 12 2 2 2 10 4 12 2 2 2 10 4 12 4 14 6 20 6 16 4 8 2 4 2 8 2 4 2 10 4 12 4 12 4 12 5 1 17 4 6 2 8 2 4 2 8 4 16 6 19 1 6 1 17 6 18 6 18 6 18 6 17 1 6 1 19 6 16 4 8 2 4 2 8 2 6 4 17, zy
2980: 1 5 12 4 12 4 12 4 12 4 10 2 4 2 6 2 8 4 14 4 10 4 14 5 1 19 6 18 6 16 4 8 4 16 6 20 6 14 4 10 4 14 4 10 4 14 5 1 20 1 5 14 4 10 4 14 4 10 4 14 5 1 20 1 5 14 4 10 4 14 4 10 4 14 5 1 20 1 5 14 4 10 4 14 4 10 4 14 6 20 6 16 4 8 4 16 6 18 6 19 1 5 14 4 10 4 14 4 8 2 6 2 4 2 10 4 12 4 12 4 12 4 12 5 1 18 1 5 12 4 12 4 12 4 12 4 12 4 10 4 16 6 18 6 16 4 10 4 12 4 12 4 12 4 12 4 12 5 1 18, zy
2981: 1 5 12 4 12 4 12 4 12 4 12 4 12 4 12 4 12 4 12 4 12 4 12 4 12 4 12 4 12 4 12 5 1 17 4 6 2 8 2 4 2 8 4 16 6 20 7 1 13 4 12 4 12 4 12 4 12 4 12 4 12 4 12 5 1 17 4 8 4 16 6 20 6 14 4 12 4 12 5 1 18 1 5 12 4 12 4 14 6 21 1 5 16 4 8 4 16 4 8 4 16 5 1 21 6 14 4 12 4 12 5 1 18 1 5 12 4 12 4 14 6 20 6 16 4 8 4 17 1 5 12 4 12 4 12 4 12 4 12 4 12 4 12 4 13 1 7 20 6 16 4 8 2 4 2 8 2 6 4 17, zy
2982: 1 5 12 4 12 4 12 4 12 4 12 4 12 4 12 4 12 4 12 4 12 5 1 18 1 6 1 17 6 20 6 14 4 10 4 16 6 18 6 18 6 18 6 18 6 18 6 18 6 16 4 10 4 14 6 21 1 5 16 6 19 1 6 1 17 6 18 6 18 6 18 6 17 1 6 1 19 6 16 4 8 2 4 2 8 2 4 2 10 4 12 4 12 4 10 2 4 2 8 2 4 2 8 4 16 6 19 1 6 1 17 6 18 6 18 6 18 6 17 1 6 1 19 6 16 5 1 21 6 14 4 10 4 16 6 18 6 18 6 18 6 18 6 18 6 18 6 16 4 10 4 14 6 20 6 17 1 6 1 18, zy
2983: 1 5 12 4 12 4 12 4 12 4 14 6 20 6 16 4 8 4 17 1 6 1 17 4 6 2 8 2 4 2 8 4 16 6 20 6 14 4 12 4 12 4 12 5 1 17 4 8 4 16 4 8 4 16 4 8 4 16 4 8 4 16 4 8 4 16 4 8 4 17 1 5 12 4 12 4 12 4 14 6 20 6 16 4 8 2 4 2 8 2 6 4 17 1 6 1 17 4 8 4 16 6 20 6 14 4 12 4 12 4 12 4 12 5 1 17 4 8 4 16 4 8 4 16 4 8 4 16 6 20 6 16 6 20 6 16 6 20 6 16 6 20 6 16 6 20 6 16 4 8 4 16 4 8 4 16 4 8 4 17, zy
2984: 1 5 12 4 12 4 12 4 12 5 1 17 4 8 4 16 6 19 1 6 1 17 6 18 6 18 6 18 6 18 6 18 6 17 1 6 1 19 6 16 5 1 21 6 14 4 10 2 2 2 12 4 10 4 15 1 6 1 20 1 5 14 4 12 5 1 19 6 16 4 8 2 4 2 10 4 12 4 12 4 12 4 12 4 12 4 12 4 12 4 12 4 12 4 12 4 10 2 4 2 8 4 16 6 19 1 5 12 4 14 5 1 20 1 6 1 15 4 10 4 12 2 2 2 10 4 14 6 21 1 5 16 6 19 1 6 1 17 6 18 6 18 6 18 6 18 6 18 6 17 1 6 1 19 6 16 4 8 4 17, zy
2985: 1 5 12 4 12 4 14 4 8 2 6 2 6 2 6 2 8 4 14 4 12 4 12 4 10 2 6 4 17 1 5 12 4 12 4 14 5 1 20 1 5 14 4 12 4 12 5 1 17 4 6 2 10 4 12 4 12 4 14 4 8 2 6 2 6 2 6 2 8 4 14 4 12 4 12 5 1 17 4 8 4 16 4 10 4 12 4 14 4 10 4 14 4 10 2 4 2 6 2 8 4 16 4 8 4 17 1 5 12 4 12 4 14 4 8 2 6 2 6 2 6 2 8 4 14 4 12 4 12 5 1 17 4 8 4 16 4 8 2 6 2 4 2 10 4 14 4 10 4 14 4 12 4 10 4 16 4 8 4 17, zy
2986: 1 5 12 4 13 1 7 19 1 6 1 16 1 6 1 19 7 1 13 4 12 5 1 18 1 6 1 17 6 18 6 16 6 18 6 18 6 14 4 12 5 1 19 6 14 4 10 4 14 4 8 4 16 6 18 6 17 1 6 1 17 6 18 6 16 6 18 6 18 6 15 1 7 20 6 14 4 8 2 6 2 4 2 10 4 10 2 4 2 6 2 6 2 6 2 4 2 10 4 10 2 4 2 6 2 8 4 14 6 20 7 1 15 6 18 6 18 6 16 6 18 6 17 1 6 1 17 6 18 6 16 4 8 4 14 4 10 4 14 6 19 1 5 12 4 14 6 18 6 18 6 16 6 18 6 17 1 6 1 18, zy
2987: 1 5 12 4 14 4 8 2 6 2 6 2 4 2 10 4 14 4 8 2 6 2 6 4 18 6 18 6 16 4 10 4 14 5 1 20 1 5 14 4 10 4 16 6 18 6 18 4 6 2 6 2 8 4 14 4 10 2 4 2 6 2 6 2 8 4 14 4 12 5 1 19 6 16 4 10 4 12 4 14 5 1 21 7 1 15 5 1 20 1 6 1 15 4 10 4 14 5 1 19 6 18 6 18 6 18 6 18 6 18 6 18 6 18 6 18 6 18 6 18 6 18 6 18 6 18 6 18 6 18 6 19 1 5 14 4 10 4 15 1 6 1 20 1 5 15 1 7 21 1 5 14 4 12 4 10 4 16 6 19, zy
2988: 1 5 12 4 14 5 1 20 1 6 1 15 4 10 4 14 5 1 20 1 5 14 5 1 19 6 18 6 16 4 8 2 4 2 10 4 12 4 14 6 20 6 16 6 20 6 16 6 20 6 14 4 12 4 10 2 4 2 8 4 16 6 18 6 19 1 5 14 5 1 20 1 5 14 4 10 4 15 1 6 1 20 1 5 14 4 12 5 1 19 6 16 6 20 6 16 4 8 4 16 4 6 2 8 2 4 2 8 4 16 6 20 6 14 4 12 5 1 19 6 16 6 20 6 16 6 20 6 16 6 19 1 5 12 4 14 6 20 6 16 4 8 2 4 2 8 2 6 4 16 4 8 4 16 6 20 6 16 6 19, zy
2989: 1 5 12 4 14 6 20 6 16 6 18 6 18 6 18 6 17 1 6 1 17 6 18 6 18 6 18 6 16 6 20 6 14 4 12 5 1 19 6 14 4 12 4 10 2 4 2 6 2 6 2 6 2 6 2 6 2 6 2 4 2 10 4 12 4 14 6 19 1 5 12 4 14 6 20 6 16 6 18 6 19 1 5 14 4 10 4 14 4 8 2 6 2 4 2 10 4 12 4 12 4 10 2 4 2 6 2 8 4 14 4 10 4 14 5 1 19 6 18 6 16 6 20 6 14 4 12 5 1 19 6 14 4 12 4 10 2 4 2 6 2 6 2 6 2 6 2 6 2 6 2 4 2 10 4 12 4 14 6 19, zy
2990: 1 5 12 4 14 6 21 1 5 16 6 20 7 1 13 4 12 4 12 4 12 4 12 4 12 4 12 4 12 4 12 4 12 4 12 4 12 4 12 4 13 1 7 20 6 16 5 1 21 6 14 4 12 5 1 18 1 6 1 17 4 6 2 8 2 2 2 12 4 12 4 10 2 4 2 8 4 16 6 20 6 16 6 19 1 5 12 4 14 6 21 1 5 16 6 20 7 1 13 4 12 4 12 4 12 4 12 4 12 4 12 4 12 4 12 4 13 1 7 20 6 16 5 1 21 6 14 4 12 5 1 19 6 16 6 20 6 16 4 8 2 4 2 10 4 12 4 12 2 2 2 8 2 6 4 17 1 6 1 18, zy
2991: 1 5 14 4 10 4 14 4 10 2 2 2 10 2 2 2 10 2 2 2 10 2 2 2 10 4 14 4 10 4 14 5 1 20 1 5 14 4 10 4 14 4 10 2 2 2 10 2 2 2 10 2 2 2 10 2 2 2 10 4 14 4 10 4 14 5 1 20 1 5 14 4 10 4 15 1 6 1 20 1 5 16 6 18 6 19 1 6 1 15 4 10 4 14 4 10 4 14 5 1 20 1 5 14 4 10 4 14 4 10 4 14 4 10 4 14 4 10 4 14 4 10 4 14 5 1 20 1 5 14 4 10 4 14 4 10 4 15 1 6 1 19 6 18 6 16 5 1 20 1 6 1 15 4 10 4 14 5 1 20, zy
2992: 1 5 14 4 10 4 14 4 10 2 2 2 10 2 4 2 6 2 6 2 6 2 6 2 6 2 6 2 6 2 4 2 10 2 2 2 10 4 14 4 10 4 14 5 1 20 1 5 14 5 1 19 6 18 6 16 4 8 2 6 4 18 6 16 5 1 21 6 14 4 10 4 15 1 6 1 20 1 5 14 4 10 4 16 6 18 6 18 6 18 6 19 1 5 14 4 10 4 14 4 10 4 14 4 10 4 14 4 10 4 14 5 1 19 6 18 6 18 6 18 6 16 4 10 4 14 5 1 20 1 6 1 15 4 10 4 14 6 21 1 5 16 6 18 4 6 2 8 4 16 6 18 6 19 1 5 14 5 1 20, zy
2993: 1 5 14 4 10 4 14 4 10 2 4 2 6 2 6 2 6 2 6 2 6 2 6 2 6 2 6 2 6 2 6 2 6 2 4 2 10 4 14 4 10 4 14 5 1 20 1 5 14 5 1 19 6 18 6 16 4 8 2 6 4 18 6 16 5 1 21 6 14 4 10 4 15 1 6 1 20 1 5 14 4 10 4 16 6 18 6 18 6 18 6 19 1 5 14 4 10 4 14 4 10 4 14 4 10 4 14 4 10 4 14 5 1 19 6 18 6 18 6 18 6 16 4 10 4 14 5 1 20 1 6 1 15 4 10 4 14 6 21 1 5 16 6 18 4 6 2 8 4 16 6 18 6 19 1 5 14 5 1 20, zy
2994: 1 5 14 4 10 4 14 4 10 4 14 4 10 4 14 4 10 4 14 4 10 4 14 5 1 19 6 18 6 18 6 18 6 16 4 10 4 14 5 1 20 1 5 14 5 1 19 6 17 1 6 1 19 6 16 6 20 6 16 6 20 6 16 6 19 1 6 1 17 6 19 1 5 14 5 1 20 1 5 14 4 10 4 16 6 18 6 18 6 18 6 19 1 5 14 4 10 4 14 4 10 4 14 4 10 4 14 4 10 4 14 4 10 4 14 5 1 19 6 18 6 18 6 18 6 17 1 6 1 19 6 16 6 21 1 5 16 4 8 4 16 5 1 21 6 16 6 19 1 6 1 17 6 18 6 18 6 18 6 19, zy
2995: 1 5 14 4 10 4 14 4 10 4 14 5 1 19 6 18 6 16 4 10 4 12 2 2 2 10 4 14 6 21 1 5 16 6 19 1 6 1 17 6 18 6 18 6 18 6 18 6 17 1 6 1 19 6 16 5 1 21 7 1 15 6 20 6 16 5 1 21 6 14 4 10 2 2 2 12 4 10 4 16 6 18 6 19 1 5 14 5 1 19 6 18 6 16 4 10 4 12 2 2 2 10 4 14 6 21 1 5 16 6 20 6 15 1 7 21 1 5 16 6 19 1 6 1 17 6 18 6 18 6 18 6 18 6 17 1 6 1 19 6 16 5 1 21 6 14 4 10 2 2 2 12 4 10 4 16 6 18 6 19, zy
2996: 1 5 14 4 10 4 14 6 20 6 16 6 18 6 18 6 16 4 8 2 4 2 8 4 16 6 18 6 17 1 6 1 17 4 6 2 6 2 6 2 6 2 6 4 17 1 6 1 17 6 18 6 16 4 8 2 4 2 8 4 16 6 18 6 18 6 16 6 20 6 14 4 10 4 14 5 1 19 6 16 4 8 2 4 2 8 4 16 6 18 6 16 4 8 2 4 2 8 2 4 2 8 4 16 6 18 6 16 4 8 2 6 4 16 6 19 1 5 14 5 1 19 6 16 4 6 2 8 4 16 6 18 6 16 4 8 2 4 2 8 2 4 2 8 4 16 6 18 6 16 4 8 2 4 2 8 4 16 6 19, zy
2997: 1 5 10 2 4 2 6 2 6 2 6 2 4 2 8 2 4 2 6 2 6 2 6 4 16 4 6 2 6 2 6 4 16 4 6 2 6 2 6 4 16 6 18 6 16 6 19 1 5 14 4 10 4 12 4 10 4 14 5 1 19 6 16 6 18 6 16 4 6 2 6 2 6 4 16 4 6 2 6 2 6 4 16 4 6 2 6 2 6 2 4 2 8 2 4 2 6 2 6 2 6 2 4 2 10 5 1 17 6 18 6 14 4 10 4 12 4 12 4 10 4 12 4 12 4 10 4 12 4 12 4 10 4 12 4 12 4 10 4 12 4 12 4 10 4 12 4 12 4 10 4 12 4 12 4 10 4 14 6 18 6 17, zy
2998: 1 5 12 2 2 2 10 4 12 4 12 4 12 4 10 4 15 1 6 1 18 1 5 12 4 12 4 12 4 12 5 1 18 1 5 12 4 12 4 12 4 12 5 1 18 1 5 12 4 12 4 12 4 12 5 1 18 1 5 12 4 12 4 12 4 12 5 1 18 1 6 1 15 4 10 4 12 4 12 4 12 4 10 2 2 2 12 5 1 19 6 16 6 19 1 5 14 5 1 19 6 17 1 5 12 4 12 5 1 17 6 19 1 5 14 4 8 2 6 2 4 2 10 4 12 4 12 4 10 2 4 2 6 2 8 4 14 5 1 19 6 17 1 5 12 4 12 5 1 17 6 19 1 5 14 5 1 19 6 16 6 19, zy
2999: 1 5 12 2 2 2 10 4 14 4 8 2 6 2 6 4 18 6 16 4 10 4 12 4 14 6 20 6 17 1 6 1 17 4 6 2 8 4 16 6 20 7 1 15 6 20 6 16 6 20 6 16 6 20 6 15 1 7 20 6 16 4 8 2 6 4 17 1 6 1 17 6 20 6 14 4 12 4 10 4 16 6 18 4 6 2 6 2 8 4 14 4 10 2 2 2 12 5 1 19 6 17 1 6 1 19 6 16 6 20 6 14 4 12 4 12 4 12 5 1 18 1 5 12 4 12 4 12 4 12 4 12 4 12 4 12 4 12 5 1 18 1 5 12 4 12 4 12 4 14 6 20 6 16 6 19 1 6 1 17 6 19, zy
3000: 1 5 12 4 12 4 12 4 12 4 12 4 12 5 1 17 4 6 2 8 2 4 2 8 4 16 6 19 1 6 1 17 6 18 6 18 6 18 6 18 6 17 1 6 1 19 6 16 5 1 21 6 14 4 10 2 2 2 12 4 10 4 15 1 6 1 20 1 5 14 4 12 5 1 19 6 16 6 20 6 16 4 8 4 16 4 8 2 4 2 8 4 16 4 8 4 16 6 20 6 16 6 19 1 5 12 4 14 5 1 20 1 6 1 15 4 10 4 12 2 2 2 10 4 14 6 21 1 5 16 6 19 1 6 1 17 6 18 6 18 6 18 6 18 6 17 1 6 1 19 6 16 4 8 2 4 2 8 2 6 4 17, zy
3001: 1 5 12 4 14 5 1 20 1 5 14 4 10 4 14 4 10 4 15 1 6 1 19 6 16 4 8 2 4 2 10 4 12 4 12 4 12 4 12 4 14 6 20 6 15 1 7 20 6 16 4 8 2 4 2 10 4 12 4 12 4 12 4 12 4 12 4 12 4 12 4 12 4 12 4 12 4 10 2 4 2 8 4 16 6 20 7 1 15 6 20 6 14 4 12 4 12 4 12 4 12 4 10 2 4 2 8 4 16 6 19 1 6 1 15 4 10 4 14 4 10 4 14 5 1 20 1 5 14 4 12 5 1 19 6 16 6 20 6 16 4 8 4 16 4 8 2 4 2 8 4 16 4 8 4 16 6 20 6 16 6 19, zy
3002: 1 5 14 4 10 4 16 6 18 6 18 6 18 6 18 6 18 6 18 6 18 6 17 1 6 1 19 6 16 4 8 4 17 1 6 1 17 4 8 4 16 6 19 1 6 1 17 6 18 6 18 6 18 6 18 6 18 6 18 6 18 6 16 4 10 4 14 5 1 20 1 5 14 5 1 19 6 18 6 16 4 8 2 6 4 18 6 16 4 8 2 4 2 10 4 12 4 14 6 20 6 16 4 8 4 16 4 8 2 4 2 8 2 4 2 8 2 4 2 8 2 4 2 8 4 16 4 8 4 16 6 20 6 14 4 12 4 10 2 4 2 8 4 16 6 18 4 6 2 8 4 16 6 18 6 19 1 5 14 5 1 20, zy
3003: 1 5 14 5 1 19 6 16 6 17 1 6 1 17 6 16 4 6 2 8 4 14 6 19 1 6 1 15 6 19 1 5 14 6 20 6 14 6 20 7 1 14 1 7 19 1 6 1 15 4 8 4 15 1 6 1 18 1 6 1 15 4 8 4 15 1 6 1 18 1 6 1 15 4 8 4 15 1 6 1 18 1 6 1 15 4 8 4 15 1 6 1 18 1 6 1 15 4 8 4 15 1 6 1 19 7 1 14 1 7 20 6 14 6 20 6 14 5 1 19 6 15 1 6 1 19 6 14 4 8 2 6 4 16 6 17 1 6 1 17 6 16 6 19 1 5 14 5 1 19 6 16 6 17 1 6 1 17 6 16 6 19, zy
3004: 1 5 10 2 4 2 6 2 6 2 6 2 4 2 10 5 1 17 6 17 1 6 1 17 6 17 1 6 1 17 6 16 4 8 4 16 6 16 4 8 2 4 2 6 2 8 4 14 6 20 6 14 5 1 19 6 16 6 18 6 16 6 18 6 17 1 6 1 17 6 16 4 8 4 15 1 6 1 19 7 1 13 4 12 5 1 19 6 14 4 10 4 14 6 19 1 5 12 4 13 1 7 19 1 6 1 15 4 8 4 16 6 17 1 6 1 17 6 18 6 16 6 18 6 16 6 19 1 5 14 6 20 6 14 4 8 2 6 2 4 2 8 4 16 6 16 4 8 4 16 6 17 1 6 1 17 6 17 1 6 1 17 6 17, zy
3005: 1 5 12 2 2 2 8 2 4 2 8 4 14 5 1 20 1 5 15 1 6 1 19 6 14 5 1 19 6 14 4 10 4 12 4 12 4 8 2 6 2 4 2 8 4 15 1 6 1 18 1 5 12 4 12 4 10 4 14 6 18 6 18 6 14 4 10 4 12 4 12 5 1 18 1 6 1 15 4 8 2 4 2 6 2 8 4 12 4 12 4 10 4 14 6 19 1 5 14 6 19 1 6 1 15 5 1 20 1 5 14 4 8 2 4 2 8 2 2 2 12 5 1 19 6 14 4 10 4 12 4 12 5 1 18 1 6 1 16 1 6 1 17 6 17 1 6 1 16 1 6 1 18 1 5 12 4 12 4 10 4 14 6 19, zy
3006: 1 5 12 2 2 2 10 4 12 2 2 2 10 4 12 4 12 4 14 6 20 6 14 4 12 4 12 4 10 2 2 2 12 4 10 2 2 2 12 5 1 19 6 16 4 8 4 17 1 6 1 17 4 6 2 8 4 16 6 18 4 6 2 6 2 8 4 14 4 10 4 14 4 10 4 14 5 1 20 1 5 14 5 1 19 6 17 1 6 1 19 6 16 6 20 7 1 14 1 7 20 6 16 6 20 7 1 14 1 7 20 6 16 6 19 1 6 1 17 6 19 1 5 14 5 1 20 1 5 14 4 10 4 14 4 10 4 14 4 8 2 6 2 6 4 18 6 16 4 8 2 6 4 17 1 6 1 17 4 8 4 16 6 19, zy
3007: 1 5 12 2 2 2 10 4 14 5 1 19 6 19 1 5 14 4 10 2 2 2 12 5 1 19 6 16 4 10 4 12 4 14 5 1 20 1 5 14 5 1 19 6 18 6 18 6 16 4 10 4 14 5 1 19 6 18 6 18 6 18 6 19 1 5 14 4 10 4 16 6 18 6 18 6 19 1 5 14 5 1 20 1 5 14 4 12 4 10 4 16 6 19 1 5 12 2 2 2 10 4 14 5 1 19 6 19 1 5 14 4 10 2 2 2 12 5 1 19 6 16 4 10 4 12 4 14 5 1 20 1 6 1 15 4 10 4 14 5 1 20 1 5 14 4 10 4 15 1 6 1 20 1 5 14 4 12 4 10 4 16 6 19, zy
3008: 1 5 12 2 2 2 10 4 14 5 1 20 1 5 14 4 10 4 14 4 10 4 14 4 10 4 14 4 10 4 14 4 10 4 14 4 10 4 14 5 1 20 1 5 14 4 10 2 2 2 12 5 1 19 6 16 4 8 2 6 4 18 6 16 5 1 20 1 6 1 16 1 6 1 19 6 16 4 8 2 6 4 18 6 16 5 1 21 6 14 4 10 2 2 2 12 4 10 4 16 6 18 6 18 6 19 1 5 14 5 1 19 6 18 6 18 6 16 4 10 4 12 2 2 2 10 4 14 6 21 1 5 16 6 18 4 6 2 8 4 16 6 19 1 6 1 16 1 6 1 20 1 5 16 6 18 4 6 2 8 4 16 6 19, zy
3009: 1 5 12 4 10 2 4 2 6 2 4 2 10 4 10 2 2 2 10 4 14 6 18 6 17 1 5 12 5 1 17 6 18 6 14 4 10 4 14 6 18 6 17 1 5 12 5 1 17 6 18 6 14 4 10 4 14 6 18 6 17 1 5 12 5 1 17 6 18 6 14 4 10 2 2 2 10 4 10 2 4 2 6 2 4 2 10 4 12 5 1 18 1 5 12 4 12 5 1 17 4 6 2 6 2 6 4 16 6 18 6 16 6 18 6 16 6 18 6 16 6 18 6 16 6 18 6 16 6 18 6 16 6 18 6 16 6 18 6 16 6 18 6 16 6 18 6 16 4 6 2 6 2 6 4 17 1 5 12 4 12 5 1 18, zy
3010: 1 5 12 4 12 2 2 2 8 2 6 4 17 1 6 1 17 4 8 4 16 6 19 1 6 1 17 6 18 6 18 6 19 1 5 14 4 10 4 14 4 10 4 14 4 10 4 14 5 1 19 6 18 6 18 6 17 1 6 1 19 6 16 4 8 4 17 1 6 1 17 4 6 2 8 2 2 2 12 4 12 5 1 18 1 6 1 17 4 8 4 16 6 19 1 5 12 4 14 5 1 20 1 6 1 15 4 10 4 14 5 1 20 1 5 14 4 10 4 14 4 10 4 14 4 10 4 14 4 10 4 14 5 1 20 1 5 14 4 10 4 15 1 6 1 20 1 5 14 4 12 5 1 19 6 16 4 8 4 17 1 6 1 18, zy
3011: 1 5 12 4 12 4 10 2 2 2 10 4 12 4 10 4 14 5 1 20 1 5 14 4 10 4 12 4 10 4 14 6 19 1 6 1 15 6 19 1 5 14 5 1 19 6 15 1 6 1 19 6 14 4 10 4 12 4 10 4 14 5 1 20 1 5 14 4 10 4 12 4 10 2 2 2 10 4 12 4 12 5 1 19 6 14 5 1 19 7 1 13 4 10 4 12 4 12 4 10 4 12 4 12 4 10 4 12 4 12 4 8 2 6 2 4 2 8 2 4 2 6 2 6 2 6 2 4 2 8 2 4 2 6 2 8 4 12 4 12 4 10 4 12 4 12 4 10 4 12 4 12 4 10 4 13 1 7 19 1 5 14 6 19, zy
3012: 1 5 12 4 12 4 12 4 10 4 16 6 18 6 18 6 18 6 16 5 1 20 1 5 14 5 1 19 6 16 6 20 6 14 4 12 5 1 18 1 6 1 17 6 18 6 17 1 6 1 17 6 19 1 5 14 5 1 19 6 17 1 6 1 17 6 18 6 17 1 6 1 18 1 5 12 4 14 6 20 6 16 6 19 1 5 14 5 1 20 1 5 16 6 18 6 18 6 18 6 16 4 10 4 12 4 12 4 12 5 1 17 4 6 2 8 4 15 1 6 1 19 6 16 6 20 6 14 4 10 2 4 2 6 2 6 2 6 2 6 2 6 2 4 2 10 4 14 6 20 6 16 6 19 1 6 1 15 4 8 2 6 4 17, zy
3013: 1 5 12 4 12 4 12 4 12 4 12 4 10 4 14 4 10 4 14 4 10 4 12 4 12 4 12 4 12 4 12 4 10 4 15 1 6 1 19 6 15 1 7 20 6 16 4 6 2 8 2 4 2 8 4 15 1 6 1 19 6 16 6 20 6 14 4 10 2 4 2 6 2 6 2 6 2 4 2 10 4 14 6 20 6 16 6 19 1 6 1 15 4 8 2 4 2 8 2 6 4 16 6 20 7 1 15 6 19 1 6 1 15 4 10 4 12 4 12 4 12 4 12 4 12 4 10 4 14 4 10 4 14 4 10 4 12 4 12 4 12 4 12 4 12 5 1 17 4 8 4 16 6 18 6 18 6 18 6 16 4 8 4 17, zy
3014: 1 5 12 4 12 4 12 4 12 4 12 4 12 4 12 4 12 4 12 4 12 4 10 2 4 2 8 4 16 6 19 1 5 12 4 14 5 1 20 1 6 1 15 4 10 4 14 5 1 20 1 6 1 15 4 8 2 6 2 6 4 18 6 16 4 8 2 4 2 10 4 12 4 14 6 20 6 16 6 20 6 16 6 20 6 16 6 20 6 14 4 12 4 10 2 4 2 8 4 16 6 18 4 6 2 6 2 8 4 15 1 6 1 20 1 5 14 4 10 4 15 1 6 1 20 1 5 14 4 12 5 1 19 6 16 4 8 2 4 2 10 4 12 4 12 4 12 4 12 4 12 4 12 4 12 4 12 4 12 4 12 5 1 18, zy
3015: 1 5 12 4 12 4 12 4 12 4 12 4 12 4 12 4 12 4 12 4 12 4 10 2 4 2 8 4 16 6 19 1 6 1 17 6 18 6 18 6 18 6 18 6 18 6 17 1 6 1 19 6 16 4 8 2 4 2 10 4 12 4 12 4 12 4 12 4 12 4 12 4 12 4 12 4 12 4 12 5 1 17 4 8 4 16 4 8 4 16 6 20 6 14 4 12 4 10 2 4 2 8 4 16 6 18 6 19 1 6 1 15 4 10 4 14 4 10 4 14 5 1 20 1 5 14 4 10 4 14 4 10 4 15 1 6 1 19 6 18 6 16 4 8 2 4 2 10 4 12 4 14 6 20 6 16 4 8 4 16 4 8 4 17, zy
3016: 1 5 12 4 12 4 12 5 1 17 4 6 2 8 4 15 1 6 1 19 6 16 5 1 21 7 1 15 6 20 6 14 4 12 5 1 18 1 6 1 17 6 17 1 6 1 18 1 6 1 17 6 17 1 6 1 18 1 5 12 4 14 6 20 6 15 1 7 21 1 5 16 6 19 1 6 1 15 4 8 2 6 4 17 1 5 12 4 12 4 12 5 1 17 4 6 2 8 4 16 6 18 6 17 1 6 1 18 1 5 12 4 14 6 20 6 14 4 12 4 10 4 15 1 6 1 19 6 16 6 19 1 6 1 15 4 10 4 12 4 14 6 20 6 14 4 12 5 1 18 1 6 1 17 6 18 6 16 4 8 2 6 4 17, zy
3017: 1 5 12 4 12 4 14 6 20 6 16 6 20 6 14 4 12 4 12 4 10 2 4 2 8 4 16 6 18 6 19 1 5 14 5 1 20 1 5 14 4 10 4 14 4 10 4 14 4 10 4 14 4 10 4 14 5 1 20 1 5 14 5 1 19 6 18 6 16 4 8 2 4 2 10 4 12 4 12 4 14 6 20 6 16 6 20 6 14 4 12 4 12 5 1 18 1 6 1 17 4 6 2 8 4 16 6 18 4 6 2 6 2 8 4 14 4 10 2 4 2 6 2 6 2 6 2 6 2 6 2 6 2 6 2 6 2 6 2 4 2 10 4 14 4 8 2 6 2 6 4 18 6 16 4 8 2 6 4 17 1 6 1 18, zy
3018: 1 5 12 4 12 4 14 6 20 6 16 6 20 6 16 6 20 6 16 6 20 6 14 4 12 4 12 5 1 18 1 6 1 17 6 20 7 1 15 6 20 6 16 5 1 21 6 14 4 12 4 10 2 4 2 8 4 15 1 7 21 1 5 14 4 12 5 1 19 6 16 5 1 21 6 14 4 10 2 4 2 6 2 8 4 14 4 12 5 1 19 6 17 1 6 1 18 1 6 1 17 6 19 1 5 12 4 14 4 8 2 6 2 4 2 10 4 14 6 21 1 5 16 6 19 1 5 12 4 14 5 1 21 7 1 15 4 8 2 4 2 10 4 12 4 14 6 21 1 5 16 6 20 6 15 1 7 20 6 17 1 6 1 18, zy
3019: 1 5 12 4 14 5 1 20 1 5 14 4 10 2 2 2 10 2 2 2 10 4 14 5 1 20 1 5 14 4 10 4 14 4 10 4 14 5 1 20 1 5 14 4 10 4 14 4 10 4 14 5 1 20 1 5 14 4 10 2 2 2 10 2 2 2 10 4 14 5 1 20 1 5 14 4 12 5 1 19 6 16 6 20 6 14 4 12 5 1 18 1 6 1 17 6 18 6 17 1 6 1 18 1 5 12 4 14 6 20 6 16 6 18 4 6 2 6 2 8 4 14 4 8 2 6 2 6 4 18 6 16 6 20 6 14 4 12 5 1 18 1 6 1 17 6 18 6 17 1 6 1 18 1 5 12 4 14 6 20 6 16 6 19, zy
3020: 1 5 12 4 14 5 1 20 1 5 14 5 1 20 1 5 14 4 12 5 1 19 6 16 4 8 2 4 2 10 4 12 4 12 4 12 2 2 2 8 2 4 2 8 2 4 2 8 2 6 4 16 5 1 21 6 16 6 19 1 5 12 4 14 6 21 1 5 16 6 19 1 6 1 17 6 18 6 18 4 6 2 6 2 6 2 6 2 6 2 6 2 6 2 6 2 6 2 6 2 6 2 6 2 6 4 18 6 18 6 17 1 6 1 19 6 16 5 1 21 6 14 4 12 5 1 19 6 16 6 21 1 5 16 4 6 2 8 2 4 2 8 2 4 2 8 2 2 2 12 4 12 4 12 4 10 2 4 2 8 4 16 6 19, zy
3021: 1 5 14 4 8 2 6 2 6 2 6 2 6 2 6 2 6 2 6 4 18 6 18 6 17 1 6 1 19 6 16 6 20 6 16 6 20 6 16 6 20 6 15 1 7 20 6 16 4 8 2 4 2 10 4 12 4 12 4 12 4 12 4 12 4 12 4 12 4 12 4 12 4 12 4 12 4 10 2 4 2 8 4 16 6 20 7 1 15 6 20 6 16 6 20 6 16 6 20 6 16 6 19 1 6 1 17 6 18 6 18 4 6 2 6 2 6 2 6 2 6 2 6 2 6 2 8 4 14 5 1 19 6 18 6 17 1 6 1 19 6 16 6 20 6 16 6 20 6 16 6 20 6 16 6 19 1 6 1 17 6 18 6 19, zy
3022: 1 5 14 4 10 2 4 2 6 2 6 4 18 6 17 1 6 1 17 6 18 6 18 6 18 6 16 4 8 4 16 4 8 4 16 6 18 6 19 1 5 14 4 10 4 14 4 10 4 14 6 20 6 16 6 20 6 14 4 10 2 2 2 10 2 2 2 10 4 14 4 8 2 6 4 17 1 6 1 17 6 18 6 17 1 6 1 17 4 6 2 8 4 14 4 10 2 2 2 10 2 2 2 10 4 14 6 20 6 16 6 20 6 14 4 10 4 14 4 10 4 14 5 1 19 6 18 6 16 4 8 4 16 4 8 4 16 6 18 6 18 6 18 6 17 1 6 1 17 6 18 4 6 2 6 2 4 2 10 4 14 5 1 20, zy
3023: 1 5 14 4 10 4 14 4 10 2 4 2 6 2 6 2 6 2 6 2 6 2 6 2 6 2 6 2 6 2 6 2 6 2 6 2 6 2 6 2 6 2 4 2 10 4 14 4 10 4 14 5 1 20 1 5 14 5 1 19 6 18 6 16 4 8 2 6 2 4 2 10 4 12 4 14 5 1 21 6 14 4 10 4 15 1 6 1 20 1 5 14 4 10 4 16 6 18 6 18 6 19 1 5 14 4 10 4 14 4 10 4 14 5 1 19 6 18 6 18 6 16 4 10 4 14 5 1 20 1 6 1 15 4 10 4 14 6 21 1 5 14 4 12 4 10 2 4 2 6 2 8 4 16 6 18 6 19 1 5 14 5 1 20, zy
3024: 1 5 14 4 10 4 14 4 10 4 14 5 1 19 6 18 6 16 4 10 4 14 6 21 1 5 16 6 19 1 6 1 16 1 6 1 19 6 16 4 8 2 4 2 10 4 12 4 12 4 14 6 20 6 16 6 20 6 16 5 1 21 6 14 4 12 4 10 2 2 2 12 4 10 2 2 2 12 4 10 4 16 6 18 6 19 1 5 14 5 1 19 6 18 6 16 4 10 4 12 2 2 2 10 4 12 2 2 2 10 4 12 4 14 6 21 1 5 16 6 20 6 16 6 20 6 14 4 12 4 12 4 10 2 4 2 8 4 16 6 19 1 6 1 16 1 6 1 19 6 16 5 1 21 6 14 4 10 4 16 6 18 6 19, zy
3025: 1 5 14 4 10 4 14 4 10 4 14 5 1 19 6 18 6 18 6 16 4 10 4 14 5 1 20 1 6 1 15 4 10 4 14 6 21 1 5 14 4 12 4 10 2 2 2 12 4 10 2 2 2 12 4 10 4 15 1 7 21 1 5 14 4 10 4 15 1 6 1 20 1 5 14 4 10 4 16 6 18 6 18 6 18 6 18 6 18 6 18 6 18 6 18 6 18 6 16 4 10 4 14 5 1 20 1 6 1 15 4 10 4 14 5 1 21 7 1 15 4 10 4 12 2 2 2 10 4 12 2 2 2 10 4 12 4 14 5 1 21 6 14 4 10 4 15 1 6 1 20 1 5 14 4 10 4 16 6 18 6 18 6 19, zy
3026: 1 5 12 2 2 2 10 4 12 4 12 4 12 4 12 4 10 4 16 6 17 1 6 1 18 1 6 1 16 1 6 1 18 1 5 12 4 12 4 12 4 12 4 12 5 1 18 1 5 12 4 12 4 12 4 12 4 12 5 1 18 1 6 1 16 1 6 1 18 1 6 1 17 6 16 4 10 4 12 4 12 4 12 4 12 4 10 2 2 2 12 5 1 19 6 16 6 19 1 5 12 4 14 5 1 20 1 5 14 4 10 4 14 5 1 19 6 17 1 6 1 17 6 18 6 18 6 17 1 6 1 17 6 18 6 18 6 17 1 6 1 17 6 19 1 5 14 4 10 4 14 5 1 20 1 5 14 4 12 5 1 19 6 16 6 19, zy
3027: 1 5 12 2 2 2 10 4 14 5 1 21 7 1 15 4 8 2 6 2 4 2 10 4 12 2 2 2 10 4 12 4 14 6 20 6 16 4 8 2 4 2 10 4 12 4 12 4 12 4 12 4 12 4 12 4 12 4 12 4 10 2 4 2 8 4 16 6 20 6 14 4 12 4 10 2 2 2 12 4 10 2 4 2 6 2 8 4 15 1 7 21 1 5 14 4 10 2 2 2 12 5 1 19 6 16 4 8 2 4 2 10 4 12 4 12 4 14 6 20 6 16 6 20 6 16 6 20 6 16 6 20 7 1 14 1 7 20 6 16 6 20 6 16 6 20 6 16 6 20 6 14 4 12 4 12 4 10 2 4 2 8 4 16 6 19, zy
3028: 1 5 12 4 12 2 2 2 8 2 6 4 17 1 6 1 17 4 6 2 8 2 2 2 12 4 12 5 1 18 1 6 1 17 4 6 2 8 4 16 6 18 4 6 2 8 4 14 4 12 5 1 19 6 16 4 8 2 4 2 10 4 12 4 12 4 12 4 14 6 20 6 16 6 20 6 15 1 7 20 6 16 4 8 2 4 2 10 4 12 4 12 4 12 4 12 4 12 4 12 4 12 4 12 4 12 4 10 2 4 2 8 4 16 6 20 7 1 15 6 20 6 16 6 20 6 14 4 12 4 12 4 12 4 10 2 4 2 8 4 16 6 19 1 5 12 4 14 4 8 2 6 4 18 6 16 4 8 2 6 4 17 1 6 1 18, zy
3029: 1 5 12 4 12 2 2 2 8 2 6 4 17 1 6 1 17 4 6 2 8 2 2 2 12 4 12 5 1 18 1 6 1 17 4 6 2 8 4 16 6 19 1 6 1 16 1 6 1 20 1 5 16 6 18 6 19 1 6 1 16 1 6 1 19 6 17 1 6 1 18 1 6 1 17 6 20 7 1 15 6 20 6 16 4 8 2 4 2 8 2 4 2 8 2 6 4 16 4 6 2 8 2 4 2 8 2 4 2 8 4 16 6 20 6 15 1 7 20 6 17 1 6 1 18 1 6 1 17 6 19 1 6 1 16 1 6 1 19 6 18 6 16 5 1 20 1 6 1 16 1 6 1 19 6 16 4 8 2 6 4 17 1 6 1 18, zy
3030: 1 5 12 4 12 4 12 4 12 4 12 4 12 5 1 17 4 8 4 16 6 20 6 14 4 12 4 10 2 2 2 12 4 10 2 4 2 6 2 8 4 15 1 6 1 20 1 5 14 4 10 4 15 1 6 1 20 1 5 14 4 12 5 1 19 6 16 5 1 21 7 1 15 6 20 6 16 4 8 2 4 2 8 2 4 2 8 2 4 2 8 2 4 2 8 2 4 2 8 2 4 2 8 4 16 6 20 6 15 1 7 21 1 5 16 6 19 1 5 12 4 14 5 1 20 1 6 1 15 4 10 4 14 5 1 20 1 6 1 15 4 8 2 6 2 4 2 10 4 12 2 2 2 10 4 12 4 14 6 20 6 16 4 8 4 17, zy
3031: 1 5 12 4 12 4 14 6 19 1 6 1 15 4 10 4 14 6 20 6 16 6 20 6 14 4 12 5 1 19 6 16 6 19 1 5 12 4 14 6 20 6 16 6 20 6 14 4 10 4 15 1 6 1 19 6 14 4 12 4 12 5 1 18 1 6 1 16 1 6 1 19 6 14 4 12 4 12 5 1 18 1 6 1 16 1 6 1 19 6 15 1 7 20 6 16 4 8 4 16 6 19 1 6 1 15 4 8 2 4 2 10 4 12 4 12 4 10 2 4 2 8 4 15 1 6 1 19 6 16 4 8 4 16 6 20 7 1 15 6 19 1 6 1 16 1 6 1 18 1 5 12 4 12 4 14 6 19 1 6 1 16 1 6 1 18, zy
3032: 1 5 14 4 10 4 16 6 18 6 18 6 18 6 18 6 18 6 18 6 18 6 18 6 17 1 6 1 19 6 16 6 21 1 5 16 4 8 4 16 5 1 21 6 16 6 19 1 6 1 17 6 18 6 18 6 18 6 18 6 18 6 18 6 18 6 18 6 16 4 10 4 14 5 1 20 1 6 1 15 4 8 2 6 2 6 4 18 6 16 4 8 2 6 2 4 2 10 4 12 4 14 6 20 6 16 4 8 2 4 2 8 2 4 2 10 4 12 4 12 4 12 4 12 4 10 2 4 2 8 2 4 2 8 4 16 6 20 6 14 4 12 4 10 2 4 2 6 2 8 4 16 6 18 4 6 2 6 2 8 4 15 1 6 1 20, zy
3033: 1 5 12 2 2 2 10 2 2 2 10 2 4 2 6 2 8 4 16 6 20 6 16 5 1 21 7 1 15 6 20 6 18 6 18 6 18 6 20 6 15 1 7 21 1 5 16 6 20 6 16 4 8 2 6 2 4 2 10 2 2 2 10 2 2 2 12 5 1 19 6 16 4 10 4 14 4 10 2 2 2 12 4 10 2 4 2 8 4 16 4 8 2 4 2 10 4 12 4 14 4 10 4 14 4 12 5 1 19 6 16 4 8 2 6 2 6 2 6 2 6 2 6 2 8 4 16 6 19 1 5 12 4 14 4 10 4 14 4 12 4 10 2 4 2 8 4 16 4 8 2 4 2 10 4 12 2 2 2 10 4 14 4 10 4 16 6 19, zy
3034: 1 5 12 2 2 2 10 4 12 4 14 6 20 6 14 4 12 5 1 18 1 6 1 17 6 17 1 6 1 18 1 6 1 17 6 17 1 6 1 18 1 5 12 4 14 6 20 6 14 4 12 4 10 2 2 2 12 5 1 19 6 16 6 20 6 14 4 12 5 1 19 6 15 1 7 20 6 16 6 20 6 14 4 10 2 2 2 12 5 1 19 6 16 4 8 4 16 6 19 1 6 1 15 4 8 2 6 4 17 1 5 12 4 12 4 12 5 1 17 4 6 2 8 4 15 1 6 1 19 6 16 4 8 4 16 6 19 1 5 12 2 2 2 10 4 14 6 20 6 16 6 20 7 1 15 6 19 1 5 12 4 14 6 20 6 16 6 19, zy
3035: 1 5 12 2 2 2 10 4 14 4 8 2 6 2 6 4 18 6 17 1 6 1 19 6 16 6 20 6 16 6 19 1 6 1 17 6 19 1 5 12 2 2 2 10 4 14 5 1 20 1 5 14 4 10 4 14 4 10 4 14 4 10 4 14 4 10 4 14 5 1 20 1 5 14 4 10 2 2 2 12 5 1 19 6 17 1 6 1 19 6 16 6 20 6 16 6 19 1 6 1 17 6 18 4 6 2 6 2 8 4 14 4 10 2 2 2 12 5 1 19 6 18 6 16 4 8 2 6 4 17 1 6 1 18 1 6 1 17 6 19 1 6 1 16 1 6 1 19 6 17 1 6 1 18 1 6 1 17 4 6 2 8 4 16 6 18 6 19, zy
3036: 1 5 12 2 2 2 10 4 14 5 1 20 1 5 14 5 1 19 6 17 1 6 1 19 6 16 6 20 6 16 6 20 6 16 6 20 6 16 6 19 1 6 1 17 6 19 1 5 14 5 1 20 1 5 14 4 10 2 2 2 12 5 1 19 6 16 4 8 2 6 4 18 6 16 5 1 21 6 14 4 10 4 16 6 18 6 18 6 19 1 5 14 5 1 19 6 18 6 17 1 6 1 19 6 16 6 21 1 5 16 4 8 4 16 4 8 4 16 4 8 4 16 5 1 21 6 16 6 19 1 6 1 17 6 18 6 19 1 5 14 5 1 19 6 18 6 18 6 16 4 10 4 14 6 21 1 5 16 6 18 4 6 2 8 4 16 6 19, zy
3037: 1 5 12 2 2 2 10 4 14 5 1 21 7 1 15 4 8 2 6 2 4 2 10 4 14 6 20 6 17 1 6 1 17 4 8 4 16 6 19 1 6 1 17 6 18 6 18 6 18 6 18 6 18 6 17 1 6 1 19 6 16 4 8 4 17 1 6 1 17 6 20 6 14 4 10 2 4 2 6 2 8 4 15 1 7 21 1 5 14 4 10 2 2 2 12 5 1 19 6 16 4 8 2 4 2 10 4 12 4 12 4 14 6 20 6 16 6 20 6 16 6 19 1 6 1 17 6 18 6 19 1 5 14 5 1 19 6 18 6 17 1 6 1 19 6 16 6 20 6 16 6 20 6 14 4 12 4 12 4 10 2 4 2 8 4 16 6 19, zy
3038: 1 5 12 4 12 2 2 2 10 4 12 4 12 4 12 4 14 6 20 6 16 6 20 6 16 6 19 1 6 1 17 6 19 1 5 14 5 1 20 1 5 14 4 10 4 14 4 10 2 4 2 6 2 6 2 6 2 6 2 6 2 6 2 6 2 6 2 6 2 6 2 6 2 6 2 6 2 4 2 10 4 14 4 10 4 14 5 1 20 1 5 14 5 1 19 6 17 1 6 1 19 6 16 6 20 6 16 6 20 6 14 4 12 4 12 4 12 4 10 2 2 2 12 4 12 5 1 18 1 6 1 17 4 6 2 8 4 16 6 19 1 6 1 17 6 18 6 18 6 18 6 17 1 6 1 19 6 16 4 8 2 6 4 17 1 6 1 18, zy
3039: 1 5 12 4 12 4 10 2 2 2 10 4 12 4 10 4 14 5 1 20 1 5 14 4 10 4 12 4 10 4 14 6 19 1 6 1 15 6 19 1 5 14 5 1 19 6 15 1 6 1 19 6 14 4 10 4 12 4 10 4 14 5 1 20 1 5 14 4 10 4 12 4 10 2 2 2 10 4 12 4 12 5 1 19 6 14 4 8 2 4 2 8 2 4 2 6 2 6 2 6 2 4 2 8 2 4 2 6 2 6 2 6 4 16 4 6 2 6 2 6 4 16 4 6 2 6 2 6 4 16 4 6 2 6 2 6 4 16 4 6 2 6 2 6 2 4 2 8 2 4 2 6 2 6 2 6 2 4 2 8 2 4 2 8 4 14 6 19, zy
3040: 1 5 12 4 12 4 10 4 14 6 19 1 5 12 4 12 4 12 5 1 19 6 14 4 8 2 6 4 16 6 18 6 16 6 18 6 16 6 19 1 5 14 4 8 2 4 2 8 2 4 2 6 2 6 2 6 4 16 4 6 2 6 2 6 2 4 2 10 4 10 4 14 4 8 2 4 2 8 4 14 4 10 4 10 2 4 2 6 2 6 2 6 4 16 4 6 2 6 2 6 2 4 2 8 2 4 2 8 4 14 5 1 19 6 16 6 18 6 16 6 18 6 16 4 6 2 8 4 14 6 19 1 5 12 4 12 4 12 5 1 19 6 14 4 10 4 12 4 12 5 1 18 1 6 1 15 4 8 2 4 2 8 4 15 1 6 1 18, zy
3041: 1 5 12 4 12 4 12 4 12 2 2 2 8 2 4 2 8 2 4 2 10 4 12 4 12 4 12 4 12 4 12 4 12 4 12 5 1 17 4 8 4 16 6 20 6 14 4 12 4 12 5 1 18 1 6 1 17 6 20 7 1 15 6 20 6 16 4 8 4 16 4 8 2 4 2 8 2 4 2 8 2 4 2 8 2 4 2 8 2 4 2 8 2 4 2 8 4 16 4 8 4 16 6 20 6 15 1 7 20 6 17 1 6 1 18 1 5 12 4 12 4 14 6 20 6 16 4 8 4 17 1 5 12 4 12 4 12 4 12 4 12 4 12 4 12 4 10 2 4 2 8 2 4 2 8 2 2 2 12 4 12 4 12 4 12 5 1 18, zy
3042: 1 5 12 4 12 4 12 4 12 4 14 6 20 6 16 4 8 4 17 1 6 1 17 4 8 4 16 6 20 6 14 4 12 4 12 4 12 5 1 17 4 8 4 16 4 8 4 16 4 8 4 16 4 8 4 16 4 8 4 16 4 8 4 16 4 8 4 17 1 5 12 4 12 4 12 4 14 6 20 6 16 4 8 4 17 1 6 1 17 4 8 4 16 6 20 6 14 4 12 4 12 4 12 4 12 5 1 17 4 8 4 16 4 8 4 16 4 8 4 16 4 6 2 8 2 4 2 8 2 4 2 8 2 4 2 8 2 4 2 8 2 4 2 8 2 4 2 8 2 4 2 8 2 6 4 16 4 8 4 16 4 8 4 16 4 8 4 17, zy
3043: 1 5 12 4 12 4 12 4 14 6 20 6 16 6 20 6 16 6 19 1 6 1 17 6 18 6 19 1 5 14 5 1 19 6 18 6 17 1 6 1 19 6 16 6 20 6 16 6 20 6 14 4 12 4 12 4 12 5 1 18 1 6 1 17 6 20 7 1 15 6 20 6 16 5 1 21 6 14 4 12 4 10 4 16 6 18 4 6 2 6 2 8 4 14 4 10 2 4 2 6 2 6 2 6 2 6 2 6 2 6 2 6 2 6 2 6 2 6 2 6 2 6 2 6 2 6 2 6 2 4 2 10 4 14 4 8 2 6 2 6 4 18 6 16 4 10 4 12 4 14 6 21 1 5 16 6 20 6 15 1 7 20 6 17 1 6 1 18, zy
3044: 1 5 12 4 12 4 14 6 20 6 16 4 8 4 16 4 8 4 16 4 8 4 16 6 20 6 14 4 12 4 12 5 1 18 1 6 1 17 6 20 6 14 4 10 2 4 2 8 4 14 4 12 5 1 19 6 16 4 8 4 17 1 6 1 18 1 5 12 4 14 6 20 6 16 4 8 4 17 1 6 1 17 6 20 6 14 4 12 5 1 19 6 16 6 20 6 16 4 8 4 16 4 8 4 16 6 20 6 16 6 19 1 5 12 4 14 6 20 6 17 1 6 1 17 4 8 4 16 6 20 6 14 4 12 5 1 18 1 6 1 17 4 8 4 16 6 19 1 5 12 4 14 4 8 2 4 2 10 4 14 6 20 6 17 1 6 1 18, zy
3045: 1 5 12 4 12 4 14 6 21 1 5 16 4 8 4 16 5 1 21 6 14 4 12 4 12 5 1 18 1 6 1 17 6 18 6 19 1 5 14 5 1 19 6 18 6 16 4 8 2 6 4 18 6 16 4 8 2 6 4 18 6 16 5 1 20 1 5 14 5 1 19 6 18 6 16 4 8 2 6 4 18 6 16 4 8 2 4 2 10 4 12 4 14 6 21 1 5 16 5 1 21 6 14 4 12 4 10 2 4 2 8 4 16 6 18 4 6 2 8 4 16 6 18 6 19 1 5 14 5 1 20 1 5 16 6 18 4 6 2 8 4 16 6 18 4 6 2 8 4 16 6 18 6 19 1 5 14 5 1 19 6 18 6 17 1 6 1 18, zy
3046: 1 5 12 4 14 5 1 20 1 5 14 5 1 20 1 5 14 4 12 4 10 4 15 1 6 1 20 1 5 14 4 12 5 1 19 6 16 4 8 4 17 1 6 1 17 6 20 6 14 4 12 5 1 19 6 16 6 20 6 16 4 8 4 16 6 20 6 16 6 19 1 5 12 4 14 6 20 6 17 1 6 1 17 4 8 4 16 6 19 1 5 12 4 14 5 1 20 1 6 1 15 4 10 4 12 4 14 5 1 20 1 5 14 5 1 20 1 5 14 4 12 5 1 19 6 16 5 1 21 7 1 15 6 20 6 16 4 8 2 4 2 8 2 4 2 8 2 4 2 8 2 4 2 8 4 16 6 20 6 15 1 7 21 1 5 16 6 19, zy
3047: 1 5 12 4 14 5 1 20 1 6 1 15 4 10 4 14 5 1 20 1 5 14 4 10 4 14 4 10 4 14 4 10 4 14 4 10 4 14 4 10 4 14 4 10 4 14 4 10 4 14 5 1 20 1 5 14 4 10 4 15 1 6 1 20 1 5 14 4 12 5 1 19 6 16 5 1 21 6 14 4 10 2 2 2 12 4 10 4 16 6 18 6 18 4 6 2 6 2 8 4 14 4 10 4 15 1 6 1 20 1 5 16 6 18 6 19 1 6 1 16 1 6 1 19 6 18 6 16 5 1 20 1 6 1 15 4 10 4 14 4 8 2 6 2 6 4 18 6 18 6 16 4 10 4 12 2 2 2 10 4 14 6 21 1 5 16 6 19, zy
3048: 1 5 12 4 14 5 1 21 7 1 15 4 8 2 6 4 18 6 16 5 1 20 1 6 1 15 4 10 4 14 4 10 4 14 5 1 20 1 5 14 4 10 4 14 4 10 4 15 1 6 1 20 1 5 16 6 18 4 6 2 8 4 15 1 7 21 1 5 14 4 12 5 1 19 6 16 5 1 21 6 14 4 10 2 4 2 6 2 8 4 15 1 6 1 20 1 5 14 4 10 4 16 6 18 6 18 6 18 6 19 1 5 14 4 10 4 14 4 10 4 14 4 10 4 14 4 10 4 14 5 1 19 6 18 6 18 6 18 6 16 4 10 4 14 5 1 20 1 6 1 15 4 8 2 6 2 4 2 10 4 14 6 21 1 5 16 6 19, zy
3049: 1 5 12 4 14 6 20 6 14 4 12 4 10 4 14 4 10 4 14 5 1 19 6 18 6 16 5 1 20 1 5 14 5 1 19 6 16 4 6 2 8 2 4 2 8 4 16 6 18 6 17 1 6 1 18 1 5 12 4 14 6 20 6 16 6 18 6 18 6 18 6 17 1 6 1 17 6 18 6 18 6 17 1 6 1 17 6 18 6 18 6 18 6 16 6 20 6 14 4 12 5 1 18 1 6 1 17 6 18 6 16 4 8 2 4 2 8 2 6 4 16 6 19 1 5 14 5 1 20 1 5 16 6 18 6 19 1 5 14 4 10 4 14 4 10 4 12 4 14 6 20 6 14 4 12 5 1 18 1 6 1 17 6 17 1 6 1 18, zy
3050: 1 5 12 4 14 6 21 1 5 16 6 19 1 6 1 17 6 18 6 18 6 19 1 5 14 4 10 4 14 4 10 4 14 5 1 19 6 18 6 18 6 16 4 10 4 14 6 21 1 5 16 6 18 4 6 2 8 4 16 6 18 6 19 1 6 1 16 1 6 1 19 6 17 1 6 1 18 1 6 1 17 6 19 1 6 1 16 1 6 1 19 6 18 6 16 4 8 2 6 4 18 6 16 5 1 21 6 14 4 10 4 16 6 18 6 18 6 19 1 5 14 4 10 4 14 4 10 4 14 5 1 19 6 18 6 18 6 17 1 6 1 19 6 16 5 1 21 6 14 4 12 5 1 19 6 16 6 21 1 5 16 5 1 21 6 16 6 19, zy
3051: 1 5 12 5 1 17 6 18 6 14 4 10 2 2 2 10 4 10 2 2 2 12 6 20 6 14 5 1 19 6 16 6 16 4 8 4 15 1 6 1 18 1 6 1 15 4 8 4 14 4 10 4 12 4 10 4 14 5 1 20 1 5 14 4 10 4 12 4 10 4 14 5 1 19 6 16 6 18 6 16 6 19 1 5 14 4 10 4 12 4 10 4 14 5 1 20 1 5 14 4 10 4 12 4 10 4 14 4 8 4 15 1 6 1 18 1 6 1 15 4 8 4 16 6 16 6 19 1 5 14 6 20 6 12 2 2 2 10 4 10 2 2 2 10 4 14 6 18 6 17 1 5 12 5 1 17 6 18 6 14 4 10 4 14 6 18 6 17, zy
3052: 1 5 14 4 8 2 6 2 4 2 10 4 12 4 12 4 10 4 16 6 17 1 6 1 17 6 19 1 5 14 5 1 19 6 16 6 19 1 5 14 5 1 19 6 17 1 6 1 17 6 16 4 10 4 12 4 12 4 10 2 4 2 6 2 8 4 14 5 1 19 6 16 4 8 4 16 6 18 6 18 6 16 4 8 2 4 2 8 4 16 6 18 6 17 1 6 1 17 6 19 1 5 14 4 10 4 14 5 1 20 1 5 15 1 6 1 19 6 16 6 19 1 6 1 15 5 1 20 1 5 14 4 10 4 14 5 1 19 6 17 1 6 1 17 6 18 6 16 4 8 2 4 2 8 4 16 6 18 6 18 6 16 4 8 4 16 6 19, zy
3053: 1 5 14 4 8 2 6 4 16 6 18 6 16 6 19 1 5 14 5 1 19 6 16 6 18 6 16 6 19 1 5 14 5 1 19 6 16 6 18 6 16 4 6 2 8 4 14 5 1 19 6 16 6 18 6 17 1 6 1 17 6 16 6 19 1 5 14 5 1 20 1 5 16 6 17 1 6 1 17 6 18 6 15 1 7 20 6 14 4 10 4 12 4 12 4 10 4 14 6 20 6 14 5 1 19 6 16 6 18 6 16 6 19 1 5 14 6 20 6 14 4 10 4 12 4 12 4 10 4 14 6 20 7 1 15 6 18 6 17 1 6 1 17 6 16 5 1 20 1 5 14 5 1 19 6 16 6 17 1 6 1 17 6 18 6 16 6 19, zy
3054: 1 5 14 4 10 4 16 6 18 6 18 6 18 6 18 6 18 6 18 6 17 1 6 1 19 6 16 4 8 4 17 1 6 1 17 6 20 7 1 15 6 20 6 16 6 20 6 16 6 20 6 15 1 7 20 6 17 1 6 1 17 4 8 4 16 6 19 1 6 1 17 6 18 6 18 6 18 6 18 6 18 6 18 6 16 4 10 4 14 5 1 20 1 5 14 5 1 19 6 18 6 16 4 8 2 6 2 4 2 10 4 12 4 14 6 20 6 16 4 8 2 4 2 10 4 12 4 12 4 12 4 12 4 12 4 10 2 4 2 8 4 16 6 20 6 14 4 12 4 10 2 4 2 6 2 8 4 16 6 18 6 19 1 5 14 5 1 20, zy
3055: 1 5 14 4 10 4 16 6 18 6 18 6 18 6 18 6 18 6 18 6 18 6 17 1 6 1 19 6 16 4 8 4 17 1 6 1 17 4 8 4 16 6 19 1 6 1 17 6 18 6 18 6 18 6 18 6 18 6 18 6 18 6 16 4 10 4 14 5 1 20 1 5 14 5 1 19 6 18 6 16 4 8 2 6 2 4 2 10 4 12 2 2 2 10 4 12 4 14 6 20 6 16 4 8 2 4 2 8 2 4 2 10 4 12 4 12 4 12 4 12 4 12 4 12 4 10 2 4 2 8 2 4 2 8 4 16 6 20 6 14 4 12 4 10 2 2 2 12 4 10 2 4 2 6 2 8 4 16 6 18 6 19 1 5 14 5 1 20, zy
3056: 1 5 14 4 10 4 16 6 18 6 18 6 18 6 18 6 18 6 18 6 18 6 18 6 16 4 10 4 14 5 1 20 1 6 1 15 4 8 2 6 2 6 4 18 6 16 4 8 2 6 2 4 2 10 4 12 4 14 6 20 6 16 4 8 2 4 2 8 2 4 2 8 2 6 4 16 4 8 4 16 5 1 21 6 16 6 19 1 6 1 17 6 18 6 18 6 18 6 18 6 18 6 18 6 18 6 18 6 17 1 6 1 19 6 16 6 21 1 5 16 4 8 4 16 4 6 2 8 2 4 2 8 2 4 2 8 4 16 6 20 6 14 4 12 4 10 2 4 2 6 2 8 4 16 6 18 4 6 2 6 2 8 4 15 1 6 1 20, zy
3057: 1 5 14 4 10 4 16 6 18 6 18 6 18 6 18 6 18 6 18 6 18 6 18 6 17 1 6 1 19 6 16 6 21 1 5 16 4 8 4 16 5 1 21 6 16 6 19 1 6 1 17 6 18 6 18 6 18 6 18 6 18 6 18 6 18 6 18 6 16 4 10 4 14 5 1 20 1 6 1 15 4 8 2 6 2 6 4 18 6 16 4 8 2 6 2 4 2 10 4 12 4 14 6 20 6 16 4 8 2 4 2 8 2 4 2 8 2 6 4 16 4 8 4 16 4 6 2 8 2 4 2 8 2 4 2 8 4 16 6 20 6 14 4 12 4 10 2 4 2 6 2 8 4 16 6 18 4 6 2 6 2 8 4 15 1 6 1 20, zy
3058: 1 5 12 4 12 4 12 4 12 4 12 5 1 17 4 8 4 16 6 20 7 1 15 6 20 6 16 6 19 1 6 1 17 6 19 1 5 14 5 1 20 1 5 14 4 10 4 15 1 6 1 20 1 5 14 4 12 4 10 4 15 1 6 1 20 1 5 14 4 10 4 15 1 6 1 20 1 5 14 4 12 5 1 19 6 16 4 8 4 17 1 6 1 17 4 8 4 16 6 19 1 5 12 4 14 5 1 20 1 6 1 15 4 10 4 14 5 1 20 1 6 1 15 4 10 4 12 4 14 5 1 20 1 6 1 15 4 10 4 14 5 1 20 1 5 14 5 1 19 6 17 1 6 1 19 6 16 6 20 6 15 1 7 20 6 16 4 8 4 17, zy
3059: 1 5 12 4 14 5 1 20 1 5 14 5 1 20 1 5 15 1 7 21 1 5 14 4 12 5 1 19 6 16 5 1 21 6 14 4 10 2 2 2 12 4 10 4 15 1 6 1 20 1 5 14 4 12 5 1 19 6 16 4 8 4 17 1 6 1 17 4 8 4 16 6 19 1 5 12 4 14 5 1 20 1 6 1 15 4 10 4 12 2 2 2 10 4 14 6 21 1 5 16 6 19 1 5 12 4 14 5 1 21 7 1 15 5 1 20 1 5 14 5 1 20 1 5 14 4 12 5 1 19 6 16 4 8 2 4 2 10 4 12 4 12 4 12 4 12 4 12 4 12 4 12 4 12 4 12 4 12 4 12 4 10 2 4 2 8 4 16 6 19, zy
3060: 1 6 1 17 4 6 2 8 2 2 2 12 4 12 4 12 4 10 2 4 2 8 4 16 4 6 2 8 2 4 2 8 4 16 6 20 6 16 6 20 7 1 13 4 12 4 12 4 12 4 12 4 12 4 12 4 12 4 12 4 12 4 12 4 10 2 4 2 8 2 4 2 8 2 4 2 8 2 4 2 8 2 4 2 8 2 4 2 8 2 4 2 8 2 4 2 8 2 4 2 8 2 4 2 8 2 4 2 10 4 12 4 12 4 12 4 12 4 12 4 12 4 12 4 12 4 12 4 12 4 13 1 7 20 6 16 6 20 6 16 4 8 2 4 2 8 2 6 4 16 4 8 2 4 2 10 4 12 4 12 4 12 2 2 2 8 2 6 4 17, zy
3061: 1 5 12 2 2 2 10 2 2 2 10 2 4 2 6 2 8 4 16 6 20 6 16 5 1 21 7 1 15 6 21 1 5 16 5 1 21 6 15 1 7 21 1 5 16 6 20 6 16 4 8 2 6 2 4 2 10 2 2 2 10 2 2 2 12 5 1 19 6 16 4 10 4 14 4 10 4 16 6 19 1 6 1 16 1 6 1 19 6 17 1 6 1 19 6 16 5 1 20 1 6 1 15 4 10 4 14 4 10 4 15 1 6 1 20 1 5 16 6 20 6 16 5 1 20 1 6 1 15 4 10 4 14 4 10 4 15 1 6 1 20 1 5 16 6 19 1 6 1 17 6 19 1 6 1 16 1 6 1 19 6 16 4 10 4 14 4 10 4 16 6 19, zy
3062: 1 5 12 2 2 2 10 4 14 4 10 4 14 5 1 20 1 5 14 4 10 4 14 4 10 2 2 2 12 5 1 19 6 18 6 16 4 10 4 12 4 14 5 1 20 1 6 1 15 4 10 4 14 5 1 20 1 5 14 4 10 4 14 4 10 2 2 2 12 5 1 19 6 18 6 16 4 10 4 12 2 2 2 10 4 12 4 14 5 1 20 1 6 1 15 4 10 4 14 5 1 20 1 5 14 4 10 4 15 1 6 1 20 1 5 14 4 12 4 10 2 2 2 12 4 10 4 16 6 18 6 19 1 5 12 2 2 2 10 4 14 4 10 4 14 5 1 20 1 5 14 4 10 4 15 1 6 1 20 1 5 14 4 12 4 10 4 16 6 18 6 19, zy
3063: 1 5 12 2 2 2 10 4 14 5 1 21 7 1 15 4 8 2 6 2 4 2 10 4 14 6 21 1 5 16 6 19 1 6 1 17 6 18 6 18 6 19 1 5 14 4 10 4 14 4 10 4 14 4 10 4 14 5 1 19 6 18 6 18 6 17 1 6 1 19 6 16 5 1 21 6 14 4 10 2 4 2 6 2 8 4 15 1 7 21 1 5 14 4 10 2 2 2 12 5 1 19 6 16 4 8 2 4 2 10 4 12 4 14 6 20 6 16 5 1 21 6 14 4 12 4 10 4 16 6 19 1 5 14 5 1 20 1 5 14 5 1 19 6 16 4 10 4 12 4 14 6 21 1 5 16 6 20 6 14 4 12 4 10 2 4 2 8 4 16 6 19, zy
3064: 1 5 12 2 2 2 10 4 14 6 20 6 16 6 20 7 1 14 1 7 20 6 16 5 1 21 6 14 5 1 19 6 16 6 19 1 6 1 16 1 6 1 18 1 5 12 4 12 2 2 2 8 2 4 2 8 2 4 2 8 4 16 6 19 1 5 14 5 1 19 6 16 4 8 4 16 4 8 4 16 6 19 1 5 14 5 1 19 6 16 4 8 2 4 2 8 2 4 2 8 2 2 2 12 4 12 5 1 18 1 6 1 16 1 6 1 19 6 16 6 19 1 5 14 6 21 1 5 16 6 20 7 1 14 1 7 20 6 16 6 20 6 14 4 10 2 2 2 12 5 1 19 6 16 5 1 21 7 1 15 6 20 6 15 1 7 21 1 5 16 6 19, zy
3065: 1 5 12 4 12 2 2 2 8 2 6 4 17 1 6 1 17 4 6 2 8 2 2 2 12 4 12 5 1 18 1 6 1 17 4 6 2 8 4 16 6 19 1 5 12 4 14 5 1 20 1 5 14 5 1 19 6 18 6 16 4 8 2 6 2 4 2 10 4 12 4 14 5 1 21 6 14 4 10 4 15 1 6 1 20 1 5 14 4 12 5 1 19 6 16 4 8 4 17 1 6 1 17 4 8 4 16 6 19 1 5 12 4 14 5 1 20 1 6 1 15 4 10 4 14 6 21 1 5 14 4 12 4 10 2 4 2 6 2 8 4 16 6 18 6 19 1 5 14 5 1 20 1 5 14 4 12 5 1 19 6 16 4 8 2 6 4 17 1 6 1 18, zy
3066: 1 5 12 4 12 2 2 2 10 4 14 5 1 19 6 18 6 19 1 5 14 4 10 4 16 6 19 1 6 1 17 6 18 6 20 6 16 6 20 6 18 6 17 1 6 1 19 6 16 4 10 4 14 5 1 19 6 18 6 19 1 5 14 4 10 2 2 2 12 4 12 5 1 17 4 8 4 17 1 6 1 17 6 20 6 16 5 1 21 6 14 4 12 4 12 4 14 5 1 21 6 14 4 12 4 12 4 12 4 12 4 14 5 1 20 1 5 14 4 12 5 1 18 1 5 12 4 14 5 1 20 1 5 14 4 12 4 12 4 12 4 12 4 14 6 21 1 5 14 4 12 4 12 4 14 6 21 1 5 16 6 20 6 17 1 6 1 17 4 8 4 17, zy
3067: 1 5 12 4 12 4 10 2 2 2 10 4 12 4 10 2 2 2 10 4 12 4 10 2 2 2 10 4 12 4 10 2 2 2 10 4 12 4 10 2 2 2 10 4 12 4 10 2 2 2 10 4 12 4 12 5 1 19 6 14 4 8 2 6 4 16 6 17 1 6 1 17 6 16 4 6 2 8 4 14 6 19 1 5 12 4 12 4 12 5 1 19 6 14 5 1 18 1 6 1 16 1 6 1 18 1 5 14 6 19 1 5 12 4 12 4 12 5 1 19 6 14 5 1 18 1 6 1 16 1 6 1 18 1 5 14 6 19 1 5 12 4 12 4 12 5 1 19 6 14 4 8 2 6 4 16 6 17 1 6 1 17 6 16 4 6 2 8 4 14 6 19, zy
3068: 1 5 12 4 12 4 10 2 2 2 10 4 12 4 10 2 2 2 10 4 12 4 10 4 14 5 1 20 1 5 14 4 10 4 12 4 10 4 14 5 1 20 1 5 14 4 10 4 12 4 10 2 2 2 10 4 12 4 10 2 2 2 10 4 12 4 12 5 1 19 6 14 5 1 19 7 1 13 4 10 4 12 4 12 4 10 4 12 4 12 4 10 4 12 4 12 4 10 4 12 4 12 5 1 18 1 5 12 4 12 5 1 17 4 6 2 6 2 6 4 16 4 6 2 6 2 6 4 17 1 5 12 4 12 5 1 18 1 5 12 4 12 4 10 4 12 4 12 4 10 4 12 4 12 4 10 4 12 4 12 4 10 4 13 1 7 19 1 5 14 6 19, zy
3069: 1 5 12 4 12 4 10 2 2 2 10 4 12 4 10 2 2 2 10 4 12 4 10 4 14 5 1 20 1 5 15 1 6 1 18 1 6 1 15 4 8 4 15 1 6 1 18 1 6 1 15 5 1 20 1 5 14 4 10 4 12 4 10 2 2 2 10 4 12 4 10 2 2 2 10 4 12 4 12 5 1 19 6 14 5 1 19 6 14 5 1 18 1 6 1 16 1 6 1 17 6 18 6 14 4 10 4 12 4 12 4 10 4 12 4 12 5 1 18 1 5 12 4 12 5 1 18 1 5 12 4 12 5 1 18 1 5 12 4 12 4 10 4 12 4 12 4 10 4 14 6 18 6 17 1 6 1 16 1 6 1 18 1 5 14 6 19 1 5 14 6 19, zy
3070: 1 5 12 4 12 4 10 4 14 5 1 20 1 5 14 4 10 4 12 4 10 4 14 5 1 20 1 5 14 4 10 4 12 4 12 5 1 18 1 6 1 16 1 6 1 17 6 16 6 19 1 5 14 5 1 19 6 15 1 6 1 19 7 1 13 4 10 4 14 6 19 1 5 14 6 20 7 1 14 1 7 20 7 1 14 1 7 20 6 14 5 1 19 6 15 1 6 1 18 1 6 1 15 4 8 4 15 1 6 1 18 1 6 1 15 6 19 1 5 14 6 20 7 1 14 1 7 20 7 1 14 1 7 20 6 14 5 1 19 6 14 4 10 4 13 1 7 19 1 6 1 15 6 19 1 5 14 5 1 19 6 16 6 17 1 6 1 16 1 6 1 18, zy
3071: 1 5 12 4 12 4 12 2 2 2 8 2 4 2 10 4 12 4 12 4 12 5 1 17 4 6 2 8 2 4 2 8 4 16 6 19 1 5 12 4 14 5 1 20 1 5 14 5 1 20 1 5 14 4 12 5 1 19 6 16 4 8 2 4 2 8 2 6 4 17 1 5 12 4 12 4 12 4 10 2 4 2 8 2 2 2 12 4 12 4 12 5 1 18 1 6 1 17 6 20 6 14 4 10 2 2 2 12 4 10 4 14 4 12 5 1 19 6 17 1 6 1 18 1 6 1 17 6 19 1 6 1 16 1 6 1 19 6 17 1 6 1 18 1 6 1 17 6 19 1 5 12 4 14 4 10 4 12 2 2 2 10 4 14 6 20 6 17 1 6 1 18, zy
3072: 1 5 12 4 12 4 12 2 2 2 8 2 6 4 17 1 6 1 17 4 8 4 16 6 20 6 14 4 12 4 12 4 12 4 12 5 1 17 4 8 4 16 4 8 4 16 4 6 2 8 2 4 2 8 2 4 2 8 2 4 2 8 2 4 2 8 2 4 2 8 2 4 2 8 2 4 2 8 2 4 2 8 2 4 2 8 2 4 2 8 2 4 2 8 2 4 2 8 2 4 2 8 2 4 2 8 2 4 2 8 2 4 2 8 2 4 2 8 2 4 2 8 2 6 4 16 4 8 4 16 4 8 4 17 1 5 12 4 12 4 12 4 12 4 14 6 20 6 16 4 8 4 17 1 6 1 17 4 6 2 8 2 2 2 12 4 12 4 12 5 1 18, zy
3073: 1 5 12 4 12 4 12 4 10 2 4 2 8 4 14 4 10 2 4 2 6 2 6 2 4 2 10 4 14 5 1 20 1 5 14 4 10 2 4 2 6 2 6 2 6 4 18 6 17 1 6 1 17 6 18 4 6 2 6 2 6 2 4 2 10 4 14 5 1 20 1 5 14 4 10 2 4 2 6 2 6 2 4 2 10 4 14 4 8 2 4 2 10 4 12 4 12 4 12 5 1 17 4 6 2 8 4 16 6 18 6 18 6 16 4 10 4 12 4 12 4 12 4 12 4 12 5 1 18 1 5 12 4 12 4 12 4 12 4 12 4 12 5 1 18 1 5 12 4 12 4 12 4 12 4 12 4 10 4 16 6 18 6 18 6 16 4 8 2 6 4 17, zy
3074: 1 5 12 4 12 4 12 4 12 4 12 4 12 4 12 4 12 4 12 4 12 4 12 4 12 4 12 5 1 17 4 8 4 16 6 20 6 16 6 19 1 6 1 17 6 18 6 19 1 5 14 5 1 19 6 18 6 17 1 6 1 19 6 16 6 20 6 16 5 1 21 6 14 4 12 4 10 2 4 2 8 4 16 6 18 6 19 1 6 1 16 1 6 1 19 6 17 1 6 1 18 1 6 1 17 6 19 1 6 1 16 1 6 1 19 6 18 6 16 4 8 2 4 2 10 4 12 4 14 6 21 1 5 16 6 20 6 16 6 19 1 6 1 17 6 18 6 19 1 5 14 5 1 19 6 18 6 17 1 6 1 19 6 16 6 20 6 16 4 8 4 17, zy
3075: 1 5 12 4 12 4 14 6 20 6 16 6 20 6 16 5 1 21 6 16 6 18 4 8 4 16 6 18 4 6 2 8 4 15 1 7 21 1 5 14 4 10 2 4 2 6 2 8 4 14 4 12 5 1 19 6 17 1 6 1 18 1 6 1 17 6 19 1 5 12 4 14 4 8 2 6 2 4 2 10 4 14 5 1 21 7 1 15 4 8 2 6 4 18 6 16 4 8 4 18 6 16 6 21 1 5 16 6 20 6 16 6 20 6 14 4 12 4 12 5 1 18 1 6 1 17 6 20 6 14 4 12 5 1 19 6 16 6 20 6 16 4 8 4 16 4 8 4 16 4 8 4 16 6 20 6 16 6 19 1 5 12 4 14 6 20 6 17 1 6 1 18, zy
3076: 1 5 12 4 14 4 8 2 6 2 4 2 10 4 14 4 8 2 6 2 4 2 10 4 14 4 8 2 6 2 6 4 18 6 18 6 16 4 10 4 14 5 1 20 1 5 14 4 10 4 16 6 18 6 18 4 6 2 6 2 8 4 14 4 10 2 4 2 6 2 8 4 14 4 10 2 4 2 6 2 8 4 14 4 12 5 1 19 6 16 4 8 2 6 4 18 6 16 5 1 20 1 6 1 15 4 10 4 14 5 1 19 6 18 6 18 6 18 6 18 6 18 6 18 6 18 6 18 6 18 6 18 6 18 6 18 6 18 6 18 6 18 6 18 6 18 6 19 1 5 14 4 10 4 15 1 6 1 20 1 5 16 6 18 4 6 2 8 4 16 6 19, zy
3077: 1 5 12 4 14 4 8 2 6 4 18 6 16 4 8 2 4 2 10 4 12 4 12 4 14 6 20 6 16 6 20 6 16 6 20 6 15 1 7 20 6 16 4 8 2 4 2 10 4 12 4 12 4 12 4 12 4 12 4 12 4 12 4 12 4 12 4 10 2 4 2 8 4 16 6 20 7 1 15 6 20 6 16 6 20 6 16 6 20 6 14 4 12 4 12 4 10 2 4 2 8 4 16 6 18 4 6 2 8 4 14 4 12 5 1 19 6 16 4 8 2 4 2 10 4 12 4 12 4 12 2 2 2 8 2 4 2 8 2 4 2 8 2 4 2 8 2 4 2 8 2 4 2 8 2 2 2 12 4 12 4 12 4 10 2 4 2 8 4 16 6 19, zy
3078: 1 5 12 4 14 4 10 4 14 6 21 1 5 14 4 12 4 10 2 4 2 6 2 8 4 16 6 18 6 18 4 6 2 6 2 6 2 6 2 8 4 14 4 10 4 14 4 10 4 14 5 1 19 6 18 6 18 6 17 1 6 1 19 6 16 6 20 6 16 6 20 6 16 6 20 7 1 14 1 7 20 6 16 6 20 6 16 6 20 6 16 6 19 1 6 1 17 6 18 6 18 6 19 1 5 14 4 10 4 14 4 10 4 14 4 8 2 6 2 6 2 6 2 6 4 18 6 18 6 16 4 8 2 6 2 4 2 10 4 12 4 14 5 1 21 6 14 4 10 4 14 4 12 5 1 19 6 17 1 6 1 19 6 16 6 19 1 6 1 17 6 19, zy
3079: 1 5 12 4 14 6 20 6 14 4 12 4 10 4 15 1 6 1 19 6 16 6 19 1 6 1 15 4 10 4 12 4 14 6 20 6 14 4 12 5 1 18 1 6 1 17 6 18 6 16 4 10 4 12 4 12 4 12 4 12 4 10 4 16 6 18 6 17 1 6 1 18 1 5 12 4 14 6 20 6 14 4 12 4 10 4 15 1 6 1 19 6 16 6 19 1 6 1 15 4 10 4 12 4 14 6 20 6 14 4 12 5 1 19 6 14 4 12 4 10 2 4 2 6 2 8 4 14 4 8 2 6 2 6 2 4 2 10 4 12 4 12 4 12 4 12 4 10 2 4 2 6 2 6 2 8 4 14 4 8 2 6 2 4 2 10 4 12 4 14 6 19, zy
3080: 1 5 12 4 14 6 21 1 5 16 6 19 1 6 1 17 6 18 6 18 6 18 6 18 6 18 6 18 6 18 6 18 6 16 4 10 4 14 5 1 20 1 6 1 15 4 8 2 6 4 18 6 16 4 8 2 4 2 10 4 12 4 12 2 2 2 8 2 6 4 16 4 8 2 4 2 8 2 4 2 10 4 12 4 12 4 10 2 4 2 8 2 4 2 8 4 16 4 6 2 8 2 2 2 12 4 12 4 10 2 4 2 8 4 16 6 18 4 6 2 8 4 15 1 6 1 20 1 5 14 4 10 4 16 6 18 6 18 6 18 6 18 6 18 6 18 6 18 6 18 6 17 1 6 1 19 6 16 5 1 21 6 14 4 12 5 1 18 1 6 1 18, zy
3081: 1 5 14 4 10 2 2 2 12 4 12 4 12 2 2 2 10 4 14 4 10 4 15 1 6 1 20 1 5 14 4 12 4 12 4 14 5 1 20 1 6 1 15 4 10 4 14 4 10 2 4 2 8 4 16 4 8 2 4 2 10 4 14 4 10 4 15 1 6 1 20 1 5 14 4 12 4 12 4 14 5 1 20 1 6 1 15 4 10 4 14 4 10 2 2 2 12 4 12 4 12 2 2 2 10 4 14 5 1 19 6 18 6 20 6 16 6 21 1 5 16 5 1 21 6 16 6 21 1 5 16 5 1 21 6 16 6 21 1 5 16 5 1 21 6 16 6 21 1 5 16 5 1 21 6 16 6 21 1 5 16 5 1 21 6 16 6 20 6 18 6 19, zy
3082: 1 5 14 4 10 2 4 2 8 4 16 6 20 6 16 4 10 4 14 5 1 20 1 5 16 6 19 1 6 1 17 6 19 1 5 14 5 1 19 6 18 6 19 1 5 14 4 10 4 16 6 20 6 16 6 21 1 5 16 5 1 21 6 16 6 20 6 16 4 10 4 14 5 1 19 6 18 6 19 1 5 14 5 1 19 6 17 1 6 1 19 6 16 5 1 20 1 5 14 4 10 4 16 6 20 6 16 4 8 2 4 2 10 4 14 5 1 19 6 18 6 19 1 5 14 5 1 19 6 18 6 18 6 18 4 6 2 8 4 16 5 1 21 6 16 6 21 1 5 16 4 8 2 6 4 18 6 18 6 18 6 19 1 5 14 5 1 19 6 18 6 19, zy
3083: 1 5 14 4 10 4 14 4 10 2 4 2 6 2 6 2 6 2 6 2 6 2 6 2 6 2 6 2 6 2 6 2 6 2 6 2 6 2 4 2 10 4 14 4 10 4 14 5 1 20 1 6 1 15 4 8 2 6 4 18 6 16 4 8 2 4 2 10 4 12 4 12 4 14 6 20 6 16 6 20 6 16 6 20 6 15 1 7 20 6 17 1 6 1 17 4 8 4 16 6 19 1 6 1 17 6 18 6 18 6 18 6 18 6 18 6 17 1 6 1 19 6 16 4 8 4 17 1 6 1 17 6 20 7 1 15 6 20 6 16 6 20 6 16 6 20 6 14 4 12 4 12 4 10 2 4 2 8 4 16 6 18 4 6 2 8 4 15 1 6 1 20, zy
3084: 1 5 14 4 10 4 14 4 10 4 14 4 10 4 14 4 10 4 14 4 10 4 14 5 1 20 1 5 14 5 1 19 6 16 4 10 4 12 4 12 2 2 2 8 2 6 4 17 1 6 1 17 6 20 7 1 15 6 20 6 16 6 20 6 16 6 19 1 6 1 17 6 18 6 18 6 19 1 5 14 4 10 4 14 4 10 4 14 4 10 4 14 4 10 4 14 5 1 20 1 5 14 4 10 4 14 4 10 4 14 4 10 4 14 4 10 4 14 5 1 19 6 18 6 18 6 17 1 6 1 19 6 16 6 20 6 16 6 20 6 15 1 7 20 6 17 1 6 1 17 4 6 2 8 2 2 2 12 4 12 4 10 4 16 6 19 1 5 14 5 1 20, zy
3085: 1 5 14 4 10 4 16 6 18 6 18 6 18 6 18 6 18 6 18 6 17 1 6 1 19 6 16 4 8 4 17 1 6 1 17 6 20 7 1 15 6 20 6 16 6 20 6 16 6 20 6 15 1 7 20 6 17 1 6 1 17 4 8 4 16 6 19 1 6 1 17 6 18 6 18 6 18 6 18 6 18 6 18 6 16 4 10 4 14 5 1 20 1 5 14 5 1 19 6 18 6 16 4 8 2 6 2 4 2 10 4 12 4 14 6 20 6 16 4 8 2 4 2 8 2 4 2 10 4 12 4 12 4 12 4 10 2 4 2 8 2 4 2 8 4 16 6 20 6 14 4 12 4 10 2 4 2 6 2 8 4 16 6 18 6 19 1 5 14 5 1 20, zy
3086: 1 5 14 4 10 4 16 6 18 6 18 6 18 6 18 6 18 6 18 6 17 1 6 1 19 6 16 4 8 4 17 1 6 1 17 6 20 7 1 15 6 20 6 16 6 20 6 16 6 20 6 15 1 7 20 6 17 1 6 1 17 4 8 4 16 6 19 1 6 1 17 6 18 6 18 6 18 6 18 6 18 6 18 6 16 4 10 4 14 5 1 20 1 6 1 15 4 8 2 6 2 4 2 10 4 12 2 2 2 10 4 12 4 14 6 20 6 16 4 8 2 4 2 8 2 4 2 10 4 12 4 12 4 12 4 10 2 4 2 8 2 4 2 8 4 16 6 20 6 14 4 12 4 10 2 2 2 12 4 10 2 4 2 6 2 8 4 15 1 6 1 20, zy
3087: 1 5 14 4 12 4 10 2 4 2 8 4 16 4 8 4 16 4 8 2 4 2 10 4 12 4 14 5 1 21 7 1 15 5 1 20 1 5 14 5 1 19 6 18 6 17 1 6 1 19 6 16 4 10 4 12 2 2 2 10 4 14 4 10 4 14 4 10 4 15 1 6 1 20 1 5 16 6 19 1 6 1 17 6 18 6 19 1 6 1 16 1 6 1 19 6 17 1 6 1 18 1 6 1 17 6 19 1 6 1 16 1 6 1 19 6 18 6 17 1 6 1 19 6 16 5 1 20 1 6 1 15 4 10 4 14 4 10 4 14 4 10 2 2 2 12 4 10 4 16 6 19 1 6 1 17 6 18 6 19 1 5 14 5 1 20 1 5 15 1 7 21, zy
3088: 1 5 12 2 2 2 10 4 12 4 12 4 12 4 12 4 10 2 2 2 12 5 1 18 1 6 1 17 6 18 6 18 6 16 4 8 2 4 2 10 4 12 4 10 2 4 2 8 4 14 4 12 5 1 19 6 16 5 1 21 7 1 15 6 20 6 14 4 12 4 10 4 14 4 10 4 14 5 1 19 6 18 6 16 5 1 20 1 5 14 5 1 19 6 16 4 8 2 4 2 8 4 16 6 19 1 5 14 5 1 20 1 5 16 6 18 6 19 1 5 14 4 10 4 14 4 10 4 12 4 14 6 20 6 15 1 7 21 1 5 16 6 19 1 5 12 4 14 4 8 2 4 2 10 4 12 4 10 2 4 2 8 4 16 6 18 6 18 6 17 1 6 1 18, zy
3089: 1 5 12 2 2 2 10 4 12 4 12 4 12 4 12 4 10 2 2 2 12 5 1 18 1 6 1 17 6 18 6 18 6 16 4 8 2 6 4 16 4 6 2 8 2 4 2 8 4 14 4 12 5 1 19 6 16 5 1 21 7 1 15 6 20 6 14 4 12 4 10 4 14 4 10 4 14 5 1 19 6 18 6 16 5 1 20 1 5 14 5 1 19 6 16 4 8 2 4 2 8 4 16 6 19 1 5 14 5 1 20 1 5 16 6 18 6 19 1 5 14 4 10 4 14 4 10 4 12 4 14 6 20 6 15 1 7 21 1 5 16 6 19 1 5 12 4 14 4 8 2 4 2 8 2 6 4 16 4 6 2 8 4 16 6 18 6 18 6 17 1 6 1 18, zy
3090: 1 5 12 4 12 4 10 2 2 2 10 4 12 4 10 2 4 4 17 1 6 1 16 1 6 1 17 6 18 6 15 1 6 1 19 6 14 4 10 4 12 4 10 4 14 6 19 1 6 1 15 6 18 6 17 1 6 1 16 1 6 1 17 4 4 2 10 4 12 4 10 2 2 2 10 4 12 4 12 5 1 19 6 14 4 8 2 6 4 16 6 17 1 6 1 17 6 16 4 6 2 8 4 14 6 19 1 5 12 4 12 4 12 5 1 19 6 14 4 8 2 6 4 16 6 17 1 6 1 17 6 16 4 6 2 8 4 14 6 19 1 5 12 4 12 4 12 5 1 19 6 14 4 8 2 6 4 16 6 17 1 6 1 17 6 16 4 6 2 8 4 14 6 19, zy
3091: 1 5 12 4 14 4 8 2 6 2 4 2 10 4 14 6 21 1 5 16 6 19 1 5 12 4 14 6 21 1 5 16 6 19 1 6 1 17 6 18 6 18 6 18 6 19 1 5 14 4 10 4 14 4 10 4 15 1 6 1 19 6 17 1 6 1 19 6 16 6 19 1 6 1 17 6 19 1 6 1 15 4 10 4 14 4 10 4 14 5 1 19 6 18 6 18 6 18 6 17 1 6 1 19 6 16 5 1 21 6 14 4 12 5 1 19 6 16 5 1 21 6 14 4 10 2 4 2 6 2 8 4 14 4 12 5 1 19 6 16 4 10 4 12 4 12 2 2 2 8 2 6 4 17 1 6 1 17 4 6 2 8 2 2 2 12 4 12 4 10 4 16 6 19, zy
3092: 1 5 12 4 14 5 1 20 1 5 14 5 1 20 1 5 15 1 7 21 1 5 14 4 12 5 1 19 6 16 5 1 21 6 14 4 10 2 2 2 12 4 10 4 15 1 6 1 20 1 5 14 4 12 5 1 19 6 16 4 8 4 17 1 6 1 17 4 8 4 16 6 19 1 5 12 4 14 5 1 20 1 6 1 15 4 10 4 12 2 2 2 10 4 14 6 21 1 5 16 6 19 1 5 12 4 14 5 1 21 7 1 15 5 1 20 1 5 14 5 1 20 1 5 14 4 12 5 1 19 6 16 4 8 2 4 2 10 4 12 4 12 4 12 4 12 4 12 2 2 2 8 2 2 2 12 4 12 4 12 4 12 4 12 4 10 2 4 2 8 4 16 6 19, zy
3093: 1 5 12 4 14 6 20 6 16 4 8 2 4 2 10 4 12 4 12 4 12 4 12 4 12 4 12 4 12 4 12 4 12 4 12 4 10 2 4 2 8 4 16 6 20 6 14 4 12 5 1 19 6 16 6 20 6 16 6 20 6 16 6 20 6 16 6 19 1 6 1 17 6 18 6 18 4 6 2 6 2 6 2 6 2 6 2 6 2 6 2 8 4 14 5 1 19 6 18 6 17 1 6 1 19 6 16 6 20 6 16 6 20 6 16 6 20 6 16 6 19 1 6 1 17 6 18 6 19 1 5 14 4 8 2 6 2 6 2 6 2 6 2 6 2 6 2 6 4 18 6 18 6 17 1 6 1 19 6 16 6 20 6 16 6 20 6 16 6 20 6 16 6 19, zy
3094: 1 5 12 4 14 6 21 1 5 16 6 19 1 6 1 17 6 18 6 18 6 18 6 18 6 18 6 18 6 18 6 18 6 16 4 10 4 14 5 1 20 1 6 1 15 4 8 2 6 4 18 6 16 4 8 2 4 2 10 4 12 4 12 2 2 2 8 2 6 4 16 4 8 2 4 2 8 2 4 2 8 2 6 4 16 4 6 2 8 2 4 2 8 2 4 2 8 4 16 4 6 2 8 2 2 2 12 4 12 4 10 2 4 2 8 4 16 6 18 4 6 2 8 4 15 1 6 1 20 1 5 14 4 10 4 16 6 18 6 18 6 18 6 18 6 18 6 18 6 18 6 18 6 17 1 6 1 19 6 16 5 1 21 6 14 4 12 5 1 18 1 6 1 18, zy
3095: 1 5 14 5 1 19 6 15 1 6 1 19 6 14 4 8 2 6 4 16 6 17 1 6 1 17 6 16 4 6 2 8 4 14 6 19 1 6 1 15 6 19 1 5 14 5 1 19 6 16 6 16 4 8 4 16 6 16 6 19 1 5 14 6 20 6 14 6 20 7 1 14 1 7 20 7 1 14 1 7 19 1 6 1 15 4 8 4 15 1 6 1 18 1 6 1 15 4 8 4 15 1 6 1 18 1 6 1 15 4 8 4 15 1 6 1 18 1 6 1 15 4 8 4 15 1 6 1 18 1 6 1 15 4 8 4 15 1 6 1 19 7 1 14 1 7 20 7 1 14 1 7 20 6 14 6 20 6 14 5 1 19 6 16 6 16 4 8 4 16 6 16 6 19, zy
3096: 1 5 12 2 2 2 8 2 2 2 12 5 1 19 6 14 5 1 18 1 6 1 16 1 6 1 18 1 5 14 6 19 1 5 12 4 12 4 12 5 1 19 6 14 4 8 2 6 4 16 6 17 1 6 1 17 6 16 4 6 2 8 4 14 6 19 1 5 12 4 12 4 10 2 2 2 10 4 12 4 10 2 2 2 10 4 12 4 10 2 2 2 10 4 12 4 10 2 2 2 10 4 12 4 10 2 2 2 10 4 12 4 10 2 2 2 10 4 12 4 12 5 1 19 6 14 4 8 2 6 4 16 6 17 1 6 1 17 6 16 4 6 2 8 4 14 6 19 1 5 12 4 12 4 12 5 1 19 6 14 5 1 18 1 6 1 16 1 6 1 18 1 5 14 6 19, zy
3097: 1 5 12 2 2 2 10 4 14 5 1 20 1 5 14 4 10 4 14 4 10 4 14 4 10 4 14 4 10 4 14 4 10 4 14 4 10 4 14 5 1 20 1 5 14 4 10 2 2 2 12 5 1 19 6 16 4 10 4 12 4 14 6 20 6 17 1 6 1 17 4 8 4 16 6 20 6 14 4 12 4 12 4 10 2 2 2 12 4 12 5 1 18 1 6 1 17 4 6 2 8 4 16 6 19 1 6 1 17 6 18 6 18 6 18 6 18 6 18 6 17 1 6 1 19 6 16 4 8 2 6 4 17 1 6 1 18 1 5 12 4 12 2 2 2 10 4 12 4 12 4 14 6 20 6 16 4 8 4 17 1 6 1 17 6 20 6 14 4 12 4 10 4 16 6 19, zy
3098: 1 5 12 2 2 2 10 4 14 5 1 20 1 6 1 15 4 8 2 6 2 4 2 10 4 14 6 21 1 5 16 6 19 1 6 1 17 6 18 6 18 6 18 6 18 6 18 6 18 6 17 1 6 1 19 6 16 4 8 4 17 1 5 12 4 12 4 12 4 12 4 12 5 1 17 4 8 4 16 6 19 1 6 1 17 6 18 6 18 6 18 6 18 6 18 6 18 6 17 1 6 1 19 6 16 5 1 21 6 14 4 10 2 4 2 6 2 8 4 15 1 6 1 20 1 5 14 4 10 2 2 2 12 5 1 19 6 16 4 8 2 6 4 18 6 16 6 20 6 16 4 8 4 16 4 8 4 16 4 8 4 16 6 20 6 16 6 18 4 6 2 8 4 16 6 19, zy
3099: 1 5 12 2 2 2 10 4 14 6 20 6 16 6 19 1 5 14 5 1 19 6 17 1 6 1 17 6 18 6 18 6 16 4 8 2 4 2 8 2 4 2 8 4 16 6 19 1 5 14 4 10 4 14 6 20 6 16 4 8 4 16 6 18 6 18 6 18 6 16 4 8 4 16 6 20 6 14 4 10 4 14 5 1 19 6 16 4 8 2 4 2 8 2 4 2 8 4 16 6 18 6 18 6 17 1 6 1 17 6 19 1 5 14 5 1 19 6 16 6 20 6 14 4 10 2 2 2 12 5 1 19 6 16 4 8 4 16 6 19 1 5 14 5 1 19 6 17 1 6 1 17 6 18 6 17 1 6 1 17 6 19 1 5 14 5 1 19 6 16 4 8 4 16 6 19, zy
3100: 1 5 12 4 10 2 4 2 8 4 16 6 18 6 18 6 16 4 8 2 4 2 8 2 4 2 8 2 4 2 8 4 16 6 18 6 17 1 6 1 18 1 5 12 4 14 6 20 6 14 4 12 4 10 4 14 4 10 4 14 5 1 20 1 5 14 4 10 2 2 2 10 2 2 2 10 4 14 5 1 20 1 5 14 4 10 4 14 4 10 4 12 4 14 6 20 6 14 4 12 5 1 18 1 6 1 17 6 18 6 16 4 8 2 4 2 8 2 4 2 8 2 4 2 8 4 16 6 18 6 18 6 16 4 8 2 4 2 10 4 12 5 1 17 6 19 1 5 14 5 1 19 6 17 1 6 1 17 6 18 6 17 1 6 1 17 6 19 1 5 14 5 1 19 6 17, zy
3101: 1 5 12 4 12 2 2 2 8 2 2 2 12 4 10 2 4 2 6 2 6 2 6 2 4 2 10 4 12 4 13 1 7 20 6 16 6 18 4 6 2 6 2 6 4 18 6 16 6 20 7 1 13 4 12 4 10 2 4 2 6 2 6 2 6 2 4 2 10 4 12 4 13 1 7 20 6 16 6 18 4 6 2 6 2 6 4 18 6 16 6 20 7 1 13 4 12 4 10 2 4 2 6 2 6 2 6 2 4 2 10 4 12 4 13 1 7 20 6 16 6 18 4 6 2 6 2 6 4 18 6 16 6 20 7 1 13 4 12 4 10 2 4 2 6 2 6 2 6 2 4 2 10 4 12 2 2 2 8 2 2 2 12 4 12 5 1 18 1 6 1 16 1 6 1 18, zy
3102: 1 5 12 4 12 2 2 2 8 2 6 4 17 1 6 1 17 4 8 4 16 6 19 1 6 1 17 6 18 6 18 6 19 1 5 14 4 10 4 14 4 10 4 14 4 10 4 14 4 10 4 14 5 1 19 6 18 6 18 6 17 1 6 1 19 6 16 4 8 4 17 1 6 1 17 4 6 2 8 2 2 2 12 4 12 5 1 18 1 6 1 17 6 20 6 14 4 12 5 1 18 1 6 1 18 1 5 12 4 14 6 21 1 5 16 6 20 7 1 15 6 19 1 6 1 17 6 19 1 6 1 16 1 6 1 19 6 17 1 6 1 19 6 15 1 7 20 6 16 5 1 21 6 14 4 12 5 1 18 1 6 1 18 1 5 12 4 14 6 20 6 17 1 6 1 18, zy
3103: 1 5 12 4 12 4 10 2 2 2 10 4 12 4 10 4 14 5 1 20 1 5 14 4 10 4 12 4 10 4 14 6 19 1 6 1 15 6 19 1 5 14 5 1 19 6 15 1 6 1 19 6 14 4 10 4 12 4 10 4 14 5 1 20 1 5 14 4 10 4 12 4 10 2 2 2 10 4 12 4 12 5 1 19 6 14 4 8 2 4 2 8 2 4 2 6 2 6 2 6 2 4 2 8 2 4 2 6 2 6 2 6 2 4 2 8 2 4 2 6 2 6 2 6 4 16 4 6 2 6 2 6 4 16 4 6 2 6 2 6 2 4 2 8 2 4 2 6 2 6 2 6 2 4 2 8 2 4 2 6 2 6 2 6 2 4 2 8 2 4 2 8 4 14 6 19, zy
3104: 1 5 12 4 12 4 12 4 12 4 10 2 4 2 8 2 4 2 8 2 4 2 8 4 16 6 20 6 16 6 19 1 6 1 17 6 18 6 18 6 19 1 5 14 4 10 4 14 4 10 4 14 4 10 4 14 5 1 19 6 18 6 18 6 17 1 6 1 19 6 16 6 20 6 16 4 8 2 4 2 8 2 4 2 8 2 4 2 10 4 12 4 12 4 12 4 12 5 1 17 4 6 2 8 2 4 2 8 4 16 6 19 1 6 1 17 6 18 6 18 6 18 4 6 2 6 2 6 2 6 2 6 2 6 2 6 2 6 2 6 2 6 2 6 2 6 2 6 2 6 2 6 4 18 6 18 6 18 6 17 1 6 1 19 6 16 4 8 2 4 2 8 2 6 4 17, zy
3105: 1 5 12 4 12 4 12 4 12 4 12 4 12 4 12 4 12 4 12 4 12 4 12 5 1 17 4 8 4 16 6 20 6 16 6 19 1 5 12 4 14 6 21 1 5 16 6 20 6 14 4 12 4 12 5 1 18 1 6 1 17 6 20 6 14 4 12 5 1 19 6 16 6 20 6 16 4 8 4 16 4 8 4 17 1 5 12 4 12 4 12 4 12 4 12 4 12 4 14 6 20 6 14 4 12 4 12 4 12 4 12 4 12 4 12 5 1 17 4 8 4 16 4 8 4 16 6 20 6 16 6 19 1 5 12 4 14 6 20 6 17 1 6 1 18 1 5 12 4 12 4 14 6 20 6 16 5 1 21 6 14 4 12 5 1 19 6 16 6 20 6 16 4 8 4 17, zy
3106: 1 5 12 4 12 4 12 4 12 4 12 4 12 4 12 4 12 5 1 17 4 8 4 16 6 20 6 16 6 18 4 6 2 8 4 16 6 19 1 5 14 5 1 20 1 6 1 15 4 8 2 6 4 18 6 16 5 1 21 7 1 15 5 1 21 7 1 15 5 1 20 1 6 1 16 1 6 1 19 6 16 4 8 2 4 2 10 4 12 4 12 4 12 4 12 4 12 4 12 4 12 4 12 4 12 4 12 4 10 2 4 2 8 4 16 6 19 1 6 1 16 1 6 1 20 1 5 15 1 7 21 1 5 15 1 7 21 1 5 16 6 18 4 6 2 8 4 15 1 6 1 20 1 5 14 5 1 19 6 16 4 8 2 6 4 18 6 16 6 20 6 16 4 8 4 17, zy
3107: 1 5 12 4 12 4 12 4 14 6 20 6 16 6 19 1 6 1 17 6 19 1 5 14 5 1 20 1 5 14 4 10 4 14 4 10 2 4 2 6 2 6 2 6 2 6 2 6 2 6 2 6 2 6 2 6 2 6 2 6 2 4 2 10 4 14 4 10 4 14 5 1 20 1 5 14 5 1 19 6 17 1 6 1 19 6 16 6 20 6 14 4 12 4 12 4 12 5 1 18 1 6 1 17 6 19 1 5 12 4 14 4 8 2 6 2 4 2 10 4 14 6 21 1 5 16 6 19 1 6 1 17 6 18 6 18 6 18 6 18 6 18 6 17 1 6 1 19 6 16 5 1 21 6 14 4 10 2 4 2 6 2 8 4 14 4 12 5 1 19 6 17 1 6 1 18, zy
3108: 1 5 12 4 12 4 12 5 1 17 4 6 2 8 4 14 4 10 2 2 2 10 4 14 4 8 2 4 2 10 4 12 4 12 4 10 2 4 2 8 4 14 4 10 2 2 2 10 4 14 4 8 2 4 2 10 4 12 4 12 4 10 2 4 2 8 4 14 4 10 2 2 2 10 4 14 4 8 2 6 4 17 1 5 12 4 12 4 12 5 1 17 6 20 7 1 15 6 20 6 14 4 10 2 4 2 6 2 6 2 6 2 6 2 6 2 4 2 10 4 14 6 20 6 16 6 18 6 19 1 5 14 4 10 4 14 5 1 19 6 18 6 16 6 20 6 14 4 10 2 4 2 6 2 6 2 6 2 6 2 6 2 4 2 10 4 14 6 20 6 15 1 7 20 6 17, zy
3109: 1 5 12 4 12 4 14 6 20 6 16 6 20 6 16 6 20 6 15 1 7 20 6 16 4 8 2 4 2 10 4 12 4 12 4 12 4 12 4 12 4 12 4 12 4 12 4 10 2 4 2 8 4 16 6 20 7 1 15 6 20 6 16 6 20 6 16 6 20 6 14 4 12 4 12 5 1 18 1 6 1 17 6 20 6 14 4 10 2 4 2 6 2 8 4 15 1 6 1 20 1 5 14 4 10 4 15 1 6 1 20 1 5 14 4 12 5 1 19 6 16 4 8 4 17 1 6 1 17 4 8 4 16 6 19 1 5 12 4 14 5 1 20 1 6 1 15 4 10 4 14 5 1 20 1 6 1 15 4 8 2 6 2 4 2 10 4 14 6 20 6 17 1 6 1 18, zy
3110: 1 5 12 4 14 5 1 20 1 5 14 5 1 20 1 5 14 4 12 5 1 19 6 16 5 1 21 6 14 4 10 2 2 2 12 4 10 4 16 6 18 6 18 6 19 1 5 14 5 1 19 6 18 6 17 1 6 1 19 6 16 6 21 1 5 16 4 8 4 16 4 8 4 16 4 8 4 16 4 8 4 16 6 20 6 16 6 19 1 6 1 17 6 18 6 19 1 5 14 5 1 19 6 18 6 17 1 6 1 19 6 16 6 20 6 16 4 8 4 16 4 8 4 16 4 8 4 16 4 8 4 16 5 1 21 6 16 6 19 1 6 1 17 6 18 6 19 1 5 14 5 1 19 6 18 6 18 6 16 4 10 4 12 2 2 2 10 4 14 6 21 1 5 16 6 19, zy
3111: 1 5 12 4 14 6 21 1 5 16 6 19 1 6 1 17 6 18 6 18 6 18 6 18 6 18 6 18 6 18 6 16 4 10 4 14 5 1 20 1 6 1 15 4 10 4 12 2 2 2 10 4 12 2 2 2 10 4 12 4 14 6 20 6 16 4 8 2 4 2 8 2 4 2 10 4 12 4 12 4 12 4 10 2 4 2 8 2 4 2 8 4 16 6 20 6 14 4 12 4 10 2 2 2 12 4 10 2 2 2 12 4 10 4 15 1 6 1 20 1 5 14 4 10 4 16 6 18 6 18 6 18 6 18 6 18 6 18 6 18 6 17 1 6 1 19 6 16 5 1 21 6 14 4 12 5 1 19 6 16 6 21 1 5 16 4 8 4 16 5 1 21 6 16 6 19, zy
3112: 1 5 12 4 14 6 21 1 5 16 6 19 1 6 1 17 6 18 6 18 6 18 6 18 6 18 6 18 6 18 6 18 6 16 4 10 4 14 5 1 20 1 6 1 15 4 8 2 6 4 18 6 16 4 8 2 4 2 10 4 12 4 12 2 2 2 8 2 6 4 16 4 8 2 4 2 8 2 4 2 8 2 4 2 10 4 10 2 4 2 8 2 4 2 8 2 4 2 8 4 16 4 6 2 8 2 2 2 12 4 12 4 10 2 4 2 8 4 16 6 18 4 6 2 8 4 15 1 6 1 20 1 5 14 4 10 4 16 6 18 6 18 6 18 6 18 6 18 6 18 6 18 6 18 6 17 1 6 1 19 6 16 5 1 21 6 14 4 12 5 1 18 1 6 1 18, zy
3113: 1 5 12 4 14 6 21 1 5 16 6 19 1 6 1 17 6 18 6 19 1 5 14 4 10 4 14 5 1 19 6 18 6 17 1 6 1 19 6 16 5 1 21 6 14 4 12 5 1 19 6 16 6 20 6 16 4 8 2 4 2 8 2 4 2 8 2 6 4 16 4 8 4 16 4 8 4 16 5 1 21 6 16 6 19 1 6 1 17 6 18 6 18 4 6 2 6 2 6 2 6 2 8 4 14 4 10 4 14 4 10 4 14 4 10 4 14 4 10 4 14 4 8 2 6 2 6 2 6 2 6 4 18 6 18 6 17 1 6 1 19 6 16 6 21 1 5 16 4 8 4 16 4 8 4 16 4 6 2 8 2 4 2 8 2 4 2 8 4 16 6 20 6 16 6 19, zy
3114: 1 5 14 4 10 4 14 5 1 19 6 17 1 6 1 17 6 19 1 5 14 5 1 19 6 16 4 8 4 16 4 8 4 16 6 18 6 18 6 18 6 18 6 16 5 1 20 1 5 14 5 1 19 6 16 5 1 21 7 1 15 6 20 6 16 6 19 1 5 14 5 1 19 6 18 6 16 6 20 6 16 6 18 4 6 2 6 2 6 2 6 2 6 2 6 2 6 2 6 2 6 4 18 6 16 6 20 6 16 6 18 6 19 1 5 14 5 1 19 6 16 6 20 6 15 1 7 21 1 5 16 6 19 1 5 14 5 1 20 1 5 16 6 18 6 18 6 18 6 18 6 16 4 8 4 16 4 8 4 16 6 19 1 5 14 5 1 19 6 17 1 6 1 17 6 19, zy
3115: 1 5 16 6 18 4 6 2 8 4 16 6 18 6 19 1 6 1 15 4 10 4 14 4 8 2 6 2 6 4 18 6 17 1 6 1 19 6 16 6 20 6 16 6 19 1 6 1 17 6 18 4 6 2 6 2 8 4 14 4 10 4 15 1 6 1 19 6 18 6 16 4 8 2 6 4 18 6 16 5 1 21 6 14 4 10 4 16 6 18 6 18 6 18 6 18 6 18 6 18 6 18 6 17 1 6 1 19 6 16 4 8 4 17 1 6 1 17 6 20 7 1 15 6 20 6 16 6 20 6 16 6 20 6 15 1 7 20 6 17 1 6 1 17 4 8 4 16 6 19 1 6 1 17 6 18 6 18 6 18 6 18 6 18 6 18 6 18 6 16 4 10 4 14 6 21, zy
3116: 1 5 12 4 12 2 2 2 8 2 6 4 17 1 6 1 17 4 6 2 8 2 2 2 12 4 12 5 1 18 1 6 1 17 4 6 2 8 4 16 6 18 4 6 2 8 4 14 4 12 5 1 19 6 16 4 8 2 4 2 10 4 12 4 12 4 12 4 14 6 20 6 16 6 20 6 15 1 7 20 6 16 4 8 2 4 2 8 2 6 4 16 4 8 2 4 2 8 2 4 2 8 2 4 2 8 2 4 2 8 2 4 2 8 4 16 4 6 2 8 2 4 2 8 4 16 6 20 7 1 15 6 20 6 16 6 20 6 14 4 12 4 12 4 12 4 10 2 4 2 8 4 16 6 19 1 5 12 4 14 4 8 2 6 4 18 6 16 4 8 2 6 4 17 1 6 1 18, zy
3117: 1 5 12 4 12 4 12 4 12 4 12 4 12 4 12 4 12 4 12 5 1 17 4 8 4 16 4 6 2 8 2 4 2 8 4 16 6 19 1 6 1 17 6 18 6 18 6 18 6 18 6 18 6 16 4 10 4 14 5 1 20 1 5 14 5 1 19 6 18 6 16 4 8 2 6 2 4 2 10 4 12 4 14 6 20 6 16 4 8 2 4 2 8 2 4 2 10 4 12 4 12 4 10 2 4 2 8 2 4 2 8 4 16 6 20 6 14 4 12 4 10 2 4 2 6 2 8 4 16 6 18 6 19 1 5 14 5 1 20 1 5 14 4 10 4 16 6 18 6 18 6 18 6 18 6 18 6 17 1 6 1 19 6 16 4 8 2 4 2 8 2 6 4 16 4 8 4 17, zy
3118: 1 5 12 4 14 5 1 20 1 5 14 5 1 19 6 18 6 17 1 6 1 19 6 16 5 1 21 6 14 4 12 5 1 18 1 6 1 17 4 8 4 16 6 20 7 1 13 4 13 1 7 20 6 16 4 8 4 17 1 6 1 18 1 5 12 4 14 6 21 1 5 16 6 19 1 6 1 17 6 18 6 19 1 5 14 5 1 20 1 5 14 4 12 5 1 19 6 16 4 8 4 18 6 16 5 1 21 7 1 15 5 1 21 6 14 4 10 4 16 6 18 6 19 1 6 1 16 1 6 1 19 6 17 1 6 1 18 1 6 1 17 6 19 1 6 1 16 1 6 1 19 6 18 6 16 4 10 4 14 6 21 1 5 15 1 7 21 1 5 16 6 18 4 8 4 16 6 19, zy
3119: 1 5 12 4 14 5 1 20 1 6 1 15 4 10 4 12 2 2 2 10 4 14 6 21 1 5 16 6 19 1 6 1 17 6 18 6 18 6 18 6 18 6 18 6 17 1 6 1 19 6 16 4 8 4 17 1 6 1 17 6 20 7 1 15 6 20 6 16 6 20 6 16 6 20 6 15 1 7 20 6 17 1 6 1 17 4 8 4 16 6 19 1 6 1 17 6 18 6 18 6 18 6 18 6 18 6 17 1 6 1 19 6 16 5 1 21 6 14 4 10 2 2 2 12 4 10 4 15 1 6 1 20 1 5 14 4 12 5 1 19 6 16 4 8 2 4 2 10 4 12 4 12 4 12 4 12 4 12 4 12 4 12 4 12 4 12 4 12 4 10 2 4 2 8 4 16 6 19, zy
3120: 1 5 12 2 2 2 10 2 2 2 10 2 2 2 10 2 2 2 10 2 2 2 10 2 2 2 12 5 1 20 1 5 15 1 6 1 20 1 6 1 15 4 8 2 6 4 18 6 16 4 10 4 12 2 2 2 10 4 14 6 21 1 5 15 1 7 21 1 5 16 6 18 4 6 2 8 2 2 2 12 4 12 4 10 2 4 2 8 4 16 6 19 1 6 1 17 6 18 6 18 6 19 1 5 14 5 1 19 6 18 6 18 6 17 1 6 1 19 6 16 4 8 2 4 2 10 4 12 4 12 2 2 2 8 2 6 4 18 6 16 5 1 21 7 1 15 5 1 21 6 14 4 10 2 2 2 12 4 10 4 16 6 18 4 6 2 8 4 15 1 6 1 20 1 6 1 15 5 1 20, zy
3121: 1 5 12 2 2 2 10 4 14 4 10 4 14 6 21 1 5 15 1 7 21 1 5 16 6 18 4 6 2 8 4 16 6 18 6 19 1 5 14 5 1 20 1 5 14 4 12 5 1 19 6 16 5 1 20 1 6 1 16 1 6 1 19 6 16 4 8 4 17 1 6 1 17 6 20 7 1 15 6 20 6 16 6 20 6 16 6 20 6 15 1 7 20 6 17 1 6 1 17 4 8 4 16 6 19 1 6 1 16 1 6 1 20 1 5 16 6 19 1 5 12 4 14 5 1 20 1 5 14 5 1 19 6 18 6 16 4 8 2 6 4 18 6 16 5 1 21 7 1 15 5 1 21 6 14 4 10 4 14 4 10 2 2 2 12 5 1 19 6 17 1 6 1 18 1 6 1 17 6 19, zy
3122: 1 5 12 4 10 2 4 2 6 4 17 1 6 1 15 4 8 2 4 2 6 2 8 4 12 4 12 4 10 4 14 6 19 1 5 14 6 20 7 1 14 1 7 20 7 1 14 1 7 20 6 14 5 1 19 6 14 4 10 4 12 4 12 4 8 2 6 2 4 2 8 4 15 1 6 1 17 4 6 2 4 2 10 4 12 5 1 18 1 5 12 4 12 4 10 4 14 6 19 1 5 14 6 19 1 6 1 15 6 19 1 5 14 6 20 7 1 15 6 18 6 16 6 18 6 16 6 18 6 16 6 18 6 16 6 18 6 16 6 18 6 16 6 18 6 16 6 18 6 15 1 7 20 6 14 5 1 19 6 15 1 6 1 19 6 14 5 1 19 6 14 4 10 4 12 4 12 5 1 18, zy
3123: 1 5 12 4 12 4 10 2 4 2 8 4 15 1 6 1 19 6 16 4 8 4 16 6 20 7 1 15 6 20 7 1 13 4 12 4 10 4 16 6 18 6 16 4 10 4 12 4 13 1 7 20 6 15 1 7 20 6 16 4 8 4 16 6 19 1 6 1 15 4 8 2 4 2 10 4 12 4 12 5 1 17 6 19 1 6 1 15 4 8 2 4 2 10 4 12 4 10 2 4 2 8 4 16 6 18 6 18 6 16 4 10 4 12 4 12 4 12 4 12 5 1 17 4 8 4 16 6 18 6 18 6 18 6 16 4 8 4 17 1 5 12 4 12 4 12 4 12 4 10 4 16 6 18 6 18 6 16 4 8 2 4 2 10 4 12 4 10 2 4 2 8 4 15 1 6 1 19 6 17, zy
3124: 1 5 12 4 12 4 12 4 12 4 12 4 12 4 12 4 12 4 12 5 1 17 4 8 4 16 4 6 2 8 2 4 2 8 4 16 6 19 1 6 1 17 6 18 6 18 6 18 6 18 6 18 6 16 4 10 4 14 5 1 20 1 5 14 5 1 19 6 17 1 6 1 19 6 16 6 20 6 16 6 19 1 6 1 17 6 19 1 5 14 5 1 20 1 5 14 4 10 4 16 6 18 6 18 6 18 6 18 6 18 6 17 1 6 1 19 6 16 4 8 2 4 2 8 2 6 4 16 4 8 4 17 1 5 12 4 12 4 12 4 12 4 12 4 12 4 12 4 12 4 12 5 1 18 1 5 12 4 12 4 12 4 12 4 14 6 20 6 14 4 12 4 12 4 12 4 12 5 1 18, zy
3125: 1 5 12 4 14 4 8 2 4 2 10 4 14 6 21 1 5 16 6 20 7 1 15 6 20 6 15 1 7 20 6 16 5 1 21 6 14 4 10 2 4 2 8 4 14 4 12 5 1 19 6 16 4 8 2 4 2 10 4 12 4 12 4 12 4 14 6 20 6 16 6 19 1 6 1 17 6 19 1 5 14 5 1 20 1 5 14 4 10 4 15 1 6 1 20 1 5 14 4 12 5 1 19 6 16 6 20 6 16 4 8 4 16 4 8 4 16 4 8 4 16 6 20 6 16 6 19 1 5 12 4 14 5 1 20 1 6 1 15 4 10 4 14 5 1 20 1 5 14 5 1 19 6 17 1 6 1 19 6 16 6 20 6 14 4 12 4 12 4 12 4 10 2 4 2 8 4 16 6 19, zy
3126: 1 5 12 4 14 5 1 20 1 5 14 4 10 4 14 4 10 2 4 2 6 2 6 2 6 2 6 2 6 2 6 2 8 4 14 4 10 4 14 5 1 19 6 18 6 16 4 10 4 12 4 14 5 1 20 1 5 14 4 10 4 14 4 10 4 14 4 10 2 2 2 10 2 2 2 10 2 2 2 10 4 14 4 10 4 14 4 10 4 14 5 1 20 1 5 14 4 12 4 10 4 16 6 18 6 19 1 5 14 4 10 4 14 4 8 2 6 2 6 2 6 2 6 2 6 2 6 2 4 2 10 4 14 4 10 4 14 5 1 20 1 5 14 4 12 5 1 19 6 16 5 1 20 1 6 1 15 4 10 4 14 5 1 20 1 5 14 4 10 4 15 1 6 1 20 1 5 16 6 19, zy
3127: 1 5 12 4 14 5 1 20 1 5 14 4 12 4 12 4 12 4 12 4 14 5 1 20 1 5 14 4 10 2 2 2 12 4 12 4 12 4 14 6 21 1 5 16 6 20 6 16 4 10 4 14 5 1 19 6 19 1 5 14 4 12 4 10 2 4 2 8 2 4 2 10 4 12 4 14 5 1 20 1 5 14 4 10 2 4 2 8 4 16 4 8 2 4 2 10 4 14 5 1 20 1 5 14 4 12 4 10 2 4 2 8 2 4 2 10 4 12 4 14 5 1 19 6 19 1 5 14 4 10 4 16 6 20 6 16 5 1 21 6 14 4 12 4 12 4 12 2 2 2 10 4 14 5 1 20 1 5 14 4 12 4 12 4 12 4 12 4 14 5 1 20 1 5 14 4 12 5 1 18, zy
3128: 1 5 12 4 14 5 1 21 7 1 15 4 8 2 6 4 18 6 16 5 1 21 7 1 15 5 1 21 7 1 15 5 1 21 7 1 15 5 1 20 1 6 1 15 4 10 4 14 5 1 20 1 5 14 4 10 4 14 4 10 2 2 2 10 2 2 2 10 2 2 2 10 4 14 4 10 4 14 5 1 20 1 5 14 4 10 4 15 1 6 1 20 1 5 15 1 7 21 1 5 15 1 7 21 1 5 15 1 7 21 1 5 16 6 18 4 6 2 8 4 15 1 7 21 1 5 14 4 12 5 1 19 6 16 5 1 21 6 14 4 10 4 16 6 18 6 18 6 19 1 5 14 4 10 4 14 4 10 4 14 5 1 19 6 18 6 18 6 16 4 10 4 14 6 21 1 5 16 6 19, zy
3129: 1 5 12 4 14 6 20 6 17 1 6 1 17 4 8 4 16 6 19 1 6 1 17 6 18 6 18 6 18 6 18 6 18 6 18 6 16 4 10 4 14 5 1 20 1 6 1 15 4 10 4 12 2 2 2 10 4 12 2 2 2 10 4 12 4 14 6 20 6 16 4 8 2 4 2 10 4 12 4 12 4 12 4 12 4 12 4 10 2 4 2 8 4 16 6 20 6 14 4 12 4 10 2 2 2 12 4 10 2 2 2 12 4 10 4 15 1 6 1 20 1 5 14 4 10 4 16 6 18 6 18 6 18 6 18 6 18 6 18 6 17 1 6 1 19 6 16 4 8 4 17 1 6 1 17 6 20 6 14 4 12 5 1 19 6 16 6 20 6 16 6 20 6 16 6 20 6 16 6 19, zy
3130: 1 5 14 5 1 19 6 18 6 17 1 6 1 19 6 16 6 20 6 16 5 1 21 6 15 1 7 20 6 17 1 6 1 18 1 6 1 17 6 19 1 6 1 16 1 6 1 19 6 18 6 16 5 1 20 1 6 1 16 1 6 1 19 6 16 4 8 2 6 4 17 1 6 1 17 4 8 4 16 6 19 1 6 1 17 6 18 6 18 6 18 6 18 6 18 6 18 6 18 6 17 1 6 1 19 6 16 4 8 4 17 1 6 1 17 4 6 2 8 4 16 6 19 1 6 1 16 1 6 1 20 1 5 16 6 18 6 19 1 6 1 16 1 6 1 19 6 17 1 6 1 18 1 6 1 17 6 20 7 1 15 6 21 1 5 16 6 20 6 16 6 19 1 6 1 17 6 18 6 19, zy
3131: 1 5 12 4 12 4 12 4 12 4 12 4 12 4 12 4 12 4 12 4 12 4 12 4 12 5 1 17 4 8 4 16 6 20 6 16 6 19 1 6 1 17 6 18 6 18 6 19 1 5 14 5 1 19 6 18 6 16 4 10 4 14 6 21 1 5 16 6 19 1 5 12 4 14 5 1 20 1 5 14 5 1 19 6 18 6 17 1 6 1 19 6 16 6 20 6 16 4 8 4 16 4 8 4 16 4 8 4 16 4 8 4 16 6 20 6 16 6 19 1 6 1 17 6 18 6 19 1 5 14 5 1 20 1 5 14 4 12 5 1 19 6 16 5 1 21 6 14 4 10 4 16 6 18 6 19 1 5 14 5 1 19 6 18 6 18 6 17 1 6 1 19 6 16 6 20 6 16 4 8 4 17, zy
3132: 1 5 12 4 12 4 12 4 12 4 12 5 1 17 4 8 4 16 6 20 6 14 4 12 5 1 18 1 6 1 17 4 6 2 8 4 16 6 19 1 5 12 4 14 5 1 20 1 5 14 5 1 19 6 18 6 16 4 8 2 6 2 4 2 10 4 12 4 14 5 1 21 6 14 4 10 4 15 1 6 1 20 1 5 14 4 12 5 1 19 6 16 4 8 4 17 1 6 1 17 4 8 4 16 6 19 1 5 12 4 14 5 1 20 1 6 1 15 4 10 4 14 6 21 1 5 14 4 12 4 10 2 4 2 6 2 8 4 16 6 18 6 19 1 5 14 5 1 20 1 5 14 4 12 5 1 19 6 16 4 8 2 6 4 17 1 6 1 18 1 5 12 4 14 6 20 6 16 4 8 4 17, zy
3133: 1 5 12 4 14 4 8 2 6 4 18 6 16 4 8 2 4 2 10 4 12 4 12 4 14 6 20 6 16 6 20 6 16 6 20 6 16 6 19 1 5 12 4 14 6 20 6 16 4 8 2 4 2 10 4 12 4 12 4 12 4 12 4 12 4 12 4 12 4 12 4 10 2 4 2 8 4 16 6 20 6 14 4 12 5 1 19 6 16 6 20 6 16 6 20 6 16 6 20 6 14 4 12 4 12 4 10 2 4 2 8 4 16 6 18 4 6 2 8 4 14 4 12 5 1 19 6 16 4 8 2 4 2 10 4 12 4 12 4 12 2 2 2 8 2 4 2 8 2 4 2 8 2 4 2 8 2 4 2 8 2 4 2 8 2 2 2 12 4 12 4 12 4 10 2 4 2 8 4 16 6 19, zy
3134: 1 5 12 4 14 5 1 20 1 5 14 5 1 19 6 16 4 8 2 6 4 18 6 16 5 1 20 1 6 1 15 4 8 2 6 2 4 2 10 4 14 5 1 20 1 6 1 15 5 1 20 1 5 14 5 1 19 6 17 1 6 1 18 1 5 12 4 14 6 20 6 17 1 6 1 17 6 20 6 14 4 12 5 1 18 1 6 1 17 6 19 1 5 14 5 1 20 1 5 15 1 6 1 20 1 5 14 4 10 2 4 2 6 2 8 4 15 1 6 1 20 1 5 16 6 18 4 6 2 8 4 16 6 19 1 5 14 5 1 20 1 5 14 4 12 5 1 18 1 6 1 17 6 20 7 1 15 6 20 6 16 6 20 6 16 6 20 6 16 6 20 6 15 1 7 20 6 17 1 6 1 18, zy
3135: 1 5 14 5 1 19 6 18 6 17 1 6 1 19 6 16 6 21 1 5 16 6 20 6 16 6 20 6 16 6 20 6 16 5 1 21 6 16 6 19 1 6 1 17 6 18 6 19 1 5 14 5 1 19 6 18 6 18 6 17 1 6 1 19 6 16 4 8 2 6 4 18 6 16 5 1 20 1 6 1 16 1 6 1 19 6 16 4 10 4 12 4 14 6 21 1 5 16 6 20 7 1 13 4 12 4 12 4 12 4 12 4 12 4 12 4 12 4 12 4 12 4 12 4 12 4 12 4 12 4 12 4 13 1 7 20 6 16 5 1 21 6 14 4 12 4 10 4 16 6 19 1 6 1 16 1 6 1 20 1 5 16 6 18 4 6 2 8 4 16 6 19 1 6 1 17 6 18 6 18 6 19, zy
3136: 1 5 12 2 2 2 10 4 14 5 1 20 1 5 14 5 1 19 6 18 6 16 4 8 2 6 2 4 2 10 4 14 6 21 1 5 16 6 19 1 6 1 17 6 18 6 18 6 18 6 19 1 5 14 4 10 4 14 4 10 4 14 4 10 4 14 4 10 4 14 4 10 4 14 5 1 19 6 18 6 18 6 18 6 17 1 6 1 19 6 16 5 1 21 6 14 4 10 2 4 2 6 2 8 4 16 6 18 6 19 1 5 14 5 1 20 1 5 14 4 10 2 2 2 12 5 1 19 6 16 4 8 2 6 4 18 6 16 5 1 21 6 14 4 10 4 16 6 18 6 18 6 19 1 5 14 5 1 19 6 18 6 18 6 16 4 10 4 14 6 21 1 5 16 6 18 4 6 2 8 4 16 6 19, zy
3137: 1 5 12 4 10 4 14 4 8 2 2 2 12 4 8 2 6 2 4 2 8 4 15 1 6 1 18 1 5 12 4 12 4 10 2 2 2 10 4 12 4 10 4 14 6 18 6 18 6 14 4 10 4 12 4 10 2 4 2 4 2 10 4 12 4 10 4 14 6 18 6 18 6 14 4 10 4 12 4 10 2 2 2 10 4 12 4 12 5 1 18 1 6 1 15 4 8 2 4 2 6 2 8 4 12 2 2 2 8 4 14 4 10 4 12 5 1 17 4 6 2 6 4 17 1 5 12 4 10 4 14 4 8 4 16 6 16 4 8 4 14 4 10 4 12 5 1 17 4 6 2 6 4 17 1 5 12 4 10 4 14 4 8 4 16 6 16 4 8 4 14 4 10 4 12 5 1 17 4 6 2 6 4 17, zy
3138: 1 5 12 4 12 4 12 4 12 4 12 4 12 4 12 4 12 4 12 4 12 4 12 4 12 4 12 4 12 4 12 5 1 17 4 8 4 16 4 8 4 16 6 20 6 15 1 7 20 6 17 1 6 1 18 1 6 1 17 6 18 4 6 2 8 4 14 4 12 5 1 19 6 16 4 8 2 6 4 17 1 6 1 18 1 6 1 17 6 18 4 6 2 6 2 8 4 14 4 12 5 1 19 6 17 1 6 1 18 1 6 1 17 6 19 1 5 12 4 14 4 8 2 6 2 6 4 18 6 17 1 6 1 18 1 6 1 17 4 6 2 8 4 16 6 19 1 5 12 4 14 4 8 2 6 4 18 6 17 1 6 1 18 1 6 1 17 6 20 7 1 15 6 20 6 16 4 8 4 16 4 8 4 17, zy
3139: 1 5 12 4 12 4 12 4 12 4 12 4 12 4 12 5 1 17 4 8 4 16 6 20 6 14 4 12 4 12 5 1 18 1 6 1 17 4 6 2 8 4 16 6 19 1 6 1 16 1 6 1 20 1 5 16 6 18 4 6 2 8 4 16 6 18 6 19 1 5 14 5 1 20 1 5 14 4 12 5 1 19 6 17 1 6 1 18 1 5 12 4 12 4 12 4 12 4 14 6 20 6 14 4 12 4 12 4 12 4 12 5 1 18 1 6 1 17 6 19 1 5 12 4 14 5 1 20 1 5 14 5 1 19 6 18 6 16 4 8 2 6 4 18 6 16 5 1 20 1 6 1 16 1 6 1 19 6 16 4 8 2 6 4 17 1 6 1 18 1 5 12 4 12 4 14 6 20 6 16 4 8 4 17, zy
3140: 1 5 12 4 12 4 12 5 1 17 4 6 2 8 4 15 1 6 1 19 6 16 5 1 21 7 1 15 6 20 6 14 4 12 4 10 4 14 4 10 4 14 5 1 19 6 18 6 16 4 8 4 16 4 6 2 8 4 16 6 18 6 18 6 18 6 16 5 1 20 1 5 14 5 1 19 6 16 4 8 4 16 6 20 7 1 15 6 19 1 6 1 16 1 6 1 18 1 6 1 16 1 6 1 19 6 15 1 7 20 6 16 4 8 4 16 6 19 1 5 14 5 1 20 1 5 16 6 18 6 18 6 18 6 16 4 8 2 6 4 16 4 8 4 16 6 18 6 19 1 5 14 4 10 4 14 4 10 4 12 4 14 6 20 6 15 1 7 21 1 5 16 6 19 1 6 1 15 4 8 2 6 4 17, zy
3141: 1 5 12 4 12 4 14 6 20 6 16 4 8 2 4 2 8 2 4 2 8 2 4 2 8 2 4 2 8 2 4 2 8 2 4 2 8 2 2 2 12 4 12 4 12 4 10 2 4 2 8 4 16 6 19 1 5 12 4 14 4 8 2 6 4 18 6 16 4 8 2 4 2 10 4 12 4 14 6 20 6 16 6 20 6 16 6 20 6 16 6 20 6 14 4 12 4 10 2 4 2 8 4 16 6 18 4 6 2 8 4 14 4 12 5 1 19 6 16 4 8 2 4 2 10 4 12 4 12 4 12 2 2 2 8 2 4 2 8 2 4 2 8 2 4 2 8 2 4 2 8 2 4 2 8 2 4 2 8 4 16 6 20 6 14 4 12 4 12 5 1 19 6 16 6 20 6 16 6 20 6 16 6 19, zy
3142: 1 5 12 4 12 4 14 6 20 6 16 5 1 21 6 14 4 12 4 10 4 16 6 18 4 6 2 6 2 8 4 14 4 10 2 4 2 6 2 6 2 6 2 6 2 8 4 14 4 10 4 14 4 8 2 6 2 6 2 6 2 6 2 4 2 10 4 14 4 8 2 6 2 6 4 18 6 16 4 10 4 12 4 14 6 21 1 5 16 6 20 6 14 4 12 4 12 5 1 18 1 6 1 17 6 20 7 1 15 6 20 6 16 6 20 6 16 6 20 6 16 6 19 1 6 1 17 6 18 6 18 6 19 1 5 14 4 10 4 14 4 10 4 14 4 10 4 14 5 1 19 6 18 6 18 6 17 1 6 1 19 6 16 6 20 6 16 6 20 6 16 6 20 6 15 1 7 20 6 17 1 6 1 18, zy
3143: 1 5 12 4 14 5 1 20 1 5 14 4 12 4 10 2 4 2 8 2 4 2 10 4 12 4 14 5 1 20 1 5 14 4 12 5 1 17 4 8 2 4 2 10 4 12 4 14 4 10 4 14 4 10 4 16 6 20 6 16 6 20 6 18 6 17 1 6 1 19 6 16 4 10 4 14 5 1 19 6 18 6 18 6 20 6 14 4 12 4 14 6 21 1 5 16 5 1 21 6 16 6 20 6 17 1 6 1 17 4 8 4 17 1 6 1 17 6 20 6 16 6 21 1 5 16 5 1 21 6 14 4 12 4 14 6 20 6 18 6 18 6 19 1 5 14 4 10 4 16 6 19 1 6 1 17 6 18 6 20 6 16 6 20 6 16 4 10 4 14 4 10 4 14 4 12 4 10 2 4 2 8 4 17, zy
3144: 1 5 14 4 10 2 2 2 12 4 12 4 12 4 12 4 12 4 14 5 1 20 1 5 14 4 12 4 12 4 12 4 12 4 12 4 14 5 1 20 1 5 14 4 12 4 12 4 12 4 12 4 12 2 2 2 10 4 14 5 1 19 6 18 6 19 1 5 14 5 1 19 6 18 6 18 6 18 4 6 2 8 4 16 5 1 21 6 16 6 21 1 5 16 4 8 2 4 2 10 4 14 5 1 19 6 19 1 5 14 4 10 2 4 2 8 4 16 5 1 21 6 16 6 21 1 5 16 4 8 2 4 2 10 4 14 5 1 19 6 19 1 5 14 4 10 2 4 2 8 4 16 5 1 21 6 16 6 21 1 5 16 4 8 2 6 4 18 6 18 6 18 6 19 1 5 14 5 1 19 6 18 6 19, zy
3145: 1 5 14 4 10 4 14 4 10 4 14 4 10 4 14 4 10 4 14 4 8 2 6 2 6 2 6 4 18 6 17 1 6 1 19 6 16 6 20 6 16 6 20 6 15 1 7 20 6 16 4 8 2 4 2 10 4 12 4 12 4 12 4 12 4 12 4 12 4 12 4 12 4 12 4 10 2 4 2 8 4 16 6 19 1 6 1 17 6 18 6 18 6 18 6 17 1 6 1 19 6 16 4 8 2 4 2 10 4 12 4 12 4 12 4 12 4 12 4 12 4 12 4 12 4 12 4 10 2 4 2 8 4 16 6 20 7 1 15 6 20 6 16 6 20 6 16 6 19 1 6 1 17 6 18 4 6 2 6 2 6 2 8 4 14 4 10 4 14 4 10 4 14 4 10 4 14 4 10 4 14 5 1 20, zy
3146: 1 5 14 4 10 4 16 6 18 6 18 6 18 6 18 6 18 6 18 6 17 1 6 1 19 6 16 4 8 2 4 2 10 4 12 4 12 4 12 4 12 4 12 4 12 4 12 4 12 4 12 4 12 4 12 4 10 2 4 2 8 4 16 6 19 1 6 1 17 6 18 6 18 6 18 6 18 6 18 6 18 6 16 4 10 4 14 5 1 20 1 5 14 5 1 19 6 18 6 16 4 8 2 6 4 18 6 16 4 8 2 4 2 10 4 12 4 12 4 14 6 20 6 16 6 20 6 16 6 20 6 16 6 20 7 1 14 1 7 20 6 16 6 20 6 16 6 20 6 16 6 20 6 14 4 12 4 12 4 10 2 4 2 8 4 16 6 18 4 6 2 8 4 16 6 18 6 19 1 5 14 5 1 20, zy
3147: 1 5 12 2 2 2 10 4 14 6 21 1 5 16 6 19 1 5 12 4 14 5 1 20 1 6 1 15 4 10 4 14 5 1 20 1 6 1 15 4 8 2 6 2 4 2 10 4 12 2 2 2 10 4 12 4 14 6 20 6 16 4 8 4 17 1 5 12 4 12 4 12 4 12 4 12 4 12 5 1 17 4 8 4 16 6 20 6 14 4 12 4 10 2 2 2 12 4 10 2 4 2 6 2 8 4 15 1 6 1 20 1 5 14 4 10 4 15 1 6 1 20 1 5 14 4 12 5 1 19 6 16 5 1 21 6 14 4 10 2 2 2 12 5 1 19 6 16 4 8 2 4 2 10 4 12 4 12 4 12 4 12 4 14 6 20 6 14 4 12 4 12 4 12 4 12 4 10 2 4 2 8 4 16 6 19, zy
3148: 1 5 12 4 12 5 1 17 4 6 2 8 2 2 2 12 4 12 4 10 2 4 2 8 4 16 6 18 4 6 2 8 4 15 1 6 1 20 1 5 14 5 1 19 6 16 4 8 2 6 4 18 6 16 5 1 21 6 14 4 10 4 16 6 18 6 18 6 19 1 5 14 4 10 4 14 5 1 19 6 18 6 17 1 6 1 19 6 16 6 20 6 16 4 8 4 16 4 8 4 16 6 20 6 16 6 19 1 6 1 17 6 18 6 19 1 5 14 4 10 4 14 5 1 19 6 18 6 18 6 16 4 10 4 14 6 21 1 5 16 6 18 4 6 2 8 4 16 6 19 1 5 14 5 1 20 1 6 1 15 4 8 2 6 4 18 6 16 4 8 2 4 2 10 4 12 4 12 2 2 2 8 2 6 4 17, zy
3149: 1 5 12 2 2 2 10 2 2 2 10 4 14 4 10 4 14 5 1 20 1 5 14 5 1 19 6 17 1 6 1 19 6 16 6 20 6 16 6 19 1 6 1 17 6 19 1 5 14 5 1 20 1 5 14 4 10 4 14 4 10 2 2 2 10 2 2 2 12 5 1 20 1 5 14 4 12 4 10 4 15 1 6 1 20 1 5 14 4 10 4 14 4 12 5 1 19 6 17 1 6 1 19 6 16 6 20 6 15 1 7 20 6 16 4 8 4 16 4 8 2 4 2 8 2 4 2 8 2 4 2 8 2 4 2 8 2 4 2 8 4 16 4 8 4 16 6 20 7 1 15 6 20 6 16 6 19 1 6 1 17 6 19 1 5 12 4 14 4 10 4 14 5 1 20 1 6 1 15 4 10 4 12 4 14 5 1 20, zy
3150: 1 5 12 2 2 2 10 4 14 4 8 2 6 2 4 2 10 4 14 5 1 20 1 6 1 15 4 10 4 14 5 1 20 1 6 1 15 4 8 2 6 2 4 2 10 4 14 5 1 21 7 1 15 4 8 2 4 2 10 4 14 6 20 6 17 1 6 1 18 1 5 12 4 12 4 14 6 20 6 16 6 20 6 16 6 20 6 16 6 20 6 14 4 12 4 12 5 1 18 1 6 1 17 6 20 6 14 4 10 2 4 2 8 4 15 1 7 21 1 5 14 4 10 2 4 2 6 2 8 4 15 1 6 1 20 1 5 14 4 10 4 15 1 6 1 20 1 5 14 4 10 2 4 2 6 2 8 4 14 4 10 2 2 2 12 5 1 19 6 17 1 6 1 19 6 16 6 20 6 16 6 19 1 6 1 17 6 19, zy
3151: 1 5 12 2 2 2 10 4 14 4 10 4 14 5 1 20 1 6 1 15 5 1 20 1 5 14 5 1 19 6 18 6 17 1 6 1 19 6 16 6 20 6 16 4 8 4 16 4 8 4 16 4 8 4 16 4 8 4 16 6 20 6 16 6 19 1 6 1 17 6 18 6 19 1 5 14 5 1 20 1 5 15 1 6 1 20 1 5 14 4 10 4 14 4 10 2 2 2 12 5 1 19 6 17 1 6 1 19 6 16 6 20 6 16 6 20 6 16 6 19 1 6 1 17 6 18 4 6 2 6 2 8 4 14 4 12 5 1 19 6 17 1 6 1 18 1 6 1 17 6 19 1 5 12 4 14 4 8 2 6 2 6 4 18 6 17 1 6 1 19 6 16 6 20 6 16 6 20 6 16 6 19 1 6 1 17 6 19, zy
3152: 1 5 12 4 12 2 2 2 10 4 12 4 12 4 14 6 20 6 16 6 20 6 16 6 20 6 14 4 12 4 12 4 10 2 2 2 12 4 12 5 1 18 1 6 1 18 1 5 12 4 14 6 21 1 5 16 6 20 6 14 4 12 4 10 2 4 2 8 4 16 6 18 4 6 2 8 4 14 4 12 5 1 19 6 16 4 8 2 6 4 17 1 6 1 18 1 5 12 4 14 6 20 6 16 4 8 4 17 1 5 12 4 12 4 12 4 12 4 12 5 1 17 4 8 4 16 6 20 6 14 4 12 5 1 18 1 6 1 17 4 6 2 8 4 16 6 19 1 5 12 4 14 4 8 2 6 4 18 6 16 4 8 2 4 2 10 4 12 4 14 6 20 6 16 5 1 21 6 14 4 12 5 1 18 1 6 1 18, zy
3153: 1 5 12 4 12 4 12 4 12 4 10 2 4 2 6 2 8 4 14 4 8 2 6 2 6 4 17 1 6 1 17 6 18 6 18 6 16 4 8 4 16 4 8 4 16 6 18 6 18 6 17 1 6 1 17 4 6 2 6 2 8 4 14 4 8 2 6 2 4 2 10 4 12 4 12 4 12 4 12 5 1 17 4 8 4 16 6 18 6 18 6 17 1 6 1 17 6 19 1 5 14 5 1 19 6 16 6 20 6 14 4 10 2 4 2 6 2 6 2 6 2 6 4 18 6 16 5 1 20 1 6 1 15 6 20 6 15 1 6 1 20 1 5 16 6 18 4 6 2 6 2 6 2 6 2 4 2 10 4 14 6 20 6 16 6 19 1 5 14 5 1 19 6 17 1 6 1 17 6 18 6 18 6 16 4 8 4 17, zy
3154: 1 5 12 4 12 4 12 4 12 4 12 2 2 2 8 2 4 2 8 2 4 2 8 2 4 2 8 2 4 2 8 2 4 2 8 2 4 2 8 2 4 2 8 2 4 2 8 2 2 2 12 4 12 4 12 4 12 4 12 5 1 17 4 8 4 16 6 20 6 14 4 12 4 12 4 10 2 4 2 8 4 16 6 19 1 5 12 4 14 4 8 2 6 2 6 4 18 6 17 1 6 1 18 1 5 12 4 14 6 20 6 17 1 6 1 17 6 20 7 1 15 6 20 6 16 6 20 6 15 1 7 20 6 17 1 6 1 17 6 20 6 14 4 12 5 1 18 1 6 1 17 6 18 4 6 2 6 2 8 4 14 4 12 5 1 19 6 16 4 8 2 4 2 10 4 12 4 12 4 14 6 20 6 16 4 8 4 17, zy
3155: 1 5 12 4 14 4 8 2 6 2 4 2 10 4 14 4 8 2 6 2 4 2 10 4 14 4 8 2 6 2 6 4 18 6 18 6 16 4 10 4 14 5 1 20 1 5 14 4 10 4 16 6 18 6 18 4 6 2 6 2 8 4 14 4 10 2 4 2 6 2 8 4 14 4 10 2 4 2 6 2 8 4 14 4 12 5 1 19 6 16 4 8 2 6 4 18 6 16 4 8 2 4 2 10 4 12 2 2 2 10 4 12 4 14 5 1 20 1 6 1 15 4 10 4 14 5 1 19 6 18 6 18 6 18 6 18 6 18 6 18 6 18 6 18 6 18 6 19 1 5 14 4 10 4 15 1 6 1 20 1 5 14 4 12 4 10 2 2 2 12 4 10 2 4 2 8 4 16 6 18 4 6 2 8 4 16 6 19, zy
3156: 1 5 14 4 10 4 14 4 10 2 2 2 10 2 2 2 10 2 2 2 10 2 2 2 10 4 14 4 10 4 14 5 1 19 6 18 6 18 6 18 6 17 1 6 1 19 6 16 5 1 21 6 14 4 10 2 4 2 6 2 8 4 15 1 6 1 20 1 5 14 4 10 4 14 4 10 2 4 2 6 2 6 2 6 2 6 2 6 2 6 2 6 2 6 2 6 2 6 2 6 2 6 2 6 2 6 2 6 2 4 2 10 4 14 4 10 4 14 5 1 20 1 6 1 15 4 8 2 6 2 4 2 10 4 14 6 21 1 5 16 6 19 1 6 1 17 6 18 6 18 6 18 6 19 1 5 14 4 10 4 14 4 10 2 2 2 10 2 2 2 10 2 2 2 10 2 2 2 10 4 14 4 10 4 14 5 1 20, zy
3157: 1 5 14 4 10 4 14 4 10 4 14 4 10 4 14 4 10 4 14 4 10 4 14 5 1 19 6 18 6 18 6 18 6 17 1 6 1 19 6 16 6 20 6 16 4 8 4 16 4 8 4 16 4 8 4 16 6 20 6 15 1 7 20 6 17 1 6 1 18 1 6 1 17 6 19 1 5 14 5 1 20 1 5 14 5 1 19 6 17 1 6 1 18 1 6 1 17 6 20 7 1 15 6 20 6 16 4 8 4 16 4 8 4 16 4 8 4 16 6 20 6 16 6 19 1 6 1 17 6 18 6 18 6 18 6 19 1 5 14 4 10 4 14 4 10 4 14 4 10 4 14 4 10 4 14 4 10 4 14 5 1 20 1 5 14 4 10 4 14 4 10 4 14 4 10 4 14 4 10 4 14 4 10 4 14 5 1 20, zy
3158: 1 5 12 2 2 2 8 2 2 2 12 5 1 18 1 6 1 16 1 6 1 17 6 18 6 14 4 10 4 14 6 18 6 16 4 8 4 14 4 8 4 16 6 17 1 6 1 17 6 16 4 8 4 14 4 8 4 16 6 18 6 14 4 10 4 14 6 18 6 17 1 6 1 16 1 6 1 18 1 5 12 2 2 2 8 2 2 2 12 5 1 19 6 14 5 1 18 1 6 1 16 1 6 1 17 6 18 6 14 4 10 4 14 6 18 6 17 1 5 12 5 1 17 6 18 6 14 4 10 4 13 1 7 19 1 5 12 2 2 2 8 2 2 2 12 5 1 19 7 1 13 4 10 4 14 6 18 6 17 1 5 12 5 1 17 6 18 6 14 4 10 4 14 6 18 6 17 1 6 1 16 1 6 1 18 1 5 14 6 19, zy
3159: 1 5 12 2 2 2 10 2 2 2 10 2 2 2 12 4 10 4 16 6 20 6 16 4 8 2 6 2 4 2 10 4 14 4 10 4 16 6 19 1 5 14 5 1 20 1 5 16 6 20 6 16 5 1 21 6 14 4 12 4 12 4 12 4 14 6 21 1 5 16 6 20 6 16 5 1 20 1 5 14 5 1 19 6 16 4 10 4 14 4 10 2 4 2 6 2 8 4 16 6 20 6 16 4 10 4 12 2 2 2 10 2 2 2 10 2 2 2 12 5 1 18 1 6 1 17 4 8 4 16 4 8 4 18 6 16 4 10 4 14 4 10 2 4 2 6 2 8 4 16 6 20 6 17 1 6 1 17 6 20 6 16 4 8 2 6 2 4 2 10 4 14 4 10 4 16 6 18 4 8 4 16 4 8 4 17 1 6 1 18, zy
3160: 1 5 12 2 2 2 10 4 12 4 13 1 7 20 6 16 6 18 4 6 2 8 4 14 4 10 4 14 5 1 19 6 18 6 16 6 20 6 16 6 18 6 19 1 5 14 4 10 4 14 4 8 2 6 4 18 6 16 6 20 7 1 13 4 12 4 10 2 2 2 12 5 1 19 6 16 6 19 1 5 12 4 14 6 20 6 16 6 19 1 6 1 15 4 8 2 4 2 10 4 12 4 12 4 12 5 1 17 4 6 2 8 4 16 6 18 6 18 6 16 4 8 2 6 4 17 1 5 12 4 12 4 12 4 12 5 1 17 4 6 2 8 4 16 6 18 6 18 6 16 4 8 2 6 4 17 1 5 12 4 12 4 12 4 10 2 4 2 8 4 15 1 6 1 19 6 16 6 20 6 14 4 12 5 1 19 6 16 6 19, zy
3161: 1 5 12 2 2 2 10 4 14 4 8 2 6 2 4 2 10 4 14 5 1 21 7 1 15 4 8 2 6 4 18 6 16 5 1 21 7 1 15 5 1 21 7 1 15 5 1 21 7 1 15 5 1 20 1 6 1 15 4 10 4 14 5 1 20 1 5 14 5 1 19 6 17 1 6 1 18 1 5 12 4 12 4 12 4 12 4 12 4 12 4 12 4 12 4 12 4 12 5 1 18 1 6 1 17 6 19 1 5 14 5 1 20 1 5 14 4 10 4 15 1 6 1 20 1 5 15 1 7 21 1 5 15 1 7 21 1 5 15 1 7 21 1 5 16 6 18 4 6 2 8 4 15 1 7 21 1 5 14 4 10 2 4 2 6 2 8 4 14 4 10 2 2 2 12 5 1 19 6 17 1 6 1 18 1 6 1 17 6 19, zy
3162: 1 5 12 2 2 2 10 4 15 1 6 1 19 6 18 6 18 6 18 6 20 6 14 4 14 6 20 6 18 6 18 6 18 6 19 1 5 14 5 1 19 6 18 6 19 1 5 14 4 10 4 16 6 20 6 16 6 21 1 5 16 5 1 21 6 16 6 20 6 16 4 10 4 14 5 1 19 6 18 6 19 1 5 14 5 1 19 6 18 6 18 6 18 6 20 6 14 4 14 6 20 6 18 6 18 6 18 6 19 1 6 1 15 4 10 2 2 2 12 5 1 18 1 6 1 17 4 8 4 16 4 8 4 18 6 16 4 10 4 14 4 10 2 4 2 6 2 8 4 16 6 20 6 17 1 6 1 17 6 20 6 16 4 8 2 6 2 4 2 10 4 14 4 10 4 16 6 18 4 8 4 16 4 8 4 17 1 6 1 18, zy
3163: 1 5 12 4 12 4 10 2 2 2 10 4 12 4 10 2 2 2 10 4 12 4 10 2 2 2 10 4 12 4 12 5 1 19 6 14 4 8 2 4 2 8 2 4 2 8 4 14 6 19 1 5 12 4 12 4 12 5 1 19 6 14 5 1 18 1 6 1 16 1 6 1 18 1 5 14 6 19 1 5 12 4 12 4 12 5 1 19 6 14 5 1 18 1 6 1 16 1 6 1 18 1 5 14 6 19 1 5 12 4 12 4 12 5 1 19 6 14 4 8 2 4 2 8 2 4 2 8 4 14 6 19 1 5 12 4 12 4 10 2 2 2 10 4 12 4 10 2 2 2 10 4 12 4 10 2 2 2 10 4 12 4 12 5 1 19 6 14 4 8 2 6 4 16 6 17 1 6 1 17 6 16 4 6 2 8 4 14 6 19, zy
3164: 1 5 12 4 14 4 10 4 14 4 10 2 4 2 6 2 8 4 16 4 8 4 17 1 6 1 17 6 20 6 16 5 1 21 6 14 4 12 4 12 4 14 6 21 1 5 16 6 20 6 17 1 6 1 17 4 8 4 16 4 8 2 6 2 4 2 10 4 14 4 10 4 14 4 12 5 1 18 1 6 1 17 6 20 6 16 5 1 21 6 15 1 7 21 1 5 15 1 6 1 20 1 6 1 15 5 1 20 1 5 14 5 1 19 6 16 4 10 4 14 4 10 2 2 2 12 4 10 2 4 2 8 4 16 4 8 2 4 2 10 4 12 2 2 2 10 4 14 4 10 4 16 6 19 1 5 14 5 1 20 1 5 15 1 6 1 20 1 6 1 15 5 1 21 7 1 15 6 21 1 5 16 6 20 6 17 1 6 1 18, zy
3165: 1 5 14 4 12 4 10 4 16 6 18 6 19 1 5 14 5 1 19 6 18 6 18 6 17 1 6 1 19 6 16 6 20 6 16 6 20 6 16 6 20 6 15 1 7 20 6 16 4 8 2 4 2 10 4 12 4 12 4 12 4 12 4 12 4 12 4 12 4 12 4 12 4 12 4 12 4 10 2 4 2 8 4 16 6 20 7 1 15 6 20 6 16 6 20 6 16 6 20 6 16 6 19 1 6 1 17 6 18 6 18 6 19 1 5 14 5 1 19 6 18 6 16 4 10 4 12 4 14 5 1 20 1 6 1 16 1 6 1 19 6 16 4 8 2 4 2 10 4 12 4 12 4 12 4 12 4 12 4 12 4 12 4 12 4 12 4 12 4 12 4 12 4 10 2 4 2 8 4 16 6 19 1 6 1 16 1 6 1 20, zy
3166: 1 5 10 2 4 2 6 2 6 2 6 2 4 2 8 2 4 2 6 2 6 2 6 4 16 4 6 2 6 2 6 4 16 4 6 2 6 2 6 4 16 6 18 6 16 6 18 6 16 6 18 6 16 6 18 6 16 6 18 6 16 6 18 6 16 4 6 2 6 2 6 4 16 4 6 2 6 2 6 4 16 4 6 2 6 2 6 2 4 2 8 2 4 2 6 2 6 2 6 2 4 2 10 5 1 17 6 18 6 14 4 10 4 12 4 12 4 10 4 12 4 12 4 10 4 12 4 12 4 10 4 12 4 12 4 10 4 12 4 12 4 10 4 12 4 12 5 1 18 1 5 12 4 12 4 10 4 12 4 12 4 10 4 12 4 12 4 10 4 12 4 12 4 10 4 12 4 12 4 10 4 12 4 12 4 10 4 14 6 18 6 17, zy
3167: 1 5 12 2 2 2 8 2 2 2 12 5 1 19 6 14 5 1 19 7 1 13 4 10 4 12 4 12 4 10 4 13 1 7 19 1 5 14 6 19 1 5 12 2 2 2 8 2 2 2 12 5 1 19 6 14 5 1 19 7 1 13 4 10 4 13 1 7 19 1 5 12 2 2 2 8 2 2 2 12 5 1 19 7 1 13 4 10 4 13 1 7 19 1 5 14 6 19 1 5 12 2 2 2 8 4 16 6 16 6 19 1 5 14 5 1 19 6 16 6 17 1 6 1 17 6 16 6 19 1 5 14 5 1 19 6 16 6 16 4 8 2 2 2 12 5 1 19 6 14 5 1 19 7 1 13 4 10 4 13 1 7 19 1 5 12 2 2 2 8 2 2 2 12 5 1 19 7 1 13 4 10 4 13 1 7 19 1 5 14 6 19, zy
3168: 1 5 12 2 2 2 10 4 14 5 1 20 1 5 14 4 10 4 14 4 10 4 14 4 10 4 14 4 10 4 14 5 1 20 1 5 14 4 10 2 2 2 12 5 1 19 6 18 6 16 4 8 2 4 2 10 4 12 4 14 6 20 6 16 5 1 21 6 14 4 12 5 1 19 6 16 6 20 6 16 5 1 21 6 15 1 7 21 1 5 16 6 19 1 5 12 2 2 2 10 4 14 6 21 1 5 16 6 19 1 6 1 17 6 18 6 18 6 18 6 18 6 18 6 17 1 6 1 19 6 16 5 1 21 6 14 4 10 2 2 2 12 5 1 19 6 16 5 1 21 7 1 15 6 21 1 5 16 6 20 6 16 6 19 1 5 12 4 14 6 21 1 5 16 6 20 6 14 4 12 4 10 2 4 2 8 4 16 6 18 6 19, zy
3169: 1 5 12 2 2 2 10 4 14 5 1 20 1 5 14 5 1 19 6 17 1 6 1 19 6 16 6 20 6 16 6 20 6 16 6 19 1 6 1 17 6 19 1 5 14 5 1 20 1 5 14 4 10 2 2 2 12 5 1 19 6 17 1 6 1 18 1 6 1 17 6 20 7 1 15 6 20 6 16 4 8 4 17 1 6 1 17 6 19 1 6 1 17 6 18 6 18 6 18 6 17 1 6 1 19 6 17 1 6 1 18 1 5 12 4 12 4 12 4 14 6 20 6 16 6 20 6 16 6 20 6 14 4 12 4 12 4 12 5 1 18 1 6 1 17 6 19 1 6 1 17 6 18 6 18 6 18 6 17 1 6 1 19 6 17 1 6 1 17 4 8 4 16 6 20 6 15 1 7 20 6 17 1 6 1 18 1 6 1 17 6 19, zy
3170: 1 5 12 4 12 2 2 2 8 2 4 2 8 2 4 2 8 4 16 6 18 6 19 1 5 14 4 10 4 14 4 10 4 14 6 20 6 16 4 8 4 16 6 19 1 6 1 15 4 8 2 4 2 10 4 12 4 12 4 10 2 4 2 8 4 15 1 6 1 19 6 16 4 8 4 16 6 20 6 14 4 10 4 14 4 10 4 14 5 1 19 6 18 6 16 4 8 2 4 2 8 2 4 2 8 2 2 2 12 4 12 5 1 18 1 5 12 4 12 4 12 4 12 4 12 5 1 18 1 5 12 4 12 4 14 6 19 1 6 1 16 1 6 1 18 1 5 12 4 12 4 12 4 12 4 12 4 12 5 1 18 1 6 1 16 1 6 1 19 6 14 4 12 4 12 5 1 18 1 5 12 4 12 4 12 4 12 4 12 5 1 18, zy
3171: 1 5 12 4 12 4 10 2 4 2 8 4 14 4 10 2 2 2 10 4 14 4 8 2 4 2 10 4 12 4 12 5 1 17 4 6 2 8 4 14 4 10 4 14 4 8 2 6 4 17 1 6 1 17 6 18 6 16 4 10 4 12 4 12 4 12 5 1 17 4 6 2 8 4 14 4 10 2 2 2 10 4 14 5 1 19 6 18 6 16 5 1 20 1 5 14 5 1 19 6 16 6 20 6 14 4 10 2 4 2 6 2 6 2 6 2 4 2 10 4 14 6 20 6 16 6 19 1 5 14 5 1 20 1 5 16 6 18 6 19 1 5 14 4 10 2 2 2 10 4 14 4 8 2 6 4 17 1 5 12 4 12 4 12 4 10 4 16 6 18 6 17 1 6 1 17 4 6 2 8 4 14 4 10 4 14 4 8 2 6 4 17, zy
3172: 1 5 12 4 12 4 12 4 12 4 12 4 12 4 12 4 12 4 12 4 12 4 10 2 4 2 8 4 16 6 20 7 1 15 6 20 6 16 6 20 6 16 6 20 6 14 4 12 4 12 4 10 2 2 2 12 4 10 2 4 2 8 4 15 1 7 21 1 5 14 4 12 5 1 19 6 16 6 20 6 16 4 8 4 17 1 5 12 4 12 4 12 4 12 4 12 4 12 4 12 4 12 4 12 5 1 17 4 8 4 16 6 20 6 16 6 19 1 5 12 4 14 5 1 21 7 1 15 4 8 2 4 2 10 4 12 2 2 2 10 4 12 4 12 4 14 6 20 6 16 6 20 6 16 6 20 6 15 1 7 20 6 16 4 8 2 4 2 10 4 12 4 12 4 12 4 12 4 12 4 12 4 12 4 12 4 12 4 12 5 1 18, zy
3173: 1 5 12 4 12 4 12 4 14 6 20 6 16 6 20 6 16 6 19 1 6 1 17 6 19 1 5 14 5 1 20 1 5 14 4 10 4 15 1 6 1 20 1 5 14 4 12 4 10 4 15 1 6 1 20 1 5 14 4 10 4 14 4 10 2 4 2 6 2 6 2 6 2 6 2 6 2 6 2 6 2 6 2 6 2 6 2 6 2 6 2 6 2 6 2 6 2 4 2 10 4 14 4 10 4 14 5 1 20 1 6 1 15 4 10 4 12 4 14 5 1 20 1 6 1 15 4 10 4 14 5 1 20 1 5 14 5 1 19 6 17 1 6 1 19 6 16 6 20 6 16 6 20 6 14 4 12 4 12 4 12 5 1 18 1 6 1 17 6 19 1 6 1 17 6 18 6 18 6 18 6 17 1 6 1 19 6 17 1 6 1 18, zy
3174: 1 5 12 4 14 4 8 2 6 4 18 6 16 4 8 2 4 2 10 4 12 4 14 6 20 6 16 4 8 4 16 4 8 2 4 2 8 2 4 2 8 2 4 2 8 4 16 4 8 4 16 6 20 6 14 4 12 4 10 2 4 2 8 4 16 6 18 4 6 2 8 4 14 4 12 5 1 19 6 16 4 8 2 4 2 10 4 12 4 12 4 12 2 2 2 8 2 4 2 8 2 6 4 16 4 8 4 16 4 8 4 16 6 20 6 16 6 19 1 5 12 4 14 6 21 1 5 16 6 20 7 1 15 6 20 6 15 1 7 20 6 16 5 1 21 6 14 4 12 5 1 19 6 16 6 20 6 16 4 8 4 16 4 8 4 16 4 6 2 8 2 4 2 8 2 2 2 12 4 12 4 12 4 10 2 4 2 8 4 16 6 19, zy
3175: 1 5 12 4 14 5 1 20 1 5 14 5 1 19 6 18 6 16 4 10 4 12 4 14 6 21 1 5 16 6 20 6 14 4 12 4 12 4 10 2 2 2 12 4 10 2 4 2 8 4 15 1 6 1 20 1 5 14 4 10 4 16 6 18 6 18 6 18 6 18 6 18 6 18 6 18 6 16 4 10 4 14 5 1 20 1 6 1 15 4 8 2 4 2 10 4 12 2 2 2 10 4 12 4 12 4 14 6 20 6 16 5 1 21 6 14 4 12 4 10 4 16 6 18 6 19 1 5 14 5 1 20 1 5 14 4 12 5 1 19 6 16 5 1 21 6 14 4 10 4 16 6 18 6 18 6 19 1 5 14 4 10 4 14 4 10 4 14 4 10 4 14 5 1 19 6 18 6 18 6 16 4 10 4 14 6 21 1 5 16 6 19, zy
3176: 1 5 12 4 14 5 1 20 1 6 1 15 4 10 4 14 5 1 20 1 5 14 5 1 19 6 17 1 6 1 19 6 16 6 20 6 16 6 19 1 6 1 17 6 18 6 19 1 5 14 5 1 19 6 18 6 17 1 6 1 19 6 16 6 20 6 16 6 19 1 6 1 17 6 19 1 5 14 5 1 20 1 5 14 4 10 4 15 1 6 1 20 1 5 14 4 12 5 1 19 6 16 6 21 1 5 16 4 8 4 16 6 20 6 16 6 19 1 5 12 4 14 6 20 6 17 1 6 1 17 4 8 4 16 6 19 1 6 1 17 6 18 6 18 6 18 6 18 6 18 6 17 1 6 1 19 6 16 4 8 4 17 1 6 1 17 6 20 6 14 4 12 5 1 19 6 16 6 20 6 16 4 8 4 16 5 1 21 6 16 6 19, zy
3177: 1 5 12 4 14 6 20 6 16 6 19 1 6 1 15 4 10 4 12 4 12 4 13 1 7 20 6 16 6 20 7 1 13 4 12 4 12 4 10 4 15 1 6 1 19 6 16 6 20 6 14 4 12 5 1 18 1 6 1 17 6 18 6 17 1 6 1 18 1 5 12 4 14 6 20 6 16 6 19 1 6 1 15 4 10 4 12 4 12 4 13 1 7 20 6 16 6 20 7 1 13 4 12 4 12 4 10 4 15 1 6 1 19 6 16 6 20 6 14 4 12 5 1 18 1 6 1 17 6 18 6 18 6 16 4 8 2 4 2 8 2 4 2 8 2 4 2 8 2 4 2 8 4 16 6 18 6 18 6 18 6 16 4 8 2 4 2 8 2 4 2 8 2 4 2 8 2 4 2 8 4 16 6 18 6 18 6 17 1 6 1 18, zy
3178: 1 5 14 4 10 4 14 4 10 2 2 2 10 2 4 2 6 2 6 2 6 2 6 2 6 2 6 2 6 2 6 2 6 2 6 2 6 2 6 2 6 2 6 2 6 2 6 2 6 2 6 2 4 2 10 2 2 2 10 4 14 4 10 4 14 5 1 20 1 5 15 1 6 1 20 1 5 14 4 12 4 10 2 2 2 12 4 10 2 2 2 12 4 10 4 16 6 18 6 19 1 5 14 5 1 19 6 18 6 16 4 10 4 14 6 21 1 5 16 6 19 1 6 1 17 6 18 6 18 6 18 6 18 6 17 1 6 1 19 6 16 5 1 21 6 14 4 10 4 16 6 18 6 19 1 5 14 5 1 19 6 18 6 16 4 10 4 12 2 2 2 10 4 12 2 2 2 10 4 12 4 14 5 1 20 1 6 1 15 5 1 20, zy
3179: 1 5 14 4 10 4 14 4 10 4 14 4 10 4 14 4 8 2 6 2 6 2 6 2 4 2 10 4 14 4 8 2 6 2 4 2 10 4 14 6 21 1 5 16 6 19 1 6 1 17 6 18 6 18 6 18 6 18 6 18 6 17 1 6 1 19 6 16 5 1 21 6 14 4 10 2 4 2 6 2 8 4 14 4 10 2 4 2 6 2 6 2 6 2 8 4 14 4 10 4 14 4 10 4 14 4 10 4 14 5 1 20 1 5 14 4 10 4 15 1 6 1 20 1 5 14 4 12 4 10 4 16 6 18 6 18 4 6 2 6 2 6 2 6 2 6 2 8 4 14 4 10 4 14 4 8 2 6 2 6 2 6 2 6 2 6 4 18 6 18 6 16 4 10 4 12 4 14 5 1 20 1 6 1 15 4 10 4 14 5 1 20, zy
3180: 1 5 12 2 2 2 10 4 14 4 8 2 6 2 6 4 18 6 17 1 6 1 19 6 16 6 20 6 16 6 20 6 16 6 20 6 16 6 20 6 16 6 19 1 5 12 4 12 2 2 2 10 4 12 4 14 6 20 6 16 4 8 2 4 2 8 2 6 4 16 4 8 2 4 2 8 2 4 2 10 4 12 4 12 4 12 4 12 4 12 4 12 4 10 2 4 2 8 2 4 2 8 4 16 4 6 2 8 2 4 2 8 4 16 6 20 6 14 4 12 4 10 2 2 2 12 4 12 5 1 19 6 16 6 20 6 16 6 20 6 16 6 20 6 16 6 20 6 16 6 19 1 6 1 17 6 18 4 6 2 6 2 8 4 14 4 10 2 2 2 12 5 1 19 6 17 1 6 1 19 6 16 6 20 6 16 6 19 1 6 1 17 6 19, zy
3181: 1 5 12 2 2 2 10 4 14 5 1 20 1 5 14 5 1 19 6 18 6 16 4 10 4 12 4 14 5 1 20 1 6 1 16 1 6 1 19 6 16 4 8 2 4 2 10 4 12 4 12 4 12 4 14 6 20 6 16 6 20 6 14 4 12 4 12 4 12 4 10 2 4 2 8 4 16 6 19 1 6 1 16 1 6 1 20 1 5 14 4 12 4 10 4 16 6 18 6 19 1 5 14 5 1 20 1 5 14 4 10 2 2 2 12 5 1 19 6 16 4 10 4 12 4 14 6 20 6 16 4 8 2 4 2 8 2 6 4 16 4 8 4 17 1 5 12 4 12 4 12 4 12 4 12 4 12 4 12 4 12 4 12 4 12 5 1 17 4 8 4 16 4 6 2 8 2 4 2 8 4 16 6 20 6 14 4 12 4 10 4 16 6 19, zy
3182: 1 5 12 4 12 4 12 2 2 2 8 2 6 4 17 1 6 1 17 4 8 4 16 6 20 6 14 4 12 4 12 4 12 4 12 4 10 2 4 2 8 2 2 2 12 4 12 4 12 4 12 4 12 4 12 5 1 17 4 8 4 16 6 20 6 16 6 20 6 16 6 20 6 14 4 12 4 12 4 12 4 12 4 12 4 12 4 12 4 12 4 12 4 12 4 12 4 12 4 12 4 12 4 12 4 12 4 12 4 12 4 12 4 12 4 14 6 20 6 16 6 20 6 16 6 20 6 16 4 8 4 17 1 5 12 4 12 4 12 4 12 4 12 4 12 2 2 2 8 2 4 2 10 4 12 4 12 4 12 4 12 4 14 6 20 6 16 4 8 4 17 1 6 1 17 4 6 2 8 2 2 2 12 4 12 4 12 5 1 17 4 8 4 17, zy
3183: 1 5 12 4 12 4 12 4 12 4 10 2 4 2 6 2 8 4 14 4 10 4 14 5 1 19 6 18 6 16 5 1 20 1 6 1 15 6 20 6 16 6 19 1 5 14 5 1 19 6 18 6 16 6 20 6 14 4 12 5 1 18 1 6 1 17 6 18 6 16 4 10 4 12 4 12 4 12 4 12 4 10 4 16 6 18 6 17 1 6 1 18 1 5 12 4 14 6 20 6 16 6 18 6 19 1 5 14 5 1 19 6 16 6 20 6 15 1 6 1 20 1 5 16 6 18 6 19 1 5 14 4 10 4 14 4 8 2 6 2 4 2 10 4 12 4 12 4 12 4 12 5 1 17 4 8 4 16 6 18 6 18 6 18 6 16 4 8 2 4 2 8 2 4 2 8 2 4 2 8 4 16 6 18 6 18 6 18 6 16 4 8 4 17, zy
3184: 1 5 12 4 12 4 12 4 12 4 12 4 12 5 1 17 4 8 4 16 6 20 6 14 4 12 4 10 2 4 2 6 2 8 4 16 6 18 4 6 2 6 2 8 4 14 4 10 2 4 2 6 2 6 2 6 2 8 4 14 4 10 4 14 4 10 4 14 5 1 19 6 18 6 18 6 17 1 6 1 19 6 16 6 20 6 16 6 20 6 16 6 20 7 1 14 1 7 20 6 16 6 20 6 16 6 20 6 16 6 20 7 1 14 1 7 20 6 16 6 20 6 16 6 20 6 16 6 19 1 6 1 17 6 18 6 18 6 19 1 5 14 4 10 4 14 4 10 4 14 4 8 2 6 2 6 2 6 2 4 2 10 4 14 4 8 2 6 2 6 4 18 6 16 4 8 2 6 2 4 2 10 4 12 4 14 6 20 6 16 4 8 4 17, zy
3185: 1 5 12 4 12 4 12 5 1 17 4 6 2 8 2 4 2 8 4 16 6 19 1 5 12 4 14 5 1 20 1 6 1 15 4 10 4 14 5 1 20 1 6 1 15 4 8 2 6 2 4 2 10 4 14 6 20 6 17 1 6 1 18 1 5 12 4 12 4 14 6 20 6 16 6 20 6 16 6 20 6 15 1 7 20 6 16 4 8 2 4 2 10 4 12 4 12 4 12 4 12 4 12 4 12 4 12 4 12 4 10 2 4 2 8 4 16 6 20 7 1 15 6 20 6 16 6 20 6 16 6 20 6 14 4 12 4 12 5 1 18 1 6 1 17 6 20 6 14 4 10 2 4 2 6 2 8 4 15 1 6 1 20 1 5 14 4 10 4 15 1 6 1 20 1 5 14 4 12 5 1 19 6 16 4 8 2 4 2 8 2 6 4 17, zy
3186: 1 5 12 2 2 2 10 2 2 2 10 4 14 4 10 4 14 5 1 20 1 5 14 4 10 4 14 4 10 2 2 2 10 2 2 2 12 5 1 20 1 5 14 4 12 5 1 19 6 16 5 1 21 7 1 15 5 1 21 6 14 4 10 4 16 6 18 6 18 6 18 6 19 1 5 14 4 10 4 14 4 10 4 14 4 10 4 14 4 10 4 14 5 1 20 1 5 14 4 10 4 14 4 10 2 4 2 6 2 6 2 6 2 6 2 6 2 6 2 6 2 6 2 6 2 6 2 6 2 4 2 10 4 14 4 10 4 14 5 1 20 1 5 14 4 10 4 14 4 10 4 14 4 10 4 14 4 10 4 14 5 1 19 6 18 6 18 6 18 6 16 4 10 4 14 6 21 1 5 15 1 7 21 1 5 16 6 19 1 5 12 4 14 5 1 20, zy
3187: 1 5 12 2 2 2 10 4 14 5 1 20 1 5 14 4 10 4 14 4 10 4 14 4 10 4 14 4 10 4 14 4 8 2 6 2 6 4 18 6 17 1 6 1 19 6 16 6 20 6 16 6 19 1 6 1 17 6 18 4 6 2 6 2 8 4 14 4 10 4 14 4 10 4 14 4 10 4 14 4 10 4 14 5 1 20 1 5 14 4 10 2 2 2 12 5 1 19 6 18 6 16 4 8 2 4 2 10 4 12 4 14 6 20 6 16 4 8 4 16 4 8 4 16 4 8 4 16 4 6 2 8 2 4 2 8 4 16 6 20 7 1 15 6 20 6 16 6 20 6 15 1 7 20 6 16 4 8 2 4 2 8 2 6 4 16 4 8 4 16 4 8 4 16 4 8 4 16 6 20 6 14 4 12 4 10 2 4 2 8 4 16 6 18 6 19, zy
3188: 1 5 12 2 2 2 10 4 14 5 1 20 1 5 14 5 1 19 6 18 6 16 4 8 2 6 4 18 6 16 5 1 21 7 1 15 5 1 21 7 1 15 5 1 21 7 1 15 5 1 20 1 6 1 16 1 6 1 19 6 16 4 8 2 4 2 8 2 6 4 16 4 8 2 4 2 8 2 4 2 8 2 4 2 8 2 4 2 8 2 4 2 8 4 16 4 6 2 8 2 4 2 8 4 16 6 19 1 6 1 16 1 6 1 20 1 5 15 1 7 21 1 5 15 1 7 21 1 5 15 1 7 21 1 5 16 6 18 4 6 2 8 4 16 6 18 6 19 1 5 14 5 1 20 1 5 14 4 10 2 2 2 12 5 1 19 6 16 4 8 2 6 4 18 6 16 6 21 1 5 16 5 1 21 6 16 6 18 4 6 2 8 4 16 6 19, zy
3189: 1 5 12 4 10 2 4 2 6 2 6 2 4 2 10 4 10 2 4 2 6 2 6 2 6 4 17 1 5 12 4 12 5 1 18 1 5 12 4 12 4 10 4 14 5 1 19 6 16 4 6 2 6 2 6 2 6 2 6 4 16 6 18 6 17 1 5 12 4 10 4 14 4 10 4 12 5 1 17 6 18 6 16 4 6 2 6 2 6 2 6 2 6 4 16 6 19 1 5 14 4 10 4 12 4 12 5 1 18 1 5 12 4 12 5 1 17 4 6 2 6 2 6 2 4 2 10 4 10 2 4 2 6 2 6 2 4 2 10 4 12 5 1 17 4 6 2 6 2 6 4 17 1 6 1 16 1 6 1 17 6 18 6 16 4 6 2 6 2 6 2 6 2 6 4 16 6 18 6 17 1 6 1 16 1 6 1 17 4 6 2 6 2 6 4 17, zy
3190: 1 5 12 4 12 2 2 2 10 4 14 4 10 4 14 4 12 4 10 2 4 2 8 4 16 4 8 2 6 4 18 6 17 1 6 1 19 6 16 4 10 4 14 5 1 19 6 18 6 19 1 5 14 4 10 4 16 6 19 1 6 1 17 6 18 4 6 2 8 4 16 4 8 2 4 2 10 4 12 4 14 4 10 4 14 4 10 2 2 2 12 4 12 5 1 17 4 8 4 17 1 6 1 17 6 20 6 16 4 8 2 6 4 18 6 18 6 18 6 20 6 14 4 12 4 14 6 21 1 5 16 6 20 6 17 1 6 1 18 1 5 12 4 14 4 10 4 14 4 12 5 1 18 1 6 1 17 6 20 6 16 5 1 21 6 14 4 12 4 14 6 20 6 18 6 18 6 18 4 6 2 8 4 16 6 20 6 17 1 6 1 17 4 8 4 17, zy
3191: 1 5 12 4 12 4 10 2 2 2 10 4 12 4 10 4 14 5 1 20 1 5 14 4 8 2 6 4 16 6 17 1 6 1 17 6 16 6 19 1 5 14 5 1 19 6 16 6 16 4 8 4 16 6 16 6 19 1 5 14 5 1 19 6 16 6 17 1 6 1 17 6 16 4 6 2 8 4 14 5 1 20 1 5 14 4 10 4 12 4 10 2 2 2 10 4 12 4 12 5 1 18 1 6 1 16 1 6 1 17 6 18 6 14 4 10 4 12 4 12 4 10 4 12 4 12 4 10 4 12 4 12 4 10 4 12 4 12 5 1 18 1 5 12 4 12 5 1 18 1 5 12 4 12 5 1 18 1 5 12 4 12 4 10 4 12 4 12 4 10 4 12 4 12 4 10 4 12 4 12 4 10 4 14 6 18 6 17 1 6 1 16 1 6 1 18, zy
3192: 1 5 12 4 12 4 12 4 12 4 12 4 12 4 12 4 12 4 12 5 1 17 4 8 4 16 6 20 6 14 4 12 4 12 4 10 2 4 2 8 4 16 6 19 1 5 12 4 14 5 1 20 1 5 14 5 1 19 6 18 6 16 4 10 4 14 6 21 1 5 16 6 19 1 5 12 4 14 5 1 20 1 5 14 5 1 19 6 18 6 17 1 6 1 19 6 16 6 20 6 16 4 8 4 16 4 8 4 16 4 8 4 16 4 8 4 16 6 20 6 16 6 19 1 6 1 17 6 18 6 19 1 5 14 5 1 20 1 5 14 4 12 5 1 19 6 16 5 1 21 6 14 4 10 4 16 6 18 6 19 1 5 14 5 1 20 1 5 14 4 12 5 1 19 6 16 4 8 2 4 2 10 4 12 4 12 4 14 6 20 6 16 4 8 4 17, zy
3193: 1 5 12 4 14 5 1 20 1 6 1 15 4 10 4 14 5 1 20 1 5 14 5 1 19 6 18 6 16 4 8 2 6 2 4 2 10 4 12 4 14 6 20 6 16 6 20 6 16 6 20 6 16 6 19 1 5 12 4 14 6 20 6 16 4 8 2 4 2 10 4 12 4 12 4 12 4 12 4 12 4 10 2 4 2 8 4 16 6 20 6 14 4 12 5 1 19 6 16 6 20 6 16 6 20 6 16 6 20 6 14 4 12 4 10 2 4 2 6 2 8 4 16 6 18 6 19 1 5 14 5 1 20 1 5 14 4 10 4 15 1 6 1 20 1 5 14 4 12 5 1 19 6 16 5 1 21 7 1 15 6 20 6 16 4 8 2 4 2 8 2 4 2 8 2 4 2 8 2 4 2 8 4 16 6 20 6 15 1 7 21 1 5 16 6 19, zy
3194: 1 5 14 4 10 2 4 2 8 4 16 5 1 21 6 16 6 21 1 5 16 4 8 2 4 2 10 4 14 5 1 19 6 19 1 5 14 4 10 2 4 2 8 4 16 5 1 21 6 16 6 21 1 5 16 4 8 2 6 4 18 6 18 6 18 6 19 1 5 14 5 1 19 6 18 6 19 1 5 14 4 10 2 4 2 8 4 16 6 20 6 16 4 10 4 14 5 1 20 1 5 15 1 7 21 1 5 14 4 12 4 10 2 4 2 10 4 12 4 14 5 1 21 7 1 15 5 1 20 1 5 14 4 10 4 16 6 20 6 16 4 8 2 4 2 10 4 14 5 1 19 6 18 6 19 1 5 14 5 1 19 6 18 6 18 6 18 4 6 2 8 4 16 5 1 21 6 16 6 21 1 5 16 4 8 2 4 2 10 4 14 5 1 19 6 19, zy
3195: 1 5 12 2 2 2 10 4 14 6 21 1 5 16 6 19 1 5 12 4 14 5 1 20 1 6 1 15 4 10 4 14 5 1 20 1 6 1 15 4 8 2 6 2 4 2 10 4 12 2 2 2 10 4 12 4 14 6 20 6 16 4 8 4 17 1 5 12 4 12 4 12 4 12 4 12 4 12 5 1 17 4 8 4 16 6 20 6 14 4 12 4 10 2 2 2 12 4 10 2 4 2 6 2 8 4 15 1 6 1 20 1 5 14 4 10 4 15 1 6 1 20 1 5 14 4 12 5 1 19 6 16 5 1 21 6 14 4 10 2 2 2 12 5 1 19 6 16 4 8 2 4 2 10 4 12 4 12 4 12 4 12 2 2 2 8 2 4 2 8 2 4 2 8 2 4 2 8 2 2 2 12 4 12 4 12 4 12 4 10 2 4 2 8 4 16 6 19, zy
3196: 1 5 10 4 15 1 6 1 17 6 18 6 15 1 7 20 6 14 4 8 2 6 4 16 6 17 1 6 1 17 6 16 6 19 1 5 14 5 1 19 6 16 6 17 1 6 1 17 6 16 6 19 1 5 14 6 20 6 14 6 20 6 14 6 20 6 14 5 1 19 6 16 6 17 1 6 1 17 6 16 6 19 1 5 14 5 1 19 6 16 6 17 1 6 1 17 6 16 4 6 2 8 4 14 6 20 7 1 15 6 18 6 17 1 6 1 15 4 10 5 1 17 6 16 6 19 1 5 14 6 20 7 1 14 1 7 19 1 6 1 15 4 8 4 15 1 6 1 18 1 6 1 15 4 8 4 15 1 6 1 18 1 6 1 15 4 8 4 15 1 6 1 18 1 6 1 15 4 8 4 15 1 6 1 19 7 1 14 1 7 20 6 14 5 1 19 6 16 6 17, zy
3197: 1 5 12 2 2 2 10 4 14 4 8 2 6 2 6 4 18 6 17 1 6 1 18 1 6 1 17 4 8 4 16 6 18 4 6 2 8 4 16 6 18 6 19 1 5 14 5 1 20 1 5 14 4 10 4 14 4 10 2 4 2 6 2 6 2 6 2 6 2 6 2 6 2 6 2 6 2 6 2 6 2 6 2 6 2 6 2 6 2 6 2 4 2 10 4 14 4 10 4 14 5 1 20 1 5 14 5 1 19 6 18 6 16 4 8 2 6 4 18 6 16 4 8 4 17 1 6 1 18 1 6 1 17 6 18 4 6 2 6 2 8 4 14 4 10 2 2 2 12 5 1 19 6 18 6 16 4 8 2 6 4 17 1 6 1 18 1 6 1 17 6 19 1 6 1 16 1 6 1 19 6 17 1 6 1 18 1 6 1 17 4 6 2 8 4 16 6 18 6 19, zy
3198: 1 5 12 2 2 2 10 4 14 4 10 4 14 5 1 20 1 5 14 4 10 4 14 4 10 2 2 2 12 5 1 19 6 18 6 16 4 10 4 12 4 14 5 1 20 1 6 1 15 4 10 4 14 5 1 20 1 5 14 4 10 4 14 4 10 4 15 1 6 1 19 6 18 6 16 4 10 4 12 4 14 5 1 20 1 6 1 15 4 10 4 14 4 8 2 6 2 6 4 18 6 18 6 16 4 10 4 12 4 14 5 1 20 1 5 14 5 1 20 1 5 14 4 12 4 10 4 16 6 18 6 18 4 6 2 6 2 8 4 14 4 10 4 15 1 6 1 20 1 5 14 4 12 4 10 4 16 6 18 6 19 1 6 1 15 4 10 4 14 4 10 4 14 5 1 20 1 5 14 4 10 4 15 1 6 1 20 1 5 14 4 12 4 10 4 16 6 18 6 19, zy
3199: 1 5 12 2 2 2 10 4 14 6 21 1 5 16 6 19 1 5 12 4 14 5 1 20 1 6 1 15 4 10 4 14 5 1 20 1 6 1 15 4 8 2 6 2 4 2 10 4 12 2 2 2 10 4 12 4 12 2 2 2 8 2 4 2 10 4 12 4 12 4 12 4 12 4 12 4 10 2 4 2 8 2 2 2 12 4 12 4 10 2 2 2 12 4 10 2 4 2 6 2 8 4 15 1 6 1 20 1 5 14 4 10 4 15 1 6 1 20 1 5 14 4 12 5 1 19 6 16 5 1 21 6 14 4 10 2 2 2 12 5 1 19 6 16 4 8 2 4 2 10 4 12 4 12 4 12 4 12 4 12 4 12 4 12 4 12 4 12 5 1 18 1 5 12 4 12 4 12 4 12 4 12 4 12 4 12 4 12 4 12 4 10 2 4 2 8 4 16 6 19, zy
3200: 1 5 12 2 2 2 10 4 15 1 6 1 19 6 18 6 18 6 19 1 5 14 4 10 4 15 1 6 1 20 1 5 14 4 12 4 12 4 12 2 2 2 10 4 12 2 2 2 10 4 14 4 10 2 2 2 12 4 10 2 2 2 12 4 12 4 12 4 14 5 1 20 1 6 1 15 4 10 4 14 5 1 19 6 18 6 18 6 19 1 6 1 15 4 10 2 2 2 12 5 1 19 6 16 4 10 4 14 4 10 2 2 2 12 4 10 2 4 2 8 4 16 4 8 2 4 2 10 4 12 4 14 4 10 4 14 4 12 5 1 19 6 16 4 8 2 6 2 6 2 6 2 6 2 6 2 8 4 16 6 19 1 5 12 4 14 4 10 4 14 4 12 4 10 2 4 2 8 4 16 4 8 2 4 2 10 4 12 2 2 2 10 4 14 4 10 4 16 6 19, zy
3201: 1 5 12 4 12 4 10 2 2 2 10 4 12 4 10 2 2 2 10 4 12 4 10 4 14 5 1 20 1 5 14 4 10 4 12 4 10 4 14 5 1 20 1 5 14 4 10 4 12 4 10 4 14 5 1 20 1 5 14 4 10 4 12 4 10 4 14 5 1 20 1 5 14 4 10 4 12 4 10 2 2 2 10 4 12 4 10 2 2 2 10 4 12 4 12 5 1 19 6 14 5 1 19 7 1 13 4 10 4 12 4 12 4 10 4 12 4 12 4 10 4 12 4 12 4 10 4 12 4 12 5 1 18 1 5 12 4 12 5 1 18 1 5 12 4 12 5 1 18 1 5 12 4 12 5 1 18 1 5 12 4 12 5 1 18 1 5 12 4 12 4 10 4 12 4 12 4 10 4 12 4 12 4 10 4 12 4 12 4 10 4 13 1 7 19 1 5 14 6 19, zy
3202: 1 5 12 4 12 4 12 4 12 4 10 4 16 6 18 6 17 1 6 1 18 1 6 1 15 4 10 4 14 6 20 6 16 6 20 6 14 4 10 4 15 1 6 1 18 1 6 1 17 6 18 6 16 4 10 4 12 4 12 4 12 4 12 5 1 17 4 8 4 16 6 18 6 18 6 18 6 16 5 1 20 1 5 14 5 1 19 6 16 6 20 6 14 4 12 5 1 18 1 6 1 17 6 18 6 17 1 6 1 17 4 6 2 8 4 15 1 6 1 19 6 16 6 20 6 14 4 12 5 1 19 6 16 6 19 1 5 12 4 14 6 20 6 16 6 19 1 6 1 15 4 8 2 6 4 17 1 6 1 17 6 18 6 17 1 6 1 18 1 5 12 4 14 6 20 6 16 6 19 1 5 14 5 1 20 1 5 16 6 18 6 18 6 18 6 16 4 8 4 17, zy
3203: 1 5 12 4 12 4 12 4 12 4 12 4 12 4 12 4 12 4 12 4 12 4 12 4 12 4 12 5 1 17 4 8 4 16 6 20 6 16 6 19 1 6 1 17 6 18 6 19 1 5 14 5 1 19 6 18 6 17 1 6 1 19 6 16 6 20 6 16 5 1 21 6 15 1 7 21 1 5 16 6 19 1 5 12 4 14 5 1 20 1 5 14 5 1 19 6 18 6 17 1 6 1 19 6 16 6 20 6 16 4 8 4 16 4 8 4 16 4 8 4 16 6 20 6 16 6 19 1 6 1 17 6 18 6 19 1 5 14 5 1 20 1 5 14 4 12 5 1 19 6 16 5 1 21 7 1 15 6 21 1 5 16 6 20 6 16 6 19 1 6 1 17 6 18 6 19 1 5 14 5 1 19 6 18 6 17 1 6 1 19 6 16 6 20 6 16 4 8 4 17, zy
3204: 1 5 12 4 12 4 12 5 1 19 6 14 4 8 2 6 4 16 6 17 1 6 1 17 6 16 4 8 4 14 4 8 2 4 2 8 4 14 4 8 2 4 2 8 4 14 4 10 4 10 2 2 2 12 6 20 6 14 5 1 19 6 15 1 6 1 19 6 14 4 8 2 4 2 8 2 4 2 6 2 6 2 6 4 16 4 6 2 6 2 6 4 16 6 18 6 16 6 18 6 16 6 18 6 16 6 18 6 16 6 18 6 16 6 18 6 16 4 6 2 6 2 6 4 16 4 6 2 6 2 6 2 4 2 8 2 4 2 8 4 14 6 19 1 6 1 15 6 19 1 5 14 6 20 6 12 2 2 2 10 4 10 4 14 4 8 2 4 2 8 4 14 4 8 2 4 2 8 4 14 4 8 4 16 6 17 1 6 1 17 6 16 4 6 2 8 4 14 6 19, zy
3205: 1 5 12 4 12 4 14 4 10 4 14 4 10 4 16 6 19 1 6 1 16 1 6 1 19 6 18 6 18 6 18 6 19 1 6 1 16 1 6 1 19 6 16 4 10 4 14 4 10 4 14 4 12 4 12 5 1 17 4 8 4 17 1 6 1 17 6 20 6 16 5 1 20 1 6 1 15 4 10 4 14 4 12 5 1 18 1 6 1 17 4 6 2 8 2 4 2 8 2 4 2 10 4 12 4 14 4 8 2 6 2 6 2 6 2 8 4 15 1 6 1 20 1 5 15 1 6 1 20 1 6 1 15 5 1 20 1 6 1 15 4 8 2 6 2 6 2 6 2 8 4 14 4 12 4 10 2 4 2 8 2 4 2 8 2 6 4 17 1 6 1 18 1 5 12 4 14 4 10 4 15 1 6 1 20 1 5 16 6 20 6 17 1 6 1 17 4 8 4 17, zy
3206: 1 5 12 4 14 4 10 4 14 5 1 20 1 6 1 15 4 8 2 6 2 4 2 10 4 14 6 21 1 5 16 6 19 1 6 1 17 6 18 6 18 6 18 6 18 6 18 6 18 6 18 6 18 6 17 1 6 1 19 6 16 6 21 1 5 16 4 8 4 16 5 1 21 6 16 6 19 1 6 1 17 6 18 6 18 6 18 6 18 6 18 6 18 6 18 6 18 6 17 1 6 1 19 6 16 5 1 21 6 14 4 10 2 4 2 6 2 8 4 15 1 6 1 20 1 5 14 4 10 4 14 4 12 5 1 19 6 18 6 16 4 8 2 4 2 10 4 12 4 14 6 20 6 16 4 8 2 4 2 10 4 12 4 12 4 12 4 12 4 12 4 12 4 12 4 10 2 4 2 8 4 16 6 20 6 14 4 12 4 10 2 4 2 8 4 16 6 18 6 19, zy
3207: 1 5 12 4 14 4 12 5 1 19 6 17 1 6 1 18 1 6 1 17 6 19 1 6 1 15 4 10 2 4 2 6 2 8 4 16 6 20 6 16 5 1 20 1 6 1 15 4 10 4 14 4 10 2 2 2 12 4 10 2 4 2 8 4 16 4 8 2 6 4 18 6 17 1 6 1 19 6 16 4 8 2 6 2 6 4 19 1 5 14 4 12 4 12 4 12 4 12 4 12 4 14 5 1 20 1 5 14 4 12 4 12 4 12 4 12 4 12 4 14 5 1 19 4 6 2 6 2 8 4 16 6 19 1 6 1 17 6 18 4 6 2 8 4 16 4 8 2 4 2 10 4 12 2 2 2 10 4 14 4 10 4 15 1 6 1 20 1 5 16 6 20 6 16 4 8 2 6 2 4 2 10 4 15 1 6 1 19 6 17 1 6 1 18 1 6 1 17 6 19, zy
3208: 1 5 12 4 14 5 1 20 1 6 1 15 4 10 4 14 5 1 20 1 5 14 5 1 19 6 18 6 16 4 8 2 6 4 18 6 16 5 1 21 7 1 15 5 1 21 7 1 15 5 1 21 6 14 4 10 4 14 4 10 2 4 2 6 2 6 2 6 2 6 2 6 2 6 2 6 2 6 2 6 2 6 2 6 2 6 2 6 2 4 2 10 4 14 4 10 4 14 6 21 1 5 15 1 7 21 1 5 15 1 7 21 1 5 16 6 18 4 6 2 8 4 16 6 18 6 19 1 5 14 5 1 20 1 5 14 4 10 4 15 1 6 1 20 1 5 14 4 12 5 1 19 6 16 5 1 21 6 14 4 10 4 16 6 18 6 18 6 19 1 5 14 4 10 4 14 4 10 4 14 5 1 19 6 18 6 18 6 16 4 10 4 14 6 21 1 5 16 6 19, zy
3209: 1 5 12 4 14 6 20 6 16 4 8 2 4 2 10 4 12 4 12 4 12 4 12 4 12 4 12 4 12 4 12 4 12 4 12 4 10 2 4 2 8 4 16 6 20 6 14 4 12 5 1 19 6 16 6 20 6 16 6 20 6 16 6 20 6 16 6 19 1 6 1 17 6 18 6 18 6 19 1 5 14 5 1 19 6 18 6 16 4 10 4 12 4 14 5 1 20 1 6 1 16 1 6 1 19 6 16 4 8 2 4 2 10 4 12 4 12 4 12 4 12 4 12 4 12 4 12 4 12 4 12 4 12 4 12 4 12 4 10 2 4 2 8 4 16 6 19 1 6 1 16 1 6 1 20 1 5 14 4 12 4 10 4 16 6 18 6 19 1 5 14 5 1 19 6 18 6 18 6 17 1 6 1 19 6 16 6 20 6 16 6 20 6 16 6 20 6 16 6 19, zy
3210: 1 5 12 4 14 6 21 1 5 16 6 19 1 6 1 17 6 18 6 19 1 5 14 4 8 2 6 2 6 2 6 2 6 2 6 2 6 2 6 2 6 4 18 6 18 6 17 1 6 1 19 6 16 6 20 6 16 6 20 6 16 6 20 6 16 6 19 1 6 1 17 6 18 6 18 4 6 2 6 2 6 2 6 2 6 2 6 2 6 2 6 2 8 4 14 5 1 19 6 18 6 17 1 6 1 19 6 16 5 1 21 6 14 4 12 5 1 19 6 16 6 20 6 16 4 8 4 16 4 8 4 16 4 8 4 16 6 20 6 16 6 19 1 5 12 4 14 6 21 1 5 16 6 20 7 1 15 6 20 6 15 1 7 20 6 16 5 1 21 6 14 4 12 5 1 19 6 16 6 20 6 16 4 8 4 16 4 8 4 16 4 8 4 16 6 20 6 16 6 19, zy
3211: 1 5 14 4 10 4 15 1 6 1 20 1 5 14 4 12 4 10 4 15 1 6 1 20 1 5 14 4 10 4 16 6 18 6 18 6 18 6 18 6 18 6 18 6 18 6 16 4 10 4 14 5 1 20 1 6 1 15 4 10 4 12 4 14 5 1 20 1 6 1 15 4 10 4 14 5 1 20 1 6 1 15 4 8 2 6 4 18 6 16 4 8 2 4 2 10 4 12 4 12 4 14 6 20 6 16 6 20 6 16 6 20 6 15 1 7 20 6 17 1 6 1 17 4 8 4 16 6 19 1 6 1 17 6 18 6 18 6 18 6 18 6 18 6 17 1 6 1 19 6 16 4 8 4 17 1 6 1 17 6 20 7 1 15 6 20 6 16 6 20 6 16 6 20 6 14 4 12 4 12 4 10 2 4 2 8 4 16 6 18 4 6 2 8 4 15 1 6 1 20, zy
3212: 1 5 12 2 2 2 10 4 14 4 10 4 14 5 1 20 1 6 1 15 4 8 2 6 4 18 6 16 4 8 2 4 2 10 4 12 4 14 6 20 6 16 4 8 4 17 1 5 12 4 12 4 12 4 12 4 12 4 12 5 1 17 4 8 4 16 6 20 6 14 4 12 4 10 2 4 2 8 4 16 6 18 4 6 2 8 4 15 1 6 1 20 1 5 14 4 10 4 14 4 10 2 2 2 12 5 1 19 6 18 6 16 4 10 4 12 4 14 5 1 21 7 1 15 5 1 20 1 6 1 15 4 10 4 14 4 8 2 6 2 6 4 18 6 17 1 6 1 19 6 16 6 20 6 16 6 20 6 16 6 19 1 6 1 17 6 18 4 6 2 6 2 8 4 14 4 10 4 15 1 6 1 20 1 5 15 1 7 21 1 5 14 4 12 4 10 4 16 6 18 6 19, zy
3213: 1 5 12 2 2 2 10 4 14 4 10 4 14 5 1 20 1 6 1 15 4 8 2 6 4 18 6 16 4 8 2 4 2 10 4 12 4 14 6 20 6 16 4 8 4 17 1 5 12 4 12 4 12 4 12 4 12 4 12 5 1 17 4 8 4 16 6 20 6 14 4 12 4 10 2 4 2 8 4 16 6 18 4 6 2 8 4 15 1 6 1 20 1 5 14 4 10 4 14 4 10 2 2 2 12 5 1 19 6 18 6 16 4 10 4 12 4 14 5 1 21 7 1 15 5 1 20 1 6 1 16 1 6 1 19 6 16 4 8 2 4 2 10 4 12 4 12 4 14 6 20 6 16 6 20 6 16 6 20 6 14 4 12 4 12 4 10 2 4 2 8 4 16 6 19 1 6 1 16 1 6 1 20 1 5 15 1 7 21 1 5 14 4 12 4 10 4 16 6 18 6 19, zy
3214: 1 5 12 2 2 2 12 5 1 19 6 17 1 6 1 19 6 16 5 1 20 1 5 14 4 10 4 16 6 20 6 16 5 1 21 6 14 4 12 4 12 4 12 4 14 5 1 20 1 5 14 4 10 2 2 2 12 4 12 4 12 4 12 2 2 2 10 4 14 5 1 20 1 5 14 4 12 4 12 4 12 4 14 6 21 1 5 16 6 20 6 16 4 10 4 14 5 1 20 1 5 16 6 19 1 6 1 17 6 19 1 5 12 2 2 2 12 5 1 19 6 18 6 18 6 19 1 5 14 4 10 4 15 1 6 1 20 1 5 14 4 12 4 12 4 14 6 21 1 5 16 6 20 6 17 1 6 1 17 4 8 4 17 1 6 1 17 6 20 6 16 5 1 21 6 14 4 12 4 12 4 14 5 1 20 1 6 1 15 4 10 4 14 5 1 19 6 18 6 18 6 19, zy
3215: 1 5 14 5 1 19 6 18 6 16 4 10 4 12 2 2 2 10 4 14 6 21 1 5 16 6 19 1 6 1 17 6 18 6 18 6 18 6 18 6 18 6 18 6 18 6 18 6 18 6 18 6 17 1 6 1 19 6 16 4 8 4 17 1 6 1 17 4 8 4 16 6 19 1 6 1 17 6 18 6 18 6 18 6 18 6 18 6 18 6 18 6 18 6 18 6 18 6 17 1 6 1 19 6 16 5 1 21 6 14 4 10 2 2 2 12 4 10 4 16 6 18 6 19 1 5 14 5 1 19 6 18 6 18 6 17 1 6 1 19 6 16 6 20 6 16 4 8 2 4 2 8 2 4 2 8 2 4 2 8 2 4 2 8 2 4 2 8 2 4 2 8 2 4 2 8 2 4 2 8 2 4 2 8 4 16 6 20 6 16 6 19 1 6 1 17 6 18 6 18 6 19, zy
3216: 1 5 12 2 2 2 8 2 4 2 8 4 14 5 1 20 1 5 15 1 6 1 19 6 14 5 1 19 6 14 4 10 4 12 4 12 5 1 18 1 6 1 15 4 8 4 16 6 16 4 8 4 14 4 10 4 12 5 1 17 4 6 2 6 4 17 1 5 12 4 10 4 14 4 8 4 16 6 16 4 8 4 15 1 6 1 18 1 5 12 4 12 4 10 4 14 6 19 1 5 14 6 19 1 6 1 15 5 1 20 1 5 14 4 8 2 4 2 8 2 2 2 12 5 1 19 6 14 4 10 4 12 4 12 5 1 18 1 6 1 15 4 8 2 4 2 8 4 14 5 1 19 6 16 6 18 6 16 6 17 1 6 1 17 6 17 1 6 1 17 6 16 6 18 6 16 6 19 1 5 14 4 8 2 4 2 8 4 15 1 6 1 18 1 5 12 4 12 4 10 4 14 6 19, zy
3217: 1 5 12 2 2 2 10 2 2 2 12 5 1 19 6 17 1 6 1 18 1 6 1 17 6 19 1 6 1 15 4 10 2 4 2 6 2 8 4 16 6 20 6 16 5 1 20 1 6 1 15 4 10 4 14 4 10 2 2 2 12 4 10 2 4 2 8 4 16 4 8 2 6 4 18 6 17 1 6 1 19 6 16 4 8 2 6 2 6 4 19 1 5 14 4 12 4 12 4 12 4 12 4 12 4 14 5 1 20 1 5 14 4 12 4 12 4 12 4 12 4 12 4 14 5 1 19 4 6 2 6 2 8 4 16 6 19 1 6 1 17 6 18 4 6 2 8 4 16 4 8 2 4 2 10 4 12 2 2 2 10 4 14 4 10 4 15 1 6 1 20 1 5 16 6 20 6 16 4 8 2 6 2 4 2 10 4 15 1 6 1 19 6 17 1 6 1 18 1 6 1 17 6 19, zy
3218: 1 5 12 2 2 2 10 4 14 4 10 4 14 5 1 19 6 18 6 18 6 18 6 18 6 17 1 6 1 19 6 16 5 1 21 6 14 4 10 2 2 2 12 4 10 4 16 6 18 6 19 1 5 14 5 1 19 6 18 6 18 6 17 1 6 1 19 6 16 5 1 21 6 14 4 12 5 1 19 6 16 6 21 1 5 16 5 1 21 6 16 6 19 1 5 12 4 14 6 21 1 5 16 6 19 1 6 1 17 6 18 6 18 6 19 1 5 14 5 1 19 6 18 6 16 4 10 4 12 2 2 2 10 4 14 6 21 1 5 16 6 19 1 6 1 17 6 18 6 18 6 18 6 18 6 19 1 5 14 4 10 4 14 4 10 2 2 2 12 5 1 19 6 18 6 17 1 6 1 19 6 16 6 20 6 16 6 20 6 16 6 20 6 16 6 19 1 6 1 17 6 18 6 19, zy
3219: 1 5 12 2 2 2 10 4 14 5 1 20 1 5 14 4 10 4 14 4 10 4 14 4 10 4 14 5 1 20 1 5 14 4 10 2 2 2 12 5 1 19 6 17 1 6 1 19 6 16 6 19 1 6 1 17 6 19 1 6 1 16 1 6 1 19 6 18 6 16 5 1 20 1 6 1 16 1 6 1 19 6 16 4 8 2 6 4 17 1 6 1 18 1 5 12 4 12 4 14 6 20 6 16 5 1 21 6 14 4 12 4 10 4 16 6 19 1 5 14 5 1 20 1 5 14 5 1 19 6 16 4 10 4 12 4 14 6 21 1 5 16 6 20 6 14 4 12 4 12 5 1 18 1 6 1 17 4 6 2 8 4 16 6 19 1 6 1 16 1 6 1 20 1 5 16 6 18 6 19 1 6 1 16 1 6 1 19 6 17 1 6 1 19 6 16 6 19 1 6 1 17 6 19, zy
3220: 1 5 12 2 2 2 10 4 14 5 1 20 1 5 14 5 1 19 6 17 1 6 1 19 6 16 6 20 6 16 6 20 6 16 6 20 6 14 4 12 4 12 4 12 4 12 5 1 18 1 5 12 4 12 4 12 4 12 4 14 6 20 6 16 6 20 6 16 6 20 6 16 6 19 1 6 1 17 6 19 1 5 14 5 1 20 1 5 14 4 10 2 2 2 12 5 1 19 6 16 4 8 2 6 4 18 6 16 5 1 21 6 14 4 10 4 16 6 18 6 18 6 19 1 5 14 5 1 19 6 18 6 17 1 6 1 19 6 16 6 20 6 16 4 8 4 16 4 8 4 16 4 8 4 16 4 8 4 16 6 20 6 16 6 19 1 6 1 17 6 18 6 19 1 5 14 5 1 19 6 18 6 18 6 16 4 10 4 14 6 21 1 5 16 6 18 4 6 2 8 4 16 6 19, zy
3221: 1 5 12 2 2 2 12 5 1 19 6 17 1 6 1 19 6 16 5 1 20 1 5 14 4 10 4 16 6 20 6 16 5 1 21 6 14 4 12 4 12 4 14 6 21 1 5 16 6 20 6 17 1 6 1 18 1 5 12 4 14 4 10 4 15 1 6 1 19 6 18 6 18 6 19 1 5 14 5 1 19 6 18 6 18 6 19 1 6 1 15 4 10 4 14 4 12 5 1 18 1 6 1 17 6 20 6 16 5 1 21 6 14 4 12 4 12 4 14 6 21 1 5 16 6 20 6 16 4 10 4 14 5 1 20 1 5 16 6 19 1 6 1 17 6 19 1 5 12 2 2 2 12 5 1 19 6 18 6 18 6 19 1 5 14 4 10 4 15 1 6 1 20 1 5 15 1 6 1 20 1 6 1 15 5 1 20 1 6 1 15 4 10 4 14 5 1 19 6 18 6 18 6 19, zy
3222: 1 5 12 4 10 2 4 2 6 2 4 2 10 4 10 2 2 2 10 2 2 2 10 4 10 4 14 4 8 2 4 2 8 4 14 4 8 2 4 2 8 4 14 4 10 4 10 2 2 2 10 2 2 2 10 4 10 2 4 2 6 2 4 2 10 4 12 5 1 18 1 5 12 4 12 5 1 17 4 6 2 6 2 6 4 16 6 18 6 16 6 18 6 16 6 18 6 16 6 18 6 16 6 18 6 16 6 18 6 16 6 19 1 5 14 4 10 4 12 4 10 4 14 6 19 1 6 1 15 6 18 6 17 1 6 1 16 1 6 1 17 6 18 6 15 1 6 1 19 6 14 4 10 4 12 4 10 4 14 5 1 19 6 16 6 18 6 16 6 18 6 16 6 18 6 16 6 18 6 16 6 18 6 16 6 18 6 16 4 6 2 6 2 6 4 17 1 5 12 4 12 5 1 18, zy
3223: 1 5 12 4 12 2 2 2 8 2 6 4 17 1 6 1 18 1 5 12 4 14 6 20 6 16 4 8 2 4 2 8 2 4 2 8 2 6 4 16 4 8 4 16 6 20 6 16 6 19 1 6 1 17 6 18 6 18 6 19 1 5 14 4 10 4 14 4 10 4 14 4 10 4 14 5 1 19 6 18 6 18 6 17 1 6 1 19 6 16 6 20 6 16 4 8 4 16 4 6 2 8 2 4 2 8 2 4 2 8 4 16 6 20 6 14 4 12 5 1 18 1 6 1 17 4 6 2 8 2 2 2 12 4 12 5 1 18 1 6 1 18 1 5 12 4 14 6 20 6 17 1 6 1 17 4 8 4 16 6 19 1 6 1 17 6 18 6 18 6 18 6 18 6 18 6 17 1 6 1 19 6 16 4 8 4 17 1 6 1 17 6 20 6 14 4 12 5 1 18 1 6 1 18, zy
3224: 1 5 12 4 12 4 10 2 2 2 10 4 12 4 10 2 2 2 10 4 12 4 10 2 2 2 10 4 12 4 10 2 2 2 10 4 12 4 10 2 2 2 10 4 12 4 12 5 1 19 6 14 4 8 2 4 2 8 2 4 2 8 4 14 6 19 1 5 12 4 12 4 12 5 1 19 6 14 5 1 19 7 1 13 4 10 4 12 4 12 4 10 4 13 1 7 19 1 5 14 6 19 1 5 12 4 12 4 12 5 1 19 6 14 5 1 18 1 6 1 16 1 6 1 17 4 6 4 17 1 6 1 16 1 6 1 18 1 5 14 6 19 1 5 12 4 12 4 12 5 1 19 6 14 5 1 19 7 1 13 4 10 4 12 4 12 4 10 4 13 1 7 19 1 5 14 6 19 1 5 12 4 12 4 12 5 1 19 6 14 4 8 2 4 2 8 2 4 2 8 4 14 6 19, zy
3225: 1 5 12 4 12 4 10 2 2 2 10 4 12 4 12 5 1 19 6 14 4 8 2 6 4 16 6 17 1 6 1 17 6 16 4 8 4 14 4 8 2 4 2 8 4 14 4 8 2 4 2 8 4 14 4 10 4 10 2 2 2 12 6 20 6 14 5 1 19 6 15 1 6 1 19 6 14 4 8 2 4 2 8 2 4 2 6 2 6 2 6 4 16 4 6 2 6 2 6 4 16 6 18 6 16 6 18 6 16 6 18 6 16 6 18 6 16 6 18 6 16 4 6 2 6 2 6 4 16 4 6 2 6 2 6 2 4 2 8 2 4 2 8 4 14 6 19 1 6 1 15 6 19 1 5 14 6 20 6 12 2 2 2 10 4 10 4 14 4 8 2 4 2 8 4 14 4 8 2 4 2 8 4 14 4 8 4 16 6 17 1 6 1 17 6 16 4 6 2 8 4 14 6 19, zy
3226: 1 5 12 4 12 4 12 4 14 6 20 6 16 4 8 4 17 1 6 1 17 4 8 4 16 6 20 6 14 4 12 4 12 4 12 4 10 2 4 2 8 4 16 6 20 6 16 6 20 7 1 13 4 12 4 12 4 12 4 12 4 12 4 12 4 12 4 12 4 12 4 12 4 12 4 12 4 12 4 12 4 12 4 12 4 12 4 12 4 12 4 12 4 12 4 12 4 12 4 12 4 12 4 12 4 12 4 12 4 12 4 12 4 12 4 12 4 12 4 13 1 7 20 6 16 6 20 6 16 4 8 2 4 2 10 4 12 4 12 4 12 4 14 6 20 6 16 4 8 4 17 1 6 1 17 4 8 4 16 6 20 6 14 4 12 4 12 4 12 5 1 17 4 8 4 16 4 8 4 16 4 8 4 16 4 8 4 16 4 8 4 16 4 8 4 16 4 8 4 16 4 8 4 17, zy
3227: 1 5 12 4 12 4 14 6 20 6 16 6 20 6 16 6 20 6 15 1 7 20 6 16 4 8 2 4 2 10 4 12 4 12 4 12 4 12 4 12 4 12 4 12 4 12 4 12 4 10 2 4 2 8 4 16 6 20 7 1 15 6 20 6 16 6 20 6 16 6 20 6 14 4 12 4 12 5 1 18 1 6 1 17 6 19 1 6 1 16 1 6 1 19 6 18 6 16 5 1 20 1 6 1 15 4 10 4 14 4 8 2 6 2 6 4 18 6 17 1 6 1 18 1 6 1 17 6 20 7 1 15 6 20 6 16 4 8 4 16 4 8 4 16 4 8 4 16 6 20 6 15 1 7 20 6 17 1 6 1 18 1 6 1 17 6 18 4 6 2 6 2 8 4 14 4 10 4 15 1 6 1 20 1 5 16 6 18 6 19 1 6 1 16 1 6 1 19 6 17 1 6 1 18, zy
3228: 1 5 12 4 14 4 8 2 6 2 6 4 18 6 17 1 6 1 18 1 6 1 17 4 6 2 8 4 16 6 19 1 5 14 6 21 1 5 14 4 12 4 10 4 16 6 18 6 19 1 5 14 5 1 20 1 5 14 4 10 4 15 1 6 1 20 1 5 14 4 12 5 1 19 6 16 4 8 2 4 2 10 4 12 4 12 4 12 4 12 4 14 6 20 6 14 4 12 4 12 4 12 4 12 4 10 2 4 2 8 4 16 6 19 1 5 12 4 14 5 1 20 1 6 1 15 4 10 4 14 5 1 20 1 5 14 5 1 19 6 18 6 16 4 10 4 12 4 14 5 1 21 6 14 5 1 19 6 16 4 8 2 6 4 17 1 6 1 18 1 6 1 17 6 18 4 6 2 6 2 8 4 14 4 12 5 1 19 6 17 1 6 1 19 6 16 6 19 1 6 1 17 6 19, zy
3229: 1 5 12 4 14 4 10 4 14 4 10 2 4 2 8 4 16 6 20 6 16 4 10 4 14 5 1 20 1 5 16 6 19 1 6 1 17 6 19 1 5 14 5 1 19 6 18 6 19 1 5 14 4 10 2 2 2 12 4 12 4 12 4 12 4 12 4 14 5 1 20 1 5 14 4 12 4 10 2 4 2 8 2 4 2 10 4 12 4 14 5 1 20 1 5 14 4 12 4 12 4 12 4 12 4 12 2 2 2 10 4 14 5 1 19 6 18 6 19 1 5 14 5 1 19 6 17 1 6 1 19 6 16 5 1 20 1 5 14 4 10 4 16 6 20 6 16 4 8 2 4 2 10 4 14 4 10 4 14 4 12 5 1 18 1 6 1 17 6 20 6 16 6 21 1 5 16 5 1 21 6 14 4 12 4 14 6 21 1 5 16 5 1 21 6 16 6 20 6 17 1 6 1 18, zy
3230: 1 5 14 4 10 4 14 4 10 4 14 4 10 4 14 4 10 4 14 4 8 2 6 2 6 2 6 4 18 6 17 1 6 1 18 1 6 1 17 6 18 6 19 1 5 14 5 1 19 6 16 4 10 4 12 4 14 6 21 1 5 16 6 20 6 16 6 19 1 6 1 17 6 18 6 18 6 18 6 18 6 17 1 6 1 19 6 16 6 20 6 16 6 20 6 16 6 19 1 6 1 17 6 18 6 18 6 18 6 18 6 17 1 6 1 19 6 16 6 20 6 16 5 1 21 6 14 4 12 4 10 4 16 6 19 1 5 14 5 1 19 6 18 6 17 1 6 1 18 1 6 1 17 6 18 4 6 2 6 2 6 2 8 4 14 4 10 4 14 4 10 4 14 4 10 4 14 4 10 4 14 5 1 19 6 18 6 17 1 6 1 19 6 16 6 19 1 6 1 17 6 18 6 19, zy
3231: 1 5 14 4 10 4 14 4 10 4 14 5 1 19 6 18 6 18 6 16 4 10 4 14 5 1 21 7 1 15 4 8 2 6 2 4 2 10 4 14 6 21 1 5 16 6 19 1 6 1 17 6 18 6 18 6 18 6 18 6 18 6 18 6 18 6 18 6 17 1 6 1 19 6 16 6 21 1 5 16 4 8 4 16 5 1 21 6 16 6 19 1 6 1 17 6 18 6 18 6 18 6 18 6 18 6 18 6 18 6 18 6 17 1 6 1 19 6 16 5 1 21 6 14 4 10 2 4 2 6 2 8 4 15 1 7 21 1 5 14 4 10 4 16 6 18 6 18 6 19 1 5 14 4 10 4 14 4 10 4 14 5 1 19 6 18 6 18 6 17 1 6 1 19 6 16 6 20 6 16 4 8 4 16 4 8 4 16 6 20 6 16 6 19 1 6 1 17 6 18 6 18 6 19, zy
3232: 1 5 14 4 10 4 16 6 19 1 6 1 17 6 18 6 20 6 16 6 20 6 18 6 17 1 6 1 19 6 16 4 10 4 14 5 1 19 6 18 6 18 4 6 2 8 4 16 6 20 6 16 4 10 4 12 2 2 2 10 2 2 2 10 2 4 2 6 2 8 4 16 6 19 1 6 1 17 6 18 4 8 4 16 6 21 1 5 16 4 8 2 6 2 6 4 18 6 18 6 19 1 6 1 15 4 10 4 14 4 10 2 4 2 6 2 8 4 16 4 8 4 16 4 8 2 6 2 4 2 10 4 14 4 10 4 15 1 6 1 19 6 18 6 18 4 6 2 6 2 8 4 16 5 1 21 6 16 4 8 4 18 6 17 1 6 1 19 6 16 4 8 2 6 2 4 2 10 2 2 2 10 2 2 2 12 4 10 4 16 6 20 6 16 4 8 2 6 4 18 6 18 6 19, zy
3233: 1 5 12 2 2 2 10 4 14 5 1 20 1 5 14 5 1 19 6 17 1 6 1 19 6 16 6 20 6 16 6 20 6 16 6 19 1 6 1 17 6 19 1 5 14 5 1 20 1 5 14 4 10 2 2 2 12 5 1 19 6 17 1 6 1 18 1 6 1 17 6 20 7 1 15 6 20 6 16 4 8 4 17 1 6 1 17 6 19 1 6 1 17 6 18 6 18 6 18 6 17 1 6 1 19 6 17 1 6 1 18 1 5 12 4 12 4 12 2 2 2 8 2 4 2 10 4 12 4 12 4 12 4 12 4 12 4 12 4 10 2 4 2 8 2 2 2 12 4 12 4 12 5 1 18 1 6 1 17 6 19 1 6 1 17 6 18 6 18 6 18 6 17 1 6 1 19 6 17 1 6 1 17 4 8 4 16 6 20 6 15 1 7 20 6 17 1 6 1 18 1 6 1 17 6 19, zy
3234: 1 5 12 4 12 4 12 4 12 4 12 4 12 4 12 4 12 4 12 4 12 4 12 4 12 4 12 4 12 5 1 17 4 8 4 16 4 8 4 16 6 20 6 14 4 12 4 12 4 10 2 4 2 8 4 16 6 19 1 5 12 4 14 5 1 20 1 5 14 5 1 20 1 5 15 1 6 1 20 1 6 1 15 5 1 20 1 5 14 5 1 20 1 5 14 4 12 5 1 19 6 16 5 1 20 1 6 1 16 1 6 1 19 6 17 1 6 1 18 1 6 1 17 6 19 1 6 1 16 1 6 1 20 1 5 16 6 19 1 5 12 4 14 5 1 20 1 5 14 5 1 20 1 5 15 1 6 1 20 1 6 1 15 5 1 20 1 5 14 5 1 20 1 5 14 4 12 5 1 19 6 16 4 8 2 4 2 10 4 12 4 12 4 14 6 20 6 16 4 8 4 16 4 8 4 17, zy
3235: 1 5 12 4 14 4 8 2 4 2 10 4 14 6 21 1 5 16 6 19 1 6 1 17 6 18 6 18 6 18 6 19 1 5 14 4 10 4 14 4 10 4 15 1 6 1 19 6 17 1 6 1 19 6 16 6 19 1 6 1 17 6 19 1 6 1 15 4 10 4 14 4 10 4 14 5 1 19 6 18 6 18 6 18 6 17 1 6 1 19 6 16 5 1 21 6 14 4 10 2 4 2 8 4 14 4 12 5 1 19 6 16 4 8 2 4 2 10 4 12 4 12 4 14 6 20 6 16 6 20 6 16 6 20 6 15 1 7 20 6 16 4 8 2 4 2 10 4 12 4 12 4 12 4 12 4 12 4 12 4 12 4 12 4 12 4 12 4 10 2 4 2 8 4 16 6 20 7 1 15 6 20 6 16 6 20 6 16 6 20 6 14 4 12 4 12 4 10 2 4 2 8 4 16 6 19, zy
3236: 1 5 12 2 2 2 10 2 2 2 12 5 1 19 6 16 4 10 4 14 4 10 2 4 2 6 2 8 4 16 6 20 6 17 1 6 1 17 6 20 6 16 4 8 2 6 2 4 2 10 4 14 4 10 4 16 6 19 1 5 14 5 1 20 1 5 16 6 19 1 6 1 17 6 19 1 6 1 15 4 10 2 2 2 12 4 10 4 16 6 20 6 16 4 10 4 12 2 2 2 10 4 15 1 6 1 19 6 18 6 18 6 18 6 19 1 6 1 15 4 10 2 2 2 12 4 10 4 16 6 20 6 16 4 10 4 12 2 2 2 10 4 15 1 6 1 19 6 17 1 6 1 19 6 16 5 1 20 1 5 14 5 1 19 6 16 4 10 4 14 4 10 2 4 2 6 2 8 4 16 6 20 6 17 1 6 1 17 6 20 6 16 4 8 2 6 2 4 2 10 4 14 4 10 4 16 6 19, zy
3237: 1 5 12 2 2 2 10 2 4 2 6 2 6 2 8 4 16 6 20 6 16 4 8 2 6 4 18 6 18 6 19 1 5 14 4 10 4 16 6 19 1 6 1 17 6 18 6 20 6 16 6 20 6 18 6 17 1 6 1 19 6 16 4 10 4 14 5 1 19 6 18 6 18 4 6 2 8 4 16 6 20 6 16 4 8 2 6 2 6 2 4 2 10 2 2 2 12 5 1 19 6 18 6 18 6 18 6 20 6 15 1 7 21 1 5 16 6 20 6 16 4 10 4 14 5 1 19 6 18 6 19 1 5 14 5 1 19 6 18 6 18 6 18 4 6 2 8 4 16 5 1 21 6 16 6 21 1 5 16 4 8 2 6 4 18 6 18 6 18 6 19 1 5 14 5 1 19 6 18 6 19 1 5 14 4 10 4 16 6 20 6 16 5 1 21 7 1 15 6 20 6 18 6 18 6 18 6 19, zy
3238: 1 5 12 2 2 2 10 4 14 4 10 4 14 5 1 20 1 5 14 4 10 4 14 4 10 2 2 2 12 5 1 19 6 18 6 16 4 10 4 12 4 14 5 1 20 1 6 1 15 4 10 4 14 5 1 20 1 5 14 4 10 4 14 4 10 4 15 1 6 1 19 6 18 6 16 4 10 4 12 4 14 5 1 20 1 6 1 15 4 10 4 14 4 8 2 6 2 6 2 4 2 10 4 14 5 1 20 1 5 14 4 10 4 14 4 10 4 14 4 10 4 14 4 10 4 14 4 10 4 14 5 1 20 1 5 14 4 10 2 4 2 6 2 6 2 8 4 14 4 10 4 15 1 6 1 20 1 5 14 4 12 4 10 4 16 6 18 6 19 1 6 1 15 4 10 4 14 4 10 4 14 5 1 20 1 5 14 4 10 4 15 1 6 1 20 1 5 14 4 12 4 10 4 16 6 18 6 19, zy
3239: 1 5 12 4 12 4 10 2 2 2 10 4 12 4 10 2 2 2 10 4 12 4 10 2 2 2 10 4 12 4 12 5 1 19 6 14 4 8 2 4 2 8 2 4 2 8 4 14 6 19 1 5 12 4 12 4 12 5 1 19 6 14 4 8 2 4 2 8 2 4 2 8 4 14 6 19 1 5 12 4 12 4 10 2 2 2 10 4 12 4 10 2 2 2 10 4 12 4 10 2 2 2 10 4 12 4 12 5 1 19 6 14 4 8 2 4 2 8 2 4 2 8 4 14 6 19 1 5 12 4 12 4 12 5 1 19 6 14 5 1 18 1 6 1 16 1 6 1 18 1 5 14 6 19 1 5 12 4 12 4 12 5 1 19 6 14 5 1 18 1 6 1 16 1 6 1 18 1 5 14 6 19 1 5 12 4 12 4 12 5 1 19 6 14 4 8 2 4 2 8 2 4 2 8 4 14 6 19, zy
3240: 1 5 12 4 12 4 14 6 20 6 16 6 20 6 16 6 20 6 15 1 7 20 6 16 4 8 2 6 4 16 4 8 2 4 2 8 2 6 4 16 4 8 4 16 4 6 2 8 2 4 2 8 4 16 4 6 2 8 4 16 6 20 7 1 15 6 20 6 16 6 20 6 16 6 20 6 14 4 12 4 12 5 1 18 1 6 1 17 6 19 1 6 1 16 1 6 1 19 6 18 6 16 5 1 20 1 6 1 15 4 10 4 14 4 8 2 6 2 6 4 18 6 17 1 6 1 18 1 6 1 17 6 20 7 1 15 6 20 6 16 4 8 4 16 4 8 4 16 4 8 4 16 6 20 6 15 1 7 20 6 17 1 6 1 18 1 6 1 17 6 18 4 6 2 6 2 8 4 14 4 10 4 15 1 6 1 20 1 5 16 6 18 6 19 1 6 1 16 1 6 1 19 6 17 1 6 1 18, zy
3241: 1 5 12 4 14 6 21 1 5 16 6 19 1 6 1 17 6 18 6 19 1 5 14 5 1 19 6 18 6 18 6 17 1 6 1 19 6 16 4 8 2 6 4 18 6 16 5 1 21 7 1 15 5 1 21 7 1 15 5 1 21 7 1 15 5 1 21 6 14 4 10 4 16 6 18 6 19 1 6 1 16 1 6 1 19 6 17 1 6 1 18 1 6 1 17 6 19 1 6 1 16 1 6 1 19 6 18 6 16 4 10 4 14 6 21 1 5 15 1 7 21 1 5 15 1 7 21 1 5 15 1 7 21 1 5 16 6 18 4 6 2 8 4 16 6 19 1 6 1 17 6 18 6 18 6 19 1 5 14 5 1 19 6 18 6 17 1 6 1 19 6 16 5 1 21 6 14 4 12 5 1 19 6 16 6 21 1 5 16 6 20 6 16 6 20 6 16 6 20 6 16 5 1 21 6 16 6 19, zy
3242: 1 5 14 4 10 4 16 6 18 6 18 6 18 6 18 6 18 6 18 6 18 6 16 4 10 4 14 5 1 20 1 6 1 15 4 10 4 12 2 2 2 10 4 12 2 2 2 10 4 12 4 14 6 20 6 16 4 8 2 4 2 8 2 6 4 16 4 8 4 16 4 8 4 16 6 20 6 15 1 7 20 6 17 1 6 1 18 1 6 1 17 6 18 4 6 2 6 2 8 4 14 4 10 2 2 2 10 2 4 2 6 2 6 2 6 2 6 2 6 2 6 2 6 2 6 2 6 2 4 2 10 2 2 2 10 4 14 4 8 2 6 2 6 4 18 6 17 1 6 1 18 1 6 1 17 6 20 7 1 15 6 20 6 16 4 8 4 16 4 8 4 16 4 6 2 8 2 4 2 8 4 16 6 20 6 14 4 12 4 10 2 2 2 12 4 10 2 2 2 12 4 10 4 15 1 6 1 20, zy
3243: 1 5 12 2 2 2 10 4 14 5 1 21 7 1 15 4 8 2 6 2 4 2 10 4 12 2 2 2 10 4 12 4 14 6 20 6 16 4 8 2 4 2 10 4 12 4 12 4 12 4 12 4 12 4 12 4 12 4 12 4 10 2 4 2 8 4 16 6 20 6 14 4 12 4 10 2 2 2 12 4 10 2 4 2 6 2 8 4 15 1 7 21 1 5 14 4 10 2 2 2 12 5 1 19 6 16 4 8 2 4 2 10 4 12 4 12 4 14 6 20 6 16 6 20 6 16 6 20 6 16 6 20 6 14 4 12 4 12 4 10 2 2 2 12 4 12 5 1 19 6 16 6 20 6 16 6 20 6 16 6 20 6 16 6 19 1 5 12 4 12 2 2 2 10 4 12 4 12 4 14 6 20 6 16 6 20 6 16 6 20 6 16 6 20 6 14 4 12 4 12 4 10 2 4 2 8 4 16 6 19, zy
3244: 1 5 12 4 12 4 12 4 12 5 1 17 4 8 4 16 6 19 1 6 1 17 6 18 6 18 4 6 2 6 2 6 2 6 2 6 2 6 2 6 2 6 2 6 2 6 2 6 2 4 2 10 4 14 4 10 4 14 5 1 20 1 5 14 5 1 19 6 17 1 6 1 19 6 16 6 20 6 16 6 20 6 14 4 12 4 12 4 12 5 1 18 1 6 1 17 6 20 7 1 15 6 20 6 16 4 8 4 16 4 8 4 16 4 8 4 16 6 20 6 15 1 7 20 6 17 1 6 1 18 1 5 12 4 12 4 12 4 14 6 20 6 16 6 20 6 16 6 19 1 6 1 17 6 19 1 5 14 5 1 20 1 5 14 4 10 4 14 4 10 2 4 2 6 2 6 2 6 2 6 2 6 2 6 2 6 2 6 2 6 2 6 2 6 4 18 6 18 6 17 1 6 1 19 6 16 4 8 4 17, zy
3245: 1 5 12 2 2 2 10 2 2 2 12 5 1 19 6 16 4 10 4 14 4 10 4 16 6 19 1 5 12 2 2 2 10 2 2 2 12 5 1 19 6 18 6 18 6 18 6 19 1 5 12 2 2 2 10 2 2 2 12 5 1 19 6 16 4 10 4 14 4 10 4 16 6 19 1 5 14 5 1 20 1 5 15 1 6 1 20 1 5 14 4 12 5 1 17 4 8 2 4 2 8 2 6 4 18 6 18 6 18 6 19 1 5 14 5 1 19 6 18 6 18 6 19 1 5 14 5 1 19 6 18 6 18 6 19 1 5 14 5 1 19 6 18 6 18 6 18 4 6 2 8 2 4 2 8 4 17 1 5 12 4 14 5 1 20 1 6 1 15 5 1 20 1 5 14 5 1 19 6 16 4 10 4 14 4 10 4 16 6 19 1 5 12 2 2 2 10 2 2 2 12 5 1 19 6 18 6 18 6 18 6 19, zy
3246: 1 5 12 4 12 2 2 2 8 2 6 4 17 1 6 1 17 4 6 2 8 4 16 6 20 7 1 15 6 20 6 16 6 20 6 16 6 20 6 16 6 19 1 6 1 17 6 18 6 19 1 5 14 5 1 19 6 18 6 17 1 6 1 19 6 16 6 20 6 16 6 20 6 16 6 20 6 15 1 7 20 6 16 4 8 2 6 4 17 1 6 1 17 4 6 2 8 2 2 2 12 4 12 5 1 18 1 6 1 17 4 6 2 8 4 16 6 19 1 6 1 16 1 6 1 20 1 5 16 6 18 6 19 1 6 1 16 1 6 1 19 6 17 1 6 1 18 1 6 1 17 6 19 1 6 1 17 6 18 6 17 1 6 1 19 6 17 1 6 1 18 1 6 1 17 6 19 1 6 1 16 1 6 1 19 6 18 6 16 5 1 20 1 6 1 16 1 6 1 19 6 16 4 8 2 6 4 17 1 6 1 18, zy
3247: 1 5 12 4 12 4 10 2 2 2 10 4 12 4 10 4 14 5 1 20 1 5 14 4 10 4 12 4 10 4 14 6 19 1 6 1 15 6 19 1 5 14 5 1 19 6 15 1 7 20 6 14 4 10 4 12 4 10 4 14 6 20 7 1 15 6 19 1 5 14 5 1 19 6 15 1 6 1 19 6 14 4 10 4 12 4 10 4 14 5 1 20 1 5 14 4 10 4 12 4 10 2 2 2 10 4 12 4 12 5 1 19 6 14 4 8 2 4 2 8 2 4 2 6 2 6 2 6 2 4 2 8 2 4 2 6 2 6 2 6 2 4 2 8 2 4 2 6 2 6 2 6 4 17 1 5 12 4 12 5 1 18 1 5 12 4 12 5 1 17 4 6 2 6 2 6 2 4 2 8 2 4 2 6 2 6 2 6 2 4 2 8 2 4 2 6 2 6 2 6 2 4 2 8 2 4 2 8 4 14 6 19, zy
3248: 1 5 12 4 12 4 10 2 4 2 8 2 4 2 8 2 4 2 8 4 16 6 20 6 14 4 12 4 10 2 4 2 8 4 16 6 18 6 19 1 5 12 4 14 4 10 4 14 5 1 20 1 6 1 15 4 8 2 6 2 4 2 10 4 14 6 21 1 5 16 6 19 1 6 1 17 6 18 6 18 6 18 6 18 6 18 6 18 6 18 6 17 1 6 1 19 6 16 5 1 21 6 14 4 10 2 4 2 6 2 8 4 15 1 6 1 20 1 5 14 4 10 4 14 4 12 5 1 19 6 18 6 16 4 8 2 4 2 10 4 12 4 14 6 20 6 16 4 8 2 4 2 8 2 4 2 8 2 4 2 10 4 12 4 12 5 1 17 4 6 2 8 2 4 2 8 4 16 6 19 1 6 1 17 6 18 6 18 6 18 6 18 6 18 6 17 1 6 1 19 6 16 4 8 2 4 2 8 2 6 4 17, zy
3249: 1 5 12 4 12 4 14 6 20 6 16 6 20 6 16 6 20 6 16 6 19 1 6 1 17 6 18 6 19 1 5 14 4 10 4 14 5 1 19 6 18 6 17 1 6 1 19 6 16 6 20 6 16 6 20 6 16 6 20 6 14 4 12 4 12 5 1 18 1 6 1 17 6 20 6 14 4 10 2 4 2 6 2 8 4 15 1 6 1 20 1 5 14 4 10 4 15 1 6 1 20 1 5 14 4 12 5 1 19 6 16 5 1 21 7 1 15 6 21 1 5 16 6 20 6 16 6 19 1 6 1 17 6 18 6 18 6 18 6 18 6 18 6 18 6 18 6 17 1 6 1 19 6 16 6 20 6 16 5 1 21 6 15 1 7 21 1 5 16 6 19 1 5 12 4 14 5 1 20 1 6 1 15 4 10 4 14 5 1 20 1 6 1 15 4 8 2 6 2 4 2 10 4 14 6 20 6 17 1 6 1 18, zy
3250: 1 5 14 4 10 4 12 4 10 4 14 4 8 4 15 1 6 1 18 1 6 1 15 4 8 4 16 6 16 6 19 1 5 14 6 20 6 12 2 2 2 10 4 10 4 14 4 8 2 4 2 8 4 14 4 8 2 4 2 8 4 14 4 8 2 4 2 8 4 14 4 8 2 4 2 8 4 14 4 8 2 4 2 8 4 14 4 8 2 4 2 8 4 14 4 10 4 10 2 2 2 12 6 20 6 14 5 1 19 6 16 6 16 4 8 4 15 1 6 1 18 1 6 1 15 4 8 4 14 4 10 4 12 4 10 4 14 5 1 20 1 5 14 4 10 4 12 4 10 4 14 5 1 20 1 5 14 4 10 4 12 4 10 4 14 5 1 19 6 16 6 18 6 16 6 18 6 16 6 18 6 16 6 19 1 5 14 4 10 4 12 4 10 4 14 5 1 20 1 5 14 4 10 4 12 4 10 4 14 5 1 20, zy
3251: 1 5 12 4 10 4 14 4 8 4 16 6 16 4 8 4 15 1 6 1 18 1 5 12 4 12 4 10 4 14 6 19 1 5 14 6 20 7 1 15 6 18 6 16 6 19 1 5 14 4 8 2 6 4 16 6 16 4 6 2 8 4 14 4 8 4 16 6 16 4 8 4 15 1 6 1 18 1 5 12 4 12 4 10 4 14 6 18 6 17 1 6 1 17 6 16 6 18 6 16 4 6 2 6 2 6 2 6 4 16 6 18 6 16 6 17 1 6 1 17 6 18 6 14 4 10 4 12 4 12 5 1 18 1 6 1 15 4 8 4 16 6 16 4 8 4 14 4 8 2 6 4 16 6 16 4 6 2 8 4 14 5 1 19 6 16 6 18 6 15 1 7 20 6 14 5 1 19 6 14 4 10 4 12 4 12 5 1 18 1 6 1 15 4 8 4 16 6 16 4 8 4 14 4 10 4 12 5 1 17 4 6 2 6 4 17, zy
3252: 1 5 12 4 12 4 12 4 12 4 12 4 12 4 12 4 12 4 12 5 1 17 4 8 4 16 4 6 2 8 2 4 2 8 4 16 6 20 7 1 15 6 20 6 16 6 20 6 16 6 19 1 6 1 17 6 19 1 5 14 5 1 20 1 5 14 4 10 4 15 1 6 1 20 1 5 14 4 12 5 1 19 6 16 5 1 21 7 1 15 6 21 1 5 16 6 20 6 16 6 19 1 5 12 4 14 6 20 6 16 4 8 2 6 4 17 1 5 12 5 1 17 4 6 2 8 4 16 6 20 6 14 4 12 5 1 19 6 16 6 20 6 16 5 1 21 6 15 1 7 21 1 5 16 6 19 1 5 12 4 14 5 1 20 1 6 1 15 4 10 4 14 5 1 20 1 5 14 5 1 19 6 17 1 6 1 19 6 16 6 20 6 16 6 20 6 15 1 7 20 6 16 4 8 2 4 2 8 2 6 4 16 4 8 4 17, zy
3253: 1 5 12 4 14 6 20 6 17 1 6 1 17 4 8 4 16 6 20 6 14 4 12 4 12 4 10 2 4 2 8 4 16 6 18 4 6 2 8 4 16 6 18 4 6 2 8 4 15 1 6 1 20 1 5 14 4 10 4 14 4 10 2 4 2 6 2 6 2 6 2 6 2 8 4 14 4 10 4 14 4 10 4 14 4 10 4 14 4 10 4 14 4 8 2 6 2 6 2 6 2 6 2 4 2 10 4 14 4 10 4 14 5 1 20 1 6 1 15 4 8 2 6 4 18 6 16 4 8 2 6 4 18 6 16 4 8 2 4 2 10 4 12 4 12 4 14 6 20 6 16 4 8 4 17 1 6 1 17 6 20 6 14 4 12 5 1 18 1 6 1 17 4 8 4 16 6 19 1 6 1 17 6 18 6 18 6 18 6 18 6 18 6 18 6 18 6 18 6 18 6 17 1 6 1 19 6 16 4 8 4 17 1 6 1 18, zy
3254: 1 5 14 5 1 19 6 16 4 8 2 6 2 4 2 10 4 12 4 12 4 14 6 20 6 16 5 1 21 6 14 4 12 4 10 2 4 2 6 2 8 4 16 6 18 6 19 1 5 14 5 1 19 6 18 6 17 1 6 1 19 6 16 6 20 6 16 6 20 6 16 6 20 7 1 14 1 7 20 6 16 6 20 6 16 6 20 6 16 6 19 1 6 1 17 6 18 6 19 1 5 14 5 1 19 6 18 6 16 4 8 2 6 2 4 2 10 4 12 4 14 6 21 1 5 16 6 20 6 14 4 12 4 12 4 10 2 4 2 6 2 8 4 16 6 19 1 5 14 5 1 20 1 5 14 5 1 19 6 16 4 10 4 12 4 14 6 20 6 16 4 8 2 4 2 8 2 4 2 10 4 12 4 12 4 12 4 10 2 4 2 8 2 4 2 8 4 16 6 20 6 14 4 12 4 10 4 16 6 19 1 5 14 5 1 20, zy
3255: 1 5 14 5 1 19 6 16 4 8 2 6 4 18 6 16 6 20 6 16 4 8 2 4 2 8 2 4 2 8 2 4 2 8 2 4 2 8 2 4 2 8 4 16 6 20 6 16 6 18 4 6 2 8 4 16 6 19 1 5 14 5 1 20 1 6 1 15 4 8 2 4 2 10 4 12 2 2 2 10 4 12 4 12 4 14 6 20 6 16 5 1 21 6 14 4 12 4 10 2 2 2 12 4 10 4 16 6 18 6 19 1 5 14 5 1 19 6 18 6 17 1 6 1 19 6 16 6 20 6 16 6 20 6 16 6 20 7 1 14 1 7 20 6 16 6 20 6 16 6 20 6 16 6 19 1 6 1 17 6 18 6 19 1 5 14 5 1 19 6 18 6 16 4 10 4 12 2 2 2 10 4 12 4 14 6 21 1 5 16 6 20 6 14 4 12 4 12 4 10 2 2 2 12 4 10 2 4 2 8 4 15 1 6 1 20, zy
3256: 1 5 12 2 2 2 10 4 14 6 21 1 5 16 6 19 1 5 12 4 14 5 1 20 1 6 1 15 4 10 4 14 6 21 1 5 16 6 18 4 6 2 8 4 16 6 18 6 19 1 5 14 5 1 20 1 5 14 4 12 5 1 19 6 16 4 8 2 4 2 10 4 12 4 12 4 12 4 12 4 12 4 12 4 12 4 12 4 10 2 4 2 8 4 16 6 19 1 5 12 4 14 5 1 20 1 5 14 5 1 19 6 18 6 16 4 8 2 6 4 18 6 16 5 1 21 6 14 4 10 4 15 1 6 1 20 1 5 14 4 12 5 1 19 6 16 5 1 21 6 14 4 10 2 2 2 12 5 1 19 6 16 4 8 2 4 2 10 4 12 4 12 4 12 4 12 4 12 4 12 4 12 4 12 4 12 5 1 18 1 5 12 4 12 4 12 4 12 4 12 4 12 4 12 4 12 4 12 4 10 2 4 2 8 4 16 6 19, zy
3257: 1 5 12 2 2 2 10 4 14 4 10 4 14 5 1 20 1 5 14 5 1 19 6 17 1 6 1 19 6 16 6 20 6 16 6 19 1 6 1 17 6 19 1 5 14 5 1 20 1 5 14 4 10 4 14 4 10 2 2 2 12 5 1 19 6 18 6 16 4 10 4 12 4 14 5 1 21 7 1 15 5 1 20 1 6 1 15 4 10 4 14 4 8 2 6 2 6 4 18 6 17 1 6 1 19 6 16 6 20 6 16 6 20 6 15 1 7 20 6 16 4 8 2 4 2 8 2 6 4 16 4 8 2 4 2 8 2 4 2 8 2 4 2 8 2 4 2 8 2 4 2 8 4 16 4 6 2 8 2 4 2 8 4 16 6 20 7 1 15 6 20 6 16 6 20 6 16 6 19 1 6 1 17 6 18 4 6 2 6 2 8 4 14 4 10 4 15 1 6 1 20 1 5 15 1 7 21 1 5 14 4 12 4 10 4 16 6 18 6 19, zy
3258: 1 5 12 4 12 2 2 2 8 2 4 2 8 4 16 6 19 1 5 14 4 8 2 6 2 6 2 4 2 10 4 12 4 12 4 12 4 12 5 1 18 1 6 1 16 1 6 1 18 1 6 1 16 1 6 1 18 1 6 1 16 1 6 1 18 1 6 1 16 1 6 1 18 1 5 12 4 12 4 12 4 12 4 10 2 4 2 6 2 6 2 8 4 14 5 1 19 6 16 4 8 2 4 2 8 2 2 2 12 4 12 5 1 18 1 6 1 16 1 6 1 19 6 14 4 12 4 10 4 14 4 10 4 14 5 1 19 6 18 6 16 6 20 6 14 4 12 5 1 18 1 6 1 17 6 17 1 6 1 18 1 5 12 4 14 6 20 6 14 4 12 5 1 18 1 6 1 17 6 17 1 6 1 18 1 5 12 4 14 6 20 6 16 6 18 6 19 1 5 14 4 10 4 14 4 10 4 12 4 14 6 19 1 6 1 16 1 6 1 18, zy
3259: 1 5 12 4 12 4 10 4 12 4 12 4 10 4 12 4 12 4 10 4 12 4 12 4 10 4 12 4 12 4 10 4 14 6 18 6 17 1 5 12 5 1 17 6 18 6 15 1 6 1 19 6 14 4 10 4 12 4 10 4 14 5 1 19 6 16 6 18 6 16 6 18 6 16 6 18 6 16 6 18 6 16 6 18 6 16 6 18 6 16 6 18 6 16 6 18 6 16 6 18 6 16 6 18 6 16 6 18 6 16 6 18 6 16 6 18 6 16 6 18 6 16 6 18 6 16 6 18 6 16 6 18 6 16 6 18 6 16 6 19 1 5 14 4 10 4 12 4 10 4 14 6 19 1 6 1 15 6 18 6 17 1 5 12 5 1 17 6 18 6 14 4 10 4 12 4 12 4 10 4 12 4 12 4 10 4 12 4 12 4 10 4 12 4 12 4 10 4 12 4 12 5 1 18 1 5 12 4 12 5 1 18 1 5 12 4 12 5 1 18, zy
3260: 1 5 12 4 12 4 14 6 20 6 16 6 20 6 16 6 20 6 16 6 19 1 6 1 17 6 18 6 19 1 5 14 5 1 19 6 18 6 18 6 16 4 10 4 12 4 14 5 1 20 1 6 1 15 4 10 4 14 5 1 20 1 5 14 4 10 4 14 4 10 4 14 4 10 4 14 4 10 4 14 5 1 20 1 5 14 4 10 4 15 1 6 1 20 1 5 14 4 12 4 10 4 16 6 18 6 18 6 19 1 5 14 5 1 19 6 18 6 17 1 6 1 19 6 16 6 20 6 16 6 20 6 16 6 20 6 14 4 12 4 12 5 1 18 1 6 1 17 6 20 6 14 4 10 2 4 2 6 2 8 4 16 6 18 6 18 4 6 2 6 2 6 2 8 4 14 4 10 4 14 4 10 4 14 4 10 4 14 4 8 2 6 2 6 2 6 4 18 6 18 6 16 4 8 2 6 2 4 2 10 4 14 6 20 6 17 1 6 1 18, zy
3261: 1 5 14 4 10 4 14 4 10 4 14 4 8 2 6 2 6 2 6 2 6 4 18 6 18 6 16 4 10 4 12 4 14 5 1 20 1 6 1 15 4 10 4 14 5 1 20 1 5 14 4 10 4 14 4 10 4 14 4 10 4 14 4 10 4 14 5 1 20 1 5 14 4 10 4 15 1 6 1 20 1 5 14 4 12 4 10 4 16 6 18 6 18 4 6 2 6 2 6 2 6 2 8 4 14 4 10 4 14 4 10 4 14 5 1 19 6 18 6 18 6 16 4 10 4 14 5 1 21 7 1 15 4 8 2 6 2 4 2 10 4 14 6 21 1 5 16 6 19 1 6 1 17 6 18 6 18 6 19 1 5 14 4 10 4 14 4 10 4 14 4 10 4 14 5 1 19 6 18 6 18 6 17 1 6 1 19 6 16 5 1 21 6 14 4 10 2 4 2 6 2 8 4 15 1 7 21 1 5 14 4 10 4 16 6 18 6 18 6 19, zy
3262: 1 5 14 5 1 19 6 16 6 17 1 6 1 17 6 16 6 19 1 5 14 5 1 19 6 16 6 17 1 6 1 17 6 16 6 19 1 5 14 5 1 20 1 5 16 6 17 1 6 1 17 6 16 6 19 1 5 14 6 20 6 14 5 1 19 6 16 6 17 1 6 1 17 6 16 6 19 1 5 14 6 20 6 14 5 1 19 6 16 6 17 1 6 1 17 6 16 5 1 20 1 5 14 5 1 19 6 16 6 17 1 6 1 17 6 16 6 19 1 5 14 5 1 19 6 16 6 17 1 6 1 17 6 16 6 19 1 5 14 5 1 20 1 5 16 6 17 1 6 1 17 6 16 6 19 1 5 14 6 20 6 14 5 1 19 6 16 6 17 1 6 1 17 6 16 6 19 1 5 14 6 20 6 14 5 1 19 6 16 6 17 1 6 1 17 6 16 6 19 1 5 14 6 20 6 14 5 1 19 6 16 6 17 1 6 1 17 6 16 5 1 20, zy
3263: 1 5 12 2 2 2 8 2 2 2 12 5 1 18 1 6 1 16 1 6 1 18 1 5 14 6 19 1 5 12 4 12 4 12 5 1 19 6 14 5 1 18 1 6 1 16 1 6 1 18 1 5 14 6 19 1 5 12 4 12 4 12 5 1 19 6 14 5 1 18 1 6 1 16 1 6 1 18 1 5 12 2 2 2 8 2 2 2 12 5 1 19 6 14 5 1 18 1 6 1 16 1 6 1 18 1 5 14 6 19 1 5 12 4 12 4 12 5 1 19 6 14 5 1 18 1 6 1 16 1 6 1 18 1 5 14 6 19 1 5 12 4 12 4 12 5 1 19 6 14 5 1 19 7 1 13 4 10 4 13 1 7 19 1 5 14 6 19 1 5 12 4 12 4 12 5 1 19 6 14 5 1 18 1 6 1 16 1 6 1 18 1 5 14 6 19 1 5 12 4 12 4 12 5 1 19 6 14 5 1 18 1 6 1 16 1 6 1 18 1 5 14 6 19, zy
3264: 1 5 12 2 2 2 10 4 14 4 10 4 14 5 1 19 6 18 6 18 6 18 6 18 6 18 6 18 6 17 1 6 1 19 6 17 1 6 1 18 1 6 1 17 6 19 1 6 1 17 6 18 6 18 6 18 6 18 6 18 6 18 6 19 1 5 14 4 10 4 14 4 10 2 2 2 12 5 1 19 6 18 6 16 4 10 4 14 5 1 21 7 1 15 4 10 4 12 2 2 2 10 4 14 5 1 20 1 5 14 5 1 19 6 17 1 6 1 19 6 16 6 20 6 16 4 8 4 17 1 6 1 17 4 6 2 8 4 16 6 20 6 14 4 12 4 12 4 12 5 1 18 1 5 12 4 12 4 12 4 14 6 20 6 16 4 8 2 6 4 17 1 6 1 17 4 8 4 16 6 20 6 16 6 19 1 6 1 17 6 19 1 5 14 5 1 20 1 5 14 4 10 2 2 2 12 4 10 4 15 1 7 21 1 5 14 4 10 4 16 6 18 6 19, zy
3265: 1 5 12 4 12 4 10 2 2 2 10 4 12 4 10 2 2 2 10 4 12 4 10 2 2 2 10 4 12 4 10 2 2 2 10 4 12 4 10 2 2 2 10 4 12 4 12 5 1 19 6 14 4 8 2 4 2 8 2 4 2 6 2 6 2 6 2 4 2 8 2 4 2 6 2 6 2 6 2 4 2 8 2 4 2 6 2 6 2 6 2 4 2 8 2 4 2 6 2 6 2 6 2 4 2 8 2 4 2 8 4 14 6 19 1 5 12 4 12 4 10 2 2 2 10 4 12 4 10 2 2 2 10 4 12 4 10 2 2 2 10 4 12 4 10 2 2 2 10 4 12 4 10 2 2 2 10 4 12 4 12 5 1 19 6 14 4 8 2 4 2 8 2 4 2 8 4 14 6 19 1 5 12 4 13 1 7 20 7 1 14 1 7 20 7 1 14 1 7 20 7 1 13 4 12 5 1 19 6 14 4 8 2 4 2 8 2 4 2 8 4 14 6 19, zy
3266: 1 5 12 4 12 4 12 4 12 4 12 4 12 4 12 4 12 4 12 4 10 2 4 2 8 4 16 6 20 6 14 4 12 5 1 19 6 16 6 20 6 16 6 20 6 16 6 20 6 16 6 19 1 5 12 4 14 6 21 1 5 16 6 20 6 14 4 12 4 10 2 4 2 6 2 8 4 16 6 18 4 6 2 6 2 8 4 14 4 12 5 1 19 6 17 1 6 1 18 1 6 1 17 6 19 1 5 12 4 14 4 8 2 6 2 6 4 18 6 16 4 8 2 6 2 4 2 10 4 12 4 14 6 20 6 16 5 1 21 6 14 4 12 5 1 19 6 16 6 20 6 16 6 20 6 16 6 20 6 16 6 19 1 5 12 4 14 6 20 6 16 4 8 2 4 2 10 4 12 4 12 4 12 4 12 4 12 4 12 4 12 4 12 4 12 5 1 18 1 5 12 4 12 4 12 4 12 4 12 4 12 4 12 4 12 4 12 4 12 4 12 5 1 18, zy
3267: 1 5 12 4 12 4 14 6 20 6 16 4 8 2 4 2 8 2 4 2 10 4 12 4 12 4 10 2 4 2 8 2 4 2 8 4 16 6 20 6 14 4 12 4 10 2 4 2 6 2 8 4 16 6 18 6 19 1 5 14 5 1 20 1 5 14 4 10 4 16 6 18 6 18 6 18 6 18 6 18 6 18 6 16 4 10 4 14 5 1 20 1 5 14 5 1 19 6 18 6 16 4 8 2 6 2 4 2 10 4 12 4 14 6 20 6 16 4 8 2 4 2 8 2 4 2 10 4 12 4 12 4 10 2 4 2 8 2 4 2 8 4 16 6 20 6 14 4 12 4 12 5 1 19 6 16 6 20 6 16 6 20 6 16 6 19 1 6 1 17 6 18 6 18 4 6 2 6 2 6 2 6 2 6 2 6 2 6 2 6 2 6 2 6 2 6 2 6 2 6 2 6 4 18 6 18 6 17 1 6 1 19 6 16 6 20 6 16 6 20 6 16 6 19, zy
3268: 1 5 14 4 10 4 14 4 10 4 14 5 1 20 1 5 14 4 10 4 15 1 6 1 18 1 6 1 16 1 6 1 19 6 14 4 12 4 10 4 15 1 6 1 19 6 16 6 19 1 5 14 5 1 20 1 5 15 1 6 1 19 6 17 1 6 1 17 6 18 6 17 1 6 1 17 4 6 2 8 4 14 4 10 4 14 4 10 4 12 4 14 6 20 6 15 1 6 1 20 1 5 15 1 7 21 1 5 16 6 18 4 6 2 6 2 6 2 6 2 6 2 6 2 6 4 18 6 16 5 1 21 7 1 15 5 1 20 1 6 1 15 6 20 6 14 4 12 4 10 4 14 4 10 4 14 4 8 2 6 4 17 1 6 1 17 6 18 6 17 1 6 1 17 6 19 1 6 1 15 5 1 20 1 5 14 5 1 19 6 16 6 19 1 6 1 15 4 10 4 12 4 14 6 19 1 6 1 16 1 6 1 18 1 6 1 15 4 10 4 14 5 1 20, zy
3269: 1 5 12 2 2 2 10 2 2 2 10 2 2 2 10 4 14 4 10 4 14 4 10 4 14 4 10 4 14 4 10 4 14 4 10 2 2 2 10 2 2 2 10 2 2 2 12 5 1 20 1 5 15 1 7 21 1 5 14 4 12 4 10 2 2 2 12 4 10 2 4 2 8 4 16 6 18 4 6 2 8 4 16 6 19 1 6 1 16 1 6 1 20 1 5 16 6 18 4 6 2 8 4 16 6 19 1 6 1 17 6 18 6 18 6 18 4 6 2 6 2 6 2 8 4 14 4 10 4 16 6 18 6 18 6 19 1 5 14 5 1 19 6 18 6 18 6 16 4 10 4 14 4 8 2 6 2 6 2 6 4 18 6 18 6 18 6 17 1 6 1 19 6 16 4 8 2 6 4 18 6 16 5 1 20 1 6 1 16 1 6 1 19 6 16 4 8 2 6 4 18 6 16 4 8 2 4 2 10 4 12 2 2 2 10 4 12 4 14 5 1 21 7 1 15 5 1 20, zy
3270: 1 5 12 2 2 2 10 4 14 6 20 6 16 5 1 21 6 14 4 10 4 14 4 10 4 14 6 21 1 5 16 6 20 6 14 4 10 2 2 2 12 5 1 19 6 16 4 8 4 16 6 20 6 14 4 10 4 14 4 10 4 14 5 1 20 1 5 14 4 12 5 1 19 6 16 6 19 1 6 1 15 4 10 4 12 4 14 6 20 6 16 6 19 1 5 14 5 1 20 1 5 15 1 6 1 20 1 5 16 6 18 4 6 2 6 2 6 2 8 4 14 5 1 19 6 17 1 6 1 17 6 18 4 6 2 6 2 6 4 18 6 17 1 6 1 17 6 19 1 5 14 4 8 2 6 2 6 2 6 4 18 6 16 5 1 20 1 6 1 15 5 1 20 1 5 14 5 1 19 6 16 6 20 6 14 4 12 4 10 4 15 1 6 1 19 6 16 6 19 1 5 12 4 14 5 1 20 1 5 14 4 10 4 14 4 10 4 14 6 20 6 16 4 8 4 16 6 19, zy
3271: 1 5 12 4 12 4 10 4 12 4 12 4 10 4 12 4 12 4 10 4 12 4 12 4 10 4 12 4 12 4 10 4 14 6 18 6 17 1 5 12 5 1 17 6 18 6 15 1 6 1 19 6 14 4 10 4 12 4 10 4 14 5 1 19 6 16 6 18 6 16 6 18 6 16 6 18 6 16 6 18 6 16 6 18 6 16 6 18 6 16 6 18 6 16 6 18 6 16 6 18 6 16 6 18 6 16 6 18 6 16 6 18 6 16 6 18 6 16 6 18 6 16 6 18 6 16 6 18 6 16 6 19 1 5 14 4 10 4 12 4 10 4 14 6 19 1 6 1 15 6 18 6 17 1 5 12 5 1 17 6 18 6 14 4 10 4 12 4 12 4 10 4 12 4 12 4 10 4 12 4 12 4 10 4 12 4 12 4 10 4 12 4 12 5 1 18 1 5 12 4 12 5 1 17 4 6 2 6 2 6 4 16 4 6 2 6 2 6 4 17 1 5 12 4 12 5 1 18, zy
3272: 1 5 12 4 12 4 14 6 20 6 16 4 8 2 4 2 8 2 6 4 16 4 8 4 16 4 8 4 16 4 6 2 8 2 4 2 8 4 16 6 20 6 14 4 12 4 12 5 1 18 1 6 1 17 6 19 1 5 14 5 1 19 6 18 6 17 1 6 1 18 1 6 1 17 6 18 6 18 4 6 2 6 2 6 2 6 2 8 4 14 4 10 4 14 4 10 4 14 5 1 19 6 18 6 17 1 6 1 18 1 6 1 17 6 18 6 19 1 5 14 4 10 4 14 4 10 4 14 5 1 19 6 18 6 17 1 6 1 18 1 6 1 17 6 18 6 19 1 5 14 4 10 4 14 4 10 4 14 5 1 19 6 18 6 17 1 6 1 18 1 6 1 17 6 18 6 19 1 5 14 4 10 4 14 4 10 4 14 4 8 2 6 2 6 2 6 2 6 4 18 6 18 6 17 1 6 1 18 1 6 1 17 6 18 6 19 1 5 14 5 1 19 6 17 1 6 1 18, zy
3273: 1 5 12 2 2 2 8 2 2 2 12 5 1 18 1 6 1 16 1 6 1 18 1 5 14 6 19 1 5 12 4 12 4 12 5 1 19 6 14 5 1 18 1 6 1 16 1 6 1 18 1 5 14 6 19 1 5 12 4 12 4 12 5 1 19 6 14 5 1 18 1 6 1 16 1 6 1 18 1 5 12 2 2 2 8 2 2 2 12 5 1 19 6 14 5 1 18 1 6 1 16 1 6 1 18 1 5 14 6 19 1 5 12 4 12 4 12 5 1 19 6 14 5 1 18 1 6 1 16 1 6 1 18 1 5 14 6 19 1 5 12 2 2 2 8 2 2 2 12 5 1 19 6 14 5 1 19 7 1 13 4 10 4 13 1 7 19 1 5 14 6 19 1 5 12 2 2 2 8 2 2 2 12 5 1 19 6 14 5 1 18 1 6 1 16 1 6 1 18 1 5 14 6 19 1 5 12 4 12 4 12 5 1 19 6 14 5 1 18 1 6 1 16 1 6 1 18 1 5 14 6 19, zy
3274: 1 5 12 2 2 2 10 2 2 2 10 2 2 2 10 2 2 2 10 4 14 4 10 4 14 4 10 4 14 4 10 4 14 4 10 2 2 2 10 2 2 2 10 2 2 2 10 2 2 2 12 5 1 20 1 5 15 1 7 21 1 5 14 4 12 4 10 2 2 2 12 4 10 2 4 2 8 4 16 6 18 4 6 2 8 4 16 6 19 1 6 1 16 1 6 1 20 1 5 16 6 18 4 6 2 8 4 16 6 19 1 6 1 17 6 18 6 18 6 18 4 6 2 6 2 6 2 8 4 14 4 10 4 16 6 18 6 18 6 19 1 5 14 5 1 19 6 18 6 18 6 16 4 10 4 14 4 8 2 6 2 6 2 6 4 18 6 18 6 18 6 17 1 6 1 19 6 16 4 8 2 6 4 18 6 16 5 1 20 1 6 1 16 1 6 1 19 6 16 4 8 2 6 4 18 6 16 4 8 2 4 2 10 4 12 2 2 2 10 4 12 4 14 5 1 21 7 1 15 5 1 20, zy
3275: 1 5 12 2 2 2 10 4 14 4 10 4 14 5 1 20 1 5 14 4 10 4 14 4 10 2 2 2 12 5 1 19 6 18 6 16 4 10 4 12 4 14 5 1 20 1 6 1 15 4 10 4 14 5 1 20 1 5 14 4 10 4 14 4 10 4 15 1 6 1 19 6 18 6 16 4 10 4 12 4 14 5 1 21 7 1 15 5 1 20 1 6 1 15 4 10 4 14 5 1 20 1 5 14 4 10 4 14 4 10 2 4 2 6 2 6 2 6 2 6 2 6 2 6 2 6 2 6 2 6 2 6 2 6 2 6 2 6 2 6 2 6 2 6 2 6 2 6 2 6 2 4 2 10 4 14 4 10 4 14 5 1 20 1 5 14 4 10 4 15 1 6 1 20 1 5 15 1 7 21 1 5 14 4 12 4 10 4 16 6 18 6 19 1 6 1 15 4 10 4 14 4 10 4 14 5 1 20 1 5 14 4 10 4 15 1 6 1 20 1 5 14 4 12 4 10 4 16 6 18 6 19, zy
3276: 1 5 12 4 12 4 12 4 14 6 20 6 16 4 8 2 4 2 8 2 6 4 17 1 6 1 17 4 8 4 16 6 20 6 15 1 7 20 6 17 1 6 1 18 1 6 1 17 6 19 1 5 12 4 14 4 10 4 14 5 1 20 1 5 14 4 10 4 15 1 6 1 20 1 5 14 4 12 5 1 19 6 16 6 21 1 5 16 6 20 6 16 6 20 6 16 6 20 6 16 6 20 6 16 6 20 6 16 6 20 6 16 6 20 6 16 6 20 6 16 5 1 21 6 16 6 19 1 5 12 4 14 5 1 20 1 6 1 15 4 10 4 14 5 1 20 1 5 14 4 10 4 14 4 12 5 1 19 6 17 1 6 1 18 1 6 1 17 6 20 7 1 15 6 20 6 16 4 8 4 17 1 6 1 17 4 6 2 8 2 4 2 8 4 16 6 20 6 14 4 12 4 12 4 12 5 1 17 4 8 4 16 4 8 4 16 4 8 4 16 4 8 4 16 4 8 4 16 4 8 4 17, zy
3277: 1 5 14 4 10 4 12 4 10 4 14 6 19 1 6 1 15 6 18 6 17 1 6 1 16 1 6 1 17 6 18 6 15 1 6 1 19 6 14 4 10 4 12 4 10 4 14 4 8 4 15 1 6 1 19 7 1 14 1 7 20 6 14 5 1 19 6 15 1 6 1 19 6 14 4 8 2 6 4 16 6 17 1 6 1 17 6 16 6 19 1 5 14 5 1 19 6 16 6 16 4 8 4 16 6 16 6 19 1 5 14 5 1 19 6 16 6 17 1 6 1 17 6 16 4 6 2 8 4 14 6 19 1 6 1 15 6 19 1 5 14 6 20 7 1 14 1 7 19 1 6 1 15 4 8 4 14 4 10 4 12 4 10 4 14 6 19 1 6 1 15 6 18 6 17 1 6 1 16 1 6 1 17 6 18 6 15 1 6 1 19 6 14 4 10 4 12 4 10 4 14 5 1 19 6 16 6 18 6 16 6 18 6 16 6 18 6 16 6 18 6 16 6 18 6 16 6 18 6 16 6 19, zy
3278: 1 5 12 4 10 4 14 5 1 19 6 16 6 18 6 16 6 18 6 16 6 18 6 16 6 18 6 16 6 18 6 16 6 18 6 16 6 18 6 16 6 18 6 16 6 18 6 16 6 18 6 16 6 19 1 5 14 4 10 4 12 5 1 17 6 18 6 15 1 6 1 19 6 14 4 10 4 12 4 12 5 1 19 7 1 13 4 10 4 14 6 19 1 5 14 6 20 6 12 2 2 2 8 2 4 2 8 4 14 4 8 4 16 6 17 1 6 1 17 6 16 6 19 1 5 14 5 1 19 6 14 4 10 4 14 6 18 6 16 4 8 4 14 4 8 4 16 6 17 1 6 1 17 6 16 4 8 4 14 4 8 4 16 6 18 6 14 4 10 4 14 6 19 1 5 14 5 1 19 6 16 6 17 1 6 1 17 6 16 4 8 4 14 4 8 2 4 2 8 2 2 2 12 6 20 6 14 5 1 19 6 14 4 10 4 13 1 7 19 1 5 12 4 12 4 10 4 14 6 19 1 6 1 15 6 18 6 17, zy
3279: 1 5 12 2 2 2 10 4 14 4 10 4 14 5 1 20 1 5 14 4 10 4 14 4 10 2 2 2 12 5 1 19 6 18 6 16 4 10 4 12 4 14 5 1 20 1 6 1 15 4 10 4 14 5 1 20 1 5 14 4 10 4 14 4 10 4 15 1 6 1 19 6 18 6 16 4 8 2 6 2 4 2 10 4 12 4 14 5 1 21 7 1 15 5 1 21 7 1 15 5 1 20 1 6 1 15 4 10 4 14 4 8 2 6 2 6 2 6 4 18 6 18 6 16 4 10 4 12 4 14 5 1 20 1 5 14 5 1 20 1 5 14 4 12 4 10 4 16 6 18 6 18 4 6 2 6 2 6 2 8 4 14 4 10 4 15 1 6 1 20 1 5 15 1 7 21 1 5 15 1 7 21 1 5 14 4 12 4 10 2 4 2 6 2 8 4 16 6 18 6 19 1 6 1 15 4 10 4 14 4 10 4 14 5 1 20 1 5 14 4 10 4 15 1 6 1 20 1 5 14 4 12 4 10 4 16 6 18 6 19, zy
3280: 1 5 12 4 14 4 8 2 6 2 6 4 18 6 16 4 10 4 12 4 14 6 20 6 17 1 6 1 17 6 20 6 14 4 12 4 10 2 4 2 6 2 8 4 16 6 18 6 19 1 5 14 5 1 20 1 5 14 4 10 2 4 2 6 2 6 2 8 4 14 4 10 4 15 1 6 1 19 6 18 6 16 4 8 2 4 2 10 4 12 4 14 6 20 6 16 5 1 21 6 14 4 12 5 1 19 6 16 6 20 6 16 6 20 6 16 6 20 6 16 6 19 1 5 12 4 14 6 21 1 5 16 6 20 6 14 4 12 4 10 2 4 2 8 4 16 6 18 6 19 1 6 1 15 4 10 4 14 4 8 2 6 2 6 2 4 2 10 4 14 5 1 20 1 5 14 5 1 19 6 18 6 16 4 8 2 6 2 4 2 10 4 12 4 14 6 20 6 17 1 6 1 17 6 20 6 14 4 12 4 10 4 16 6 18 4 6 2 6 2 8 4 14 4 12 5 1 19 6 17 1 6 1 18 1 6 1 17 6 19, zy
3281: 1 5 12 2 2 2 8 2 4 2 6 2 6 2 6 2 4 2 8 2 4 2 6 2 6 2 6 2 4 2 8 2 4 2 6 2 8 4 12 4 12 4 10 4 12 4 12 4 10 4 12 4 12 4 10 4 12 4 12 4 10 4 12 4 12 4 10 4 12 4 12 4 10 4 12 4 12 4 8 2 6 2 4 2 8 2 4 2 6 2 6 2 6 2 4 2 8 2 4 2 6 2 6 2 6 2 4 2 8 2 2 2 12 5 1 19 6 14 5 1 19 7 1 13 4 10 4 12 4 12 4 10 4 12 4 12 4 10 4 12 4 12 4 10 4 12 4 12 5 1 18 1 5 12 4 12 4 10 4 12 4 12 4 10 4 13 1 7 19 1 5 14 6 19 1 5 12 4 12 4 12 5 1 19 6 14 5 1 19 7 1 13 4 10 4 12 4 12 4 10 4 12 4 12 5 1 18 1 5 12 4 12 4 10 4 12 4 12 4 10 4 12 4 12 4 10 4 12 4 12 4 10 4 13 1 7 19 1 5 14 6 19, zy
3282: 1 5 12 2 2 2 8 2 2 2 12 5 1 19 6 14 5 1 18 1 6 1 16 1 6 1 18 1 5 14 6 19 1 5 12 4 12 4 12 5 1 19 6 14 5 1 18 1 6 1 16 1 6 1 18 1 5 14 6 19 1 5 12 4 12 4 12 5 1 19 6 14 5 1 19 7 1 13 4 10 4 13 1 7 19 1 5 14 6 19 1 5 12 4 12 4 12 5 1 19 6 14 5 1 18 1 6 1 16 1 6 1 18 1 5 14 6 19 1 5 12 4 12 4 12 5 1 19 6 14 5 1 18 1 6 1 16 1 6 1 18 1 5 14 6 19 1 5 12 2 2 2 8 2 2 2 12 5 1 19 6 14 5 1 19 6 14 5 1 18 1 6 1 16 1 6 1 18 1 5 14 6 19 1 5 12 4 12 4 12 5 1 19 6 14 5 1 18 1 6 1 16 1 6 1 18 1 5 14 6 19 1 5 12 4 12 4 12 5 1 19 6 14 5 1 18 1 6 1 16 1 6 1 18 1 5 14 6 19 1 5 14 6 19, zy
3283: 1 5 12 2 2 2 10 4 14 4 8 2 6 2 4 2 10 4 14 5 1 20 1 6 1 15 4 10 4 12 2 2 2 10 4 14 6 21 1 5 16 6 19 1 6 1 17 6 18 6 18 6 18 6 18 6 18 6 17 1 6 1 19 6 16 4 8 4 17 1 6 1 17 6 20 6 14 4 12 5 1 19 6 16 6 20 6 16 6 20 6 16 6 20 6 16 6 19 1 5 12 4 14 6 20 6 17 1 6 1 17 4 8 4 16 6 19 1 6 1 17 6 18 6 18 6 18 6 18 6 18 6 17 1 6 1 19 6 16 5 1 21 6 14 4 10 2 2 2 12 4 10 4 15 1 6 1 20 1 5 14 4 10 2 4 2 6 2 8 4 14 4 10 2 2 2 12 5 1 19 6 18 6 16 4 8 2 4 2 10 4 12 4 14 6 20 6 16 4 8 2 4 2 8 2 4 2 8 2 4 2 8 2 4 2 8 2 4 2 8 2 4 2 8 4 16 6 20 6 14 4 12 4 10 2 4 2 8 4 16 6 18 6 19, zy
3284: 1 5 12 4 12 4 10 4 12 4 12 4 10 4 12 4 12 4 10 4 12 4 12 4 10 4 12 4 12 4 10 4 12 4 12 4 10 4 14 6 18 6 17 1 5 12 5 1 17 6 18 6 15 1 6 1 19 6 14 4 10 4 12 4 10 4 14 5 1 19 6 16 6 18 6 16 6 18 6 16 6 18 6 16 6 18 6 16 6 18 6 16 6 18 6 16 6 18 6 16 6 18 6 16 6 18 6 16 6 18 6 16 6 18 6 16 6 18 6 16 6 18 6 16 6 18 6 16 6 18 6 16 6 18 6 16 6 18 6 16 6 18 6 16 6 18 6 16 6 19 1 5 14 4 10 4 12 4 10 4 14 6 19 1 6 1 15 6 18 6 17 1 5 12 5 1 17 6 18 6 14 4 10 4 12 4 12 4 10 4 12 4 12 4 10 4 12 4 12 4 10 4 12 4 12 4 10 4 12 4 12 4 10 4 12 4 12 5 1 18 1 5 12 4 12 5 1 17 4 6 2 6 2 6 4 17 1 5 12 4 12 5 1 18, zy
3285: 1 5 12 2 2 2 8 2 4 2 6 2 6 2 6 2 4 2 8 2 4 2 8 4 14 6 19 1 6 1 15 6 18 6 17 1 6 1 16 1 6 1 17 6 18 6 14 4 10 4 14 6 18 6 16 4 6 2 8 4 14 6 19 1 5 12 2 2 2 8 2 4 2 6 2 6 2 6 2 6 4 16 6 17 1 6 1 17 6 17 1 5 12 5 1 17 6 18 6 14 4 10 4 14 6 18 6 17 1 5 12 5 1 17 6 17 1 6 1 17 6 16 4 6 2 6 2 6 2 6 2 4 2 8 2 2 2 12 5 1 19 6 14 4 8 2 6 4 16 6 18 6 14 4 10 4 14 6 18 6 17 1 6 1 16 1 6 1 17 6 18 6 15 1 6 1 19 6 14 4 8 2 4 2 8 2 4 2 6 2 6 2 6 2 4 2 8 2 2 2 12 5 1 19 6 14 4 8 2 6 4 16 6 18 6 14 4 10 4 14 6 18 6 17 1 6 1 16 1 6 1 17 6 18 6 14 4 10 4 14 6 18 6 16 4 6 2 8 4 14 6 19, zy
3286: 1 5 12 4 14 5 1 20 1 6 1 15 4 10 4 14 5 1 20 1 5 14 4 10 4 14 4 10 4 14 4 10 4 14 4 10 4 14 5 1 20 1 5 14 4 10 4 15 1 6 1 20 1 5 15 1 7 21 1 5 14 4 12 5 1 19 6 16 6 21 1 5 16 5 1 21 6 16 6 19 1 5 12 4 14 5 1 21 7 1 15 5 1 20 1 6 1 15 4 10 4 14 5 1 20 1 5 14 4 10 4 14 4 10 4 14 4 10 4 14 4 10 4 14 5 1 20 1 5 14 4 10 4 15 1 6 1 20 1 5 14 4 12 5 1 19 6 16 5 1 21 6 14 4 10 4 16 6 18 6 19 1 5 14 5 1 19 6 18 6 17 1 6 1 19 6 16 5 1 21 6 14 4 12 5 1 19 6 16 6 20 6 16 4 8 4 16 4 8 4 16 4 8 4 16 6 20 6 16 6 19 1 5 12 4 14 6 21 1 5 16 6 19 1 6 1 17 6 18 6 19 1 5 14 5 1 19 6 18 6 16 4 10 4 14 6 21 1 5 16 6 19, zy
3287: 1 5 14 6 20 6 14 6 20 7 1 14 1 7 19 1 6 1 15 4 8 4 15 1 6 1 18 1 6 1 15 4 8 4 15 1 6 1 18 1 6 1 15 4 8 4 15 1 6 1 18 1 6 1 15 4 8 4 16 6 16 6 19 1 5 14 6 20 6 14 6 20 7 1 14 1 7 19 1 6 1 15 4 8 4 15 1 6 1 18 1 6 1 15 4 8 4 15 1 6 1 18 1 6 1 15 4 8 4 15 1 6 1 19 7 1 14 1 7 20 6 14 6 20 6 14 5 1 19 6 16 6 16 4 8 4 15 1 6 1 18 1 6 1 15 4 8 4 15 1 6 1 18 1 6 1 15 4 8 4 15 1 6 1 18 1 6 1 15 4 8 4 15 1 6 1 19 7 1 14 1 7 20 6 14 6 20 6 14 5 1 19 6 16 6 16 4 8 4 15 1 6 1 18 1 6 1 15 4 8 4 15 1 6 1 18 1 6 1 15 4 8 4 15 1 6 1 18 1 6 1 15 4 8 4 15 1 6 1 18 1 6 1 15 4 8 4 16 6 16 6 19, zy
3288: 1 5 10 2 4 2 6 2 6 2 4 2 10 4 10 4 14 4 8 4 16 6 17 1 5 10 2 4 2 6 2 6 2 4 2 10 5 1 17 6 17 1 5 10 2 4 2 6 2 6 2 4 2 10 5 1 17 6 16 4 8 4 14 4 10 4 10 2 4 2 6 2 6 2 4 2 10 5 1 17 6 17 1 6 1 16 1 6 1 18 1 5 12 4 12 4 10 4 14 6 19 1 5 12 4 14 6 18 6 16 6 18 6 16 4 6 2 6 2 6 2 4 2 10 5 1 17 6 17 1 6 1 16 1 6 1 18 1 5 12 4 12 4 10 4 14 6 19 1 5 12 2 2 2 8 2 4 2 8 4 14 5 1 20 1 5 16 6 16 5 1 20 1 5 14 4 8 2 4 2 8 2 2 2 12 5 1 19 6 14 4 10 4 12 4 12 5 1 18 1 6 1 16 1 6 1 17 6 17 1 5 10 2 4 2 6 2 6 2 6 4 16 6 18 6 16 6 18 6 14 4 12 5 1 19 6 14 4 10 4 12 4 12 5 1 18 1 6 1 16 1 6 1 17 6 17, zy
3289: 1 5 12 2 2 2 8 4 16 6 16 6 19 1 5 14 5 1 19 6 16 6 16 4 8 4 16 6 16 6 19 1 5 14 5 1 19 6 16 6 16 4 8 4 16 6 16 6 19 1 5 14 5 1 19 6 16 6 16 4 8 2 2 2 12 5 1 19 6 14 5 1 19 6 14 5 1 18 1 6 1 16 1 6 1 17 4 6 4 17 1 6 1 16 1 6 1 17 6 18 6 14 4 10 4 14 6 18 6 17 1 5 12 4 10 4 14 6 19 1 6 1 15 6 19 1 5 14 5 1 19 6 16 6 17 1 6 1 17 6 16 6 19 1 5 14 6 20 6 14 6 20 6 14 6 20 6 14 6 20 6 14 6 20 6 14 6 20 6 14 6 20 6 14 6 20 6 14 5 1 19 6 16 6 17 1 6 1 17 6 16 6 19 1 5 14 5 1 19 6 15 1 6 1 19 6 14 4 10 4 12 5 1 17 6 18 6 14 4 10 4 14 6 18 6 17 1 6 1 16 1 6 1 17 4 6 4 17 1 6 1 16 1 6 1 18 1 5 14 6 19 1 5 14 6 19, zy
3290: 1 5 12 4 12 4 10 2 2 2 10 4 12 4 10 2 2 2 10 4 12 4 10 2 2 2 10 4 12 4 10 4 14 5 1 20 1 5 14 4 10 4 12 4 10 4 14 5 1 20 1 5 14 4 10 4 12 4 10 2 2 2 10 4 12 4 10 2 2 2 10 4 12 4 10 2 2 2 10 4 12 4 12 5 1 19 6 14 4 8 2 4 2 8 2 4 2 6 2 6 2 6 2 4 2 8 2 4 2 6 2 6 2 6 4 16 4 6 2 6 2 6 4 16 4 6 2 6 2 6 4 16 4 6 2 6 2 6 4 16 6 18 6 16 6 19 1 5 14 4 10 4 12 4 10 4 14 4 8 4 15 1 6 1 18 1 6 1 15 4 8 4 15 1 6 1 18 1 6 1 15 4 8 4 14 4 10 4 12 4 10 4 14 5 1 19 6 16 6 18 6 16 4 6 2 6 2 6 4 16 4 6 2 6 2 6 4 16 4 6 2 6 2 6 4 16 4 6 2 6 2 6 2 4 2 8 2 4 2 6 2 6 2 6 2 4 2 8 2 4 2 8 4 14 6 19, zy
3291: 1 5 12 4 12 4 10 4 12 4 12 4 10 4 14 6 18 6 17 1 6 1 17 6 16 6 18 6 16 6 18 6 16 6 18 6 16 6 18 6 16 6 18 6 16 6 18 6 16 6 19 1 5 14 4 10 4 12 4 10 4 14 5 1 20 1 5 14 4 10 4 12 4 10 4 14 5 1 20 1 5 14 4 10 4 12 4 10 4 14 5 1 19 6 16 6 18 6 16 6 18 6 16 6 18 6 16 6 18 6 16 6 18 6 16 6 18 6 16 6 17 1 6 1 17 6 18 6 14 4 10 4 12 4 12 4 10 4 12 4 12 5 1 18 1 6 1 15 4 8 4 16 6 16 6 19 1 5 14 6 20 6 14 6 20 7 1 15 6 18 6 16 6 18 6 16 6 18 6 16 6 18 6 16 6 18 6 16 6 18 6 16 6 18 6 16 6 18 6 16 6 18 6 16 6 18 6 16 6 18 6 16 6 18 6 16 6 18 6 16 6 18 6 16 6 18 6 16 6 18 6 15 1 7 20 6 14 6 20 6 14 5 1 19 6 16 6 16 4 8 4 15 1 6 1 18, zy
3292: 1 5 12 4 12 4 12 4 10 4 12 4 12 4 10 4 14 4 8 4 16 6 18 6 16 6 18 6 17 1 6 1 16 1 6 1 18 1 6 1 15 4 8 4 16 6 17 1 6 1 17 6 18 6 15 1 7 20 6 14 4 10 4 12 4 12 4 10 4 14 5 1 20 1 5 15 1 6 1 18 1 6 1 16 1 6 1 17 6 18 6 16 6 18 6 17 1 6 1 16 1 6 1 18 1 6 1 15 5 1 20 1 5 14 4 10 4 12 4 12 4 10 4 14 6 20 7 1 15 6 18 6 17 1 6 1 17 6 16 4 8 4 15 1 6 1 18 1 6 1 16 1 6 1 17 6 18 6 16 6 18 6 16 4 8 4 14 4 10 4 12 4 12 4 10 4 12 4 12 4 12 5 1 18 1 6 1 16 1 6 1 17 6 18 6 16 4 6 2 6 2 6 2 6 2 4 2 10 4 10 2 2 2 10 2 2 2 10 4 12 4 10 2 2 2 10 2 2 2 10 4 10 2 4 2 6 2 6 2 6 2 6 4 16 6 18 6 17 1 6 1 16 1 6 1 18, zy
3293: 1 5 12 4 12 4 12 5 1 19 6 14 4 8 2 4 2 8 2 4 2 6 2 6 2 6 2 4 2 8 2 4 2 6 2 6 2 6 2 4 2 8 2 4 2 6 2 6 2 6 2 4 2 8 2 4 2 8 4 14 6 19 1 5 12 4 12 4 12 5 1 19 6 14 4 8 2 6 4 16 6 17 1 6 1 17 6 16 4 6 2 8 4 14 6 19 1 6 1 15 6 19 1 5 14 5 1 19 6 15 1 7 20 6 14 4 10 4 12 4 10 4 14 6 19 1 6 1 15 6 19 1 5 14 5 1 19 6 15 1 6 1 19 6 14 4 10 4 12 4 10 4 14 6 19 1 6 1 15 6 19 1 5 14 5 1 19 6 15 1 6 1 19 6 14 4 10 4 12 4 10 4 14 6 19 1 6 1 15 6 19 1 5 14 5 1 19 6 15 1 6 1 19 6 14 4 10 4 12 4 10 4 14 6 20 7 1 15 6 19 1 5 14 5 1 19 6 15 1 6 1 19 6 14 4 8 2 6 4 16 6 17 1 6 1 17 6 16 4 6 2 8 4 14 6 19, zy
3294: 1 5 12 4 12 4 12 4 12 4 12 4 12 4 12 4 14 6 20 6 16 6 20 6 16 4 8 4 17 1 6 1 17 4 6 2 8 4 16 6 20 6 14 4 12 4 12 4 10 2 4 2 8 4 16 6 20 6 14 4 12 4 12 4 12 5 1 17 4 8 4 16 4 8 4 16 4 8 4 16 4 8 4 16 4 8 4 17 1 5 12 4 12 4 12 4 14 6 20 6 16 4 8 2 4 2 10 4 12 4 12 4 14 6 20 6 16 4 8 2 6 4 17 1 6 1 17 4 8 4 16 6 20 6 16 6 20 6 14 4 12 4 12 4 12 4 12 4 12 4 12 4 12 5 1 17 4 6 2 8 2 4 2 8 4 16 4 8 4 16 6 20 6 16 6 20 6 14 4 12 4 12 4 12 4 12 4 12 4 12 4 12 4 12 4 12 4 12 4 12 4 12 4 12 4 12 4 12 4 12 4 12 4 12 4 12 4 12 4 12 4 12 4 12 4 12 4 12 4 12 4 12 4 12 4 12 4 12 4 12 4 14 6 20 6 16 6 20 6 16 4 8 4 16 4 8 2 4 2 8 2 6 4 17, zy
3295: 1 5 12 4 12 4 12 4 12 4 10 4 15 1 6 1 19 6 16 6 19 1 5 12 4 14 5 1 20 1 5 14 4 10 4 14 4 10 4 12 4 14 6 20 6 14 4 12 5 1 18 1 6 1 17 6 17 1 6 1 17 4 8 4 14 4 12 5 1 19 6 16 6 20 6 14 4 10 4 15 1 6 1 18 1 6 1 16 1 6 1 18 1 6 1 16 1 6 1 18 1 6 1 16 1 6 1 18 1 6 1 15 4 10 4 14 6 20 6 16 6 19 1 5 12 4 14 4 8 4 17 1 6 1 17 6 17 1 6 1 18 1 5 12 4 14 6 20 6 14 4 12 4 10 4 14 4 10 4 14 5 1 20 1 5 14 4 12 5 1 19 6 16 6 19 1 6 1 15 4 10 4 12 4 12 4 12 4 12 5 1 18 1 5 12 4 12 4 13 1 7 20 6 16 6 19 1 5 12 4 14 5 1 20 1 5 14 4 10 4 14 4 10 4 14 6 20 6 16 6 19 1 5 14 5 1 20 1 5 16 6 18 6 18 6 18 6 16 5 1 20 1 5 14 5 1 19 6 16 6 20 6 14 4 10 4 14 4 10 4 14 5 1 20 1 5 14 4 12 5 1 19 6 16 6 20 7 1 13 4 12 4 12 5 1 18, zy
3296: 1 5 12 4 12 4 10 4 14 6 19 1 5 14 5 1 19 6 16 6 17 1 6 1 17 6 16 6 19 1 5 14 4 8 2 4 2 8 4 14 4 10 4 10 2 4 2 6 2 6 4 17 1 5 12 4 12 5 1 18 1 5 12 4 12 5 1 18 1 5 12 4 12 4 10 4 14 6 19 1 5 14 5 1 19 6 16 6 17 1 6 1 17 6 16 6 19 1 5 14 4 8 2 4 2 8 4 15 1 6 1 17 6 18 6 14 4 10 2 2 2 10 4 10 2 2 2 10 2 2 2 10 4 10 2 2 2 10 2 2 2 10 4 10 2 2 2 10 2 2 2 10 4 10 2 2 2 10 2 2 2 10 4 10 2 2 2 10 4 14 6 18 6 17 1 6 1 15 4 8 2 4 2 8 4 14 5 1 19 6 16 6 17 1 6 1 17 6 16 6 19 1 5 14 5 1 19 6 14 4 10 4 12 4 12 5 1 18 1 5 12 4 12 5 1 18 1 5 12 4 12 5 1 17 4 6 2 6 2 4 2 10 4 10 4 14 4 8 2 4 2 8 4 14 5 1 19 6 16 6 17 1 6 1 17 6 16 6 19 1 5 14 5 1 19 6 14 4 10 4 12 4 12 5 1 18 1 6 1 15 4 8 4 15 1 6 1 18, zy
